grasp_id,label,timestamp_ms,enc_deg,s0_dx,s0_dy,s0_dz,s1_dx,s1_dy,s1_dz,s2_dx,s2_dy,s2_dz,s3_dx,s3_dy,s3_dz,s4_dx,s4_dy,s4_dz,s5_dx,s5_dy,s5_dz,t1_flag,t2_flag,t1_ms,t2_ms
1,cylinder_stiff,6,60.632,-6.307,-6.664,29.790,-5.134,-1.200,23.341,-0.000,0.000,-0.000,-0.000,0.000,-0.000,0.002,0.003,0.000,-0.000,0.000,-0.000,0,0,0,0
1,cylinder_stiff,24,60.632,1.343,2.636,-6.994,6.566,16.800,5.191,-0.000,0.000,-0.000,-0.000,0.000,-0.000,0.002,0.003,0.000,-0.000,0.000,-0.000,0,0,0,0
1,cylinder_stiff,43,60.896,-8.557,-4.864,5.106,-0.784,16.950,-6.909,-0.000,0.000,-0.000,-0.000,0.000,-0.000,0.002,0.003,0.000,-0.000,0.000,-0.000,0,0,0,0
1,cylinder_stiff,61,61.424,-0.457,-2.764,-0.702,-5.134,10.500,-7.635,-0.000,0.000,-0.000,-0.000,0.000,-0.000,0.002,0.003,0.000,-0.000,0.000,-0.000,0,0,0,0
1,cylinder_stiff,80,62.128,-9.757,-0.964,1.960,3.416,16.650,-6.425,-0.000,0.000,-0.000,-0.000,0.000,-0.000,0.002,0.003,0.000,-0.000,0.000,-0.000,0,0,0,0
1,cylinder_stiff,100,63.008,-4.807,1.286,-12.076,-4.534,5.850,5.675,-0.000,0.000,-0.000,-0.000,0.000,-0.000,0.002,0.003,0.000,-0.000,0.000,-0.000,0,0,0,0
1,cylinder_stiff,120,63.888,-10.957,-0.064,-10.866,-6.784,17.850,-9.571,-0.000,0.000,-0.000,-0.000,0.000,-0.000,0.002,0.003,0.000,-0.000,0.000,-0.000,0,0,0,0
1,cylinder_stiff,140,64.768,-3.157,-8.914,6.074,-6.034,12.000,-17.315,-0.000,0.000,-0.000,-0.000,0.000,-0.000,0.002,0.003,0.000,-0.000,0.000,-0.000,0,0,0,0
1,cylinder_stiff,160,65.912,-11.107,-0.064,16.480,-2.434,14.850,-0.133,-0.000,0.000,-0.000,-0.000,0.000,-0.000,0.002,0.003,0.000,-0.000,0.000,-0.000,0,0,0,0
1,cylinder_stiff,180,66.968,-6.157,0.086,5.832,1.616,10.650,-8.845,-0.000,0.000,-0.000,-0.000,0.000,-0.000,0.002,0.003,0.000,-0.000,0.000,-0.000,0,0,0,0
1,cylinder_stiff,200,68.112,-7.207,6.986,17.690,-3.184,19.050,-4.731,-0.000,0.000,-0.000,-0.000,0.000,-0.000,0.002,0.003,0.000,-0.000,0.000,-0.000,0,0,0,0
1,cylinder_stiff,220,69.256,-9.607,-0.064,18.900,9.416,16.200,-3.763,-0.000,0.000,-0.000,-0.000,0.000,-0.000,0.002,0.003,0.000,-0.000,0.000,-0.000,0,0,0,0
1,cylinder_stiff,240,70.400,-5.407,3.086,2.928,-6.334,13.350,-6.425,-0.000,0.000,-0.000,-0.000,0.000,-0.000,0.002,0.003,0.000,-0.000,0.000,-0.000,0,0,0,0
1,cylinder_stiff,260,71.544,-9.007,-4.264,0.992,1.316,4.800,-2.069,-0.000,0.000,-0.000,-0.000,0.000,-0.000,0.002,0.003,0.000,-0.000,0.000,-0.000,0,0,0,0
1,cylinder_stiff,280,72.600,-2.557,-0.514,10.914,-3.334,2.700,-5.699,-0.000,0.000,-0.000,-0.000,0.000,-0.000,0.002,0.003,0.000,-0.000,0.000,-0.000,0,0,0,0
1,cylinder_stiff,300,73.744,-10.357,-11.914,4.138,-1.834,-1.050,-11.507,-0.000,0.000,-0.000,-0.000,0.000,-0.000,0.002,0.003,0.000,-0.000,0.000,-0.000,0,0,0,0
1,cylinder_stiff,320,74.976,-0.007,-4.864,18.658,-10.084,8.400,-0.133,-0.000,0.000,-0.000,-0.000,0.000,-0.000,0.002,0.003,0.000,-0.000,0.000,-0.000,0,0,0,0
1,cylinder_stiff,340,76.120,-12.457,-14.764,6.316,-3.034,0.150,8.821,-0.000,0.000,-0.000,-0.000,0.000,-0.000,0.002,0.003,0.000,-0.000,0.000,-0.000,0,0,0,0
1,cylinder_stiff,360,77.264,-1.807,-4.264,11.882,-9.184,-2.100,20.437,-0.000,0.000,-0.000,-0.000,0.000,-0.000,0.002,0.003,0.000,-0.000,0.000,-0.000,0,0,0,0
1,cylinder_stiff,380,78.496,-8.557,-7.264,13.576,-0.184,-0.750,-4.489,-0.000,0.000,-0.000,-0.000,0.000,-0.000,0.002,0.003,0.000,-0.000,0.000,-0.000,0,0,0,0
1,cylinder_stiff,400,79.640,-10.657,-3.214,-0.218,1.016,9.000,8.337,-0.000,0.000,-0.000,-0.000,0.000,-0.000,0.002,0.003,0.000,-0.000,0.000,-0.000,0,0,0,0
1,cylinder_stiff,420,80.784,-0.607,-2.764,26.886,-2.134,4.350,7.853,-0.000,0.000,-0.000,-0.000,0.000,-0.000,0.002,0.003,0.000,-0.000,0.000,-0.000,0,0,0,0
1,cylinder_stiff,440,82.016,-7.207,-2.314,24.224,-0.784,-1.050,3.497,-0.000,0.000,-0.000,-0.000,0.000,-0.000,0.002,0.003,0.000,-0.000,0.000,-0.000,0,0,0,0
1,cylinder_stiff,460,83.160,-9.607,-11.764,-1.186,0.716,-9.000,4.949,-0.000,0.000,-0.000,-0.000,0.000,-0.000,0.002,0.003,0.000,-0.000,0.000,-0.000,0,0,0,0
1,cylinder_stiff,480,84.392,-2.857,-5.464,27.854,0.866,9.450,10.999,-0.000,0.000,-0.000,-0.000,0.000,-0.000,0.002,0.003,0.000,-0.000,0.000,-0.000,0,0,0,0
1,cylinder_stiff,500,85.536,-4.507,-5.464,21.320,-6.784,4.050,9.063,-0.000,0.000,-0.000,-0.000,0.000,-0.000,0.002,0.003,0.000,-0.000,0.000,-0.000,0,0,0,0
1,cylinder_stiff,520,86.680,-4.507,-1.114,29.064,-10.684,-4.350,-1.827,-0.000,0.000,-0.000,-0.000,0.000,-0.000,0.002,0.003,0.000,-0.000,0.000,-0.000,0,0,0,0
1,cylinder_stiff,540,87.912,-15.307,-0.214,17.448,-14.134,0.600,25.035,-0.000,0.000,-0.000,-0.000,0.000,-0.000,0.002,0.003,0.000,-0.000,0.000,-0.000,0,0,0,0
1,cylinder_stiff,560,89.144,-3.907,-10.564,23.498,-3.784,3.300,8.821,-0.000,0.000,-0.000,-0.000,0.000,-0.000,0.002,0.003,0.000,-0.000,0.000,-0.000,0,0,0,0
1,cylinder_stiff,580,90.288,-0.757,-9.514,12.850,-3.034,-1.350,18.501,-0.000,0.000,-0.000,-0.000,0.000,-0.000,0.002,0.003,0.000,-0.000,0.000,-0.000,0,0,0,0
1,cylinder_stiff,600,91.432,-9.757,-8.014,17.448,3.266,5.550,11.241,-0.000,0.000,-0.000,-0.000,0.000,-0.000,0.002,0.003,0.000,-0.000,0.000,-0.000,0,0,0,0
1,cylinder_stiff,620,92.664,-0.907,-6.364,14.786,-3.634,-4.800,18.259,-0.000,0.000,-0.000,-0.000,0.000,-0.000,0.002,0.003,0.000,-0.000,0.000,-0.000,0,0,0,0
1,cylinder_stiff,640,93.896,-12.607,-1.264,18.416,-3.184,4.050,16.081,-0.000,0.000,-0.000,-0.000,0.000,-0.000,0.002,0.003,0.000,-0.000,0.000,-0.000,0,0,0,0
1,cylinder_stiff,660,95.040,7.493,-8.914,33.904,2.816,-14.400,20.437,-0.000,0.000,-0.000,-0.000,0.000,-0.000,0.002,0.003,0.000,-0.000,0.000,-0.000,0,0,0,0
1,cylinder_stiff,680,96.184,-10.807,0.536,39.470,-4.234,0.900,17.291,-0.000,0.000,-0.000,-0.000,0.000,-0.000,0.002,0.003,0.000,-0.000,0.000,-0.000,0,0,0,0
1,cylinder_stiff,700,97.416,-11.107,-1.564,29.790,-7.384,-12.000,23.583,-0.000,0.000,-0.000,-0.000,0.000,-0.000,0.002,0.003,0.000,-0.000,0.000,-0.000,0,0,0,0
1,cylinder_stiff,720,98.560,-2.557,-8.164,25.192,-3.484,-0.150,26.003,-0.000,0.000,-0.000,-0.000,0.000,-0.000,0.002,0.003,0.000,-0.000,0.000,-0.000,0,0,0,0
1,cylinder_stiff,740,99.792,-0.907,-2.914,23.014,-1.684,1.200,31.327,-0.000,0.000,-0.000,-0.000,0.000,-0.000,0.002,0.003,0.000,-0.000,0.000,-0.000,0,0,0,0
1,cylinder_stiff,760,100.936,-8.857,-6.514,36.808,-5.134,-3.300,31.085,-0.000,0.000,-0.000,-0.000,0.000,-0.000,0.002,0.003,0.000,-0.000,0.000,-0.000,0,0,0,0
1,cylinder_stiff,780,102.168,-3.157,6.836,37.292,-1.384,-9.750,20.437,-0.000,0.000,-0.000,-0.000,0.000,-0.000,0.002,0.003,0.000,-0.000,0.000,-0.000,0,0,0,0
1,cylinder_stiff,800,103.312,-6.457,3.536,10.672,-14.884,5.100,24.067,-0.000,0.000,-0.000,-0.000,0.000,-0.000,0.002,0.003,0.000,-0.000,0.000,-0.000,0,0,0,0
1,cylinder_stiff,820,104.544,1.943,1.586,41.648,-2.884,-4.800,29.633,-0.000,0.000,-0.000,-0.000,0.000,-0.000,0.002,0.003,0.000,-0.000,0.000,-0.000,1,0,820,0
1,cylinder_stiff,840,105.688,0.893,-0.064,47.456,-8.584,-2.250,36.167,-0.000,0.000,-0.000,-0.000,0.000,-0.000,0.002,0.003,0.000,-0.000,0.000,-0.000,0,0,820,0
1,cylinder_stiff,860,106.832,-4.657,5.936,53.990,-0.634,-5.100,37.861,-0.000,0.000,-0.000,-0.000,0.000,-0.000,0.002,0.003,0.000,-0.000,0.000,-0.000,0,0,820,0
1,cylinder_stiff,880,108.064,8.693,-5.314,42.132,2.966,-1.050,28.665,-0.000,0.000,-0.000,-0.000,0.000,-0.000,0.002,0.003,0.000,-0.000,0.000,-0.000,0,0,820,0
1,cylinder_stiff,900,109.208,7.193,8.636,44.310,-7.534,-0.300,36.651,-0.000,0.000,-0.000,-0.000,0.000,-0.000,0.002,0.003,0.000,-0.000,0.000,-0.000,0,0,820,0
1,cylinder_stiff,920,110.352,-3.007,-7.264,46.246,-1.084,1.200,34.715,-0.000,0.000,-0.000,-0.000,0.000,-0.000,0.002,0.003,0.000,-0.000,0.000,-0.000,0,0,820,0
1,cylinder_stiff,940,111.496,3.593,3.536,50.360,-1.084,2.100,35.199,-0.000,0.000,-0.000,-0.000,0.000,-0.000,0.002,0.003,0.000,-0.000,0.000,-0.000,0,0,820,0
1,cylinder_stiff,960,112.552,-3.607,-0.664,58.830,0.116,0.300,28.907,-0.000,0.000,-0.000,-0.000,0.000,-0.000,0.002,0.003,0.000,-0.000,0.000,-0.000,0,0,820,0
1,cylinder_stiff,980,113.344,8.543,9.686,48.424,-1.684,9.750,27.213,-0.000,0.000,-0.000,-0.000,0.000,-0.000,0.002,0.003,0.000,-0.000,0.000,-0.000,0,0,820,0
1,cylinder_stiff,1000,113.784,8.543,-0.364,58.588,-2.584,-8.400,30.359,-0.000,0.000,-0.000,-0.000,0.000,-0.000,0.002,0.003,0.000,-0.000,0.000,-0.000,0,0,820,0
1,cylinder_stiff,1020,114.048,13.943,15.836,58.830,-1.534,-1.200,34.957,-0.000,0.000,-0.000,-0.000,0.000,-0.000,0.002,0.003,0.000,-0.000,0.000,-0.000,0,0,820,0
1,cylinder_stiff,1040,114.136,8.543,10.586,53.748,-7.984,-1.950,36.167,-0.000,0.000,-0.000,-0.000,0.000,-0.000,0.002,0.003,0.000,-0.000,0.000,-0.000,0,0,820,0
1,cylinder_stiff,1060,114.224,9.443,0.836,57.620,10.016,-0.300,19.711,-0.000,0.000,-0.000,-0.000,0.000,-0.000,0.002,0.003,0.000,-0.000,0.000,-0.000,0,0,820,0
1,cylinder_stiff,1080,114.224,8.543,2.786,64.880,-4.684,-1.650,32.779,-0.000,0.000,-0.000,-0.000,0.000,-0.000,0.002,0.003,0.000,-0.000,0.000,-0.000,0,0,820,0
1,cylinder_stiff,1100,114.224,14.843,18.986,65.122,1.916,-0.900,28.181,-0.000,0.000,-0.000,-0.000,0.000,-0.000,0.002,0.003,0.000,-0.000,0.000,-0.000,0,0,820,0
1,cylinder_stiff,1120,114.224,15.143,-1.114,58.588,5.066,3.300,31.811,-0.000,0.000,-0.000,-0.000,0.000,-0.000,0.002,0.003,0.000,-0.000,0.000,-0.000,0,0,820,0
1,cylinder_stiff,1140,114.224,7.193,8.786,61.734,-4.834,2.850,37.377,-0.000,0.000,-0.000,-0.000,0.000,-0.000,0.002,0.003,0.000,-0.000,0.000,-0.000,0,0,820,0
1,cylinder_stiff,1160,114.224,8.393,17.336,72.624,7.466,-3.600,43.185,-0.000,0.000,-0.000,-0.000,0.000,-0.000,0.002,0.003,0.000,-0.000,0.000,-0.000,0,0,820,0
1,cylinder_stiff,1180,114.224,12.743,11.636,50.844,0.866,-9.150,34.231,-0.000,0.000,-0.000,-0.000,0.000,-0.000,0.002,0.003,0.000,-0.000,0.000,-0.000,0,0,820,0
1,cylinder_stiff,1200,114.224,4.643,11.936,56.168,-6.634,-6.900,25.035,-0.000,0.000,-0.000,-0.000,0.000,-0.000,0.002,0.003,0.000,-0.000,0.000,-0.000,0,0,820,0
1,cylinder_stiff,1220,114.224,16.643,-1.114,49.634,7.766,1.050,41.491,-0.000,0.000,-0.000,-0.000,0.000,-0.000,0.002,0.003,0.000,-0.000,0.000,-0.000,0,0,820,0
1,cylinder_stiff,1240,114.224,-2.557,-1.414,53.022,-5.434,4.950,29.633,-0.000,0.000,-0.000,-0.000,0.000,-0.000,0.002,0.003,0.000,-0.000,0.000,-0.000,0,0,820,0
1,cylinder_stiff,1260,114.224,13.343,16.136,64.880,-3.334,-3.150,38.587,-0.000,0.000,-0.000,-0.000,0.000,-0.000,0.002,0.003,0.000,-0.000,0.000,-0.000,0,0,820,0
1,cylinder_stiff,1280,114.312,6.293,8.186,56.168,0.566,-5.700,37.861,-0.000,0.000,-0.000,-0.000,0.000,-0.000,0.002,0.003,0.000,-0.000,0.000,-0.000,0,0,820,0
1,cylinder_stiff,1300,114.224,4.643,-2.164,56.168,-4.534,-4.650,30.117,-0.000,0.000,-0.000,-0.000,0.000,-0.000,0.002,0.003,0.000,-0.000,0.000,-0.000,0,0,820,0
1,cylinder_stiff,1320,114.224,5.243,12.236,57.862,-1.684,-4.050,31.569,-0.000,0.000,-0.000,-0.000,0.000,-0.000,0.002,0.003,0.000,-0.000,0.000,-0.000,0,0,820,0
1,cylinder_stiff,1340,114.224,11.093,8.336,49.876,-14.134,3.600,26.245,-0.000,0.000,-0.000,-0.000,0.000,-0.000,0.002,0.003,0.000,-0.000,0.000,-0.000,0,0,820,0
1,cylinder_stiff,1360,114.224,11.693,7.286,53.506,-2.884,4.650,25.519,-0.000,0.000,-0.000,-0.000,0.000,-0.000,0.002,0.003,0.000,-0.000,0.000,-0.000,0,0,820,0
1,cylinder_stiff,1380,114.224,5.993,3.686,46.730,-1.834,-3.450,27.213,-0.000,0.000,-0.000,-0.000,0.000,-0.000,0.002,0.003,0.000,-0.000,0.000,-0.000,0,0,820,0
1,cylinder_stiff,1400,114.224,3.443,-5.914,61.492,4.166,8.250,34.473,-0.000,0.000,-0.000,-0.000,0.000,-0.000,0.002,0.003,0.000,-0.000,0.000,-0.000,0,0,820,0
1,cylinder_stiff,1420,114.224,13.943,1.886,60.524,-6.184,-2.550,38.103,-0.000,0.000,-0.000,-0.000,0.000,-0.000,0.002,0.003,0.000,-0.000,0.000,-0.000,0,0,820,0
1,cylinder_stiff,1440,114.224,9.893,3.986,60.040,4.466,-0.450,34.231,-0.000,0.000,-0.000,-0.000,0.000,-0.000,0.002,0.003,0.000,-0.000,0.000,-0.000,0,0,820,0
1,cylinder_stiff,1460,114.224,11.393,5.186,46.488,-3.934,-8.400,25.519,-0.000,0.000,-0.000,-0.000,0.000,-0.000,0.002,0.003,0.000,-0.000,0.000,-0.000,0,0,820,0
1,cylinder_stiff,1480,114.224,13.493,6.986,54.232,0.416,7.050,36.167,-0.000,0.000,-0.000,-0.000,0.000,-0.000,0.002,0.003,0.000,-0.000,0.000,-0.000,0,0,820,0
1,cylinder_stiff,1500,114.224,10.943,2.636,61.734,3.866,-11.400,29.391,-0.000,0.000,-0.000,-0.000,0.000,-0.000,0.002,0.003,0.000,-0.000,0.000,-0.000,0,0,820,0
1,cylinder_stiff,1520,114.224,13.193,0.836,58.104,-5.734,-3.900,28.907,-0.000,0.000,-0.000,-0.000,0.000,-0.000,0.002,0.003,0.000,-0.000,0.000,-0.000,0,0,820,0
1,cylinder_stiff,1540,114.224,11.093,0.836,55.926,-3.034,4.050,32.295,-0.000,0.000,-0.000,-0.000,0.000,-0.000,0.002,0.003,0.000,-0.000,0.000,-0.000,0,0,820,0
1,cylinder_stiff,1560,114.224,2.993,7.286,60.282,-2.434,-4.650,36.409,-0.000,0.000,-0.000,-0.000,0.000,-0.000,0.002,0.003,0.000,-0.000,0.000,-0.000,0,0,820,0
1,cylinder_stiff,1580,114.224,4.943,16.136,49.876,-8.584,-7.350,29.149,-0.000,0.000,-0.000,-0.000,0.000,-0.000,0.002,0.003,0.000,-0.000,0.000,-0.000,0,0,820,0
1,cylinder_stiff,1600,114.224,12.593,15.986,66.816,0.416,5.850,41.249,-0.000,0.000,-0.000,-0.000,0.000,-0.000,0.002,0.003,0.000,-0.000,0.000,-0.000,0,0,820,0
1,cylinder_stiff,1620,114.224,2.243,-0.064,42.374,3.116,-4.350,21.163,-0.000,0.000,-0.000,-0.000,0.000,-0.000,0.002,0.003,0.000,-0.000,0.000,-0.000,0,0,820,0
1,cylinder_stiff,1640,114.224,14.693,3.536,47.940,6.266,-4.500,31.811,-0.000,0.000,-0.000,-0.000,0.000,-0.000,0.002,0.003,0.000,-0.000,0.000,-0.000,0,0,820,0
1,cylinder_stiff,1660,114.224,7.943,-2.614,49.150,-4.834,-2.100,37.861,-0.000,0.000,-0.000,-0.000,0.000,-0.000,0.002,0.003,0.000,-0.000,0.000,-0.000,0,0,820,0
1,cylinder_stiff,1680,114.224,8.843,13.436,55.442,-7.834,-0.600,18.501,-0.000,0.000,-0.000,-0.000,0.000,-0.000,0.002,0.003,0.000,-0.000,0.000,-0.000,0,0,820,0
1,cylinder_stiff,1700,114.224,3.593,3.836,48.908,2.516,-8.700,35.683,-0.000,0.000,-0.000,-0.000,0.000,-0.000,0.002,0.003,0.000,-0.000,0.000,-0.000,0,0,820,0
1,cylinder_stiff,1720,114.224,13.193,2.036,50.602,0.866,3.900,33.747,-0.000,0.000,-0.000,-0.000,0.000,-0.000,0.002,0.003,0.000,-0.000,0.000,-0.000,0,0,820,0
1,cylinder_stiff,1740,114.224,16.643,8.036,59.072,-1.984,4.800,28.423,-0.000,0.000,-0.000,-0.000,0.000,-0.000,0.002,0.003,0.000,-0.000,0.000,-0.000,0,0,820,0
1,cylinder_stiff,1760,114.312,9.893,15.086,54.474,1.466,-0.900,32.779,-0.000,0.000,-0.000,-0.000,0.000,-0.000,0.002,0.003,0.000,-0.000,0.000,-0.000,0,0,820,0
1,cylinder_stiff,1780,114.224,11.393,12.836,57.620,-8.134,0.750,33.505,-0.000,0.000,-0.000,-0.000,0.000,-0.000,0.002,0.003,0.000,-0.000,0.000,-0.000,0,0,820,0
1,cylinder_stiff,1800,114.224,11.243,15.836,60.282,4.016,-5.100,30.359,-0.000,0.000,-0.000,-0.000,0.000,-0.000,0.002,0.003,0.000,-0.000,0.000,-0.000,0,0,820,0
1,cylinder_stiff,1820,114.224,12.893,8.486,59.072,1.616,0.750,39.313,-0.000,0.000,-0.000,-0.000,0.000,-0.000,0.002,0.003,0.000,-0.000,0.000,-0.000,0,0,820,0
1,cylinder_stiff,1840,114.224,13.643,10.436,63.670,-2.734,8.250,41.975,-0.000,0.000,-0.000,-0.000,0.000,-0.000,0.002,0.003,0.000,-0.000,0.000,-0.000,0,0,820,0
1,cylinder_stiff,1860,114.224,17.993,0.086,70.446,-8.284,-4.050,39.071,-0.000,0.000,-0.000,-0.000,0.000,-0.000,0.002,0.003,0.000,-0.000,0.000,-0.000,0,0,820,0
1,cylinder_stiff,1880,114.224,8.543,9.686,65.122,-0.934,-2.700,27.697,-0.000,0.000,-0.000,-0.000,0.000,-0.000,0.002,0.003,0.000,-0.000,0.000,-0.000,0,1,820,1880
2,cylinder_stiff,6,60.632,7.279,0.525,-14.695,10.121,5.726,-2.123,-0.025,-25.112,-30.376,-0.000,0.000,-0.000,0.002,0.003,0.000,-0.000,0.000,-0.000,0,0,0,0
2,cylinder_stiff,24,60.632,2.479,-7.275,4.422,8.471,1.226,-0.187,-0.025,-25.112,-30.376,-0.000,0.000,-0.000,0.002,0.003,0.000,-0.000,0.000,-0.000,0,0,0,0
2,cylinder_stiff,43,60.896,-1.571,-5.325,5.391,-11.029,4.526,1.507,-0.025,-25.112,-30.376,-0.000,0.000,-0.000,0.002,0.003,0.000,-0.000,0.000,-0.000,0,0,0,0
2,cylinder_stiff,61,61.424,-5.471,-3.225,-12.517,-0.679,-7.774,4.895,-0.025,-25.112,-30.376,-0.000,0.000,-0.000,0.002,0.003,0.000,-0.000,0.000,-0.000,0,0,0,0
2,cylinder_stiff,80,62.128,5.179,3.525,6.843,-0.679,5.726,-2.365,-0.025,-25.112,-30.376,-0.000,0.000,-0.000,0.002,0.003,0.000,-0.000,0.000,-0.000,0,0,0,0
2,cylinder_stiff,100,63.008,-4.271,-10.875,8.052,-1.729,-6.724,-5.753,-0.025,-25.112,-30.376,-0.000,0.000,-0.000,0.002,0.003,0.000,-0.000,0.000,-0.000,0,0,0,0
2,cylinder_stiff,120,63.888,2.329,7.725,-3.805,-0.229,3.926,2.959,-0.025,-25.112,-30.376,-0.000,0.000,-0.000,0.002,0.003,0.000,-0.000,0.000,-0.000,0,0,0,0
2,cylinder_stiff,140,64.768,0.829,-2.625,-9.130,-0.829,-7.324,-7.689,-0.025,-25.112,-30.376,-0.000,0.000,-0.000,0.002,0.003,0.000,-0.000,0.000,-0.000,0,0,0,0
2,cylinder_stiff,160,65.824,-8.921,-15.525,1.276,3.971,-1.774,-2.365,-0.025,-25.112,-30.376,-0.000,0.000,-0.000,0.002,0.003,0.000,-0.000,0.000,-0.000,0,0,0,0
2,cylinder_stiff,180,66.968,3.679,7.575,-13.243,3.821,-2.974,-8.657,-0.025,-25.112,-30.376,-0.000,0.000,-0.000,0.002,0.003,0.000,0.980,503.720,810.540,1,0,180,0
2,cylinder_stiff,200,68.112,-1.871,-10.575,9.263,6.221,-13.924,-5.269,-0.025,-25.112,-30.376,-0.000,0.000,-0.000,0.002,0.003,0.000,-0.000,0.000,-0.000,0,0,180,0
2,cylinder_stiff,220,69.344,4.279,-2.325,-3.805,-6.229,-3.874,16.995,-0.025,-25.112,-30.376,-0.000,0.000,-0.000,0.002,0.003,0.000,-0.000,0.000,-0.000,0,0,180,0
2,cylinder_stiff,240,70.400,0.679,-4.725,-3.079,-3.379,-6.124,9.009,-0.025,-25.112,-30.376,-0.000,0.000,-0.000,0.002,0.003,0.000,-0.000,0.000,-0.000,0,0,180,0
2,cylinder_stiff,260,71.456,-2.021,-6.375,-16.389,0.221,1.076,-12.771,-0.025,-25.112,-30.376,-0.000,0.000,-0.000,0.002,0.003,0.000,-0.000,0.000,-0.000,0,0,180,0
2,cylinder_stiff,280,72.600,-11.621,1.875,9.021,1.121,-1.924,-14.223,-0.025,-25.112,-30.376,-0.000,0.000,-0.000,0.002,0.003,0.000,-0.000,0.000,-0.000,0,0,180,0
2,cylinder_stiff,300,73.744,-0.071,0.075,5.633,-9.979,-4.924,-2.365,-0.025,-25.112,-30.376,-0.000,0.000,-0.000,0.002,0.003,0.000,-0.000,0.000,-0.000,0,0,180,0
2,cylinder_stiff,320,74.976,5.779,2.925,9.263,-3.829,-13.174,0.055,-0.025,-25.112,-30.376,-0.000,0.000,-0.000,0.002,0.003,0.000,-0.000,0.000,-0.000,0,0,180,0
2,cylinder_stiff,340,76.120,1.579,-5.475,7.569,-8.629,-10.174,-0.671,-0.025,-25.112,-30.376,-0.000,0.000,-0.000,0.002,0.003,0.000,-0.000,0.000,-0.000,0,0,180,0
2,cylinder_stiff,360,77.264,-1.871,0.525,5.875,-0.979,-5.974,-2.123,-0.025,-25.112,-30.376,-0.000,0.000,-0.000,0.002,0.003,0.000,-0.000,0.000,-0.000,0,0,180,0
2,cylinder_stiff,380,78.496,-2.021,-2.775,2.971,-5.029,-5.224,10.461,-0.025,-25.112,-30.376,-0.000,0.000,-0.000,0.002,0.003,0.000,-0.000,0.000,-0.000,0,0,180,0
2,cylinder_stiff,400,79.640,12.529,-5.175,12.167,-9.679,-14.224,5.863,-0.025,-25.112,-30.376,-0.000,0.000,-0.000,0.002,0.003,0.000,-0.000,0.000,-0.000,0,0,180,0
2,cylinder_stiff,420,80.784,0.079,9.975,16.281,-3.079,-15.424,13.123,-0.025,-25.112,-30.376,-0.000,0.000,-0.000,0.002,0.003,0.000,-0.000,0.000,-0.000,0,0,180,0
2,cylinder_stiff,440,81.928,3.229,-10.125,15.797,-0.229,-12.274,0.781,-0.025,-25.112,-30.376,-0.000,0.000,-0.000,0.002,0.003,0.000,-0.000,0.000,-0.000,0,0,180,0
2,cylinder_stiff,460,83.160,-8.171,-2.625,3.455,-3.979,-15.574,6.589,-0.025,-25.112,-30.376,-0.000,0.000,-0.000,0.002,0.003,0.000,-0.000,0.000,-0.000,0,0,180,0
2,cylinder_stiff,480,84.392,2.179,-3.075,14.344,-10.729,-10.924,18.205,-0.025,-25.112,-30.376,-0.000,0.000,-0.000,0.002,0.003,0.000,-0.000,0.000,-0.000,0,0,180,0
2,cylinder_stiff,500,85.536,1.279,-3.075,13.861,7.271,-19.474,14.817,-0.025,-25.112,-30.376,-0.000,0.000,-0.000,0.002,0.003,0.000,-0.000,0.000,-0.000,0,0,180,0
2,cylinder_stiff,520,86.680,-5.171,2.325,19.185,0.071,-14.374,17.237,-0.025,-25.112,-30.376,-0.000,0.000,-0.000,0.002,0.003,0.000,-0.000,0.000,-0.000,0,0,180,0
2,cylinder_stiff,540,87.912,2.029,9.825,15.071,-5.179,-9.874,15.785,-0.025,-25.112,-30.376,-0.000,0.000,-0.000,0.002,0.003,0.000,-0.000,0.000,-0.000,0,0,180,0
2,cylinder_stiff,560,89.056,-3.071,0.525,-0.175,-2.479,-15.724,20.141,-0.025,-25.112,-30.376,-0.000,0.000,-0.000,0.002,0.003,0.000,-0.000,0.000,-0.000,0,0,180,0
2,cylinder_stiff,580,90.288,5.179,-4.575,21.604,2.771,-17.224,24.255,-0.025,-25.112,-30.376,-0.000,0.000,-0.000,0.002,0.003,0.000,-0.000,0.000,-0.000,0,0,180,0
2,cylinder_stiff,600,91.432,0.079,-11.475,16.281,1.721,-8.674,24.739,-0.025,-25.112,-30.376,-0.000,0.000,-0.000,0.002,0.003,0.000,-0.000,0.000,-0.000,0,0,180,0
2,cylinder_stiff,620,92.664,0.679,2.475,23.541,-6.679,-12.424,15.543,-0.025,-25.112,-30.376,-0.000,0.000,-0.000,0.002,0.003,0.000,-0.000,0.000,-0.000,0,0,180,0
2,cylinder_stiff,640,93.808,-0.221,4.425,27.896,1.271,-11.074,20.141,-0.025,-25.112,-30.376,-0.000,0.000,-0.000,0.002,0.003,0.000,-0.000,0.000,-0.000,0,0,180,0
2,cylinder_stiff,660,95.040,2.329,1.725,17.249,-6.229,-17.224,20.625,-0.025,-25.112,-30.376,-0.000,0.000,-0.000,0.002,0.003,0.000,-0.000,0.000,-0.000,0,0,180,0
2,cylinder_stiff,680,96.184,0.379,-0.525,32.010,-5.629,-17.074,15.543,-0.025,-25.112,-30.376,-0.000,0.000,-0.000,0.002,0.003,0.000,-0.000,0.000,-0.000,0,0,180,0
2,cylinder_stiff,700,97.416,2.779,-0.225,27.655,-8.329,-14.974,28.611,-0.025,-25.112,-30.376,-0.000,0.000,-0.000,0.002,0.003,0.000,-0.000,0.000,-0.000,0,0,180,0
2,cylinder_stiff,720,98.560,5.479,-9.975,31.043,3.971,-10.024,27.401,-0.025,-25.112,-30.376,-0.000,0.000,-0.000,0.002,0.003,0.000,-0.000,0.000,-0.000,0,0,180,0
2,cylinder_stiff,740,99.792,-9.671,1.125,33.947,0.821,-19.174,27.401,-0.025,-25.112,-30.376,-0.000,0.000,-0.000,0.002,0.003,0.000,-0.000,0.000,-0.000,0,0,180,0
2,cylinder_stiff,760,100.936,-3.371,-2.325,28.623,-9.079,-4.774,42.889,-0.025,-25.112,-30.376,-0.000,0.000,-0.000,0.002,0.003,0.000,-0.000,0.000,-0.000,0,0,180,0
2,cylinder_stiff,780,102.080,9.979,9.375,10.473,-0.229,-10.924,24.013,-0.025,-25.112,-30.376,-0.000,0.000,-0.000,0.002,0.003,0.000,-0.000,0.000,-0.000,0,0,180,0
2,cylinder_stiff,800,103.224,0.529,5.025,10.473,-0.229,-10.474,23.287,-0.025,-25.112,-30.376,-0.000,0.000,-0.000,0.002,0.003,0.000,-0.000,0.000,-0.000,0,0,180,0
2,cylinder_stiff,820,104.544,5.329,7.425,22.089,-8.479,-17.824,19.657,-0.025,-25.112,-30.376,-0.000,0.000,-0.000,0.002,0.003,0.000,-0.000,0.000,-0.000,0,0,180,0
2,cylinder_stiff,840,105.688,11.929,-0.075,25.477,-10.129,-23.674,34.661,-0.025,-25.112,-30.376,-0.000,0.000,-0.000,0.002,0.003,0.000,-0.000,0.000,-0.000,0,0,180,0
2,cylinder_stiff,860,106.832,-1.121,0.225,36.609,-2.479,-16.324,32.483,-0.025,-25.112,-30.376,-0.000,0.000,-0.000,0.002,0.003,0.000,-0.000,0.000,-0.000,0,0,180,0
2,cylinder_stiff,880,107.976,7.879,1.125,51.370,-0.229,-13.624,23.529,-0.025,-25.112,-30.376,-0.000,0.000,-0.000,0.002,0.003,0.000,-0.000,0.000,-0.000,0,0,180,0
2,cylinder_stiff,900,109.208,10.129,13.875,34.189,-5.479,-16.624,40.711,-0.025,-25.112,-30.376,-0.000,0.000,-0.000,0.002,0.003,0.000,-0.000,0.000,-0.000,0,0,180,0
2,cylinder_stiff,920,110.264,19.879,7.725,39.513,-3.829,-13.624,31.273,-0.025,-25.112,-30.376,-0.000,0.000,-0.000,0.002,0.003,0.000,-0.000,0.000,-0.000,0,0,180,0
2,cylinder_stiff,940,111.496,9.979,2.775,48.224,-2.029,-17.974,28.369,-0.025,-25.112,-30.376,-0.000,0.000,-0.000,0.002,0.003,0.000,-0.000,0.000,-0.000,0,0,180,0
2,cylinder_stiff,960,112.552,15.229,11.475,40.239,-0.979,-13.924,29.821,-0.025,-25.112,-30.376,-0.000,0.000,-0.000,0.002,0.003,0.000,-0.000,0.000,-0.000,0,0,180,0
2,cylinder_stiff,980,113.344,25.129,13.425,53.065,-0.379,-8.824,29.337,-0.025,-25.112,-30.376,-0.000,0.000,-0.000,0.002,0.003,0.000,-0.000,0.000,-0.000,0,0,180,0
2,cylinder_stiff,1000,113.784,15.679,6.525,43.385,0.671,-7.024,28.127,-0.025,-25.112,-30.376,-0.000,0.000,-0.000,0.002,0.003,0.000,-0.000,0.000,-0.000,0,0,180,0
2,cylinder_stiff,1020,114.048,16.279,13.275,60.809,-0.529,-23.074,42.163,-0.025,-25.112,-30.376,-0.000,0.000,-0.000,0.002,0.003,0.000,-0.000,0.000,-0.000,0,0,180,0
2,cylinder_stiff,1040,114.136,14.629,14.175,51.129,6.071,-10.174,38.291,-0.025,-25.112,-30.376,-0.000,0.000,-0.000,0.002,0.003,0.000,-0.000,0.000,-0.000,0,0,180,0
2,cylinder_stiff,1060,114.224,10.729,10.575,53.549,9.371,-6.124,51.601,-0.025,-25.112,-30.376,-0.000,0.000,-0.000,0.002,0.003,0.000,-0.000,0.000,-0.000,0,0,180,0
2,cylinder_stiff,1080,114.224,12.829,14.925,66.617,7.271,-10.324,39.017,-0.025,-25.112,-30.376,-0.000,0.000,-0.000,0.002,0.003,0.000,-0.000,0.000,-0.000,0,0,180,0
2,cylinder_stiff,1100,114.224,18.829,15.075,47.741,0.371,-14.224,35.387,-0.025,-25.112,-30.376,-0.000,0.000,-0.000,0.002,0.003,0.000,-0.000,0.000,-0.000,0,0,180,0
2,cylinder_stiff,1120,114.224,-0.821,9.525,60.325,-0.679,-13.774,44.099,-0.025,-25.112,-30.376,-0.000,0.000,-0.000,0.002,0.003,0.000,-0.000,0.000,-0.000,0,0,180,0
2,cylinder_stiff,1140,114.224,24.829,14.775,59.599,3.371,-9.124,18.931,-0.025,-25.112,-30.376,-0.000,0.000,-0.000,0.002,0.003,0.000,-0.000,0.000,-0.000,0,0,180,0
2,cylinder_stiff,1160,114.224,5.479,5.025,68.069,-1.579,-9.424,41.437,-0.025,-25.112,-30.376,-0.000,0.000,-0.000,0.002,0.003,0.000,-0.000,0.000,-0.000,0,0,180,0
2,cylinder_stiff,1180,114.224,20.929,8.625,57.421,-13.579,-17.374,34.177,-0.025,-25.112,-30.376,-0.000,0.000,-0.000,0.002,0.003,0.000,-0.000,0.000,-0.000,0,0,180,0
2,cylinder_stiff,1200,114.224,21.979,11.925,52.823,-5.629,-7.624,39.501,-0.025,-25.112,-30.376,-0.000,0.000,-0.000,0.002,0.003,0.000,-0.000,0.000,-0.000,0,0,180,0
2,cylinder_stiff,1220,114.224,7.879,11.025,40.723,-0.529,-8.824,43.373,-0.025,-25.112,-30.376,-0.000,0.000,-0.000,0.002,0.003,0.000,-0.000,0.000,-0.000,0,0,180,0
2,cylinder_stiff,1240,114.224,14.629,20.175,63.471,-5.479,-14.374,42.647,-0.025,-25.112,-30.376,-0.000,0.000,-0.000,0.002,0.003,0.000,-0.000,0.000,-0.000,0,0,180,0
2,cylinder_stiff,1260,114.224,15.079,6.225,54.759,6.371,-17.674,39.017,-0.025,-25.112,-30.376,-0.000,0.000,-0.000,0.002,0.003,0.000,-0.000,0.000,-0.000,0,0,180,0
2,cylinder_stiff,1280,114.224,14.179,23.625,48.467,-1.729,-14.374,35.145,-0.025,-25.112,-30.376,-0.000,0.000,-0.000,0.002,0.003,0.000,-0.000,0.000,-0.000,0,0,180,0
2,cylinder_stiff,1300,114.224,9.979,2.925,55.727,-1.579,-6.724,35.871,-0.025,-25.112,-30.376,-0.000,0.000,-0.000,0.002,0.003,0.000,-0.000,0.000,-0.000,0,0,180,0
2,cylinder_stiff,1320,114.224,10.429,16.125,49.435,5.021,-9.124,37.807,-0.025,-25.112,-30.376,-0.000,0.000,-0.000,0.002,0.003,0.000,-0.000,0.000,-0.000,0,0,180,0
2,cylinder_stiff,1340,114.224,16.429,13.125,57.421,0.671,-8.074,39.743,-0.025,-25.112,-30.376,-0.000,0.000,-0.000,0.002,0.003,0.000,-0.000,0.000,-0.000,0,0,180,0
2,cylinder_stiff,1360,114.224,10.279,15.675,56.453,-2.479,-16.774,40.711,-0.025,-25.112,-30.376,-0.000,0.000,-0.000,0.002,0.003,0.000,-0.000,0.000,-0.000,0,0,180,0
2,cylinder_stiff,1380,114.224,21.679,3.075,71.457,10.121,-18.274,39.501,-0.025,-25.112,-30.376,-0.000,0.000,-0.000,0.002,0.003,0.000,-0.000,0.000,-0.000,0,0,180,0
2,cylinder_stiff,1400,114.224,13.579,9.525,47.983,-11.179,-20.224,37.807,-0.025,-25.112,-30.376,-0.000,0.000,-0.000,0.002,0.003,0.000,-0.000,0.000,-0.000,0,0,180,0
2,cylinder_stiff,1420,114.224,14.179,3.975,47.257,-1.429,-14.224,29.821,-0.025,-25.112,-30.376,-0.000,0.000,-0.000,0.002,0.003,0.000,-0.000,0.000,-0.000,0,0,180,0
2,cylinder_stiff,1440,114.224,14.029,5.025,34.189,0.071,-11.074,27.885,-0.025,-25.112,-30.376,-0.000,0.000,-0.000,0.002,0.003,0.000,-0.000,0.000,-0.000,0,0,180,0
2,cylinder_stiff,1460,114.224,6.979,15.975,49.435,-0.229,-4.174,34.903,-0.025,-25.112,-30.376,-0.000,0.000,-0.000,0.002,0.003,0.000,-0.000,0.000,-0.000,0,0,180,0
2,cylinder_stiff,1480,114.224,27.229,10.125,48.467,9.521,-2.674,38.291,-0.025,-25.112,-30.376,-0.000,0.000,-0.000,0.002,0.003,0.000,-0.000,0.000,-0.000,0,0,180,0
2,cylinder_stiff,1500,114.224,13.129,3.225,36.609,13.271,-7.024,33.209,-0.025,-25.112,-30.376,-0.000,0.000,-0.000,0.002,0.003,0.000,-0.000,0.000,-0.000,0,0,180,0
2,cylinder_stiff,1520,114.224,21.379,4.425,47.499,2.471,-3.124,47.003,-0.025,-25.112,-30.376,-0.000,0.000,-0.000,0.002,0.003,0.000,-0.000,0.000,-0.000,0,0,180,0
2,cylinder_stiff,1540,114.224,21.679,20.775,59.841,3.371,-14.374,35.629,-0.025,-25.112,-30.376,-0.000,0.000,-0.000,0.002,0.003,0.000,-0.000,0.000,-0.000,0,0,180,0
2,cylinder_stiff,1560,114.224,16.279,17.775,51.613,-4.429,-15.124,37.323,-0.025,-25.112,-30.376,-0.000,0.000,-0.000,0.002,0.003,0.000,-0.000,0.000,-0.000,0,0,180,0
2,cylinder_stiff,1580,114.224,17.779,4.875,56.695,8.021,-6.874,39.017,-0.025,-25.112,-30.376,-0.000,0.000,-0.000,0.002,0.003,0.000,-0.000,0.000,-0.000,0,0,180,0
2,cylinder_stiff,1600,114.224,21.679,12.675,44.837,8.771,-5.674,38.049,-0.025,-25.112,-30.376,-0.000,0.000,-0.000,0.002,0.003,0.000,-0.000,0.000,-0.000,0,0,180,0
2,cylinder_stiff,1620,114.224,19.429,12.375,43.385,10.721,-6.574,48.697,-0.025,-25.112,-30.376,-0.000,0.000,-0.000,0.002,0.003,0.000,-0.000,0.000,-0.000,0,0,180,0
2,cylinder_stiff,1640,114.224,12.229,5.925,62.745,0.671,-12.874,37.323,-0.025,-25.112,-30.376,-0.000,0.000,-0.000,0.002,0.003,0.000,-0.000,0.000,-0.000,0,0,180,0
2,cylinder_stiff,1660,114.224,22.129,4.125,40.481,0.671,-12.724,40.953,-0.025,-25.112,-30.376,-0.000,0.000,-0.000,0.002,0.003,0.000,-0.000,0.000,-0.000,0,0,180,0
2,cylinder_stiff,1680,114.224,13.129,5.925,53.307,3.521,-15.574,35.871,-0.025,-25.112,-30.376,-0.000,0.000,-0.000,0.002,0.003,0.000,-0.000,0.000,-0.000,0,0,180,0
2,cylinder_stiff,1700,114.224,11.779,15.075,52.097,3.971,-9.874,31.999,-0.025,-25.112,-30.376,-0.000,0.000,-0.000,0.002,0.003,0.000,-0.000,0.000,-0.000,0,0,180,0
2,cylinder_stiff,1720,114.224,29.329,2.625,49.919,-12.979,-21.724,43.857,-0.025,-25.112,-30.376,-0.000,0.000,-0.000,0.002,0.003,0.000,-0.000,0.000,-0.000,0,0,180,0
2,cylinder_stiff,1740,114.224,25.129,10.125,50.161,-0.229,-22.774,54.021,-0.025,-25.112,-30.376,-0.000,0.000,-0.000,0.002,0.003,0.000,-0.000,0.000,-0.000,0,0,180,0
2,cylinder_stiff,1760,114.224,12.529,16.875,42.175,-2.479,-17.974,28.853,-0.025,-25.112,-30.376,-0.000,0.000,-0.000,0.002,0.003,0.000,-0.000,0.000,-0.000,0,0,180,0
2,cylinder_stiff,1780,114.224,12.979,8.775,53.791,-1.129,-14.224,40.953,-0.025,-25.112,-30.376,-0.000,0.000,-0.000,0.002,0.003,0.000,-0.000,0.000,-0.000,0,0,180,0
2,cylinder_stiff,1800,114.224,22.279,19.425,59.357,8.471,-1.924,33.209,-0.025,-25.112,-30.376,-0.000,0.000,-0.000,0.002,0.003,0.000,-0.000,0.000,-0.000,0,0,180,0
2,cylinder_stiff,1820,114.224,16.879,12.825,43.143,4.721,-12.574,41.679,-0.025,-25.112,-30.376,-0.000,0.000,-0.000,0.002,0.003,0.000,-0.000,0.000,-0.000,0,0,180,0
2,cylinder_stiff,1840,114.224,14.629,6.525,39.029,-1.129,-8.824,49.665,-0.025,-25.112,-30.376,-0.000,0.000,-0.000,0.002,0.003,0.000,-0.000,0.000,-0.000,0,0,180,0
2,cylinder_stiff,1860,114.224,21.079,-0.825,46.047,8.621,-20.374,40.953,-0.025,-25.112,-30.376,-0.000,0.000,-0.000,0.002,0.003,0.000,-0.000,0.000,-0.000,0,0,180,0
2,cylinder_stiff,1880,114.224,8.029,6.225,49.193,4.421,-3.124,40.711,-0.025,-25.112,-30.376,-0.000,0.000,-0.000,0.002,0.003,0.000,-0.000,0.000,-0.000,0,1,180,1880
3,cylinder_stiff,6,60.632,8.029,5.325,57.905,1.271,-16.324,39.259,-0.025,-25.112,-30.376,-0.000,0.000,-0.000,0.002,0.003,0.000,-0.000,0.000,-0.000,1,0,6,0
3,cylinder_stiff,25,60.632,-4.271,-5.775,-0.417,2.921,-1.024,-3.575,-0.025,-25.112,-30.376,-0.000,0.000,-0.000,0.002,0.003,0.000,-0.000,0.000,-0.000,0,0,6,0
3,cylinder_stiff,44,60.984,-0.521,5.475,-5.741,1.721,-11.974,-1.155,-0.025,-25.112,-30.376,-0.000,0.000,-0.000,0.002,0.003,0.000,-0.000,0.000,-0.000,0,0,6,0
3,cylinder_stiff,62,61.512,-5.921,-0.375,-14.695,2.021,2.426,6.589,-0.025,-25.112,-30.376,-0.000,0.000,-0.000,0.002,0.003,0.000,-0.000,0.000,-0.000,0,0,6,0
3,cylinder_stiff,80,62.128,8.179,-4.425,-5.741,6.521,4.226,3.443,-0.025,-25.112,-30.376,-0.000,0.000,-0.000,0.002,0.003,0.000,-0.000,0.000,-0.000,0,0,6,0
3,cylinder_stiff,100,63.008,4.129,-3.975,-18.809,2.021,-4.924,1.023,-0.025,-25.112,-30.376,-0.000,0.000,-0.000,0.002,0.003,0.000,-0.000,0.000,-0.000,0,0,6,0
3,cylinder_stiff,120,63.888,-8.021,-7.125,6.843,-0.979,3.776,-4.785,-0.025,-25.112,-30.376,-0.000,0.000,-0.000,0.002,0.003,0.000,-0.000,0.000,-0.000,0,0,6,0
3,cylinder_stiff,140,64.768,-6.671,5.025,0.793,-1.429,-2.524,-0.671,-0.025,-25.112,-30.376,-0.000,0.000,-0.000,0.002,0.003,0.000,-0.000,0.000,-0.000,0,0,6,0
3,cylinder_stiff,160,65.824,-5.321,-0.825,2.003,6.671,1.076,-4.059,-0.025,-25.112,-30.376,-0.000,0.000,-0.000,0.002,0.003,0.000,-0.000,0.000,-0.000,0,0,6,0
3,cylinder_stiff,180,66.968,-1.871,6.675,-5.983,6.221,8.726,0.297,-0.025,-25.112,-30.376,-0.000,0.000,-0.000,0.002,0.003,0.000,-0.000,0.000,-0.000,0,0,6,0
3,cylinder_stiff,200,68.200,4.279,8.475,9.747,-9.979,3.476,-1.155,-0.025,-25.112,-30.376,-0.000,0.000,-0.000,0.002,0.003,0.000,-0.000,0.000,-0.000,0,0,6,0
3,cylinder_stiff,220,69.344,2.629,2.775,-14.453,0.071,1.226,9.735,-0.025,-25.112,-30.376,-0.000,0.000,-0.000,0.002,0.003,0.000,-0.000,0.000,-0.000,0,0,6,0
3,cylinder_stiff,240,70.400,0.679,-12.675,17.249,0.071,-1.324,1.507,-0.025,-25.112,-30.376,-0.000,0.000,-0.000,0.002,0.003,0.000,-0.000,0.000,-0.000,0,0,6,0
3,cylinder_stiff,260,71.456,-2.921,-3.075,-13.243,6.371,-3.274,-7.931,-0.025,-25.112,-30.376,-0.000,0.000,-0.000,0.002,0.003,0.000,-0.000,0.000,-0.000,0,0,6,0
3,cylinder_stiff,280,72.600,4.729,-0.075,5.633,-8.329,-6.274,7.073,-0.025,-25.112,-30.376,-0.000,0.000,-0.000,0.002,0.003,0.000,-0.000,0.000,-0.000,0,0,6,0
3,cylinder_stiff,300,73.744,-0.221,0.825,6.601,0.521,4.676,2.475,-0.025,-25.112,-30.376,-0.000,0.000,-0.000,0.002,0.003,0.000,-0.000,0.000,-0.000,0,0,6,0
3,cylinder_stiff,320,74.976,0.379,-4.875,2.729,-8.179,-8.074,8.525,-0.025,-25.112,-30.376,-0.000,0.000,-0.000,0.002,0.003,0.000,-0.000,0.000,-0.000,0,0,6,0
3,cylinder_stiff,340,76.120,-7.871,1.125,2.971,4.121,-9.274,1.749,-0.025,-25.112,-30.376,-0.000,0.000,-0.000,0.002,0.003,0.000,-0.000,0.000,-0.000,0,0,6,0
3,cylinder_stiff,360,77.264,-1.721,4.725,15.797,2.471,-5.524,12.155,-0.025,-25.112,-30.376,-0.000,0.000,-0.000,0.002,0.003,0.000,-0.000,0.000,-0.000,0,0,6,0
3,cylinder_stiff,380,78.408,4.729,-6.075,20.153,-3.979,-4.624,0.539,-0.025,-25.112,-30.376,-0.000,0.000,-0.000,0.002,0.003,0.000,-0.000,0.000,-0.000,0,0,6,0
3,cylinder_stiff,400,79.640,-6.371,-9.225,5.633,1.271,-15.724,4.895,-0.025,-25.112,-30.376,-0.000,0.000,-0.000,0.002,0.003,0.000,-0.000,0.000,-0.000,0,0,6,0
3,cylinder_stiff,420,80.784,-5.471,4.275,1.276,-1.429,-8.824,2.717,-0.025,-25.112,-30.376,-0.000,0.000,-0.000,0.002,0.003,0.000,-0.000,0.000,-0.000,0,0,6,0
3,cylinder_stiff,440,82.016,-0.971,-4.875,14.828,-10.579,-5.674,16.511,-0.025,-25.112,-30.376,-0.000,0.000,-0.000,0.002,0.003,0.000,-0.000,0.000,-0.000,0,0,6,0
3,cylinder_stiff,460,83.160,-3.371,8.775,11.198,2.771,-6.574,-1.155,-0.025,-25.112,-30.376,-0.000,0.000,-0.000,0.002,0.003,0.000,-0.000,0.000,-0.000,0,0,6,0
3,cylinder_stiff,480,84.392,4.129,-2.775,9.263,-4.129,-15.874,-9.383,-0.025,-25.112,-30.376,-0.000,0.000,-0.000,0.002,0.003,0.000,-0.000,0.000,-0.000,0,0,6,0
3,cylinder_stiff,500,85.536,-3.071,-3.675,9.747,4.571,-8.824,23.287,-0.025,-25.112,-30.376,-0.000,0.000,-0.000,0.002,0.003,0.000,-0.000,0.000,-0.000,0,0,6,0
3,cylinder_stiff,520,86.680,-0.371,-2.475,21.363,-5.479,-11.674,24.013,-0.025,-25.112,-30.376,-0.000,0.000,-0.000,0.002,0.003,0.000,-0.000,0.000,-0.000,0,0,6,0
3,cylinder_stiff,540,87.912,0.229,0.225,9.505,0.071,-12.724,17.963,-0.025,-25.112,-30.376,-0.000,0.000,-0.000,0.002,0.003,0.000,-0.000,0.000,-0.000,0,0,6,0
3,cylinder_stiff,560,89.056,-0.221,-8.025,14.103,1.871,-13.024,17.479,-0.025,-25.112,-30.376,-0.000,0.000,-0.000,0.002,0.003,0.000,-0.000,0.000,-0.000,0,0,6,0
3,cylinder_stiff,580,90.288,3.679,1.125,5.875,2.471,-12.424,22.561,-0.025,-25.112,-30.376,-0.000,0.000,-0.000,0.002,0.003,0.000,-0.000,0.000,-0.000,0,0,6,0
3,cylinder_stiff,600,91.432,-1.271,-7.425,19.669,-2.179,-10.474,10.703,-0.025,-25.112,-30.376,-0.000,0.000,-0.000,0.002,0.003,0.000,-0.000,0.000,-0.000,0,0,6,0
3,cylinder_stiff,620,92.664,2.329,-4.425,17.974,2.321,-14.674,21.351,-0.025,-25.112,-30.376,-0.000,0.000,-0.000,0.002,0.003,0.000,-0.000,0.000,-0.000,0,0,6,0
3,cylinder_stiff,640,93.808,4.579,0.225,24.509,6.671,-21.424,25.223,-0.025,-25.112,-30.376,-0.000,0.000,-0.000,0.002,0.003,0.000,-0.000,0.000,-0.000,0,0,6,0
3,cylinder_stiff,660,95.040,-3.071,-0.225,23.057,-3.379,-20.374,16.027,-0.025,-25.112,-30.376,-0.000,0.000,-0.000,0.002,0.003,0.000,-0.000,0.000,-0.000,0,0,6,0
3,cylinder_stiff,680,96.184,-8.321,-0.225,27.171,8.621,-19.924,25.465,-0.025,-25.112,-30.376,-0.000,0.000,-0.000,0.002,0.003,0.000,-0.000,0.000,-0.000,0,0,6,0
3,cylinder_stiff,700,97.416,-4.121,-2.025,22.089,6.221,-11.974,20.383,-0.025,-25.112,-30.376,-0.000,0.000,-0.000,0.002,0.003,0.000,-0.000,0.000,-0.000,0,0,6,0
3,cylinder_stiff,720,98.560,-3.221,-2.775,24.267,1.871,-22.924,15.785,-0.025,-25.112,-30.376,-0.000,0.000,-0.000,0.002,0.003,0.000,-0.000,0.000,-0.000,0,0,6,0
3,cylinder_stiff,740,99.792,9.829,4.725,23.299,-7.129,-17.674,32.725,-0.025,-25.112,-30.376,-0.000,0.000,-0.000,0.002,0.003,0.000,-0.000,0.000,-0.000,0,0,6,0
3,cylinder_stiff,760,100.936,-3.821,-3.675,26.929,-5.629,-6.724,26.675,-0.025,-25.112,-30.376,-0.000,0.000,-0.000,0.002,0.003,0.000,-0.000,0.000,-0.000,0,0,6,0
3,cylinder_stiff,780,102.168,-10.571,1.275,38.786,4.721,-4.474,18.447,-0.025,-25.112,-30.376,-0.000,0.000,-0.000,0.002,0.003,0.000,-0.000,0.000,-0.000,0,0,6,0
3,cylinder_stiff,800,103.312,-2.621,-2.175,26.203,-4.729,-14.674,21.109,-0.025,-25.112,-30.376,-0.000,0.000,-0.000,0.002,0.003,0.000,-0.000,0.000,-0.000,0,0,6,0
3,cylinder_stiff,820,104.544,6.979,1.425,30.075,-1.129,-11.674,25.949,-0.025,-25.112,-30.376,-0.000,0.000,-0.000,0.002,0.003,0.000,-0.000,0.000,-0.000,0,0,6,0
3,cylinder_stiff,840,105.688,8.929,8.475,39.997,8.621,-7.924,27.885,-0.025,-25.112,-30.376,-0.000,0.000,-0.000,0.002,0.003,0.000,-0.000,0.000,-0.000,0,0,6,0
3,cylinder_stiff,860,106.832,7.279,4.125,30.559,-6.079,-11.974,37.565,-0.025,-25.112,-30.376,-0.000,0.000,-0.000,0.002,0.003,0.000,-0.000,0.000,-0.000,0,0,6,0
3,cylinder_stiff,880,107.976,-2.021,4.425,41.932,0.671,-14.674,29.821,-0.025,-25.112,-30.376,-0.000,0.000,-0.000,0.002,0.003,0.000,-0.000,0.000,-0.000,0,0,6,0
3,cylinder_stiff,900,109.208,6.679,2.475,46.047,-2.629,-12.274,24.497,-0.025,-25.112,-30.376,-0.000,0.000,-0.000,0.002,0.003,0.000,-0.000,0.000,-0.000,0,0,6,0
3,cylinder_stiff,920,110.264,1.579,18.075,48.951,5.171,-13.324,36.597,-0.025,-25.112,-30.376,-0.000,0.000,-0.000,0.002,0.003,0.000,-0.000,0.000,-0.000,0,0,6,0
3,cylinder_stiff,940,111.496,12.829,10.125,31.043,-0.529,-9.124,27.643,-0.025,-25.112,-30.376,-0.000,0.000,-0.000,0.002,0.003,0.000,-0.000,0.000,-0.000,0,0,6,0
3,cylinder_stiff,960,112.552,14.029,1.725,55.727,0.521,-13.924,46.277,-0.025,-25.112,-30.376,-0.000,0.000,-0.000,0.002,0.003,0.000,-0.000,0.000,-0.000,0,0,6,0
3,cylinder_stiff,980,113.344,8.929,4.425,56.453,0.671,-12.124,32.725,-0.025,-25.112,-30.376,-0.000,0.000,-0.000,0.002,0.003,0.000,-0.000,0.000,-0.000,0,0,6,0
3,cylinder_stiff,1000,113.784,11.179,11.175,39.271,-2.329,-14.074,35.387,-0.025,-25.112,-30.376,-0.000,0.000,-0.000,0.002,0.003,0.000,-0.000,0.000,-0.000,0,0,6,0
3,cylinder_stiff,1020,114.048,10.579,10.125,55.727,-3.829,-0.124,40.227,-0.025,-25.112,-30.376,-0.000,0.000,-0.000,0.002,0.003,0.000,0.980,503.720,810.540,0,0,6,0
3,cylinder_stiff,1040,114.136,10.129,-0.825,59.357,-5.329,-14.224,48.939,-0.025,-25.112,-30.376,-0.000,0.000,-0.000,0.002,0.003,0.000,-0.000,0.000,-0.000,0,0,6,0
3,cylinder_stiff,1060,114.224,13.729,8.625,44.594,9.971,-7.774,38.291,-0.025,-25.112,-30.376,-0.000,0.000,-0.000,0.002,0.003,0.000,-0.000,0.000,-0.000,0,0,6,0
3,cylinder_stiff,1080,114.224,15.529,2.625,58.389,-6.679,-26.974,31.031,-0.025,-25.112,-30.376,-0.000,0.000,-0.000,0.002,0.003,0.000,-0.000,0.000,-0.000,0,0,6,0
3,cylinder_stiff,1100,114.136,15.529,4.725,60.809,9.071,-10.024,49.181,-0.025,-25.112,-30.376,-0.000,0.000,-0.000,0.002,0.003,0.000,-0.000,0.000,-0.000,0,0,6,0
3,cylinder_stiff,1120,114.224,9.229,18.975,61.051,3.071,-7.324,37.081,-0.025,-25.112,-30.376,-0.000,0.000,-0.000,0.002,0.003,0.000,-0.000,0.000,-0.000,0,0,6,0
3,cylinder_stiff,1140,114.136,6.829,-2.325,63.713,-4.129,-16.324,45.067,-0.025,-25.112,-30.376,-0.000,0.000,-0.000,0.002,0.003,0.000,-0.000,0.000,-0.000,0,0,6,0
3,cylinder_stiff,1160,114.224,16.729,19.875,56.453,0.821,-13.474,50.149,-0.025,-25.112,-30.376,-0.000,0.000,-0.000,0.002,0.003,0.000,-0.000,0.000,-0.000,0,0,6,0
3,cylinder_stiff,1180,114.224,18.679,5.025,51.370,6.371,-11.374,46.761,-0.025,-25.112,-30.376,-0.000,0.000,-0.000,0.002,0.003,0.000,-0.000,0.000,-0.000,0,0,6,0
3,cylinder_stiff,1200,114.224,16.879,6.225,54.275,-7.579,-8.524,31.031,-0.025,-25.112,-30.376,-0.000,0.000,-0.000,0.002,0.003,0.000,-0.000,0.000,-0.000,0,0,6,0
3,cylinder_stiff,1220,114.224,15.379,13.725,40.965,0.371,-9.274,15.301,-0.025,-25.112,-30.376,-0.000,0.000,-0.000,0.002,0.003,0.000,-0.000,0.000,-0.000,0,0,6,0
3,cylinder_stiff,1240,114.224,11.329,12.225,46.289,7.271,-12.874,44.583,-0.025,-25.112,-30.376,-0.000,0.000,-0.000,0.002,0.003,0.000,-0.000,0.000,-0.000,0,0,6,0
3,cylinder_stiff,1260,114.224,9.979,7.275,59.841,-5.779,-9.424,23.287,-0.025,-25.112,-30.376,-0.000,0.000,-0.000,0.002,0.003,0.000,-0.000,0.000,-0.000,0,0,6,0
3,cylinder_stiff,1280,114.224,17.479,9.975,37.093,-0.529,-8.374,35.871,-0.025,-25.112,-30.376,-0.000,0.000,-0.000,0.002,0.003,0.000,-0.000,0.000,-0.000,0,0,6,0
3,cylinder_stiff,1300,114.224,14.029,3.825,48.951,7.571,-9.724,34.661,-0.025,-25.112,-30.376,-0.000,0.000,-0.000,0.002,0.003,0.000,-0.000,0.000,-0.000,0,0,6,0
3,cylinder_stiff,1320,114.224,16.129,23.175,55.243,-10.729,-10.174,43.373,-0.025,-25.112,-30.376,-0.000,0.000,-0.000,0.002,0.003,0.000,-0.000,0.000,-0.000,0,0,6,0
3,cylinder_stiff,1340,114.224,18.679,7.275,57.421,0.671,-23.974,48.697,-0.025,-25.112,-30.376,-0.000,0.000,-0.000,0.002,0.003,0.000,-0.000,0.000,-0.000,0,0,6,0
3,cylinder_stiff,1360,114.224,15.979,11.625,52.581,4.421,-8.524,43.131,-0.025,-25.112,-30.376,-0.000,0.000,-0.000,0.002,0.003,0.000,-0.000,0.000,-0.000,0,0,6,0
3,cylinder_stiff,1380,114.224,17.779,15.675,53.549,-2.629,-20.974,32.483,-0.025,-25.112,-30.376,-15566.319,1118.180,13753.900,0.002,0.003,0.000,-0.000,0.000,-0.000,0,0,6,0
3,cylinder_stiff,1400,114.224,12.379,10.725,58.630,3.971,-6.874,39.017,-0.025,-25.112,-30.376,8029.140,1118.180,13753.900,0.002,0.003,0.000,-0.000,0.000,-0.000,0,0,6,0
3,cylinder_stiff,1420,114.224,14.479,22.725,53.791,5.021,-15.124,40.711,-0.025,-25.112,-30.376,-0.000,0.000,-0.000,0.002,0.003,0.000,-0.000,0.000,-0.000,0,0,6,0
3,cylinder_stiff,1440,114.224,8.179,17.775,39.513,-8.179,-8.974,45.067,-0.025,-25.112,-30.376,-0.000,0.000,-0.000,0.002,0.003,0.000,-0.000,0.000,-0.000,0,0,6,0
3,cylinder_stiff,1460,114.224,16.129,12.675,47.015,1.721,-15.874,39.985,-0.025,-25.112,-30.376,-0.000,0.000,-0.000,0.002,0.003,0.000,-0.000,0.000,-0.000,0,0,6,0
3,cylinder_stiff,1480,114.224,11.479,13.425,50.645,5.021,-10.024,44.099,-0.025,-25.112,-30.376,-0.000,0.000,-0.000,0.002,0.003,0.000,-0.000,0.000,-0.000,0,0,6,0
3,cylinder_stiff,1500,114.224,1.579,9.225,39.271,6.971,-11.974,50.391,-0.025,-25.112,-30.376,-0.000,0.000,-0.000,0.002,0.003,0.000,-0.000,0.000,-0.000,0,0,6,0
3,cylinder_stiff,1520,114.224,16.579,5.025,61.776,-2.029,-3.724,36.839,-0.025,-25.112,-30.376,-0.000,0.000,-0.000,0.002,0.003,0.000,-0.000,0.000,-0.000,0,0,6,0
3,cylinder_stiff,1540,114.224,3.379,9.675,44.111,-2.779,-10.924,27.643,-0.025,-25.112,-30.376,-0.000,0.000,-0.000,0.002,0.003,0.000,-0.000,0.000,-0.000,0,0,6,0
3,cylinder_stiff,1560,114.224,9.229,12.975,55.484,3.971,-18.274,35.871,-0.025,-25.112,-30.376,-0.000,0.000,-0.000,0.002,0.003,0.000,-0.000,0.000,-0.000,0,0,6,0
3,cylinder_stiff,1580,114.224,19.429,9.975,55.727,-4.879,-14.374,42.405,-0.025,-25.112,-30.376,-0.000,0.000,-0.000,0.002,0.003,0.000,-0.000,0.000,-0.000,0,0,6,0
3,cylinder_stiff,1600,114.224,8.479,11.025,50.887,-4.879,-12.274,26.675,-0.025,-25.112,-30.376,-0.000,0.000,-0.000,0.002,0.003,0.000,-0.000,0.000,-0.000,0,0,6,0
3,cylinder_stiff,1620,114.224,10.129,8.175,43.143,-2.029,-6.574,43.373,-0.025,-25.112,-30.376,-0.000,0.000,-0.000,0.002,0.003,0.000,-0.000,0.000,-0.000,0,0,6,0
3,cylinder_stiff,1640,114.224,12.079,18.375,45.321,-3.079,-8.824,39.017,-0.025,-25.112,-30.376,-0.000,0.000,-0.000,0.002,0.003,0.000,-0.000,0.000,-0.000,0,0,6,0
3,cylinder_stiff,1660,114.224,10.279,3.675,50.161,10.721,-9.724,37.807,-0.025,-25.112,-30.376,-0.000,0.000,-0.000,0.002,0.003,0.000,-0.000,0.000,-0.000,0,0,6,0
3,cylinder_stiff,1680,114.224,12.679,3.825,52.097,5.771,-13.024,31.515,-0.025,-25.112,-30.376,-0.000,0.000,-0.000,0.002,0.003,0.000,-0.000,0.000,-0.000,0,0,6,0
3,cylinder_stiff,1700,114.224,12.979,-4.125,56.453,10.271,-12.124,35.871,-0.025,-25.112,-30.376,-0.000,0.000,-0.000,0.002,0.003,0.000,-0.000,0.000,-0.000,0,0,6,0
3,cylinder_stiff,1720,114.224,16.879,17.025,55.969,3.371,0.476,27.159,-0.025,-25.112,-30.376,-0.000,0.000,-0.000,0.002,0.003,0.000,-0.000,0.000,-0.000,0,0,6,0
3,cylinder_stiff,1740,114.224,16.279,12.375,55.484,1.271,-12.724,24.255,-0.025,-25.112,-30.376,-0.000,0.000,-0.000,0.002,0.003,0.000,-0.000,0.000,-0.000,0,0,6,0
3,cylinder_stiff,1760,114.224,13.129,3.525,49.193,5.321,-12.874,37.565,-0.025,-25.112,-30.376,-0.000,0.000,-0.000,0.002,0.003,0.000,-0.000,0.000,-0.000,0,0,6,0
3,cylinder_stiff,1780,114.224,12.679,14.025,47.499,4.421,-5.824,38.533,-0.025,-25.112,-30.376,-0.000,0.000,-0.000,0.002,0.003,0.000,-0.000,0.000,-0.000,0,0,6,0
3,cylinder_stiff,1800,114.224,17.779,6.075,53.307,2.621,-5.824,43.131,-0.025,-25.112,-30.376,-0.000,0.000,-0.000,0.002,0.003,0.000,-0.000,0.000,-0.000,0,0,6,0
3,cylinder_stiff,1820,114.224,18.679,9.525,45.563,-8.479,-11.524,44.341,-0.025,-25.112,-30.376,-0.000,0.000,-0.000,0.002,0.003,0.000,-0.000,0.000,-0.000,0,0,6,0
3,cylinder_stiff,1840,114.224,19.279,14.325,51.129,-6.379,-13.774,42.405,-0.025,-25.112,-30.376,-0.000,0.000,-0.000,0.002,0.003,0.000,-0.000,0.000,-0.000,0,0,6,0
3,cylinder_stiff,1860,114.224,14.629,6.225,44.594,-10.429,-7.474,29.821,-0.025,-25.112,-30.376,-0.000,0.000,-0.000,0.002,0.003,0.000,-0.000,0.000,-0.000,0,0,6,0
3,cylinder_stiff,1880,114.224,7.279,14.925,49.435,-4.879,-19.024,29.821,-0.025,-25.112,-30.376,-0.000,0.000,-0.000,0.002,0.003,0.000,-0.000,0.000,-0.000,0,1,6,1880
4,cylinder_stiff,6,60.632,14.779,-2.175,53.791,2.021,-13.174,36.113,-0.025,-25.112,-30.376,-0.000,0.000,-0.000,0.002,0.003,0.000,-0.000,0.000,-0.000,1,0,6,0
4,cylinder_stiff,25,60.632,3.679,8.325,-6.467,4.121,-1.624,9.493,-0.025,-25.112,-30.376,-0.000,0.000,-0.000,0.002,0.003,0.000,-0.000,0.000,-0.000,0,0,6,0
4,cylinder_stiff,44,60.896,-1.871,0.825,7.569,3.821,1.976,0.055,-0.025,-25.112,-30.376,-0.000,0.000,-0.000,0.002,0.003,0.000,-0.000,0.000,-0.000,0,0,6,0
4,cylinder_stiff,62,61.424,2.329,8.475,0.309,4.121,1.376,-6.237,-0.025,-25.112,-30.376,-0.000,0.000,-0.000,0.002,0.003,0.000,-0.000,0.000,-0.000,0,0,6,0
4,cylinder_stiff,80,62.128,-3.071,3.375,-5.016,-10.729,5.276,-12.771,-0.025,-25.112,-30.376,-0.000,0.000,-0.000,0.002,0.003,0.000,-0.000,0.000,-0.000,0,0,6,0
4,cylinder_stiff,100,63.008,-5.771,-9.525,-3.321,-1.879,-1.024,-1.155,-0.025,-25.112,-30.376,-0.000,0.000,-0.000,0.002,0.003,0.000,-0.000,0.000,-0.000,0,0,6,0
4,cylinder_stiff,120,63.888,-2.321,1.725,5.391,-0.679,-9.424,-0.671,-0.025,-25.112,-30.376,-0.000,0.000,-0.000,0.002,0.003,0.000,-0.000,0.000,-0.000,0,0,6,0
4,cylinder_stiff,140,64.768,0.679,1.725,-5.016,2.921,9.626,-9.625,-0.025,-25.112,-30.376,-0.000,0.000,-0.000,0.002,0.003,0.000,-0.000,0.000,-0.000,0,0,6,0
4,cylinder_stiff,160,65.824,-2.621,-1.725,6.601,-0.079,-5.674,-12.287,-0.025,-25.112,-30.376,-0.000,0.000,-0.000,0.002,0.003,0.000,-0.000,0.000,-0.000,0,0,6,0
4,cylinder_stiff,180,66.968,5.929,5.325,7.569,1.571,-7.474,-6.963,-0.025,-25.112,-30.376,-0.000,0.000,-0.000,0.002,0.003,0.000,-0.000,0.000,-0.000,0,0,6,0
4,cylinder_stiff,200,68.112,0.679,-7.725,-3.805,4.721,10.226,1.023,-0.025,-25.112,-30.376,-0.000,0.000,-0.000,0.002,0.003,0.000,-0.000,0.000,-0.000,0,0,6,0
4,cylinder_stiff,220,69.256,0.829,-3.075,-4.047,3.371,-9.424,0.781,-0.025,-25.112,-30.376,-0.000,0.000,-0.000,0.002,0.003,0.000,-0.000,0.000,-0.000,0,0,6,0
4,cylinder_stiff,240,70.400,-0.371,-3.525,13.861,-0.679,0.476,-13.013,-0.025,-25.112,-30.376,-0.000,0.000,-0.000,0.002,0.003,0.000,-0.000,0.000,-0.000,0,0,6,0
4,cylinder_stiff,260,71.456,2.629,-14.625,0.067,-8.929,3.476,9.009,-0.025,-25.112,-30.376,-0.000,0.000,-0.000,0.002,0.003,0.000,-0.000,0.000,-0.000,0,0,6,0
4,cylinder_stiff,280,72.600,-4.121,0.975,0.551,1.121,-13.474,-3.575,-0.025,-25.112,-30.376,-0.000,0.000,-0.000,0.002,0.003,0.000,-0.000,0.000,-0.000,0,0,6,0
4,cylinder_stiff,300,73.744,-5.471,2.775,-5.257,-3.679,-6.124,-1.881,-0.025,-25.112,-30.376,-0.000,0.000,-0.000,0.002,0.003,0.000,-0.000,0.000,-0.000,0,0,6,0
4,cylinder_stiff,320,74.888,0.829,-5.925,2.487,-0.529,-2.524,-3.091,-0.025,-25.112,-30.376,-0.000,0.000,-0.000,0.002,0.003,0.000,-0.000,0.000,-0.000,0,0,6,0
4,cylinder_stiff,340,76.120,9.979,0.975,2.245,7.721,2.276,8.767,-0.025,-25.112,-30.376,-0.000,0.000,-0.000,0.002,0.003,0.000,-0.000,0.000,-0.000,0,0,6,0
4,cylinder_stiff,360,77.264,-3.071,-2.625,14.828,1.571,-11.374,-3.333,-0.025,-25.112,-30.376,-0.000,0.000,-0.000,0.002,0.003,0.000,-0.000,0.000,-0.000,0,0,6,0
4,cylinder_stiff,380,78.408,11.329,4.125,10.231,1.121,-15.574,15.301,-0.025,-25.112,-30.376,-0.000,0.000,-0.000,0.002,0.003,0.000,-0.000,0.000,-0.000,0,0,6,0
4,cylinder_stiff,400,79.552,-4.271,0.525,13.619,2.171,-5.974,6.347,-0.025,-25.112,-30.376,-0.000,0.000,-0.000,0.002,0.003,0.000,-0.000,0.000,-0.000,0,0,6,0
4,cylinder_stiff,420,80.784,5.179,-8.025,17.974,2.771,-10.024,12.881,-0.025,-25.112,-30.376,-0.000,0.000,-0.000,0.002,0.003,0.000,-0.000,0.000,-0.000,0,0,6,0
4,cylinder_stiff,440,81.928,-0.371,-11.925,-0.417,-3.979,-18.574,5.137,-0.025,-25.112,-30.376,-0.000,0.000,-0.000,0.002,0.003,0.000,-0.000,0.000,-0.000,0,0,6,0
4,cylinder_stiff,460,83.072,2.629,-5.925,12.409,6.071,-15.874,13.123,-0.025,-25.112,-30.376,-0.000,0.000,-0.000,0.002,0.003,0.000,-0.000,0.000,-0.000,0,0,6,0
4,cylinder_stiff,480,84.304,-3.971,0.975,7.811,1.271,-16.774,5.379,-0.025,-25.112,-30.376,-0.000,0.000,-0.000,0.002,0.003,0.000,-0.000,0.000,-0.000,0,0,6,0
4,cylinder_stiff,500,85.536,3.379,0.675,14.103,5.171,-10.774,19.899,-0.025,-25.112,-30.376,-0.000,0.000,-0.000,0.002,0.003,0.000,-0.000,0.000,-0.000,0,0,6,0
4,cylinder_stiff,520,86.680,11.929,-7.725,9.505,14.921,-19.774,21.835,-0.025,-25.112,-30.376,-0.000,0.000,-0.000,0.002,0.003,0.000,-0.000,0.000,-0.000,0,0,6,0
4,cylinder_stiff,540,87.824,-14.171,-2.475,2.245,-5.929,-13.474,9.251,-0.025,-25.112,-30.376,-0.000,0.000,-0.000,0.002,0.003,0.000,-0.000,0.000,-0.000,0,0,6,0
4,cylinder_stiff,560,89.056,-11.471,0.225,11.682,0.671,-9.274,5.137,-0.025,-25.112,-30.376,-0.000,0.000,-0.000,0.002,0.003,0.000,-0.000,0.000,-0.000,0,0,6,0
4,cylinder_stiff,580,90.200,-0.521,-6.375,16.039,-6.679,-16.174,13.123,-0.025,-25.112,-30.376,-0.000,0.000,-0.000,0.002,0.003,0.000,-0.000,0.000,-0.000,0,0,6,0
4,cylinder_stiff,600,91.432,-2.921,-3.825,14.587,-0.229,-18.424,20.867,-0.025,-25.112,-30.376,-0.000,0.000,-0.000,0.002,0.003,0.000,-0.000,0.000,-0.000,0,0,6,0
4,cylinder_stiff,620,92.576,0.079,-11.625,30.075,-14.929,-10.924,19.415,-0.025,-25.112,-30.376,-0.000,0.000,-0.000,0.002,0.003,0.000,-0.000,0.000,-0.000,0,0,6,0
4,cylinder_stiff,640,93.808,-5.171,6.075,13.619,4.121,-11.374,16.027,-0.025,-25.112,-30.376,-0.000,0.000,-0.000,0.002,0.003,0.000,-0.000,0.000,-0.000,0,0,6,0
4,cylinder_stiff,660,94.952,-2.321,-3.075,14.587,-3.079,-11.824,32.967,-0.025,-25.112,-30.376,-0.000,0.000,-0.000,0.002,0.003,0.000,-0.000,0.000,-0.000,0,0,6,0
4,cylinder_stiff,680,96.184,-5.321,-2.175,17.007,-3.679,-20.824,30.547,-0.025,-25.112,-30.376,-0.000,0.000,-0.000,0.002,0.003,0.000,-0.000,0.000,-0.000,0,0,6,0
4,cylinder_stiff,700,97.416,-5.471,-4.875,30.559,-4.429,-8.524,28.369,-0.025,-25.112,-30.376,-0.000,0.000,-0.000,0.002,0.003,0.000,-0.000,0.000,-0.000,0,0,6,0
4,cylinder_stiff,720,98.560,-0.221,-3.525,16.765,-1.879,-21.724,27.643,-0.025,-25.112,-30.376,-0.000,0.000,-0.000,0.002,0.003,0.000,-0.000,0.000,-0.000,0,0,6,0
4,cylinder_stiff,740,99.704,1.279,-0.375,19.911,3.221,-13.774,21.351,-0.025,-25.112,-30.376,-0.000,0.000,-0.000,0.002,0.003,0.000,-0.000,0.000,-0.000,0,0,6,0
4,cylinder_stiff,760,100.936,-0.971,2.625,23.541,3.521,-18.124,27.643,-0.025,-25.112,-30.376,-0.000,0.000,-0.000,0.002,0.003,0.000,-0.000,0.000,-0.000,0,0,6,0
4,cylinder_stiff,780,102.080,-4.571,-0.525,31.769,0.071,-18.574,29.095,-0.025,-25.112,-30.376,-0.000,0.000,-0.000,0.002,0.003,0.000,-0.000,0.000,-0.000,0,0,6,0
4,cylinder_stiff,800,103.224,6.529,-3.225,34.189,-7.279,-10.324,29.337,-0.025,-25.112,-30.376,-0.000,0.000,-0.000,0.002,0.003,0.000,-0.000,0.000,-0.000,0,0,6,0
4,cylinder_stiff,820,104.456,7.729,6.225,27.171,6.221,-12.424,8.283,-0.025,-25.112,-30.376,-0.000,0.000,-0.000,0.002,0.003,0.000,-0.000,0.000,-0.000,0,0,6,0
4,cylinder_stiff,840,105.688,4.879,-0.675,30.075,2.321,-18.724,31.999,-0.025,-25.112,-30.376,-0.000,0.000,-0.000,0.002,0.003,0.000,-0.000,0.000,-0.000,0,0,6,0
4,cylinder_stiff,860,106.832,-0.671,3.975,36.609,1.571,-10.024,28.369,-0.025,-25.112,-30.376,-0.000,0.000,-0.000,0.002,0.003,0.000,-0.000,0.000,-0.000,0,0,6,0
4,cylinder_stiff,880,107.976,6.229,13.725,34.189,1.721,-20.224,26.191,-0.025,-25.112,-30.376,-0.000,0.000,-0.000,0.002,0.003,0.000,-0.000,0.000,-0.000,0,0,6,0
4,cylinder_stiff,900,109.208,8.929,9.225,38.302,0.071,-9.424,39.985,-0.025,-25.112,-30.376,-0.000,0.000,-0.000,0.002,0.003,0.000,-0.000,0.000,-0.000,0,0,6,0
4,cylinder_stiff,920,110.264,15.979,6.825,51.370,-5.029,0.176,37.081,-0.025,-25.112,-30.376,-0.000,0.000,-0.000,0.002,0.003,0.000,-0.000,0.000,-0.000,0,0,6,0
4,cylinder_stiff,940,111.496,16.579,-0.525,40.239,8.471,-2.674,31.273,-0.025,-25.112,-30.376,-0.000,0.000,-0.000,0.002,0.003,0.000,-0.000,0.000,-0.000,0,0,6,0
4,cylinder_stiff,960,112.464,12.829,4.425,38.545,-4.279,-19.924,33.935,-0.025,-25.112,-30.376,-0.000,0.000,-0.000,0.002,0.003,0.000,-0.000,0.000,-0.000,0,0,6,0
4,cylinder_stiff,980,113.344,13.879,10.725,59.115,-1.429,-5.974,31.999,-0.025,-25.112,-30.376,-0.000,0.000,-0.000,0.002,0.003,0.000,-0.000,0.000,-0.000,0,0,6,0
4,cylinder_stiff,1000,113.784,11.479,11.325,54.275,3.071,-13.174,28.611,-0.025,-25.112,-30.376,-0.000,0.000,-0.000,0.002,0.003,0.000,-0.000,0.000,-0.000,0,0,6,0
4,cylinder_stiff,1020,114.048,20.029,14.925,42.417,-8.779,-16.024,45.067,-0.025,-25.112,-30.376,-0.000,0.000,-0.000,0.002,0.003,0.000,-0.000,0.000,-0.000,0,0,6,0
4,cylinder_stiff,1040,114.136,15.979,11.325,43.385,-2.779,-19.324,40.469,-0.025,-25.112,-30.376,-0.000,0.000,-0.000,0.002,0.003,0.000,-0.000,0.000,-0.000,0,0,6,0
4,cylinder_stiff,1060,114.224,19.129,2.325,52.823,-0.529,-11.674,42.405,-0.025,-25.112,-30.376,-0.000,0.000,-0.000,0.002,0.003,0.000,-0.000,0.000,-0.000,0,0,6,0
4,cylinder_stiff,1080,114.224,13.129,16.275,44.111,5.171,-14.674,36.597,-0.025,-25.112,-30.376,-0.000,0.000,-0.000,0.002,0.003,0.000,-0.000,0.000,-0.000,0,0,6,0
4,cylinder_stiff,1100,114.224,10.129,10.875,64.197,5.771,-5.524,42.405,-0.025,-25.112,-30.376,-0.000,0.000,-0.000,0.002,0.003,0.000,-0.000,0.000,-0.000,0,0,6,0
4,cylinder_stiff,1120,114.224,18.229,12.675,40.239,3.221,-8.974,47.487,-0.025,-25.112,-30.376,-0.000,0.000,-0.000,0.002,0.003,0.000,-0.000,0.000,-0.000,0,0,6,0
4,cylinder_stiff,1140,114.224,14.629,8.325,41.691,2.621,-15.424,48.697,-0.025,-25.112,-30.376,-0.000,0.000,-0.000,0.002,0.003,0.000,-0.000,0.000,-0.000,0,0,6,0
4,cylinder_stiff,1160,114.224,23.929,4.575,65.406,-2.029,-13.774,30.063,-0.025,-25.112,-30.376,-0.000,0.000,-0.000,0.002,0.003,0.000,-0.000,0.000,-0.000,0,0,6,0
4,cylinder_stiff,1180,114.224,16.879,10.725,42.901,-0.229,-7.624,31.031,-0.025,-25.112,-30.376,-0.000,0.000,-0.000,0.002,0.003,0.000,-0.000,0.000,-0.000,0,0,6,0
4,cylinder_stiff,1200,114.224,15.829,15.075,33.463,5.921,-13.024,35.387,-0.025,-25.112,-30.376,-0.000,0.000,-0.000,0.002,0.003,0.000,-0.000,0.000,-0.000,0,0,6,0
4,cylinder_stiff,1220,114.224,13.129,12.825,45.805,2.771,-10.174,31.757,-0.025,-25.112,-30.376,-0.000,0.000,-0.000,0.002,0.003,0.000,-0.000,0.000,-0.000,0,0,6,0
4,cylinder_stiff,1240,114.224,23.929,11.475,45.805,-3.679,-14.374,38.049,-0.025,-25.112,-30.376,-0.000,0.000,-0.000,0.002,0.003,0.000,-0.000,0.000,-0.000,0,0,6,0
4,cylinder_stiff,1260,114.224,9.229,18.975,52.823,-5.929,-8.974,24.981,-0.025,-25.112,-30.376,-0.000,0.000,-0.000,0.002,0.003,0.000,-0.000,0.000,-0.000,0,0,6,0
4,cylinder_stiff,1280,114.224,8.629,17.625,62.019,5.021,-14.824,36.597,-0.025,-25.112,-30.376,-0.000,0.000,-0.000,0.002,0.003,0.000,-0.000,0.000,-0.000,0,0,6,0
4,cylinder_stiff,1300,114.224,7.579,-1.725,48.467,0.371,-11.524,31.031,-0.025,-25.112,-30.376,-0.000,0.000,-0.000,0.002,0.003,0.000,-0.000,0.000,-0.000,0,0,6,0
4,cylinder_stiff,1320,114.224,17.479,13.275,67.827,-0.829,-18.124,35.871,-0.025,-25.112,-30.376,-0.000,0.000,-0.000,0.002,0.003,0.000,-0.000,0.000,-0.000,0,0,6,0
4,cylinder_stiff,1340,114.224,23.779,9.975,42.417,3.971,-1.924,28.611,-0.025,-25.112,-30.376,-0.000,0.000,-0.000,-8028.157,-10684.937,404.480,-0.000,0.000,-0.000,0,0,6,0
4,cylinder_stiff,1360,114.224,16.129,2.025,37.335,0.371,-9.874,31.999,-0.025,-25.112,-30.376,-0.000,0.000,-0.000,0.002,0.003,0.000,-0.000,0.000,-0.000,0,0,6,0
4,cylinder_stiff,1380,114.224,18.979,13.125,47.499,1.721,-3.574,35.145,-0.025,-25.112,-30.376,-0.000,0.000,-0.000,0.002,0.003,0.000,-0.000,0.000,-0.000,0,0,6,0
4,cylinder_stiff,1400,114.224,11.629,12.975,59.357,3.221,-5.074,43.373,-0.025,-25.112,-30.376,-0.000,0.000,-0.000,0.002,0.003,0.000,-0.000,0.000,-0.000,0,0,6,0
4,cylinder_stiff,1420,114.224,15.379,6.975,62.745,8.021,-5.074,28.853,-0.025,-25.112,-30.376,-0.000,0.000,-0.000,0.002,0.003,0.000,-0.000,0.000,-0.000,0,0,6,0
4,cylinder_stiff,1440,114.224,15.379,13.125,52.823,4.871,-13.324,45.551,-0.025,-25.112,-30.376,-0.000,0.000,-0.000,0.002,0.003,0.000,-0.000,0.000,-0.000,0,0,6,0
4,cylinder_stiff,1460,114.224,16.579,18.075,49.193,-7.879,-6.724,43.373,-0.025,-25.112,-30.376,-0.000,0.000,-0.000,0.002,0.003,0.000,-0.000,0.000,-0.000,0,0,6,0
4,cylinder_stiff,1480,114.224,23.629,8.475,47.257,-1.879,-11.674,44.341,-0.025,-25.112,-30.376,-0.000,0.000,-0.000,0.002,0.003,0.000,-0.000,0.000,-0.000,0,0,6,0
4,cylinder_stiff,1500,114.136,11.929,3.525,53.549,-4.429,-11.974,53.537,-0.025,-25.112,-30.376,-0.000,0.000,-0.000,0.002,0.003,0.000,-0.000,0.000,-0.000,0,0,6,0
4,cylinder_stiff,1520,114.224,9.529,4.875,60.567,6.521,-15.124,44.341,-0.025,-25.112,-30.376,-0.000,0.000,-0.000,0.002,0.003,0.000,-0.000,0.000,-0.000,0,0,6,0
4,cylinder_stiff,1540,114.136,9.829,16.425,51.613,-5.179,-8.374,39.985,-0.025,-25.112,-30.376,-0.000,0.000,-0.000,0.002,0.003,0.000,-0.000,0.000,-0.000,0,0,6,0
4,cylinder_stiff,1560,114.224,12.379,6.375,46.531,-4.129,-18.574,34.661,-0.025,-25.112,-30.376,-0.000,0.000,-0.000,0.002,0.003,0.000,-0.000,0.000,-0.000,0,0,6,0
4,cylinder_stiff,1580,114.224,21.829,1.725,58.146,1.271,-12.274,31.757,-0.025,-25.112,-30.376,-0.000,0.000,-0.000,0.002,0.003,0.000,-0.000,0.000,-0.000,0,0,6,0
4,cylinder_stiff,1600,114.224,5.929,15.225,36.609,6.971,-18.274,35.629,-0.025,-25.112,-30.376,-0.000,0.000,-0.000,0.002,0.003,0.000,-0.000,0.000,-0.000,0,0,6,0
4,cylinder_stiff,1620,114.224,16.729,13.575,43.143,-2.629,-9.274,50.633,-0.025,-25.112,-30.376,-0.000,0.000,-0.000,0.002,0.003,0.000,-0.000,0.000,-0.000,0,0,6,0
4,cylinder_stiff,1640,114.224,14.779,11.025,48.467,-4.579,-18.124,31.999,-0.025,-25.112,-30.376,-0.000,0.000,-0.000,0.002,0.003,0.000,-0.000,0.000,-0.000,0,0,6,0
4,cylinder_stiff,1660,114.224,18.379,10.725,58.389,1.721,-10.774,41.679,-0.025,-25.112,-30.376,-0.000,0.000,-0.000,0.002,0.003,0.000,-0.000,0.000,-0.000,0,0,6,0
4,cylinder_stiff,1680,114.224,19.279,20.475,63.471,1.121,-15.574,31.757,-0.025,-25.112,-30.376,-0.000,0.000,-0.000,0.002,0.003,0.000,-0.000,0.000,-0.000,0,0,6,0
4,cylinder_stiff,1700,114.224,11.929,17.325,56.211,2.471,-21.424,41.921,-0.025,-25.112,-30.376,-0.000,0.000,-0.000,0.002,0.003,0.000,-0.000,0.000,-0.000,0,0,6,0
4,cylinder_stiff,1720,114.224,4.429,12.825,50.887,-2.929,-14.224,45.309,-0.025,-25.112,-30.376,-0.000,0.000,-0.000,0.002,0.003,0.000,-0.000,0.000,-0.000,0,0,6,0
4,cylinder_stiff,1740,114.224,18.229,5.775,55.727,5.171,-5.374,38.049,-0.025,-25.112,-30.376,-0.000,0.000,-0.000,0.002,0.003,0.000,-0.000,0.000,-0.000,0,0,6,0
4,cylinder_stiff,1760,114.224,6.229,5.775,53.549,5.621,-14.224,36.597,-0.025,-25.112,-30.376,-0.000,0.000,-0.000,0.002,0.003,0.000,-0.000,0.000,-0.000,0,0,6,0
4,cylinder_stiff,1780,114.224,25.429,14.025,52.581,-6.979,-10.624,32.967,-0.025,-25.112,-30.376,-0.000,0.000,-0.000,0.002,0.003,0.000,-0.000,0.000,-0.000,0,0,6,0
4,cylinder_stiff,1800,114.224,5.479,12.225,56.453,-2.179,-15.724,36.839,-0.025,-25.112,-30.376,-0.000,0.000,-0.000,0.002,0.003,0.000,-0.000,0.000,-0.000,0,0,6,0
4,cylinder_stiff,1820,114.224,16.729,5.325,40.965,-4.429,-15.124,52.327,-0.025,-25.112,-30.376,-0.000,0.000,-0.000,0.002,0.003,0.000,-0.000,0.000,-0.000,0,0,6,0
4,cylinder_stiff,1840,114.224,13.279,3.975,49.193,-3.229,-16.924,28.127,-0.025,-25.112,-30.376,-0.000,0.000,-0.000,0.002,0.003,0.000,-0.000,0.000,-0.000,0,0,6,0
4,cylinder_stiff,1860,114.224,13.879,15.375,53.307,-3.829,-12.724,38.775,-0.025,-25.112,-30.376,-0.000,0.000,-0.000,0.002,0.003,0.000,-0.000,0.000,-0.000,0,0,6,0
4,cylinder_stiff,1880,114.136,16.579,10.575,46.773,2.621,-13.024,18.931,-0.025,-25.112,-30.376,-0.000,0.000,-0.000,0.002,0.003,0.000,-0.000,0.000,-0.000,0,1,6,1880
5,cylinder_stiff,5,60.632,8.479,14.325,52.339,2.471,-6.724,33.209,-0.025,-25.112,-30.376,-0.000,0.000,-0.000,0.002,0.003,0.000,-0.000,0.000,-0.000,1,0,5,0
5,cylinder_stiff,25,60.720,-6.071,-7.875,2.003,5.021,4.226,-5.995,-0.025,-25.112,-30.376,-0.000,0.000,-0.000,0.002,0.003,0.000,-0.000,0.000,-0.000,0,0,5,0
5,cylinder_stiff,44,60.984,-3.971,-6.075,-5.983,3.971,6.026,1.749,-0.025,-25.112,-30.376,-0.000,0.000,-0.000,0.002,0.003,0.000,-0.000,0.000,-0.000,0,0,5,0
5,cylinder_stiff,62,61.512,3.379,-8.325,-1.143,-4.579,2.576,-2.365,-0.025,-25.112,-30.376,-0.000,0.000,-0.000,0.002,0.003,0.000,-0.000,0.000,-0.000,0,0,5,0
5,cylinder_stiff,80,62.128,-4.571,7.725,1.276,-4.729,6.326,-4.301,-0.025,-25.112,-30.376,-0.000,0.000,-0.000,0.002,0.003,0.000,-0.000,0.000,-0.000,0,0,5,0
5,cylinder_stiff,100,63.008,3.379,5.475,15.313,5.321,-6.124,-3.333,-0.025,-25.112,-30.376,-0.000,0.000,-0.000,0.002,0.003,0.000,-0.000,0.000,-0.000,0,0,5,0
5,cylinder_stiff,120,63.888,-7.121,8.775,-0.175,4.121,-1.624,7.315,-0.025,-25.112,-30.376,-0.000,0.000,-0.000,0.002,0.003,0.000,-0.000,0.000,-0.000,0,0,5,0
5,cylinder_stiff,140,64.768,7.429,-3.525,-13.727,9.971,-7.324,3.927,-0.025,-25.112,-30.376,-0.000,0.000,-0.000,0.002,0.003,0.000,-0.000,0.000,-0.000,0,0,5,0
5,cylinder_stiff,160,65.912,2.629,-6.075,2.003,6.371,-1.924,-11.561,-0.025,-25.112,-30.376,-0.000,0.000,-0.000,0.002,0.003,0.000,-0.000,0.000,-0.000,0,0,5,0
5,cylinder_stiff,180,66.968,-6.821,-0.225,10.957,5.921,-2.224,-3.575,-0.025,-25.112,-30.376,-0.000,0.000,-0.000,0.002,0.003,0.000,-0.000,0.000,-0.000,0,0,5,0
5,cylinder_stiff,200,68.200,6.079,8.325,-1.627,-10.579,-3.424,0.297,-0.025,-25.112,-30.376,-0.000,0.000,-0.000,0.002,0.003,0.000,-0.000,0.000,-0.000,0,0,5,0
5,cylinder_stiff,220,69.256,1.429,2.325,1.519,5.021,1.376,-5.995,-0.025,-25.112,-30.376,-0.000,0.000,-0.000,0.002,0.003,0.000,-0.000,0.000,-0.000,0,0,5,0
5,cylinder_stiff,240,70.400,-3.221,-6.975,-2.111,-6.379,-12.124,3.927,-0.025,-25.112,-30.376,-0.000,0.000,-0.000,0.002,0.003,0.000,-0.000,0.000,-0.000,0,0,5,0
5,cylinder_stiff,260,71.456,0.979,2.025,-14.938,11.171,1.376,-3.575,-0.025,-25.112,-30.376,-0.000,0.000,-0.000,0.002,0.003,0.000,-0.000,0.000,-0.000,0,0,5,0
5,cylinder_stiff,280,72.600,-5.921,-9.825,-0.901,0.071,-7.474,-3.333,-0.025,-25.112,-30.376,-0.000,0.000,-0.000,0.002,0.003,0.000,-0.000,0.000,-0.000,0,0,5,0
5,cylinder_stiff,300,73.744,-8.021,0.075,4.665,1.121,-10.624,-1.639,-0.025,-25.112,-30.376,-0.000,0.000,-0.000,0.002,0.003,0.000,-0.000,0.000,-0.000,0,0,5,0
5,cylinder_stiff,320,74.976,3.379,-13.725,-8.161,1.421,-8.074,-1.881,-0.025,-25.112,-30.376,-0.000,0.000,-0.000,0.002,0.003,0.000,-0.000,0.000,-0.000,0,0,5,0
5,cylinder_stiff,340,76.120,-5.321,-3.825,9.747,2.321,-3.424,3.927,-0.025,-25.112,-30.376,-0.000,0.000,-0.000,0.002,0.003,0.000,-0.000,0.000,-0.000,0,0,5,0
5,cylinder_stiff,360,77.264,2.329,-2.175,13.861,-1.879,-12.874,9.493,-0.025,-25.112,-30.376,-0.000,0.000,-0.000,0.002,0.003,0.000,-0.000,0.000,-0.000,0,0,5,0
5,cylinder_stiff,380,78.408,8.929,0.075,5.633,2.921,-15.274,4.411,-0.025,-25.112,-30.376,-0.000,0.000,-0.000,0.002,0.003,0.000,-0.000,0.000,-0.000,0,0,5,0
5,cylinder_stiff,400,79.640,2.329,-2.775,-4.047,-10.279,-12.424,5.137,-0.025,-25.112,-30.376,-0.000,0.000,-0.000,0.002,0.003,0.000,-0.000,0.000,-0.000,0,0,5,0
5,cylinder_stiff,420,80.784,-1.421,-4.725,17.733,0.521,-7.174,3.927,-0.025,-25.112,-30.376,-0.000,0.000,-0.000,0.002,0.003,0.000,-0.000,0.000,-0.000,0,0,5,0
5,cylinder_stiff,440,82.016,4.579,-5.925,16.523,-9.829,0.926,21.351,-0.025,-25.112,-30.376,-0.000,0.000,-0.000,0.002,0.003,0.000,-0.000,0.000,-0.000,0,0,5,0
5,cylinder_stiff,460,83.160,4.429,-0.975,5.875,-5.779,-12.124,15.301,-0.025,-25.112,-30.376,-0.000,0.000,-0.000,0.002,0.003,0.000,-0.000,0.000,-0.000,0,0,5,0
5,cylinder_stiff,480,84.392,-2.171,-3.225,8.295,-4.129,-7.174,24.013,-0.025,-25.112,-30.376,-0.000,0.000,-0.000,0.002,0.003,0.000,-0.000,0.000,-0.000,0,0,5,0
5,cylinder_stiff,500,85.536,-9.671,-11.775,15.797,-9.379,-9.424,19.657,-0.025,-25.112,-30.376,-0.000,0.000,-0.000,0.002,0.003,0.000,-0.000,0.000,-0.000,0,0,5,0
5,cylinder_stiff,520,86.768,-4.271,-3.675,24.750,-4.579,-19.024,0.539,-0.025,-25.112,-30.376,-0.000,0.000,-0.000,0.002,0.003,0.000,-0.000,0.000,-0.000,0,0,5,0
5,cylinder_stiff,540,87.912,-3.971,1.575,22.331,-5.329,-17.374,16.995,-0.025,-25.112,-30.376,-0.000,0.000,-0.000,0.002,0.003,0.000,-0.000,0.000,-0.000,0,0,5,0
5,cylinder_stiff,560,89.056,-6.221,-2.925,24.750,-1.279,-11.074,9.735,-0.025,-25.112,-30.376,-0.000,0.000,-0.000,0.002,0.003,0.000,-0.000,0.000,-0.000,0,0,5,0
5,cylinder_stiff,580,90.288,8.779,-3.975,-1.870,-2.479,-19.774,16.753,-0.025,-25.112,-30.376,-0.000,0.000,-0.000,0.002,0.003,0.000,-0.000,0.000,-0.000,0,0,5,0
5,cylinder_stiff,600,91.520,9.379,-1.275,17.491,-5.029,-17.074,26.917,-0.025,-25.112,-30.376,-0.000,0.000,-0.000,0.002,0.003,0.000,-0.000,0.000,-0.000,0,0,5,0
5,cylinder_stiff,620,92.664,-0.071,-3.675,25.961,-1.279,-17.824,21.351,-0.025,-25.112,-30.376,-0.000,0.000,-0.000,0.002,0.003,0.000,-0.000,0.000,-0.000,0,0,5,0
5,cylinder_stiff,640,93.808,-3.371,1.275,22.573,-2.329,-14.674,13.849,-0.025,-25.112,-30.376,-0.000,0.000,-0.000,0.002,0.003,0.000,-0.000,0.000,-0.000,0,0,5,0
5,cylinder_stiff,660,95.040,2.329,-0.975,9.263,2.321,-15.274,19.657,-0.025,-25.112,-30.376,-0.000,0.000,-0.000,0.002,0.003,0.000,-0.000,0.000,-0.000,0,0,5,0
5,cylinder_stiff,680,96.184,3.229,6.675,28.865,2.921,-15.424,14.575,-0.025,-25.112,-30.376,-0.000,0.000,-0.000,0.002,0.003,0.000,-0.000,0.000,-0.000,0,0,5,0
5,cylinder_stiff,700,97.416,-2.621,0.225,25.719,1.721,-18.874,18.689,-0.025,-25.112,-30.376,-0.000,0.000,-0.000,0.002,0.003,0.000,-0.000,0.000,-0.000,0,0,5,0
5,cylinder_stiff,720,98.648,2.329,-5.325,16.765,2.471,-14.074,31.999,-0.025,-25.112,-30.376,-0.000,0.000,-0.000,0.002,0.003,0.000,-0.000,0.000,-0.000,0,0,5,0
5,cylinder_stiff,740,99.792,2.179,-0.225,46.047,5.921,-29.524,11.671,-0.025,-25.112,-30.376,-0.000,0.000,-0.000,0.002,0.003,0.000,-0.000,0.000,-0.000,0,0,5,0
5,cylinder_stiff,760,100.936,0.229,1.125,37.335,-8.629,-21.574,23.045,-0.025,-25.112,-30.376,-0.000,0.000,-0.000,0.002,0.003,0.000,-0.000,0.000,-0.000,0,0,5,0
5,cylinder_stiff,780,102.168,9.829,-2.925,31.043,-3.679,-24.124,23.529,-0.025,-25.112,-30.376,-0.000,0.000,-0.000,0.002,0.003,0.000,-0.000,0.000,-0.000,0,0,5,0
5,cylinder_stiff,800,103.312,-7.421,-1.425,38.302,-12.679,-21.274,30.305,-0.025,-25.112,-30.376,-0.000,0.000,-0.000,0.002,0.003,0.000,-0.000,0.000,-0.000,0,0,5,0
5,cylinder_stiff,820,104.544,3.079,4.275,37.335,2.471,-19.174,18.931,-0.025,-25.112,-30.376,-0.000,0.000,-0.000,0.002,0.003,0.000,-0.000,0.000,-0.000,0,0,5,0
5,cylinder_stiff,840,105.688,2.779,13.425,34.672,1.271,-26.374,21.835,-0.025,-25.112,-30.376,-0.000,0.000,-0.000,0.002,0.003,0.000,-0.000,0.000,-0.000,0,0,5,0
5,cylinder_stiff,860,106.832,11.629,-3.825,33.705,3.971,-28.324,29.579,-0.025,-25.112,-30.376,-0.000,0.000,-0.000,0.002,0.003,0.000,-0.000,0.000,-0.000,0,0,5,0
5,cylinder_stiff,880,108.064,7.579,-1.275,43.385,2.471,-13.924,35.387,-0.025,-25.112,-30.376,-0.000,0.000,-0.000,0.002,0.003,0.000,-0.000,0.000,-0.000,0,0,5,0
5,cylinder_stiff,900,109.208,0.529,2.775,42.417,-2.779,-19.924,43.373,-0.025,-25.112,-30.376,-0.000,0.000,-0.000,0.002,0.003,0.000,-0.000,0.000,-0.000,0,0,5,0
5,cylinder_stiff,920,110.264,6.679,3.975,43.143,-3.979,-23.974,42.647,-0.025,-25.112,-30.376,-0.000,0.000,-0.000,0.002,0.003,0.000,-0.000,0.000,-0.000,0,0,5,0
5,cylinder_stiff,940,111.496,9.379,13.575,54.517,-3.529,-12.424,46.035,-0.025,-25.112,-30.376,-0.000,0.000,-0.000,0.002,0.003,0.000,-0.000,0.000,-0.000,0,0,5,0
5,cylinder_stiff,960,112.552,3.079,12.225,39.513,0.371,-9.574,52.327,-0.025,-25.112,-30.376,-0.000,0.000,-0.000,0.002,0.003,0.000,-0.000,0.000,-0.000,0,0,5,0
5,cylinder_stiff,980,113.256,15.679,11.625,56.211,11.171,-9.124,34.661,-0.025,-25.112,-30.376,-0.000,0.000,-0.000,0.002,0.003,0.000,-0.000,0.000,-0.000,0,0,5,0
5,cylinder_stiff,1000,113.784,21.679,14.925,45.321,-1.429,-12.424,43.131,-0.025,-25.112,-30.376,-0.000,0.000,-0.000,0.002,0.003,0.000,-0.000,0.000,-0.000,0,0,5,0
5,cylinder_stiff,1020,114.048,19.429,2.325,49.677,-6.079,-3.124,33.451,-0.025,-25.112,-30.376,-0.000,0.000,-0.000,0.002,0.003,0.000,-0.000,0.000,-0.000,0,0,5,0
5,cylinder_stiff,1040,114.136,11.329,10.125,48.708,3.971,-14.674,39.501,-0.025,-25.112,-30.376,-0.000,0.000,-0.000,0.002,0.003,0.000,-0.000,0.000,-0.000,0,0,5,0
5,cylinder_stiff,1060,114.136,11.779,15.825,44.111,2.321,-10.774,41.195,-0.025,-25.112,-30.376,-0.000,0.000,-0.000,0.002,0.003,0.000,-0.000,0.000,-0.000,0,0,5,0
5,cylinder_stiff,1080,114.136,8.479,17.025,50.887,-2.779,-12.424,38.291,-0.025,-25.112,-30.376,-0.000,0.000,-0.000,0.002,0.003,0.000,-0.000,0.000,-0.000,0,0,5,0
5,cylinder_stiff,1100,114.136,15.529,7.125,48.708,-0.979,-19.474,32.725,-0.025,-25.112,-30.376,-0.000,0.000,-0.000,0.002,0.003,0.000,-0.000,0.000,-0.000,0,0,5,0
5,cylinder_stiff,1120,114.224,12.379,6.525,50.645,10.121,-3.724,43.857,-0.025,-25.112,-30.376,-0.000,0.000,-0.000,0.002,0.003,0.000,-0.000,0.000,-0.000,0,0,5,0
5,cylinder_stiff,1140,114.136,18.979,1.575,45.078,-7.879,-26.524,28.611,-0.025,-25.112,-30.376,-0.000,0.000,-0.000,0.002,0.003,0.000,-0.000,0.000,-0.000,0,0,5,0
5,cylinder_stiff,1160,114.224,8.629,15.225,51.613,7.571,-9.124,46.519,-0.025,-25.112,-30.376,-0.000,0.000,-0.000,0.002,0.003,0.000,-0.000,0.000,-0.000,0,0,5,0
5,cylinder_stiff,1180,114.224,17.479,6.825,37.335,5.621,-16.474,35.629,-0.025,-25.112,-30.376,-0.000,0.000,-0.000,0.002,0.003,0.000,-0.000,0.000,-0.000,0,0,5,0
5,cylinder_stiff,1200,114.224,13.579,-2.325,57.905,1.421,-22.024,41.195,-0.025,-25.112,-30.376,-0.000,0.000,-0.000,0.002,0.003,0.000,-0.000,0.000,-0.000,0,0,5,0
5,cylinder_stiff,1220,114.224,13.129,7.725,43.385,-4.579,-9.874,50.149,-0.025,-25.112,-30.376,-0.000,0.000,-0.000,0.002,0.003,0.000,-0.000,0.000,-0.000,0,0,5,0
5,cylinder_stiff,1240,114.224,7.579,14.775,40.481,-1.279,-16.624,43.131,-0.025,-25.112,-30.376,-0.000,0.000,-0.000,0.002,0.003,0.000,-0.000,0.000,-0.000,0,0,5,0
5,cylinder_stiff,1260,114.224,16.129,11.625,56.211,-5.929,-12.874,37.565,-0.025,-25.112,-30.376,-0.000,0.000,-0.000,0.002,0.003,0.000,-0.000,0.000,-0.000,0,0,5,0
5,cylinder_stiff,1280,114.224,3.379,4.125,44.837,-1.129,-8.824,41.195,-0.025,-25.112,-30.376,-0.000,0.000,-0.000,0.002,0.003,0.000,-0.000,0.000,-0.000,0,0,5,0
5,cylinder_stiff,1300,114.224,12.679,9.375,46.289,-2.479,-15.424,35.387,-0.025,-25.112,-30.376,-0.000,0.000,-0.000,0.002,0.003,0.000,-0.000,0.000,-0.000,0,0,5,0
5,cylinder_stiff,1320,114.224,6.079,8.325,57.421,3.371,-14.824,34.177,-0.025,-25.112,-30.376,-0.000,0.000,-0.000,0.002,0.003,0.000,-0.000,0.000,-0.000,0,0,5,0
5,cylinder_stiff,1340,114.224,9.829,26.025,53.791,-3.379,-16.624,24.739,-0.025,-25.112,-30.376,-0.000,0.000,-0.000,0.002,0.003,0.000,-0.000,0.000,-0.000,0,0,5,0
5,cylinder_stiff,1360,114.224,20.479,2.175,34.672,-2.029,-5.074,33.209,-0.025,-25.112,-30.376,-0.000,0.000,-0.000,0.002,0.003,0.000,-0.000,0.000,-0.000,0,0,5,0
5,cylinder_stiff,1380,114.224,6.529,18.825,60.809,4.271,-14.224,44.099,-0.025,-25.112,-30.376,-0.000,0.000,-0.000,0.002,0.003,0.000,-0.000,0.000,-0.000,0,0,5,0
5,cylinder_stiff,1400,114.224,13.129,11.775,42.901,3.371,-10.624,32.967,-0.025,-25.112,-30.376,-0.000,0.000,-0.000,0.002,0.003,0.000,-0.000,0.000,-0.000,0,0,5,0
5,cylinder_stiff,1420,114.224,23.029,12.075,57.179,-9.829,-17.974,17.721,-0.025,-25.112,-30.376,-0.000,0.000,-0.000,0.002,0.003,0.000,-0.000,0.000,-0.000,0,0,5,0
5,cylinder_stiff,1440,114.224,8.779,15.075,55.969,1.721,-10.924,36.355,-0.025,-25.112,-30.376,-0.000,0.000,-0.000,0.002,0.003,0.000,-0.000,0.000,-0.000,0,0,5,0
5,cylinder_stiff,1460,114.224,16.279,18.825,37.335,-7.429,-12.124,28.369,-0.025,-25.112,-30.376,-0.000,0.000,-0.000,0.002,0.003,0.000,-0.000,0.000,-0.000,0,0,5,0
5,cylinder_stiff,1480,114.224,6.079,14.175,55.243,-10.279,-10.924,20.625,-0.025,-25.112,-30.376,-0.000,0.000,-0.000,0.002,0.003,0.000,-0.000,0.000,-0.000,0,0,5,0
5,cylinder_stiff,1500,114.224,14.779,11.325,39.755,4.721,-16.774,33.209,-0.025,-25.112,-30.376,-0.000,0.000,-0.000,0.002,0.003,0.000,-0.000,0.000,-0.000,0,0,5,0
5,cylinder_stiff,1520,114.224,5.029,16.125,60.567,-0.079,-10.624,37.565,-0.025,-25.112,-30.376,-0.000,0.000,-0.000,0.002,0.003,0.000,-0.000,0.000,-0.000,0,0,5,0
5,cylinder_stiff,1540,114.224,6.229,15.675,43.627,-1.279,-11.974,44.825,-0.025,-25.112,-30.376,-0.000,0.000,-0.000,0.002,0.003,0.000,-0.000,0.000,-0.000,0,0,5,0
5,cylinder_stiff,1560,114.224,6.829,16.575,44.594,3.671,-16.774,23.287,-0.025,-25.112,-30.376,-0.000,0.000,-0.000,0.002,0.003,0.000,-0.000,0.000,-0.000,0,0,5,0
5,cylinder_stiff,1580,114.224,22.429,12.525,48.224,5.321,-19.324,33.451,-0.025,-25.112,-30.376,-0.000,0.000,-0.000,0.002,0.003,0.000,-0.000,0.000,-0.000,0,0,5,0
5,cylinder_stiff,1600,114.224,15.079,20.625,45.078,-0.679,-14.074,38.049,-0.025,-25.112,-30.376,-0.000,0.000,-0.000,0.002,0.003,0.000,-0.000,0.000,-0.000,0,0,5,0
5,cylinder_stiff,1620,114.224,26.929,17.175,39.755,0.371,-14.524,37.565,-0.025,-25.112,-30.376,-0.000,0.000,-0.000,0.002,0.003,0.000,-0.000,0.000,-0.000,0,0,5,0
5,cylinder_stiff,1640,114.224,13.879,16.125,67.827,-11.629,-13.024,40.711,-0.025,-25.112,-30.376,-0.000,0.000,-0.000,0.002,0.003,0.000,-0.000,0.000,-0.000,0,0,5,0
5,cylinder_stiff,1660,114.224,12.229,13.725,55.000,4.121,-16.924,24.497,-0.025,-25.112,-30.376,-0.000,0.000,-0.000,0.002,0.003,0.000,-0.000,0.000,-0.000,0,0,5,0
5,cylinder_stiff,1680,114.224,11.779,12.225,55.727,-2.029,-19.474,42.405,-0.025,-25.112,-30.376,-0.000,0.000,-0.000,0.002,0.003,0.000,-0.000,0.000,-0.000,0,0,5,0
5,cylinder_stiff,1700,114.224,10.729,8.325,49.193,0.071,-16.174,41.437,-0.025,-25.112,-30.376,-0.000,0.000,-0.000,0.002,0.003,0.000,-0.000,0.000,-0.000,0,0,5,0
5,cylinder_stiff,1720,114.224,16.879,10.875,47.257,-0.979,-13.174,30.789,-0.025,-25.112,-30.376,-0.000,0.000,-0.000,0.002,0.003,0.000,-0.000,0.000,-0.000,0,0,5,0
5,cylinder_stiff,1740,114.224,5.179,11.925,56.695,-2.029,-13.474,35.387,-0.025,-25.112,-30.376,-0.000,0.000,-0.000,0.002,0.003,0.000,-0.000,0.000,-0.000,0,0,5,0
5,cylinder_stiff,1760,114.224,8.179,5.625,51.370,6.221,-8.524,30.547,-0.025,-25.112,-30.376,-0.000,0.000,-0.000,0.002,0.003,0.000,-0.000,0.000,-0.000,0,0,5,0
5,cylinder_stiff,1780,114.224,21.229,12.225,48.708,2.321,-12.424,31.031,-0.025,-25.112,-30.376,-0.000,0.000,-0.000,0.002,0.003,0.000,-0.000,0.000,-0.000,0,0,5,0
5,cylinder_stiff,1800,114.224,12.829,3.075,52.097,-2.179,-15.874,39.017,-0.025,-25.112,-30.376,-0.000,0.000,-0.000,0.002,0.003,0.000,-0.000,0.000,-0.000,0,0,5,0
5,cylinder_stiff,1820,114.224,4.879,8.175,55.484,-5.179,-8.074,37.081,-0.025,-25.112,-30.376,-0.000,0.000,-0.000,0.002,0.003,0.000,-0.000,0.000,-0.000,0,0,5,0
5,cylinder_stiff,1840,114.224,11.179,8.025,43.869,10.121,-7.474,46.761,-0.025,-25.112,-30.376,-0.000,0.000,-0.000,0.002,0.003,0.000,-0.000,0.000,-0.000,0,0,5,0
5,cylinder_stiff,1860,114.136,9.979,10.125,52.097,2.171,-13.624,34.419,-0.025,-25.112,-30.376,-0.000,0.000,-0.000,0.002,0.003,0.000,-0.000,0.000,-0.000,0,0,5,0
5,cylinder_stiff,1880,114.224,14.179,12.525,64.439,-3.379,-1.774,37.565,-0.025,-25.112,-30.376,-0.000,0.000,-0.000,0.002,0.003,0.000,-0.000,0.000,-0.000,0,0,5,0
5,cylinder_stiff,1900,114.224,8.629,11.025,38.545,5.021,-13.924,38.533,-0.025,-25.112,-30.376,-0.000,0.000,-0.000,0.002,0.003,0.000,-0.000,0.000,-0.000,0,1,5,1900
6,cylinder_stiff,6,60.632,13.879,1.125,50.645,3.221,-17.224,32.967,-0.025,-25.112,-30.376,-0.000,0.000,-0.000,0.002,0.003,0.000,-0.000,0.000,-0.000,1,0,6,0
6,cylinder_stiff,25,60.720,12.979,0.975,-11.549,-4.429,2.126,-8.415,-0.025,-25.112,-30.376,-0.000,0.000,-0.000,0.002,0.003,0.000,-0.000,0.000,-0.000,0,0,6,0
6,cylinder_stiff,44,60.896,1.729,-6.975,-5.016,7.571,-4.024,2.233,-0.025,-25.112,-30.376,-0.000,0.000,-0.000,0.002,0.003,0.000,-0.000,0.000,-0.000,0,0,6,0
6,cylinder_stiff,62,61.424,-11.621,-4.725,18.701,-0.829,0.026,-3.575,-0.025,-25.112,-30.376,-0.000,0.000,-0.000,0.002,0.003,0.000,-0.000,0.000,-0.000,0,0,6,0
6,cylinder_stiff,80,62.128,4.429,-5.925,15.313,9.971,3.776,6.105,-0.025,-25.112,-30.376,-0.000,0.000,-0.000,0.002,0.003,0.000,-0.000,0.000,-0.000,0,0,6,0
6,cylinder_stiff,100,62.920,6.229,-3.825,1.519,0.821,2.276,-4.301,-0.025,-25.112,-30.376,-0.000,0.000,-0.000,0.002,0.003,0.000,-0.000,0.000,-0.000,0,0,6,0
6,cylinder_stiff,120,63.888,-7.871,0.375,-6.709,1.121,5.276,3.927,-0.025,-25.112,-30.376,-0.000,0.000,-0.000,0.002,0.003,0.000,-0.000,0.000,-0.000,0,0,6,0
6,cylinder_stiff,140,64.768,-3.671,11.025,-9.855,2.171,2.426,-5.995,-0.025,-25.112,-30.376,-0.000,0.000,-0.000,0.002,0.003,0.000,-0.000,0.000,-0.000,0,0,6,0
6,cylinder_stiff,160,65.824,-3.521,-13.575,5.633,5.171,-13.174,-3.333,-0.025,-25.112,-30.376,-0.000,0.000,-0.000,0.002,0.003,0.000,-0.000,0.000,-0.000,0,0,6,0
6,cylinder_stiff,180,66.968,-2.321,5.175,-8.887,2.171,1.376,2.959,-0.025,-25.112,-30.376,-0.000,0.000,-0.000,0.002,0.003,0.000,-0.000,0.000,-0.000,0,0,6,0
6,cylinder_stiff,200,68.112,-2.621,1.575,-2.111,2.321,1.676,-18.821,-0.025,-25.112,-30.376,-0.000,0.000,-0.000,0.002,0.003,0.000,-0.000,0.000,-0.000,0,0,6,0
6,cylinder_stiff,220,69.256,-0.971,-5.025,10.957,15.521,-4.474,-3.333,-0.025,-25.112,-30.376,-0.000,0.000,-0.000,0.002,0.003,0.000,-0.000,0.000,-0.000,0,0,6,0
6,cylinder_stiff,240,70.400,9.079,-6.375,-3.563,-2.479,-4.774,2.475,-0.025,-25.112,-30.376,-0.000,0.000,-0.000,0.002,0.003,0.000,-0.000,0.000,-0.000,0,0,6,0
6,cylinder_stiff,260,71.456,-3.071,-4.725,5.633,-8.779,-11.224,-8.415,-0.025,-25.112,-30.376,-0.000,0.000,-0.000,0.002,0.003,0.000,-0.000,0.000,-0.000,0,0,6,0
6,cylinder_stiff,280,72.600,-1.121,-7.425,4.906,3.971,-0.574,2.717,-0.025,-25.112,-30.376,-0.000,0.000,-0.000,0.002,0.003,0.000,-0.000,0.000,-0.000,0,0,6,0
6,cylinder_stiff,300,73.744,-3.371,-11.175,5.633,-4.129,-5.224,-2.365,-0.025,-25.112,-30.376,-0.000,0.000,-0.000,0.002,0.003,0.000,-0.000,0.000,-0.000,0,0,6,0
6,cylinder_stiff,320,74.888,-4.721,-17.625,5.633,7.571,-6.724,-8.173,-0.025,-25.112,-30.376,-0.000,0.000,-0.000,0.002,0.003,0.000,-0.000,0.000,-0.000,0,0,6,0
6,cylinder_stiff,340,76.032,2.629,-6.375,2.245,-7.579,-10.924,-0.671,-0.025,-25.112,-30.376,-0.000,0.000,-0.000,0.002,0.003,0.000,-0.000,0.000,-0.000,0,0,6,0
6,cylinder_stiff,360,77.264,1.879,-5.625,0.067,-0.679,-5.374,12.639,-0.025,-25.112,-30.376,-0.000,0.000,-0.000,0.002,0.003,0.000,-0.000,0.000,-0.000,0,0,6,0
6,cylinder_stiff,380,78.408,1.429,2.175,-0.659,-7.429,-9.274,15.785,-0.025,-25.112,-30.376,-0.000,0.000,-0.000,0.002,0.003,0.000,-0.000,0.000,-0.000,0,0,6,0
6,cylinder_stiff,400,79.552,-5.771,-3.975,4.665,-1.279,-14.824,-1.881,-0.025,-25.112,-30.376,-0.000,0.000,-0.000,0.002,0.003,0.000,-0.000,0.000,-0.000,0,0,6,0
6,cylinder_stiff,420,80.784,0.529,0.975,16.281,9.071,-12.424,6.589,-0.025,-25.112,-30.376,-0.000,0.000,-0.000,0.002,0.003,0.000,-0.000,0.000,-0.000,0,0,6,0
6,cylinder_stiff,440,81.928,2.329,-10.875,8.052,14.471,-13.024,7.073,-0.025,-25.112,-30.376,-0.000,0.000,-0.000,0.002,0.003,0.000,-0.000,0.000,-0.000,0,0,6,0
6,cylinder_stiff,460,83.160,-8.171,0.825,14.103,-10.429,-17.974,18.205,-0.025,-25.112,-30.376,-0.000,0.000,-0.000,0.002,0.003,0.000,-0.000,0.000,-0.000,0,0,6,0
6,cylinder_stiff,480,84.304,-0.071,2.025,-0.901,3.371,-6.724,17.721,-0.025,-25.112,-30.376,-0.000,0.000,-0.000,0.002,0.003,0.000,-0.000,0.000,-0.000,0,0,6,0
6,cylinder_stiff,500,85.536,-3.221,-1.125,13.861,-7.129,-22.024,12.881,-0.025,-25.112,-30.376,-0.000,0.000,-0.000,0.002,0.003,0.000,-0.000,0.000,-0.000,0,0,6,0
6,cylinder_stiff,520,86.680,-0.221,-9.225,-5.983,-6.679,-21.424,7.799,-0.025,-25.112,-30.376,-0.000,0.000,-0.000,0.002,0.003,0.000,-0.000,0.000,-0.000,0,0,6,0
6,cylinder_stiff,540,87.912,2.629,2.175,2.729,8.621,-19.774,7.073,-0.025,-25.112,-30.376,-0.000,0.000,-0.000,0.002,0.003,0.000,-0.000,0.000,-0.000,0,0,6,0
6,cylinder_stiff,560,89.056,0.229,1.575,7.569,-1.429,-13.174,9.735,-0.025,-25.112,-30.376,-0.000,0.000,-0.000,0.002,0.003,0.000,-0.000,0.000,-0.000,0,0,6,0
6,cylinder_stiff,580,90.288,-1.571,5.475,16.281,7.121,-16.474,10.703,-0.025,-25.112,-30.376,-0.000,0.000,-0.000,0.002,0.003,0.000,-0.000,0.000,-0.000,0,0,6,0
6,cylinder_stiff,600,91.432,8.629,2.775,37.577,-2.629,-18.574,19.657,-0.025,-25.112,-30.376,-0.000,0.000,-0.000,0.002,0.003,0.000,-0.000,0.000,-0.000,0,0,6,0
6,cylinder_stiff,620,92.664,-2.021,-10.425,9.263,1.421,-10.174,9.493,-0.025,-25.112,-30.376,-0.000,0.000,-0.000,0.002,0.003,0.000,-0.000,0.000,-0.000,0,0,6,0
6,cylinder_stiff,640,93.808,4.279,-1.725,31.769,3.671,-8.524,9.977,-0.025,-25.112,-30.376,-0.000,0.000,-0.000,0.002,0.003,0.000,-0.000,0.000,-0.000,0,0,6,0
6,cylinder_stiff,660,95.040,-3.971,-1.125,7.569,-10.429,-19.924,14.333,-0.025,-25.112,-30.376,-0.000,0.000,-0.000,0.002,0.003,0.000,-0.000,0.000,-0.000,0,0,6,0
6,cylinder_stiff,680,96.184,0.079,-3.825,12.409,5.171,-24.124,26.433,-0.025,-25.112,-30.376,-0.000,0.000,-0.000,0.002,0.003,0.000,-0.000,0.000,-0.000,0,0,6,0
6,cylinder_stiff,700,97.416,4.279,3.675,24.750,2.021,-19.924,13.365,-0.025,-25.112,-30.376,-0.000,0.000,-0.000,0.002,0.003,0.000,-0.000,0.000,-0.000,0,0,6,0
6,cylinder_stiff,720,98.560,7.129,1.875,27.655,-8.329,-12.274,36.355,-0.025,-25.112,-30.376,-0.000,0.000,-0.000,0.002,0.003,0.000,-0.000,0.000,-0.000,0,0,6,0
6,cylinder_stiff,740,99.792,6.529,-3.225,29.107,-5.629,-19.774,27.885,-0.025,-25.112,-30.376,-0.000,0.000,-0.000,0.002,0.003,0.000,-0.000,0.000,-0.000,0,0,6,0
6,cylinder_stiff,760,100.936,-9.521,-3.975,18.217,-7.429,-20.824,41.921,-0.025,-25.112,-30.376,-0.000,0.000,-0.000,0.002,0.003,0.000,-0.000,0.000,-0.000,0,0,6,0
6,cylinder_stiff,780,102.080,-3.521,6.675,29.349,-0.679,-13.474,19.657,-0.025,-25.112,-30.376,-0.000,0.000,-0.000,0.002,0.003,0.000,-0.000,0.000,-0.000,0,0,6,0
6,cylinder_stiff,800,103.312,5.479,-0.375,34.915,3.071,-17.074,21.351,-0.025,-25.112,-30.376,-0.000,0.000,-0.000,0.002,0.003,0.000,-0.000,0.000,-0.000,0,0,6,0
6,cylinder_stiff,820,104.456,2.329,8.175,46.289,-8.179,-10.774,26.917,-0.025,-25.112,-30.376,-0.000,0.000,-0.000,0.002,0.003,0.000,-0.000,0.000,-0.000,0,0,6,0
6,cylinder_stiff,840,105.688,0.829,11.775,30.801,-0.079,-10.474,30.063,-0.025,-25.112,-30.376,-0.000,0.000,-0.000,0.002,0.003,0.000,-0.000,0.000,-0.000,0,0,6,0
6,cylinder_stiff,860,106.832,0.229,0.225,36.367,-1.579,-22.474,26.675,-0.025,-25.112,-30.376,-0.000,0.000,-0.000,0.002,0.003,0.000,-0.000,0.000,-0.000,0,0,6,0
6,cylinder_stiff,880,107.976,1.279,12.525,30.559,2.471,-11.674,36.113,-0.025,-25.112,-30.376,-0.000,0.000,-0.000,0.002,0.003,0.000,-0.000,0.000,-0.000,0,0,6,0
6,cylinder_stiff,900,109.120,2.329,-1.275,48.467,-5.329,-13.474,38.049,-0.025,-25.112,-30.376,-0.000,0.000,-0.000,0.002,0.003,0.000,-0.000,0.000,-0.000,0,0,6,0
6,cylinder_stiff,920,110.264,-2.321,6.975,48.951,-8.629,-13.024,49.423,-0.025,-25.112,-30.376,-0.000,0.000,-0.000,0.002,0.003,0.000,-0.000,0.000,-0.000,0,0,6,0
6,cylinder_stiff,940,111.408,3.829,-0.225,31.285,-0.529,-10.174,36.839,-0.025,-25.112,-30.376,-0.000,0.000,-0.000,0.002,0.003,0.000,-0.000,0.000,-0.000,0,0,6,0
6,cylinder_stiff,960,112.552,16.429,10.575,48.467,10.421,-7.774,36.839,-0.025,-25.112,-30.376,-0.000,0.000,-0.000,0.002,0.003,0.000,-0.000,0.000,-0.000,0,0,6,0
6,cylinder_stiff,980,113.256,17.479,14.325,60.325,3.971,-8.074,52.327,-0.025,-25.112,-30.376,-0.000,0.000,-0.000,0.002,0.003,0.000,-0.000,0.000,-0.000,0,0,6,0
6,cylinder_stiff,1000,113.784,5.479,15.225,50.403,1.571,-11.374,49.665,-0.025,-25.112,-30.376,-0.000,0.000,-0.000,0.002,0.003,0.000,-0.000,0.000,-0.000,0,0,6,0
6,cylinder_stiff,1020,114.048,6.379,12.975,63.471,5.471,-15.574,35.145,-0.025,-25.112,-30.376,-0.000,0.000,-0.000,0.002,0.003,0.000,-0.000,0.000,-0.000,0,0,6,0
6,cylinder_stiff,1040,114.136,15.679,10.125,47.741,4.421,-13.024,34.661,-0.025,-25.112,-30.376,-0.000,0.000,-0.000,0.002,0.003,0.000,-0.000,0.000,-0.000,0,0,6,0
6,cylinder_stiff,1060,114.136,6.529,3.075,43.869,-1.879,-17.824,38.533,-0.025,-25.112,-30.376,-0.000,0.000,-0.000,0.002,0.003,0.000,-0.000,0.000,-0.000,0,0,6,0
6,cylinder_stiff,1080,114.136,14.629,6.675,59.599,-5.179,-13.324,29.579,-0.025,-25.112,-30.376,-0.000,0.000,-0.000,0.002,0.003,0.000,-0.000,0.000,-0.000,0,0,6,0
6,cylinder_stiff,1100,114.224,11.329,9.525,53.549,4.721,-13.174,34.903,-0.025,-25.112,-30.376,-0.000,0.000,-0.000,0.002,0.003,0.000,-0.000,0.000,-0.000,0,0,6,0
6,cylinder_stiff,1120,114.224,9.079,15.225,46.773,-6.679,-17.524,26.433,-0.025,-25.112,-30.376,-0.000,0.000,-0.000,0.002,0.003,0.000,-0.000,0.000,-0.000,0,0,6,0
6,cylinder_stiff,1140,114.224,15.829,-5.475,57.421,3.671,-17.974,31.999,-0.025,-25.112,-30.376,-0.000,0.000,-0.000,0.002,0.003,0.000,-0.000,0.000,-0.000,0,0,6,0
6,cylinder_stiff,1160,114.224,12.529,14.925,54.517,-2.029,-8.074,37.807,-0.025,-25.112,-30.376,-0.000,0.000,-0.000,0.002,0.003,0.000,-0.000,0.000,-0.000,0,0,6,0
6,cylinder_stiff,1180,114.224,6.229,5.475,49.435,2.771,-11.824,38.049,-0.025,-25.112,-30.376,-0.000,0.000,-0.000,0.002,0.003,0.000,-0.000,0.000,-0.000,0,0,6,0
6,cylinder_stiff,1200,114.224,11.479,7.275,52.339,11.771,-13.324,28.127,-0.025,-25.112,-30.376,-0.000,0.000,-0.000,0.002,0.003,0.000,-0.000,0.000,-0.000,0,0,6,0
6,cylinder_stiff,1220,114.224,13.729,9.675,48.951,-9.079,-15.424,35.871,-0.025,-25.112,-30.376,-0.000,0.000,-0.000,0.002,0.003,0.000,-0.000,0.000,-0.000,0,0,6,0
6,cylinder_stiff,1240,114.224,8.179,15.825,56.453,-1.879,-15.424,40.953,-0.025,-25.112,-30.376,-0.000,0.000,-0.000,0.002,0.003,0.000,-0.000,0.000,-0.000,0,0,6,0
6,cylinder_stiff,1260,114.136,8.929,12.975,48.708,5.771,-8.224,44.825,-0.025,-25.112,-30.376,-0.000,0.000,-0.000,0.002,0.003,0.000,-0.000,0.000,-0.000,0,0,6,0
6,cylinder_stiff,1280,114.224,2.329,2.475,43.627,-9.229,-16.774,37.565,-0.025,-25.112,-30.376,-0.000,0.000,-0.000,0.002,0.003,0.000,-0.000,0.000,-0.000,0,0,6,0
6,cylinder_stiff,1300,114.224,14.179,10.575,42.175,-0.379,-13.474,45.793,-0.025,-25.112,-30.376,-0.000,0.000,-0.000,0.002,0.003,0.000,-0.000,0.000,-0.000,0,0,6,0
6,cylinder_stiff,1320,114.224,12.379,9.375,49.435,1.721,-7.624,37.081,-0.025,-25.112,-30.376,-0.000,0.000,-0.000,0.002,0.003,0.000,-0.000,0.000,-0.000,0,0,6,0
6,cylinder_stiff,1340,114.224,26.929,5.475,58.873,-4.429,-6.724,35.387,-0.025,-25.112,-30.376,-0.000,0.000,-0.000,0.002,0.003,0.000,-0.000,0.000,-0.000,0,0,6,0
6,cylinder_stiff,1360,114.224,11.929,1.125,57.421,-5.329,-22.024,40.711,-0.025,-25.112,-30.376,-0.000,0.000,-0.000,0.002,0.003,0.000,-0.000,0.000,-0.000,0,0,6,0
6,cylinder_stiff,1380,114.136,12.229,4.275,47.257,3.221,-13.324,35.629,-0.025,-25.112,-30.376,-0.000,0.000,-0.000,0.002,0.003,0.000,-0.000,0.000,-0.000,0,0,6,0
6,cylinder_stiff,1400,114.224,11.329,11.925,52.097,4.421,-10.024,37.323,-0.025,-25.112,-30.376,-0.000,0.000,-0.000,0.002,0.003,0.000,-0.000,0.000,-0.000,0,0,6,0
6,cylinder_stiff,1420,114.224,16.879,9.975,47.257,-6.229,-19.024,50.149,-0.025,-25.112,-30.376,-0.000,0.000,-0.000,0.002,0.003,0.000,-0.000,0.000,-0.000,0,0,6,0
6,cylinder_stiff,1440,114.224,6.679,9.225,56.211,0.671,-10.324,42.405,-0.025,-25.112,-30.376,-0.000,0.000,-0.000,0.002,0.003,0.000,-0.000,0.000,-0.000,0,0,6,0
6,cylinder_stiff,1460,114.224,5.779,4.875,52.339,-5.779,-8.674,45.309,-0.025,-25.112,-30.376,-0.000,0.000,-0.000,0.002,0.003,0.000,-0.000,0.000,-0.000,0,0,6,0
6,cylinder_stiff,1480,114.224,5.629,17.175,55.243,4.571,-15.574,28.127,-0.025,-25.112,-30.376,-0.000,0.000,-0.000,0.002,0.003,0.000,-0.000,0.000,-0.000,0,0,6,0
6,cylinder_stiff,1500,114.224,11.179,5.625,50.887,2.471,-8.374,39.985,-0.025,-25.112,-30.376,-0.000,0.000,-0.000,0.002,0.003,0.000,-0.000,0.000,-0.000,0,0,6,0
6,cylinder_stiff,1520,114.224,16.879,7.125,47.741,8.771,-11.374,36.839,-0.025,-25.112,-30.376,-0.000,0.000,-0.000,0.002,0.003,0.000,-0.000,0.000,-0.000,0,0,6,0
6,cylinder_stiff,1540,114.224,2.629,2.925,65.406,-0.829,-16.924,43.131,-0.025,-25.112,-30.376,-0.000,0.000,-0.000,0.002,0.003,0.000,-0.000,0.000,-0.000,0,0,6,0
6,cylinder_stiff,1560,114.224,13.279,21.225,61.051,5.771,-20.074,25.949,-0.025,-25.112,-30.376,-0.000,0.000,-0.000,0.002,0.003,0.000,-0.000,0.000,-0.000,0,0,6,0
6,cylinder_stiff,1580,114.224,17.929,4.725,33.705,-4.579,-16.774,45.067,-0.025,-25.112,-30.376,-0.000,0.000,-0.000,0.002,0.003,0.000,-0.000,0.000,-0.000,0,0,6,0
6,cylinder_stiff,1600,114.224,21.379,6.525,55.484,-0.379,-14.824,61.765,-0.025,-25.112,-30.376,-0.000,0.000,-0.000,0.002,0.003,0.000,-0.000,0.000,-0.000,0,0,6,0
6,cylinder_stiff,1620,114.136,2.029,10.425,50.161,-6.229,-17.074,33.209,-0.025,-25.112,-30.376,-0.000,0.000,-0.000,0.002,0.003,0.000,-0.000,0.000,-0.000,0,0,6,0
6,cylinder_stiff,1640,114.224,5.629,12.675,60.325,1.571,-13.024,28.127,-0.025,-25.112,-30.376,-0.000,0.000,-0.000,0.002,0.003,0.000,-0.000,0.000,-0.000,0,0,6,0
6,cylinder_stiff,1660,114.224,16.279,11.325,52.339,4.121,-17.674,40.711,-0.025,-25.112,-30.376,-0.000,0.000,-0.000,0.002,0.003,0.000,-0.000,0.000,-0.000,0,0,6,0
6,cylinder_stiff,1680,114.224,12.079,-1.725,45.321,5.321,-11.824,35.145,-0.025,-25.112,-30.376,-0.000,0.000,-0.000,0.002,0.003,0.000,-0.000,0.000,-0.000,0,0,6,0
6,cylinder_stiff,1700,114.224,9.079,11.925,38.786,2.621,-13.774,39.501,-0.025,-25.112,-30.376,-0.000,0.000,-0.000,0.002,0.003,0.000,-0.000,0.000,-0.000,0,0,6,0
6,cylinder_stiff,1720,114.224,19.879,6.225,52.339,-1.129,-14.674,40.469,-0.025,-25.112,-30.376,-0.000,0.000,-0.000,0.002,0.003,0.000,-0.000,0.000,-0.000,0,0,6,0
6,cylinder_stiff,1740,114.224,21.079,7.275,52.823,7.121,-7.474,38.533,-0.025,-25.112,-30.376,-0.000,0.000,-0.000,0.002,0.003,0.000,-0.000,0.000,-0.000,0,0,6,0
6,cylinder_stiff,1760,114.224,15.679,6.975,62.503,3.221,-12.574,34.419,-0.025,-25.112,-30.376,-0.000,0.000,-0.000,0.002,0.003,0.000,-0.000,0.000,-0.000,0,0,6,0
6,cylinder_stiff,1780,114.224,12.979,17.025,36.367,2.021,-11.974,28.369,-0.025,-25.112,-30.376,-0.000,0.000,-0.000,0.002,0.003,0.000,-0.000,0.000,-0.000,0,0,6,0
6,cylinder_stiff,1800,114.224,8.029,2.475,57.905,0.221,-9.724,37.323,-0.025,-25.112,-30.376,-0.000,0.000,-0.000,0.002,0.003,0.000,-0.000,0.000,-0.000,0,0,6,0
6,cylinder_stiff,1820,114.224,18.079,11.175,54.033,-7.279,-14.824,41.195,-0.025,-25.112,-30.376,-0.000,0.000,-0.000,0.002,0.003,0.000,-0.000,0.000,-0.000,0,0,6,0
6,cylinder_stiff,1840,114.224,9.829,6.525,48.708,5.471,-16.174,35.145,-0.025,-25.112,-30.376,-0.000,0.000,-0.000,0.002,0.003,0.000,-0.000,0.000,-0.000,0,0,6,0
6,cylinder_stiff,1860,114.224,16.879,3.675,46.773,1.421,-0.124,32.483,-0.025,-25.112,-30.376,-0.000,0.000,-0.000,0.002,0.003,0.000,-0.000,0.000,-0.000,0,0,6,0
6,cylinder_stiff,1880,114.224,11.779,7.725,60.809,-1.429,-24.424,30.547,-0.025,-25.112,-30.376,-0.000,0.000,-0.000,0.002,0.003,0.000,-0.000,0.000,-0.000,0,0,6,0
6,cylinder_stiff,1900,114.224,13.879,14.475,50.645,-4.429,-4.774,44.099,-0.025,-25.112,-30.376,-0.000,0.000,-0.000,0.002,0.003,0.000,-0.000,0.000,-0.000,0,1,6,1900
7,cylinder_stiff,5,60.632,8.629,11.175,55.969,5.621,-8.074,39.743,-0.025,-25.112,-30.376,-0.000,0.000,-0.000,0.002,0.003,0.000,-0.000,0.000,-0.000,1,0,5,0
7,cylinder_stiff,24,60.632,-4.421,-2.175,3.455,-6.379,2.576,-9.625,-0.025,-25.112,-30.376,-0.000,0.000,-0.000,0.002,0.003,0.000,-0.000,0.000,-0.000,0,0,5,0
7,cylinder_stiff,44,60.896,5.929,4.575,-12.276,2.021,-0.874,-12.045,-0.025,-25.112,-30.376,-0.000,0.000,-0.000,0.002,0.003,0.000,-0.000,0.000,-0.000,0,0,5,0
7,cylinder_stiff,62,61.512,-8.771,-4.575,-6.467,5.621,-4.474,3.201,-0.025,-25.112,-30.376,-0.000,0.000,-0.000,0.002,0.003,0.000,-0.000,0.000,-0.000,0,0,5,0
7,cylinder_stiff,81,62.128,-1.421,1.125,-6.951,4.421,-6.274,1.507,-0.025,-25.112,-30.376,-0.000,0.000,-0.000,0.002,0.003,0.000,-0.000,0.000,-0.000,0,0,5,0
7,cylinder_stiff,100,63.008,-0.971,-3.675,-3.079,-0.679,12.626,-10.351,-0.025,-25.112,-30.376,-0.000,0.000,-0.000,0.002,0.003,0.000,-0.000,0.000,-0.000,0,0,5,0
7,cylinder_stiff,120,63.888,-2.171,-9.075,-1.143,-9.679,-3.724,-1.639,-0.025,-25.112,-30.376,-0.000,0.000,-0.000,0.002,0.003,0.000,-0.000,0.000,-0.000,0,0,5,0
7,cylinder_stiff,140,64.768,-1.271,6.675,-2.595,-3.229,-5.674,-16.885,-0.025,-25.112,-30.376,-0.000,0.000,-0.000,0.002,0.003,0.000,-0.000,0.000,-0.000,0,0,5,0
7,cylinder_stiff,160,65.824,2.629,2.775,-6.225,3.221,-0.274,5.137,-0.025,-25.112,-30.376,-0.000,0.000,-0.000,0.002,0.003,0.000,-0.000,0.000,-0.000,0,0,5,0
7,cylinder_stiff,180,66.968,-1.871,-8.775,-5.500,-4.879,-0.724,-1.397,-0.025,-25.112,-30.376,-0.000,0.000,-0.000,0.002,0.003,0.000,-0.000,0.000,-0.000,0,0,5,0
7,cylinder_stiff,200,68.112,-0.221,-12.225,0.067,7.421,-1.774,-12.771,-0.025,-25.112,-30.376,-0.000,0.000,-0.000,0.002,0.003,0.000,-0.000,0.000,-0.000,0,0,5,0
7,cylinder_stiff,220,69.256,-10.121,3.675,5.149,-10.579,1.076,9.493,-0.025,-25.112,-30.376,-0.000,0.000,-0.000,0.002,0.003,0.000,-0.000,0.000,-0.000,0,0,5,0
7,cylinder_stiff,240,70.400,0.379,4.575,-0.901,0.371,-11.824,-5.511,-0.025,-25.112,-30.376,-0.000,0.000,-0.000,0.002,0.003,0.000,-0.000,0.000,-0.000,0,0,5,0
7,cylinder_stiff,260,71.456,-0.371,-13.275,8.779,3.221,-4.774,1.023,-0.025,-25.112,-30.376,-0.000,0.000,-0.000,0.002,0.003,0.000,-0.000,0.000,-0.000,0,0,5,0
7,cylinder_stiff,280,72.512,-7.571,-1.125,3.697,2.471,-5.374,-5.027,-0.025,-25.112,-30.376,-0.000,0.000,-0.000,0.002,0.003,0.000,-0.000,0.000,-0.000,0,0,5,0
7,cylinder_stiff,300,73.656,5.329,-11.475,9.021,-4.579,-4.024,-2.123,-0.025,-25.112,-30.376,-0.000,0.000,-0.000,0.002,0.003,0.000,-0.000,0.000,-0.000,0,0,5,0
7,cylinder_stiff,320,74.888,1.579,-11.175,4.422,2.621,-3.424,8.041,-0.025,-25.112,-30.376,-0.000,0.000,-0.000,0.002,0.003,0.000,-0.000,0.000,-0.000,0,0,5,0
7,cylinder_stiff,340,76.032,-4.571,-5.775,-7.919,-2.179,-5.824,1.507,-0.025,-25.112,-30.376,-0.000,0.000,-0.000,0.002,0.003,0.000,-0.000,0.000,-0.000,0,0,5,0
7,cylinder_stiff,360,77.176,15.379,-7.125,7.085,3.221,-5.824,12.639,-0.025,-25.112,-30.376,-0.000,0.000,-0.000,0.002,0.003,0.000,-0.000,0.000,-0.000,0,0,5,0
7,cylinder_stiff,380,78.320,-10.571,-14.325,-5.741,-2.779,-4.774,-6.721,-0.025,-25.112,-30.376,-0.000,0.000,-0.000,0.002,0.003,0.000,-0.000,0.000,-0.000,0,0,5,0
7,cylinder_stiff,400,79.464,-8.321,-3.975,-8.161,-1.429,-5.824,11.671,-0.025,-25.112,-30.376,-0.000,0.000,-0.000,0.002,0.003,0.000,-0.000,0.000,-0.000,0,0,5,0
7,cylinder_stiff,420,80.520,-1.721,-5.025,7.085,-3.379,-12.424,0.297,-0.025,-25.112,-30.376,-0.000,0.000,-0.000,0.002,0.003,0.000,-0.000,0.000,-0.000,0,0,5,0
7,cylinder_stiff,440,81.576,-1.271,-0.675,-8.887,-1.879,3.776,9.251,-0.025,-25.112,-30.376,-0.000,0.000,-0.000,0.002,0.003,0.000,-0.000,0.000,-0.000,0,0,5,0
7,cylinder_stiff,460,82.544,-0.821,-5.925,14.344,1.871,1.526,2.717,-0.025,-25.112,-30.376,-0.000,0.000,-0.000,0.002,0.003,0.000,-0.000,0.000,-0.000,0,0,5,0
7,cylinder_stiff,480,83.512,-1.871,-14.475,12.167,-7.429,0.776,6.831,-0.025,-25.112,-30.376,-0.000,0.000,-0.000,0.002,0.003,0.000,-0.000,0.000,-0.000,0,0,5,0
7,cylinder_stiff,500,84.568,-2.771,5.325,12.409,0.671,-6.574,17.721,-0.025,-25.112,-30.376,-0.000,0.000,-0.000,0.002,0.003,0.000,-0.000,0.000,-0.000,0,0,5,0
7,cylinder_stiff,520,85.448,14.029,-3.075,5.875,-4.579,-4.624,7.799,-0.025,-25.112,-30.376,-0.000,0.000,-0.000,0.002,0.003,0.000,-0.000,0.000,-0.000,0,0,5,0
7,cylinder_stiff,540,86.416,9.829,-7.575,-4.047,-0.829,2.426,8.283,-0.025,-25.112,-30.376,-0.000,0.000,-0.000,0.002,0.003,0.000,-0.000,0.000,-0.000,0,0,5,0
7,cylinder_stiff,560,87.384,8.629,-2.025,-15.663,-1.579,-5.074,14.575,-0.025,-25.112,-30.376,-0.000,0.000,-0.000,0.002,0.003,0.000,-0.000,0.000,-0.000,0,0,5,0
7,cylinder_stiff,580,88.352,-1.271,2.175,-2.595,-2.629,-2.374,19.415,-0.025,-25.112,-30.376,-0.000,0.000,-0.000,0.002,0.003,0.000,-0.000,0.000,-0.000,0,0,5,0
7,cylinder_stiff,600,89.232,5.929,-12.675,4.906,2.021,-1.324,13.123,-0.025,-25.112,-30.376,-0.000,0.000,-0.000,0.002,0.003,0.000,-0.000,0.000,-0.000,0,0,5,0
7,cylinder_stiff,620,90.112,1.129,-3.825,8.295,-0.979,4.976,6.105,-0.025,-25.112,-30.376,-0.000,0.000,-0.000,0.002,0.003,0.000,-0.000,0.000,-0.000,0,0,5,0
7,cylinder_stiff,640,90.992,0.079,-15.075,12.409,1.271,9.626,22.319,-0.025,-25.112,-30.376,-0.000,0.000,-0.000,0.002,0.003,0.000,-0.000,0.000,-0.000,0,0,5,0
7,cylinder_stiff,660,91.872,-8.921,-14.775,13.861,3.221,5.126,22.561,-0.025,-25.112,-30.376,-0.000,0.000,-0.000,0.002,0.003,0.000,-0.000,0.000,-0.000,0,0,5,0
7,cylinder_stiff,680,92.664,-12.671,-12.675,11.441,6.671,5.426,19.899,-0.025,-25.112,-30.376,-0.000,0.000,-0.000,0.002,0.003,0.000,-0.000,0.000,-0.000,0,0,5,0
7,cylinder_stiff,700,93.632,4.729,-12.525,3.213,6.371,3.176,22.561,-0.025,-25.112,-30.376,-0.000,0.000,-0.000,0.002,0.003,0.000,-0.000,0.000,-0.000,0,0,5,0
7,cylinder_stiff,720,94.512,-0.371,-17.625,6.359,-3.979,10.376,16.995,-0.025,-25.112,-30.376,-0.000,0.000,-0.000,0.002,0.003,0.000,-0.000,0.000,-0.000,0,0,5,0
7,cylinder_stiff,740,95.480,-2.171,-7.425,6.843,1.721,5.726,17.237,-0.025,-25.112,-30.376,-0.000,0.000,-0.000,0.002,0.003,0.000,-0.000,0.000,-0.000,0,0,5,0
7,cylinder_stiff,760,96.272,-4.571,-5.625,5.633,0.521,4.226,39.985,-0.025,-25.112,-30.376,-0.000,0.000,-0.000,0.002,0.003,0.000,-0.000,0.000,-0.000,0,0,5,0
7,cylinder_stiff,780,96.976,-7.571,-11.025,16.281,1.571,-6.424,37.323,-0.025,-25.112,-30.376,-0.000,0.000,-0.000,0.002,0.003,0.000,-0.000,0.000,-0.000,0,0,5,0
7,cylinder_stiff,800,97.592,-0.071,-11.025,7.811,6.071,6.026,27.885,-0.025,-25.112,-30.376,-0.000,0.000,-0.000,0.002,0.003,0.000,-0.000,0.000,-0.000,0,0,5,0
7,cylinder_stiff,820,98.296,-8.171,-15.675,19.911,3.521,9.476,40.469,-0.025,-25.112,-30.376,-0.000,0.000,-0.000,0.002,0.003,0.000,-0.000,0.000,-0.000,0,0,5,0
7,cylinder_stiff,840,98.912,-2.471,-4.275,1.519,6.821,9.476,14.333,-0.025,-25.112,-30.376,-0.000,0.000,-0.000,0.002,0.003,0.000,-0.000,0.000,-0.000,0,0,5,0
7,cylinder_stiff,860,99.528,4.429,-15.075,2.487,-3.679,7.076,16.027,-0.025,-25.112,-30.376,-0.000,0.000,-0.000,0.002,0.003,0.000,-0.000,0.000,-0.000,0,0,5,0
7,cylinder_stiff,880,100.144,-11.921,-9.375,4.906,1.571,11.426,23.771,-0.025,-25.112,-30.376,-0.000,0.000,-0.000,0.002,0.003,0.000,-0.000,0.000,-0.000,0,0,5,0
7,cylinder_stiff,900,101.024,-1.871,-4.275,7.327,3.671,14.276,33.935,-0.025,-25.112,-30.376,-0.000,0.000,-0.000,0.002,0.003,0.000,-0.000,0.000,-0.000,0,0,5,0
7,cylinder_stiff,920,101.728,-5.471,2.025,8.779,8.471,-4.474,33.451,-0.025,-25.112,-30.376,-0.000,0.000,-0.000,0.002,0.003,0.000,-0.000,0.000,-0.000,0,0,5,0
7,cylinder_stiff,940,102.256,1.579,-9.225,19.669,10.271,-2.524,18.689,-0.025,-25.112,-30.376,-0.000,0.000,-0.000,0.002,0.003,0.000,-0.000,0.000,-0.000,0,0,5,0
7,cylinder_stiff,960,102.872,-3.521,-16.275,14.344,0.671,-4.024,11.187,-0.025,-25.112,-30.376,-0.000,0.000,-0.000,0.002,0.003,0.000,-0.000,0.000,-0.000,0,0,5,0
7,cylinder_stiff,980,103.312,5.329,-12.075,20.395,-3.829,-0.574,30.789,-0.025,-25.112,-30.376,-0.000,0.000,-0.000,0.002,0.003,0.000,-0.000,0.000,-0.000,0,0,5,0
7,cylinder_stiff,1000,103.400,3.829,-14.325,17.007,6.971,-0.724,24.013,-0.025,-25.112,-30.376,-0.000,0.000,-0.000,0.002,0.003,0.000,-0.000,0.000,-0.000,0,0,5,0
7,cylinder_stiff,1020,103.400,-0.671,-5.775,7.569,5.021,-1.624,38.049,-0.025,-25.112,-30.376,-0.000,0.000,-0.000,0.002,0.003,0.000,-0.000,0.000,-0.000,0,0,5,0
7,cylinder_stiff,1040,103.400,5.329,-14.325,18.943,11.471,-3.724,22.561,-0.025,-25.112,-30.376,-0.000,0.000,-0.000,0.002,0.003,0.000,-0.000,0.000,-0.000,0,0,5,0
7,cylinder_stiff,1060,103.400,3.829,-11.925,3.939,-3.229,-8.224,26.433,-0.025,-25.112,-30.376,-0.000,0.000,-0.000,0.002,0.003,0.000,-0.000,0.000,-0.000,0,0,5,0
7,cylinder_stiff,1080,103.400,11.329,-8.775,16.281,-1.879,-2.524,10.703,-0.025,-25.112,-30.376,-0.000,0.000,-0.000,0.002,0.003,0.000,-0.000,0.000,-0.000,0,0,5,0
7,cylinder_stiff,1100,103.400,-0.521,-9.975,10.957,-0.379,-4.624,24.981,-0.025,-25.112,-30.376,-0.000,0.000,-0.000,0.002,0.003,0.000,-0.000,0.000,-0.000,0,0,5,0
7,cylinder_stiff,1120,103.488,5.629,-12.975,16.523,7.421,-7.474,31.273,-0.025,-25.112,-30.376,-0.000,0.000,-0.000,0.002,0.003,0.000,-0.000,0.000,-0.000,0,0,5,0
7,cylinder_stiff,1140,103.400,8.779,-10.125,6.601,6.371,2.726,27.159,-0.025,-25.112,-30.376,-0.000,0.000,-0.000,0.002,0.003,0.000,-0.000,0.000,-0.000,0,0,5,0
7,cylinder_stiff,1160,103.400,12.979,-11.925,22.089,1.571,-10.474,14.575,-0.025,-25.112,-30.376,-0.000,0.000,-0.000,0.002,0.003,0.000,-0.000,0.000,-0.000,0,0,5,0
7,cylinder_stiff,1180,103.400,0.379,-11.625,25.961,0.671,0.026,24.497,-0.025,-25.112,-30.376,-0.000,0.000,-0.000,0.002,0.003,0.000,-0.000,0.000,-0.000,0,0,5,0
7,cylinder_stiff,1200,103.400,7.879,-7.875,16.281,-0.229,3.926,40.469,-0.025,-25.112,-30.376,-0.000,0.000,-0.000,0.002,0.003,0.000,-0.000,0.000,-0.000,0,0,5,0
7,cylinder_stiff,1220,103.488,11.629,-8.475,17.733,1.721,-2.224,21.835,-0.025,-25.112,-30.376,-0.000,0.000,-0.000,0.002,0.003,0.000,-0.000,0.000,-0.000,0,0,5,0
7,cylinder_stiff,1240,103.400,7.429,-14.625,24.750,-4.729,3.326,27.159,-0.025,-25.112,-30.376,-0.000,0.000,-0.000,0.002,0.003,0.000,-0.000,0.000,-0.000,0,0,5,0
7,cylinder_stiff,1260,103.400,17.329,-22.875,27.413,3.221,-3.124,26.433,-0.025,-25.112,-30.376,-0.000,0.000,-0.000,0.002,0.003,0.000,-0.000,0.000,-0.000,0,0,5,0
7,cylinder_stiff,1280,103.400,-2.621,-15.675,18.458,8.621,-6.874,17.963,-0.025,-25.112,-30.376,-0.000,0.000,-0.000,0.002,0.003,0.000,-0.000,0.000,-0.000,0,0,5,0
7,cylinder_stiff,1300,103.400,-2.321,-0.825,27.413,1.271,-5.374,18.205,-0.025,-25.112,-30.376,-0.000,0.000,-0.000,0.002,0.003,0.000,-0.000,0.000,-0.000,0,0,5,0
7,cylinder_stiff,1320,103.488,8.179,-11.925,24.025,6.071,2.276,19.415,-0.025,-25.112,-30.376,-0.000,0.000,-0.000,0.002,0.003,0.000,-0.000,0.000,-0.000,0,0,5,0
7,cylinder_stiff,1340,103.400,13.279,-20.325,14.828,2.021,8.276,14.575,-0.025,-25.112,-30.376,-0.000,0.000,-0.000,0.002,0.003,0.000,-0.000,0.000,-0.000,0,0,5,0
7,cylinder_stiff,1360,103.400,-1.721,-6.675,25.234,6.521,-8.524,16.995,-0.025,-25.112,-30.376,-0.000,0.000,-0.000,0.002,0.003,0.000,-0.000,0.000,-0.000,0,0,5,0
7,cylinder_stiff,1380,103.400,10.429,-15.675,28.380,8.171,-6.874,1.265,-0.025,-25.112,-30.376,-0.000,0.000,-0.000,0.002,0.003,0.000,-0.000,0.000,-0.000,0,0,5,0
7,cylinder_stiff,1400,103.400,18.229,-4.875,5.391,-0.529,-3.574,21.835,-0.025,-25.112,-30.376,-0.000,0.000,-0.000,0.002,0.003,0.000,-0.000,0.000,-0.000,0,0,5,0
7,cylinder_stiff,1420,103.400,8.779,-11.475,24.750,6.671,2.576,7.315,-0.025,-25.112,-30.376,-0.000,0.000,-0.000,0.002,0.003,0.000,-0.000,0.000,-0.000,0,0,5,0
7,cylinder_stiff,1440,103.488,9.979,-11.175,4.906,-5.929,-13.474,22.319,-0.025,-25.112,-30.376,-0.000,0.000,-0.000,0.002,0.003,0.000,-0.000,0.000,-0.000,0,0,5,0
7,cylinder_stiff,1460,103.488,6.829,-13.575,12.409,6.821,-1.474,16.269,-0.025,-25.112,-30.376,-0.000,0.000,-0.000,0.002,0.003,0.000,-0.000,0.000,-0.000,0,0,5,0
7,cylinder_stiff,1480,103.488,-1.421,-14.625,28.139,3.371,-4.774,3.685,-0.025,-25.112,-30.376,-0.000,0.000,-0.000,0.002,0.003,0.000,-0.000,0.000,-0.000,0,0,5,0
7,cylinder_stiff,1500,103.488,8.929,-8.025,31.285,5.021,1.376,10.703,-0.025,-25.112,-30.376,-0.000,0.000,-0.000,0.002,0.003,0.000,-0.000,0.000,-0.000,0,0,5,0
7,cylinder_stiff,1520,103.488,14.479,-18.075,23.299,11.621,2.576,39.985,-0.025,-25.112,-30.376,-0.000,0.000,-0.000,0.002,0.003,0.000,-0.000,0.000,-0.000,0,0,5,0
7,cylinder_stiff,1540,103.400,12.529,-12.675,18.701,0.671,-11.374,23.771,-0.025,-25.112,-30.376,-0.000,0.000,-0.000,0.002,0.003,0.000,-0.000,0.000,-0.000,0,0,5,0
7,cylinder_stiff,1560,103.488,6.679,-11.025,27.655,6.671,0.626,29.579,-0.025,-25.112,-30.376,-0.000,0.000,-0.000,0.002,0.003,0.000,-0.000,0.000,-0.000,0,0,5,0
7,cylinder_stiff,1580,103.488,6.379,-10.425,25.477,0.821,-3.424,16.027,-0.025,-25.112,-30.376,-0.000,0.000,-0.000,0.002,0.003,0.000,-0.000,0.000,-0.000,0,0,5,0
7,cylinder_stiff,1600,103.488,16.429,-10.575,13.135,4.871,3.326,25.707,-0.025,-25.112,-30.376,-0.000,0.000,-0.000,0.002,0.003,0.000,-0.000,0.000,-0.000,0,0,5,0
7,cylinder_stiff,1620,103.400,13.129,-15.675,29.833,5.471,-7.174,16.027,-0.025,-25.112,-30.376,-0.000,0.000,-0.000,0.002,0.003,0.000,-0.000,0.000,-0.000,0,0,5,0
7,cylinder_stiff,1640,103.488,3.379,-14.325,38.061,-1.429,3.626,17.721,-0.025,-25.112,-30.376,-0.000,0.000,-0.000,0.002,0.003,0.000,-0.000,0.000,-0.000,0,0,5,0
7,cylinder_stiff,1660,103.400,2.629,-16.875,18.458,3.371,-7.474,16.027,-0.025,-25.112,-30.376,-0.000,0.000,-0.000,0.002,0.003,0.000,-0.000,0.000,-0.000,0,0,5,0
7,cylinder_stiff,1680,103.488,6.829,-8.475,7.569,2.321,-11.074,24.497,-0.025,-25.112,-30.376,-0.000,0.000,-0.000,0.002,0.003,0.000,-0.000,0.000,-0.000,0,0,5,0
7,cylinder_stiff,1700,103.400,16.429,-18.975,13.619,1.121,-6.424,12.881,-0.025,-25.112,-30.376,-0.000,0.000,-0.000,0.002,0.003,0.000,-0.000,0.000,-0.000,0,0,5,0
7,cylinder_stiff,1720,103.488,8.929,-2.325,10.473,8.621,-6.574,8.525,-0.025,-25.112,-30.376,-0.000,0.000,-0.000,0.002,0.003,0.000,-0.000,0.000,-0.000,0,0,5,0
7,cylinder_stiff,1740,103.488,0.829,-11.325,21.363,3.971,-10.624,31.031,-0.025,-25.112,-30.376,-0.000,0.000,-0.000,0.002,0.003,0.000,-0.000,0.000,-0.000,0,0,5,0
7,cylinder_stiff,1760,103.400,17.629,-3.825,41.691,-7.429,-6.424,10.945,-0.025,-25.112,-30.376,-0.000,0.000,-0.000,0.002,0.003,0.000,-0.000,0.000,-0.000,0,0,5,0
7,cylinder_stiff,1780,103.400,13.279,-19.275,27.896,8.471,-0.724,2.717,-0.025,-25.112,-30.376,-0.000,0.000,-0.000,0.002,0.003,0.000,-0.000,0.000,-0.000,0,0,5,0
7,cylinder_stiff,1800,103.488,18.679,-19.275,32.979,-1.279,-1.174,22.803,-0.025,-25.112,-30.376,-0.000,0.000,-0.000,0.002,0.003,0.000,-0.000,0.000,-0.000,0,0,5,0
7,cylinder_stiff,1820,103.488,14.029,-10.425,28.865,-0.079,-7.624,22.077,-0.025,-25.112,-30.376,-0.000,0.000,-0.000,0.002,0.003,0.000,-0.000,0.000,-0.000,0,0,5,0
7,cylinder_stiff,1840,103.400,1.129,-17.625,37.093,-2.479,-0.124,8.041,-0.025,-25.112,-30.376,-0.000,0.000,-0.000,0.002,0.003,0.000,-0.000,0.000,-0.000,0,0,5,0
7,cylinder_stiff,1860,103.488,5.929,-15.825,37.819,5.321,3.026,18.931,-0.025,-25.112,-30.376,-0.000,0.000,-0.000,0.002,0.003,0.000,-0.000,0.000,-0.000,0,1,5,1860
