grasp_id,label,timestamp_ms,enc_deg,s0_dx,s0_dy,s0_dz,s1_dx,s1_dy,s1_dz,s2_dx,s2_dy,s2_dz,s3_dx,s3_dy,s3_dz,s4_dx,s4_dy,s4_dz,s5_dx,s5_dy,s5_dz,t1_flag,t2_flag,t1_ms,t2_ms
11,cube_soft,5,60.368,4.964,-17.699,54.020,2.685,-8.604,25.959,-8.604,6.963,-2.165,-31.360,-55.855,-58.942,-8.178,17.321,-34.333,3.214,-39.617,-35.621,0,0,0,0,0.0,0.0,0.0,0.0,0.000,0
11,cube_soft,32,60.544,5.160,-2.411,33.480,-9.467,-8.996,10.791,-15.660,-3.425,-23.021,-0.588,-8.619,-10.594,-11.706,-2.671,-17.269,5.762,-3.749,-5.917,0,0,0,0,0.0,0.0,0.0,0.0,0.000,0
11,cube_soft,58,61.160,-2.484,-3.783,16.416,-0.059,6.292,7.631,-9.976,0.299,-11.013,0.000,-4.895,-12.806,-4.062,6.345,-26.749,-0.314,-1.593,-2.757,0,0,0,0,0.0,0.0,0.0,0.0,0.000,0
11,cube_soft,84,62.304,6.728,-1.039,29.688,3.861,4.332,6.367,-3.116,-0.289,-7.537,7.252,-9.207,-10.910,-5.434,2.033,-21.377,6.546,5.855,-10.025,0,0,0,0,0.0,0.0,0.0,0.0,0.000,0
11,cube_soft,109,63.448,1.240,0.333,35.060,-6.723,-1.156,30.383,-1.940,3.435,7.947,-2.352,-1.563,1.730,-12.098,-2.867,-34.017,8.114,1.347,-25.825,0,0,0,0,0.0,0.0,0.0,0.0,0.000,0
11,cube_soft,135,64.680,0.456,-0.451,30.004,0.137,4.136,-0.269,-8.016,-1.857,-17.965,-5.096,-15.871,-6.170,-7.394,2.621,-28.645,0.666,-8.845,-8.761,0,0,0,0,0.0,0.0,0.0,0.0,0.000,0
11,cube_soft,160,66.000,-1.896,0.529,28.108,-5.155,1.392,12.687,-5.468,-7.933,-19.861,4.312,-1.955,-6.486,-3.082,1.445,-25.485,-15.014,-0.613,-8.445,0,0,0,0,0.0,0.0,0.0,0.0,0.000,0
11,cube_soft,185,67.496,1.436,-7.311,32.532,-6.527,-6.448,21.851,-1.744,1.083,-17.017,3.528,-9.207,-10.594,8.090,-7.179,-18.217,-2.470,-15.117,-4.653,0,0,0,0,0.0,0.0,0.0,0.0,0.000,0
11,cube_soft,211,68.904,1.240,-8.683,20.208,-9.075,-8.408,28.171,0.608,12.255,-14.489,3.920,-1.759,-17.862,-4.846,5.561,-14.425,2.430,-8.061,-4.969,0,0,0,0,0.0,0.0,0.0,0.0,0.000,0
11,cube_soft,236,70.312,-7.188,-5.547,27.792,-11.231,-0.960,5.735,-10.760,-5.189,-18.281,5.684,-3.719,-16.914,-0.926,6.345,-21.693,-1.882,-7.277,-15.081,0,0,0,0,0.0,0.0,0.0,0.0,0.000,0
11,cube_soft,261,71.808,-1.896,-8.095,21.156,-8.291,-2.724,19.323,2.764,7.355,-13.857,-4.704,-6.659,-11.858,-10.726,-7.375,-25.169,-7.762,-3.553,-12.553,0,0,0,0,0.0,0.0,0.0,0.0,0.000,0
11,cube_soft,287,73.216,0.260,-11.623,23.052,-17.699,-8.604,19.323,-8.800,1.671,-19.545,-2.548,-0.779,-5.538,-10.530,-1.299,-16.953,-7.958,-15.901,-3.389,0,0,0,0,0.0,0.0,0.0,0.0,0.000,0
11,cube_soft,313,74.888,-4.640,2.293,32.848,-8.291,-4.488,17.427,-10.172,12.059,-13.857,-2.940,-5.679,2.678,5.542,-0.515,-18.849,-3.058,-4.925,-13.817,0,0,0,0,0.0,0.0,0.0,0.0,0.000,0
11,cube_soft,339,76.296,-13.264,-0.059,24.000,-4.175,-15.072,12.055,-7.232,8.335,-14.489,0.392,-7.247,-16.914,-1.906,-2.475,-22.641,0.078,-7.081,6.091,0,0,0,0,0.0,0.0,0.0,0.0,0.000,0
11,cube_soft,365,77.880,-9.344,-10.251,25.896,12.289,-6.056,15.531,-1.156,7.159,3.523,-3.332,1.573,1.414,-4.846,-4.239,-17.269,2.234,-10.413,-13.501,0,0,0,0,0.0,0.0,0.0,0.0,0.000,0
11,cube_soft,391,79.376,-5.424,-10.447,28.424,-5.155,-8.016,17.743,-5.664,8.335,-12.909,-2.548,-11.951,-11.226,-9.746,0.857,-20.113,-4.626,-11.589,-4.653,0,0,0,0,0.0,0.0,0.0,0.0,0.000,0
11,cube_soft,418,80.960,-4.836,-4.959,35.692,3.665,-14.876,19.323,-1.940,7.551,-7.853,-2.156,-12.931,-9.962,0.446,-4.043,-6.209,3.018,-14.529,-3.073,0,0,0,0,0.0,0.0,0.0,0.0,0.000,0
11,cube_soft,443,82.456,6.728,-4.371,25.896,-4.959,-7.232,18.691,-9.976,5.395,-2.797,-8.428,-13.127,-3.326,3.190,4.189,-16.637,2.234,-13.941,-4.969,0,0,0,0,0.0,0.0,0.0,0.0,0.000,0
11,cube_soft,468,83.952,-1.112,-7.507,41.064,-3.979,-16.444,23.431,0.020,-3.621,-6.589,-0.588,-2.543,-8.698,-1.710,3.405,-10.001,-1.294,-14.921,6.091,0,0,0,0,0.0,0.0,0.0,0.0,0.000,0
11,cube_soft,494,85.448,-10.520,-16.327,48.332,-4.567,-14.092,28.487,-9.976,6.963,-3.113,5.292,-2.739,-19.126,1.034,0.073,-2.733,-0.314,-22.173,-5.601,0,0,0,0,0.0,0.0,0.0,0.0,0.000,0
11,cube_soft,521,86.944,3.984,-11.035,49.596,-10.055,-13.896,27.223,-8.212,6.179,-8.801,-1.568,-16.655,-0.166,-5.042,5.561,-1.785,-8.546,-18.645,5.459,0,0,0,0,0.0,0.0,0.0,0.0,0.000,0
11,cube_soft,547,88.440,-6.012,-2.607,57.180,-4.959,-22.912,33.859,-4.096,3.631,-11.329,-8.624,-3.131,-8.066,0.446,9.285,-2.417,-3.058,-21.389,2.931,0,0,0,0,0.0,0.0,0.0,0.0,0.000,0
11,cube_soft,572,89.848,-3.072,-2.019,40.116,-0.255,-17.620,25.643,-12.524,5.199,0.679,-2.156,-10.775,-6.802,-10.334,4.385,-16.637,-1.098,-26.289,14.939,0,0,0,0,0.0,0.0,0.0,0.0,0.000,0
11,cube_soft,598,91.256,-6.796,0.137,35.376,-6.919,-24.872,33.543,5.900,0.691,-1.849,1.176,-11.951,-9.962,-4.062,1.053,1.059,-4.038,-28.249,1.983,0,0,0,0,0.0,0.0,0.0,0.0,0.000,0
11,cube_soft,623,92.664,-7.580,-5.155,36.008,-9.467,-13.896,39.547,-7.820,9.903,-9.749,-0.980,-6.855,-6.486,-6.218,-1.103,-0.205,-3.646,-22.957,8.619,0,0,0,0,0.0,0.0,0.0,0.0,0.000,0
11,cube_soft,649,94.072,-2.484,-5.547,39.484,5.037,-16.052,42.075,10.016,11.667,-7.853,2.940,-18.419,-11.226,1.426,1.053,4.851,-5.214,-24.917,9.883,0,0,0,0,0.0,0.0,0.0,0.0,0.000,0
11,cube_soft,674,95.480,-1.308,-10.643,44.540,-12.211,-23.304,39.863,-10.760,1.279,-0.585,-6.664,-10.187,-5.222,0.642,-2.279,-5.577,-1.294,-26.485,7.039,0,0,0,0,0.0,0.0,0.0,0.0,0.000,0
11,cube_soft,699,96.800,-3.660,-2.215,42.328,-0.451,-17.228,33.859,-13.504,13.627,9.527,-9.212,-5.875,-16.914,-0.534,5.561,-0.205,0.274,-27.465,14.939,0,0,0,0,0.0,0.0,0.0,0.0,0.000,0
11,cube_soft,725,98.120,-16.204,-12.407,43.276,-3.195,-0.960,31.647,-2.528,5.983,3.839,-3.724,-6.071,-9.330,-5.042,-5.415,-1.153,-4.822,-22.369,15.571,0,0,0,0,0.0,0.0,0.0,0.0,0.000,0
11,cube_soft,750,99.528,5.944,-1.627,46.436,-10.251,-18.208,40.179,-8.800,9.511,-6.589,-8.232,-7.247,-4.274,-2.690,11.441,-6.209,-3.842,-21.193,1.035,0,0,0,0,0.0,0.0,0.0,0.0,0.000,0
11,cube_soft,777,100.936,-6.404,-6.919,57.180,-3.587,-15.660,32.279,-12.916,1.083,-1.849,-9.996,-8.619,-4.274,-7.786,8.697,3.271,-2.666,-23.741,10.199,0,0,0,0,0.0,0.0,0.0,0.0,0.000,0
11,cube_soft,802,102.256,2.612,-12.015,41.064,-1.627,-15.072,36.071,-4.880,13.823,-3.429,-6.860,-10.775,-2.694,-1.122,5.365,-7.473,-2.666,-19.429,-3.705,0,0,0,0,0.0,0.0,0.0,0.0,0.000,0
11,cube_soft,828,103.576,1.828,-16.131,48.332,-0.843,-14.680,29.751,-18.012,17.547,11.423,-7.644,-5.483,-6.802,2.210,0.857,11.803,-4.234,-20.017,4.195,0,0,0,0,0.0,0.0,0.0,0.0,0.000,0
11,cube_soft,855,105.072,-5.620,-5.351,49.596,-3.587,-19.776,35.755,-11.152,18.527,5.103,-5.292,-10.971,3.626,-3.474,7.326,2.007,-0.706,-18.057,5.775,0,0,0,0,0.0,0.0,0.0,0.0,0.000,0
11,cube_soft,880,106.392,-0.720,-8.879,50.544,0.137,-24.088,31.647,-12.524,13.235,0.047,-0.196,-16.655,-1.114,-0.730,4.189,2.007,-5.214,-23.741,16.835,0,0,0,0,0.0,0.0,0.0,0.0,0.000,0
11,cube_soft,906,107.712,9.472,-5.351,56.548,3.665,-17.228,42.707,-7.624,15.391,5.419,-7.840,-9.991,-1.746,-6.610,8.893,-2.101,-2.862,-20.801,4.827,0,0,0,0,0.0,0.0,0.0,0.0,0.000,0
11,cube_soft,931,109.032,-1.112,-9.859,49.280,-4.371,-20.168,41.443,-4.684,14.019,3.523,-12.936,-2.543,0.150,-6.610,-0.515,-7.789,-3.254,-28.445,14.623,0,0,0,0,0.0,0.0,0.0,0.0,0.000,0
11,cube_soft,957,110.264,-6.012,-1.039,51.492,-6.919,-23.500,38.599,-14.484,18.527,11.423,-9.800,-2.151,-5.222,5.346,5.169,8.011,-5.410,-22.957,6.407,0,0,0,0,0.0,0.0,0.0,0.0,0.000,0
11,cube_soft,983,111.232,6.336,-2.019,62.236,-14.759,-6.252,37.967,-6.448,28.523,18.691,2.352,-15.871,-4.274,-7.786,6.345,9.907,-1.294,-22.957,10.831,0,0,0,0,0.0,0.0,0.0,0.0,0.000,0
11,cube_soft,1008,111.672,7.904,0.137,63.816,-11.427,-21.148,52.819,-7.820,17.155,8.263,-10.192,-8.031,5.206,-11.706,9.481,8.011,-2.666,-22.369,5.459,0,0,0,0,0.0,0.0,0.0,0.0,0.000,0
11,cube_soft,1033,111.936,-0.720,-12.995,52.124,7.193,-14.288,44.287,-7.624,15.587,16.163,-15.288,-10.187,-21.654,-6.806,2.033,7.063,-4.822,-26.877,10.199,0,0,0,0,0.0,0.0,0.0,0.0,0.000,0
11,cube_soft,1059,112.024,0.848,5.429,61.920,-2.411,-18.404,50.291,-11.152,21.075,21.219,-7.644,-8.031,6.154,-2.298,17.125,4.851,3.410,-16.489,5.459,0,0,0,0,0.0,0.0,0.0,0.0,0.000,0
11,cube_soft,1084,112.024,1.828,-5.351,48.332,-9.859,-13.896,43.023,-15.464,18.723,6.999,-12.544,-11.755,0.150,-5.826,5.365,4.219,-3.646,-22.565,13.359,0,0,0,0,0.0,0.0,0.0,0.0,0.000,0
11,cube_soft,1109,112.024,5.944,-2.215,55.600,-6.723,-14.092,33.859,-6.840,14.215,6.999,-9.408,-1.171,-4.590,-8.374,1.837,-0.205,-4.822,-23.153,9.567,0,0,0,0,0.0,0.0,0.0,0.0,0.000,0
11,cube_soft,1135,112.024,-0.132,-8.095,60.340,-4.371,-16.052,40.179,-16.444,12.843,1.311,-4.900,-9.991,6.470,-13.862,7.521,13.699,-4.430,-28.249,21.891,0,0,0,0,0.0,0.0,0.0,0.0,0.000,0
11,cube_soft,1160,112.024,3.200,-8.487,60.656,-6.919,-13.896,48.395,-7.428,23.035,7.947,-18.424,-10.383,12.474,-2.298,9.873,2.323,-2.274,-20.017,8.619,0,0,0,0,0.0,0.0,0.0,0.0,0.000,0
11,cube_soft,1186,112.024,-6.992,-7.115,55.600,-6.919,-18.012,35.123,-5.076,15.587,13.003,-7.644,-10.775,-1.430,-6.218,14.382,-3.681,-11.682,-29.817,12.727,0,0,0,0,0.0,0.0,0.0,0.0,0.000,0
11,cube_soft,1211,112.024,6.532,1.509,61.604,-0.255,-19.580,42.075,-15.464,24.015,3.207,-18.228,-4.895,-2.378,-5.434,8.697,8.959,3.606,-19.625,14.307,0,0,0,0,0.0,0.0,0.0,0.0,0.000,0
11,cube_soft,1236,112.024,9.472,4.449,63.184,-3.783,-22.716,45.551,-9.780,11.471,9.527,-7.252,-4.895,-12.174,-1.122,10.461,13.067,-9.134,-31.189,1.667,0,0,0,0,0.0,0.0,0.0,0.0,0.000,0
11,cube_soft,1262,112.024,-0.720,-6.135,59.076,1.705,-19.580,49.343,-24.284,7.747,4.787,-11.956,-16.851,4.258,-4.454,13.597,13.067,2.234,-21.585,13.991,0,0,0,0,0.0,0.0,0.0,0.0,0.000,0
11,cube_soft,1287,112.024,-0.132,-6.135,67.924,-3.195,-19.580,58.823,-5.272,17.547,6.999,-6.468,-13.715,-2.378,-6.414,12.029,4.851,-5.214,-16.489,14.939,0,0,0,0,0.0,0.0,0.0,0.0,0.000,0
11,cube_soft,1312,112.024,-9.736,4.841,61.288,-8.879,-20.952,43.971,-9.780,21.663,10.159,-20.384,-9.403,9.314,0.250,11.049,6.431,-2.666,-27.269,15.887,0,0,0,0,0.0,0.0,0.0,0.0,0.000,0
11,cube_soft,1338,112.024,-2.092,-9.075,48.332,-2.019,-22.128,46.499,-15.464,9.119,18.691,-4.116,-9.991,-4.590,-2.494,1.249,-2.733,-5.410,-19.037,-4.337,0,0,0,0,0.0,0.0,0.0,0.0,0.000,0
11,cube_soft,1363,112.024,-5.032,-7.311,60.024,-7.311,-20.952,45.551,-12.720,8.335,-1.849,-10.976,0.005,-1.746,-4.454,6.933,-1.785,-3.254,-18.253,22.839,0,0,0,0,0.0,0.0,0.0,0.0,0.000,0
11,cube_soft,1388,112.112,3.200,-9.663,48.964,-2.411,-19.776,42.075,-4.684,5.199,6.367,-19.600,-9.207,7.418,-3.866,7.326,14.647,-3.058,-24.133,4.511,0,0,0,0,0.0,0.0,0.0,0.0,0.000,0
11,cube_soft,1414,112.112,-11.892,-12.799,50.860,-10.251,-28.400,56.927,-13.112,15.783,21.219,-8.624,-10.971,-6.802,-4.258,12.029,2.007,3.802,-12.765,2.615,0,0,0,0,0.0,0.0,0.0,0.0,0.000,0
11,cube_soft,1439,112.112,-2.484,3.665,61.288,-5.155,-21.540,32.279,-2.724,20.683,7.315,-15.092,-23.123,6.154,-8.570,12.225,-3.365,-3.450,-25.897,-5.601,0,0,0,0,0.0,0.0,0.0,0.0,0.000,0
11,cube_soft,1464,112.200,1.436,-10.055,62.868,-0.843,-24.088,37.651,-13.112,8.139,5.419,-2.156,-15.675,-6.486,-2.886,10.854,-1.469,-8.546,-27.269,7.355,0,0,0,0,0.0,0.0,0.0,0.0,0.000,0
11,cube_soft,1489,112.200,-6.796,1.509,55.284,-8.095,-20.756,53.451,-9.976,19.311,14.583,-9.996,-13.911,-7.118,-7.002,16.537,12.435,2.430,-22.957,13.675,0,0,0,0,0.0,0.0,0.0,0.0,0.000,0
11,cube_soft,1516,112.200,6.336,11.701,56.232,0.137,-16.836,37.019,-16.052,18.135,7.315,-15.680,-13.519,-5.222,-1.906,9.089,2.323,-3.842,-30.013,7.671,0,0,0,0,0.0,0.0,0.0,0.0,0.000,0
11,cube_soft,1541,112.200,3.004,-0.451,44.540,-8.879,-15.660,50.291,-14.876,13.823,11.423,-18.032,-8.619,5.206,-7.002,1.837,-0.205,-10.310,-14.725,12.095,0,0,0,0,0.0,0.0,0.0,0.0,0.000,0
11,cube_soft,1566,112.200,7.708,0.333,60.024,-12.995,-24.088,54.399,-14.680,18.135,19.007,-16.072,-13.519,-4.590,-0.142,7.129,-3.365,-10.898,-34.129,7.987,0,0,0,0,0.0,0.0,0.0,0.0,0.000,0
11,cube_soft,1592,112.200,0.652,-4.763,51.492,-9.271,-20.756,37.019,-12.132,11.079,13.319,-9.800,-3.523,-9.330,-11.902,-0.515,4.535,-5.606,-24.917,17.467,0,0,0,0,0.0,0.0,0.0,0.0,0.000,0
11,cube_soft,1617,112.200,0.652,-4.175,53.388,-7.115,-21.736,35.755,-5.860,15.195,6.999,-2.352,-6.071,5.522,-2.494,8.697,9.591,-4.626,-12.765,18.415,0,0,0,0,0.0,0.0,0.0,0.0,0.000,0
11,cube_soft,1642,112.200,8.492,-1.039,50.860,-5.743,-20.952,41.443,-3.116,8.531,17.743,-7.644,-9.795,-0.798,-7.590,3.798,8.011,-3.450,-27.269,16.203,0,0,0,0,0.0,0.0,0.0,0.0,0.000,0
11,cube_soft,1667,112.200,-6.992,-14.367,50.228,-3.195,-16.640,31.647,-16.444,20.291,7.947,-15.680,-9.403,3.942,-1.318,1.053,14.015,-2.862,-28.445,12.727,0,0,0,0,0.0,0.0,0.0,0.0,0.000,0
11,cube_soft,1692,112.200,8.296,-5.547,66.028,-8.879,-21.736,42.391,-7.624,16.175,9.843,-5.880,-10.187,-7.434,-12.686,-0.123,5.799,-3.058,-26.289,5.459,0,0,0,0,0.0,0.0,0.0,0.0,0.000,0
11,cube_soft,1717,112.200,-5.620,-7.507,50.860,-11.231,-16.444,45.235,-9.584,8.531,0.363,-15.092,-12.539,2.678,-8.766,14.577,6.431,-1.098,-16.097,12.727,0,0,0,0,0.0,0.0,0.0,0.0,0.000,0
11,cube_soft,1743,112.200,-0.720,-3.783,61.920,-8.095,-27.028,41.443,-4.292,8.923,-1.217,-12.936,-9.403,7.102,-12.098,7.717,12.751,0.470,-22.369,14.623,0,0,0,0,0.0,0.0,0.0,0.0,0.000,0
11,cube_soft,1768,112.200,4.180,-9.271,59.076,-2.215,-19.972,48.079,-5.076,11.863,22.799,-13.524,-11.951,19.742,-7.394,6.149,5.483,-2.666,-24.917,21.891,0,0,0,0,0.0,0.0,0.0,0.0,0.000,0
11,cube_soft,1793,112.200,2.612,-4.175,62.552,-3.783,-22.324,37.651,-24.480,21.859,9.843,-6.860,-15.871,1.098,-2.494,11.441,5.167,-9.918,-24.721,13.359,0,0,0,0,0.0,0.0,0.0,0.0,0.000,0
11,cube_soft,1818,112.200,6.140,-8.291,62.868,-9.271,-19.580,45.551,-4.880,9.903,14.267,-11.368,-11.167,-2.062,-1.906,8.893,6.747,0.470,-22.957,20.311,0,0,0,0,0.0,0.0,0.0,0.0,0.000,0
11,cube_soft,1844,112.200,-7.188,0.725,45.804,-7.115,-15.856,48.079,-12.524,14.803,11.739,-13.916,-7.443,9.946,-4.062,6.541,4.219,0.274,-25.897,3.879,0,0,0,0,0.0,0.0,0.0,0.0,0.000,0
11,cube_soft,1869,112.200,5.748,4.253,66.976,-11.231,-15.268,48.079,-6.840,17.351,1.943,-8.232,-9.599,0.782,-0.730,6.933,6.431,-2.274,-20.997,10.199,0,0,0,0,0.0,0.0,0.0,0.0,0.000,0
11,cube_soft,1894,112.200,4.180,-3.979,56.864,-9.467,-21.736,30.699,-9.584,19.507,17.427,-6.468,-7.051,-4.274,-4.650,4.973,14.647,-10.898,-30.601,17.783,0,0,0,0,0.0,0.0,0.0,0.0,0.000,0
11,cube_soft,1920,112.200,3.984,-2.411,59.076,5.429,-11.544,48.395,-7.820,14.215,7.315,-7.840,-15.479,-0.798,-9.354,6.345,13.699,-0.314,-21.977,17.151,0,0,0,0,0.0,0.0,0.0,0.0,0.000,0
11,cube_soft,1945,112.200,-1.504,-5.351,64.132,-8.683,-25.852,51.871,-3.508,18.919,2.891,-12.936,-17.047,6.154,-6.806,12.029,17.175,-2.078,-16.489,5.775,0,0,0,0,0.0,0.0,0.0,0.0,0.000,0
11,cube_soft,1970,112.200,4.180,-3.391,57.496,-6.527,-21.344,40.811,-17.032,9.707,17.743,-1.372,-8.423,-2.694,-11.314,10.069,8.643,-0.510,-21.193,9.251,0,0,0,0,0.0,0.0,0.0,0.0,0.000,0
11,cube_soft,1996,112.200,-1.700,-0.647,44.856,-3.587,-25.656,57.243,-12.916,12.647,6.683,-14.896,1.965,0.782,-2.886,14.382,16.543,-15.014,-20.605,13.359,0,0,0,0,0.0,0.0,0.0,0.0,0.000,0
11,cube_soft,2027,112.200,-0.916,-2.019,60.656,-6.527,-8.408,55.663,-8.016,21.859,13.003,-13.916,0.789,-9.014,-4.454,1.445,8.011,-3.646,-30.209,3.247,0,0,0,0,0.0,0.0,0.0,0.0,0.000,0
11,cube_soft,2053,112.200,-1.112,3.469,53.704,-5.155,-14.876,56.927,-18.796,16.371,6.051,-8.232,-21.555,2.994,0.054,1.053,8.327,-6.194,-18.449,5.775,0,0,0,0,0.0,0.0,0.0,0.0,0.000,0
11,cube_soft,2079,112.200,-12.088,-0.647,57.812,-6.527,-26.832,40.179,-9.976,9.903,24.695,-3.920,-8.619,11.526,-7.394,10.461,7.379,1.058,-25.505,-2.441,0,0,0,0,0.0,0.0,0.0,0.0,0.000,0
11,cube_soft,2105,112.200,1.240,-9.859,64.132,-0.647,-20.364,37.651,-9.584,14.607,0.995,-20.188,-14.499,-0.798,-7.394,1.249,14.331,2.038,-23.153,5.459,0,0,0,0,0.0,0.0,0.0,0.0,0.000,0
11,cube_soft,2130,112.200,9.276,0.921,60.656,-3.195,-18.404,37.967,-9.192,12.059,15.531,-14.112,-11.167,9.630,1.818,5.757,3.587,-5.410,-24.525,4.511,0,0,0,0,0.0,0.0,0.0,0.0,0.000,0
11,cube_soft,2156,112.200,1.632,-9.467,67.924,-14.367,-16.640,42.075,-12.132,17.351,5.419,-12.740,-10.187,6.154,-6.610,10.069,12.751,-13.446,-21.193,3.879,0,0,0,0,0.0,0.0,0.0,0.0,0.000,0
11,cube_soft,2181,112.200,-4.052,-7.311,42.960,-10.447,-18.992,49.027,-17.032,11.471,10.791,-8.036,-8.619,-5.222,-3.670,9.285,-1.469,-3.058,-21.977,14.307,0,0,0,0,0.0,0.0,0.0,0.0,0.000,0
11,cube_soft,2207,112.200,-2.876,2.097,54.652,-8.879,-18.992,43.971,-6.644,15.391,6.683,-4.116,-3.327,-13.122,0.054,10.854,1.059,-2.666,-21.389,11.147,0,0,0,0,0.0,0.0,0.0,0.0,0.000,0
11,cube_soft,2233,112.200,8.100,-2.411,55.916,-9.271,-17.424,38.283,-13.504,14.999,3.839,5.292,-7.051,9.946,-6.218,8.893,18.755,1.058,-20.997,9.251,0,0,0,0,0.0,0.0,0.0,0.0,0.000,0
11,cube_soft,2258,112.200,2.808,0.529,40.748,-6.331,-19.776,54.715,-14.484,20.487,3.839,-4.704,1.181,11.526,-7.786,14.185,20.019,2.822,-16.097,20.627,0,0,0,0,0.0,0.0,0.0,0.0,0.000,0
11,cube_soft,2283,112.200,8.688,2.097,58.128,-10.643,-16.836,37.335,-13.700,17.547,4.787,-8.820,-8.227,10.894,-3.670,11.441,2.955,-3.646,-26.093,19.995,0,0,0,0,0.0,0.0,0.0,0.0,0.000,0
11,cube_soft,2309,112.200,6.532,-1.235,46.752,-5.155,-20.364,55.663,-13.700,23.623,20.903,-11.956,-12.539,1.414,-8.570,4.385,8.959,-4.038,-17.273,13.043,0,0,0,0,0.0,0.0,0.0,0.0,0.000,0
11,cube_soft,2336,112.200,3.984,-3.391,58.444,-8.291,-21.540,66.723,-11.152,11.471,16.479,-10.976,-14.695,0.466,-3.082,2.229,5.483,-0.902,-28.837,0.087,0,0,0,0,0.0,0.0,0.0,0.0,0.000,0
11,cube_soft,2361,112.200,-4.052,-2.411,57.180,0.333,-24.284,51.871,-18.992,19.115,2.891,-12.152,-8.815,5.206,-5.238,12.421,2.639,-2.862,-19.821,3.247,0,0,0,0,0.0,0.0,0.0,0.0,0.000,0
11,cube_soft,2387,112.200,-0.328,-7.311,55.600,5.037,-24.480,43.655,-5.664,19.507,-0.269,-9.016,-9.599,-1.114,-7.198,3.209,24.443,-8.938,-18.645,8.303,0,0,0,0,0.0,0.0,0.0,0.0,0.000,0
11,cube_soft,2412,112.200,-2.288,-0.843,57.180,-4.371,-13.308,45.867,-12.524,11.667,-4.377,-6.468,-8.815,-3.010,2.602,7.326,9.591,-0.314,-33.149,16.519,0,0,0,0,0.0,0.0,0.0,0.0,0.000,0
11,cube_soft,2438,112.200,0.456,-7.115,61.920,-8.879,-15.464,42.707,-7.428,13.039,18.375,-0.196,-11.951,-1.114,-6.218,7.717,2.007,-2.274,-25.309,1.983,0,0,0,0,0.0,0.0,0.0,0.0,0.000,0
11,cube_soft,2463,112.200,0.652,-0.647,55.916,-7.899,-20.364,41.759,-7.624,13.823,10.475,-5.292,-9.599,0.150,-3.670,4.385,0.743,-2.078,-25.309,8.619,0,0,0,0,0.0,0.0,0.0,0.0,0.000,0
11,cube_soft,2489,112.200,-3.072,-9.859,62.236,-3.979,-19.188,60.403,-5.664,11.863,2.259,-14.112,-10.383,9.630,-5.826,0.857,2.323,1.254,-18.841,7.039,0,0,0,0,0.0,0.0,0.0,0.0,0.000,0
11,cube_soft,2514,112.200,0.848,2.097,48.648,-5.155,-14.680,49.027,-15.660,16.175,17.427,-21.168,-11.167,10.578,-9.354,3.013,15.595,-3.254,-21.977,6.407,0,0,0,0,0.0,0.0,0.0,0.0,0.000,0
11,cube_soft,2539,112.200,0.064,0.529,47.700,9.349,-24.480,42.707,-12.720,13.235,13.635,-23.520,-13.519,-6.486,2.994,2.817,-3.681,-3.254,-26.877,8.935,0,0,0,0,0.0,0.0,0.0,0.0,0.000,0
11,cube_soft,2564,112.200,-3.660,3.469,59.392,-8.487,-15.464,45.235,-19.384,19.899,19.323,-4.900,-11.363,-4.906,-10.530,4.385,-0.521,-1.882,-20.017,10.515,0,0,0,0,0.0,0.0,0.0,0.0,0.000,0
11,cube_soft,2590,112.200,1.044,-4.371,57.496,-13.387,-13.308,54.083,-10.172,16.567,14.899,-3.136,-10.775,-6.802,-6.806,2.621,7.379,-7.174,-30.013,11.463,0,0,0,0,0.0,0.0,0.0,0.0,0.000,0
11,cube_soft,2615,112.200,-3.856,-3.587,55.916,-3.391,-13.308,41.443,-14.484,13.823,7.315,0.588,-9.991,-1.746,-12.098,9.481,-8.421,-5.802,-18.449,13.675,0,0,0,0,0.0,0.0,0.0,0.0,0.000,0
11,cube_soft,2640,112.200,-0.132,6.605,54.968,-6.331,-20.560,39.231,-12.132,15.783,-6.589,-2.352,-10.775,-3.958,-3.670,7.913,8.327,-2.078,-19.037,-9.709,0,0,0,0,0.0,0.0,0.0,0.0,0.000,0
11,cube_soft,2665,112.200,-4.248,3.077,66.976,-5.155,-9.584,45.867,-4.684,9.511,12.371,-3.528,-10.971,0.466,-2.690,12.225,11.171,1.254,-28.641,11.463,0,0,0,0,0.0,0.0,0.0,0.0,0.000,0
11,cube_soft,2691,112.200,6.140,-2.999,49.280,-7.899,-20.952,41.759,-15.464,3.827,18.375,-8.232,-13.715,10.894,-7.786,10.069,-3.365,0.862,-16.097,7.671,0,0,0,0,0.0,0.0,0.0,0.0,0.000,0
11,cube_soft,2716,112.200,5.160,-6.527,56.232,-8.487,-14.680,36.387,-12.328,21.467,2.891,-23.128,-1.759,6.154,-8.178,8.305,13.067,7.134,-21.193,3.247,0,0,0,0,0.0,0.0,0.0,0.0,0.000,0
11,cube_soft,2742,112.200,-0.328,-1.627,51.808,0.921,-19.972,37.019,-5.468,14.803,8.263,0.588,-13.323,-1.114,2.994,13.597,14.331,1.842,-21.781,9.567,0,0,0,0,0.0,0.0,0.0,0.0,0.000,0
11,cube_soft,2767,112.200,7.708,-0.451,56.548,-2.411,-19.972,39.863,-12.720,11.471,-2.165,-9.800,0.201,9.314,-7.002,7.521,6.747,2.430,-24.525,7.987,0,0,0,0,0.0,0.0,0.0,0.0,0.000,0
11,cube_soft,2793,112.200,-0.720,6.605,51.492,-2.019,-25.852,53.135,-15.856,13.431,13.951,-13.132,-15.675,-1.430,-7.786,10.657,-1.785,3.214,-28.837,19.047,0,0,0,0,0.0,0.0,0.0,0.0,0.000,0
11,cube_soft,2819,112.200,4.376,-3.587,58.128,-6.723,-27.616,37.019,-8.996,13.431,27.855,-24.500,-10.579,-14.702,-4.062,2.229,-2.101,5.958,-21.781,7.987,0,0,0,0,0.0,0.0,0.0,0.0,0.000,0
11,cube_soft,2844,112.200,-4.640,1.117,53.072,1.117,-9.192,35.439,-18.796,18.919,12.687,-10.780,-8.815,-6.170,-12.686,7.913,3.903,3.998,-12.569,9.567,0,0,0,0,0.0,0.0,0.0,0.0,0.000,0
11,cube_soft,2871,112.200,-6.404,-5.351,48.964,2.685,-18.404,39.547,-18.992,18.135,2.891,-14.112,-5.483,-7.434,-13.862,4.189,10.223,-0.510,-21.585,6.407,0,0,0,0,0.0,0.0,0.0,0.0,0.000,0
11,cube_soft,2896,112.200,1.044,-3.783,58.128,-9.859,-25.852,39.231,-13.112,14.411,5.419,-0.392,-8.227,0.466,-8.178,-3.455,0.111,2.234,-30.405,14.939,0,0,0,0,0.0,0.0,0.0,0.0,0.000,0
11,cube_soft,2921,112.200,-0.524,-3.391,60.972,-13.583,-12.916,37.967,-10.760,16.567,-0.901,-14.700,-7.051,11.842,-4.258,-4.043,-1.785,-3.646,-20.801,15.571,0,0,0,0,0.0,0.0,0.0,0.0,0.000,0
11,cube_soft,2946,112.200,-8.756,-0.059,53.072,-14.563,-22.324,57.875,-20.364,12.255,15.531,-8.428,-16.459,0.782,-8.178,5.169,5.167,-7.958,-30.797,-4.653,0,0,0,0,0.0,0.0,0.0,0.0,0.000,0
11,cube_soft,2972,112.200,-7.384,-6.527,53.704,-2.411,-21.344,44.287,-14.288,8.923,23.747,-16.268,-17.047,11.842,-5.434,3.601,10.539,-0.902,-24.721,11.147,0,0,0,0,0.0,0.0,0.0,0.0,0.000,0
11,cube_soft,2997,112.200,3.004,10.133,60.656,-2.019,-19.776,48.395,-17.620,17.547,3.207,-3.528,-7.051,12.474,-3.082,9.285,0.743,-4.038,-14.137,16.203,0,0,0,0,0.0,0.0,0.0,0.0,0.000,0
11,cube_soft,3022,112.200,5.160,-2.215,55.600,1.901,-26.636,38.283,-4.488,10.099,1.311,-9.016,-14.499,5.206,-11.118,6.345,18.123,-1.882,-17.077,12.095,0,0,0,0,0.0,0.0,0.0,0.0,0.000,0
11,cube_soft,3047,112.200,-1.700,-1.627,59.708,-17.503,-19.384,39.231,-11.348,7.159,15.215,-11.956,-8.619,-7.750,-5.630,0.073,11.171,6.938,-21.977,30.739,0,0,0,0,0.0,0.0,0.0,0.0,0.000,0
11,cube_soft,3072,112.200,-3.856,-0.059,59.392,-0.647,-31.144,48.079,-9.976,2.063,12.055,-12.348,-7.051,7.102,-16.214,7.913,10.223,5.958,-23.741,10.515,0,0,0,0,0.0,0.0,0.0,0.0,0.000,0
11,cube_soft,3098,112.200,-1.504,-3.391,56.232,-6.919,-18.208,42.075,-10.760,10.295,11.423,-22.148,-6.071,-2.062,-11.902,11.833,0.111,3.018,-22.369,14.939,0,0,0,0,0.0,0.0,0.0,0.0,0.000,0
11,cube_soft,3123,112.200,0.652,5.037,49.596,0.333,-19.384,50.607,-12.524,20.291,6.367,-15.092,-6.071,-12.490,-10.334,-0.711,8.327,-4.234,-14.725,2.931,0,0,0,0,0.0,0.0,0.0,0.0,0.000,0
11,cube_soft,3149,112.200,8.884,-2.411,44.856,-7.899,-21.148,48.711,-3.116,6.179,-12.593,-6.468,-8.227,1.414,-6.022,4.385,5.799,1.254,-25.309,16.835,0,0,0,0,0.0,0.0,0.0,0.0,0.000,0
11,cube_soft,3174,112.200,-5.620,3.469,54.652,-8.879,-20.756,43.339,-5.468,8.923,13.319,-10.192,-6.659,11.842,-5.042,7.326,17.491,-6.586,-26.681,-8.761,0,0,0,0,0.0,0.0,0.0,0.0,0.000,0
11,cube_soft,3199,112.200,-1.308,-2.999,44.224,-3.783,-17.424,49.343,-9.584,14.803,-0.269,-10.780,-6.659,-4.274,-2.886,5.757,2.639,-3.842,-23.937,14.307,0,0,0,0,0.0,0.0,0.0,0.0,0.000,0
11,cube_soft,3225,112.200,-5.228,-3.783,72.664,2.293,-10.956,43.971,-8.408,14.411,26.591,-14.896,-17.243,-10.910,-13.078,13.793,1.691,-10.702,-24.721,4.511,0,0,0,0,0.0,0.0,0.0,0.0,0.000,0
11,cube_soft,3250,112.200,1.240,-5.939,51.808,-3.783,-9.976,51.871,-9.976,19.311,4.471,-10.976,-8.619,3.626,-6.218,9.481,10.539,-1.294,-22.565,7.355,0,0,0,0,0.0,0.0,0.0,0.0,0.000,0
11,cube_soft,3275,112.200,-6.012,-14.367,50.544,-4.175,-23.304,47.447,-17.620,2.847,2.259,-7.840,-14.499,7.734,-9.354,0.465,-2.733,-10.114,-12.177,19.679,0,0,0,0,0.0,0.0,0.0,0.0,0.000,0
11,cube_soft,3301,112.200,4.180,0.529,45.488,-7.507,-19.776,38.915,-15.856,11.079,6.999,-7.644,-9.991,1.414,-3.278,5.561,10.855,0.862,-26.093,11.779,0,0,0,0,0.0,0.0,0.0,0.0,0.000,0
11,cube_soft,3327,112.200,6.336,5.233,60.024,-8.487,-22.520,35.755,-11.348,15.391,0.679,-9.996,-11.559,-3.326,-5.434,6.933,7.379,-4.234,-28.249,16.519,0,0,0,0,0.0,0.0,0.0,0.0,0.000,0
11,cube_soft,3353,112.200,7.316,1.117,54.336,-11.819,-17.424,37.335,-10.956,10.491,7.947,-18.424,-10.775,-1.430,-5.434,6.737,5.167,-0.902,-19.233,25.999,0,0,0,0,0.0,0.0,0.0,0.0,0.000,0
11,cube_soft,3378,112.200,2.220,-10.251,58.444,-6.331,-13.308,48.711,-9.192,20.291,15.215,-16.856,-17.243,10.578,-5.042,5.953,-10.317,-0.118,-25.897,17.783,0,0,0,0,0.0,0.0,0.0,0.0,0.000,0
11,cube_soft,3403,112.200,4.964,1.705,61.920,-3.391,-19.776,48.395,-4.096,16.175,7.315,-18.228,-12.931,2.362,-1.906,9.089,2.639,-2.274,-20.409,10.199,0,0,0,0,0.0,0.0,0.0,0.0,0.000,0
11,cube_soft,3429,112.200,1.436,-3.587,50.544,-8.095,-16.444,43.023,-13.112,11.471,5.419,-13.720,-3.131,-12.174,-5.434,4.777,15.911,-3.058,-31.385,8.619,0,0,0,0,0.0,0.0,0.0,0.0,0.000,0
11,cube_soft,3456,112.200,3.592,-3.783,50.544,-3.979,-19.580,58.191,-12.916,14.999,10.159,-8.820,-12.735,-9.330,-3.670,1.641,9.275,0.470,-24.917,24.419,0,0,0,0,0.0,0.0,0.0,0.0,0.000,0
11,cube_soft,3481,112.200,-2.288,-2.019,51.176,-11.035,-18.992,36.071,-3.312,12.059,-5.009,-19.600,-9.207,-2.694,-3.082,17.321,4.851,2.430,-14.333,13.043,0,0,0,0,0.0,0.0,0.0,0.0,0.000,0
11,cube_soft,3506,112.200,-1.700,-1.431,57.180,1.705,-15.072,37.651,-14.288,18.331,25.643,-9.408,-18.027,-2.694,1.426,6.345,13.383,-8.154,-18.841,14.307,0,0,0,0,0.0,0.0,0.0,0.0,0.000,0
11,cube_soft,3531,112.200,5.160,0.921,56.548,-5.547,-15.268,40.811,-6.840,12.059,4.471,-11.368,-9.795,-2.378,-4.258,2.425,10.223,-12.662,-27.465,9.251,0,0,0,0,0.0,0.0,0.0,0.0,0.000,0
11,cube_soft,3556,112.200,4.964,-2.999,53.388,-10.643,-17.032,41.759,-15.464,3.435,-2.481,-21.560,-15.283,-5.854,2.014,17.321,5.483,-4.626,-26.093,21.891,0,0,0,0,0.0,0.0,0.0,0.0,0.000,0
11,cube_soft,3582,112.200,-3.660,0.333,64.132,-7.115,-19.384,44.603,-9.584,13.431,-1.217,-11.760,-16.263,-1.746,-1.318,8.893,7.379,4.194,-27.073,9.251,0,0,0,0,0.0,0.0,0.0,0.0,0.000,0
11,cube_soft,3607,112.200,5.552,-5.743,52.440,-3.391,-26.048,47.131,-8.212,22.055,11.423,-13.916,-12.343,7.418,-0.534,10.657,12.119,1.058,-17.469,-0.545,0,0,0,0,0.0,0.0,0.0,0.0,0.000,0
11,cube_soft,3633,112.200,6.140,0.725,53.072,-2.019,-22.324,41.443,-11.152,15.391,14.583,-9.212,-5.679,3.626,-5.630,11.245,0.743,-7.566,-25.309,17.783,0,0,0,0,0.0,0.0,0.0,0.0,0.000,0
11,cube_soft,3659,112.200,-1.896,-7.899,54.968,-2.999,-16.836,38.915,-12.720,18.723,10.475,-1.176,-1.563,0.466,-7.002,9.089,12.435,-6.978,-18.449,16.519,0,0,0,0,0.0,0.0,0.0,0.0,0.000,0
11,cube_soft,3684,112.200,1.044,-1.823,51.492,-12.407,-20.364,62.299,-9.780,19.899,4.471,-9.996,-5.287,4.574,-6.610,0.465,7.695,-2.470,-24.133,16.835,0,0,0,0,0.0,0.0,0.0,0.0,0.000,0
11,cube_soft,3709,112.200,5.356,-1.823,59.392,-3.195,-22.716,37.651,-15.856,13.823,16.163,-3.528,-11.363,-11.226,-2.494,5.561,4.535,2.430,-22.369,18.099,0,0,0,0,0.0,0.0,0.0,0.0,0.000,0
11,cube_soft,3735,112.200,2.416,-7.899,60.340,-2.411,-24.480,39.863,-7.036,14.999,19.007,-12.348,-12.931,20.690,-3.670,8.697,17.175,-3.450,-16.881,6.407,0,0,0,0,0.0,0.0,0.0,0.0,0.000,0
11,cube_soft,3760,112.200,4.768,-8.487,56.548,4.253,-21.344,34.175,-15.660,12.843,11.423,-10.780,-9.207,0.466,6.914,5.561,3.903,-0.510,-21.389,11.463,0,0,0,0,0.0,0.0,0.0,0.0,0.000,0
11,cube_soft,3785,112.200,1.436,4.449,65.396,2.881,-28.792,42.707,-8.800,11.079,3.207,-9.212,-9.599,3.310,4.758,7.717,-10.001,-8.938,-26.681,16.203,0,0,0,0,0.0,0.0,0.0,0.0,0.000,0
11,cube_soft,3811,112.200,-7.972,0.529,61.920,-3.979,-17.032,22.483,-3.508,21.467,-0.901,-16.268,-13.911,0.466,-14.254,5.365,-10.001,-7.762,-23.349,8.619,0,0,0,0,0.0,0.0,0.0,0.0,0.000,0
11,cube_soft,3836,112.200,-3.856,-2.411,54.020,-3.979,-26.244,26.907,-14.092,7.943,13.951,-14.504,-10.579,-2.378,-8.178,2.817,7.063,-3.842,-32.757,14.939,0,0,0,0,0.0,0.0,0.0,0.0,0.000,0
11,cube_soft,3861,112.200,4.572,-1.431,52.756,-6.723,-28.400,39.231,-18.600,17.743,0.679,-12.936,-0.779,-0.798,1.818,1.837,11.487,-5.018,-29.229,22.839,0,0,0,0,0.0,0.0,0.0,0.0,0.000,0
11,cube_soft,3887,112.200,0.456,-10.055,59.392,-6.919,-19.972,46.815,-12.132,14.607,3.523,6.468,-7.247,-0.798,-9.746,7.913,9.591,-0.510,-23.741,5.143,0,0,0,0,0.0,0.0,0.0,0.0,0.000,0
11,cube_soft,3912,112.200,5.944,3.077,52.440,-0.647,-18.796,37.967,-6.840,6.767,-4.377,-8.232,-6.267,7.102,-0.730,8.893,-8.105,0.470,-23.937,14.939,0,0,0,0,0.0,0.0,0.0,0.0,0.000,0
11,cube_soft,3937,112.200,-0.328,-0.647,55.600,-4.567,-18.012,35.439,-5.860,16.175,14.899,-10.780,-10.579,7.418,-4.650,8.697,8.327,-2.078,-27.661,25.999,0,0,0,0,0.0,0.0,0.0,0.0,0.000,0
11,cube_soft,3962,112.200,-3.268,-6.919,56.548,-9.663,-20.756,33.859,-5.272,13.039,13.319,-2.352,-11.755,16.582,-5.826,4.777,17.175,2.038,-17.665,14.939,0,0,0,0,0.0,0.0,0.0,0.0,0.000,0
11,cube_soft,3987,112.200,-0.524,0.333,52.756,-7.507,-22.520,53.135,-10.564,9.707,14.583,-15.680,-17.243,2.994,-7.002,11.049,22.231,-6.978,-20.997,22.523,0,0,0,0,0.0,0.0,0.0,0.0,0.000,0
11,cube_soft,4014,112.200,4.768,1.313,58.760,-7.899,-16.836,55.347,-18.600,15.783,8.895,-9.996,-5.679,-1.114,5.150,8.697,9.591,1.450,-28.053,4.511,0,0,0,0,0.0,0.0,0.0,0.0,0.000,0
11,cube_soft,4039,112.200,4.572,-3.195,56.548,-5.743,-15.856,39.863,-22.324,14.411,-0.901,-13.916,-0.975,2.994,1.230,17.125,2.323,-5.410,-18.841,-3.073,0,0,0,0,0.0,0.0,0.0,0.0,0.000,0
11,cube_soft,4064,112.200,-4.444,-7.507,54.652,-0.059,-15.268,46.815,-9.976,19.507,1.943,-15.484,-12.735,-2.694,-8.962,0.073,13.699,-9.526,-21.781,19.679,0,0,0,0,0.0,0.0,0.0,0.0,0.000,0
11,cube_soft,4090,112.200,-5.424,-4.959,55.284,-5.939,-16.052,48.079,-7.232,19.703,2.891,-4.900,-5.091,10.894,-3.670,9.873,9.907,-5.998,-28.249,10.831,0,0,0,0,0.0,0.0,0.0,0.0,0.000,0
11,cube_soft,4115,112.200,-0.328,3.273,50.860,-0.451,-23.108,40.495,-9.976,5.591,17.743,-2.548,-10.187,-0.166,-2.298,14.382,5.799,-6.978,-23.349,15.255,0,0,0,0,0.0,0.0,0.0,0.0,0.000,0
11,cube_soft,4140,112.200,4.180,-10.839,62.552,-9.271,-16.836,48.395,-11.936,11.863,4.155,-11.956,-1.563,1.414,-7.002,12.421,7.063,-4.038,-27.073,15.571,0,0,0,0,0.0,0.0,0.0,0.0,0.000,0
11,cube_soft,4165,112.200,-0.328,-10.643,47.068,-12.015,-10.564,40.495,-10.564,17.351,10.791,-16.464,-5.483,11.210,-11.118,12.225,15.911,-7.370,-30.013,15.255,0,0,0,0,0.0,0.0,0.0,0.0,0.000,0
11,cube_soft,4191,112.200,-2.680,-0.647,56.548,-3.587,-17.032,38.599,-7.232,11.863,6.999,-12.348,-7.051,6.154,-7.002,4.581,17.807,-0.510,-18.645,14.623,0,0,0,0,0.0,0.0,0.0,0.0,0.000,0
11,cube_soft,4216,112.200,3.396,-6.331,54.020,-4.763,-13.504,41.127,-4.488,13.823,8.895,-1.960,-12.147,9.946,-9.550,4.973,1.691,-4.626,-19.429,5.143,0,0,0,0,0.0,0.0,0.0,0.0,0.000,0
11,cube_soft,4241,112.200,4.572,-1.235,57.180,0.137,-15.660,43.655,-10.956,21.663,18.375,-12.152,-15.871,-4.906,-1.122,6.541,2.323,-6.390,-24.133,-4.653,0,0,0,0,0.0,0.0,0.0,0.0,0.000,0
11,cube_soft,4267,112.200,-6.012,-13.191,57.812,-3.783,-18.404,30.067,-10.172,20.095,-0.585,-10.388,-19.007,4.890,-6.218,4.385,6.747,3.802,-19.233,15.571,0,0,0,0,0.0,0.0,0.0,0.0,0.000,0
11,cube_soft,4292,112.200,2.808,-4.371,56.232,-2.607,-19.972,43.971,-6.840,14.411,12.371,-9.212,-1.563,5.206,-7.982,0.661,6.431,-2.862,-16.489,3.563,0,0,0,0,0.0,0.0,0.0,0.0,0.000,0
11,cube_soft,4317,112.200,0.848,-6.527,58.128,-4.567,-17.032,49.659,-11.152,22.839,4.471,-23.128,-14.107,-1.430,-6.218,9.677,12.119,-5.606,-25.113,26.631,0,0,0,0,0.0,0.0,0.0,0.0,0.000,0
11,cube_soft,4343,112.200,-4.248,0.725,64.132,-8.879,-19.384,48.711,-15.856,19.311,4.787,-15.288,-13.519,-0.798,-7.982,-0.711,12.119,-1.686,-16.293,-2.441,0,0,0,0,0.0,0.0,0.0,0.0,0.000,0
11,cube_soft,4369,112.200,15.940,-7.703,55.916,-5.351,-18.012,48.079,-9.388,9.707,4.155,-12.544,-13.715,-1.114,-7.198,1.837,2.955,-5.998,-29.621,7.671,0,0,0,0,0.0,0.0,0.0,0.0,0.000,0
11,cube_soft,4394,112.200,-0.916,-10.251,60.340,-0.647,-16.444,50.291,-15.072,8.727,5.103,-10.976,-7.443,0.782,-12.294,6.933,2.007,-2.470,-27.661,6.723,0,0,0,0,0.0,0.0,0.0,0.0,0.000,0
11,cube_soft,4419,112.200,-0.328,-9.663,59.708,-6.919,-11.348,50.607,-18.208,17.743,8.263,-8.428,-18.419,8.998,-7.002,9.089,4.851,-8.546,-21.585,22.207,0,0,0,0,0.0,0.0,0.0,0.0,0.000,0
11,cube_soft,4445,112.200,8.100,-9.075,53.388,-2.803,-14.876,37.651,-7.036,3.827,9.527,-7.448,-16.263,9.630,-6.610,-0.515,-3.365,-4.234,-12.569,8.935,0,0,0,0,0.0,0.0,0.0,0.0,0.000,0
11,cube_soft,4470,112.200,7.120,-3.783,62.236,-4.175,-18.404,41.759,-4.292,23.231,-4.061,-5.488,-7.051,1.730,-5.434,13.793,2.323,0.078,-29.229,14.623,0,0,0,0,0.0,0.0,0.0,0.0,0.000,0
11,cube_soft,4496,112.288,6.140,1.901,53.072,-8.487,-30.556,49.975,-19.776,18.331,8.895,-18.032,-3.523,-3.326,-19.546,12.813,11.171,8.898,-17.665,25.051,0,0,0,0,0.0,0.0,0.0,0.0,0.000,0
11,cube_soft,4521,112.200,8.492,-14.171,54.020,-4.567,-21.540,46.499,-20.364,21.467,7.631,-8.428,-8.815,3.626,-9.942,8.893,1.691,-7.762,-24.133,13.359,0,0,0,0,0.0,0.0,0.0,0.0,0.000,0
11,cube_soft,4547,112.200,3.004,-2.999,57.180,-6.919,-14.680,37.335,-16.444,20.879,20.587,-6.076,-14.499,-8.698,-6.218,9.285,2.955,-1.294,-22.369,13.991,0,0,0,0,0.0,0.0,0.0,0.0,0.000,0
11,cube_soft,4572,112.200,-2.092,-12.995,52.124,-2.803,-14.680,44.287,-14.680,15.979,-3.429,-13.916,-5.875,2.046,-9.354,7.913,20.019,3.018,-25.309,10.515,0,0,0,0,0.0,0.0,0.0,0.0,0.000,0
11,cube_soft,4598,112.200,4.180,-3.979,73.928,-4.959,-12.720,38.283,-10.956,9.707,11.739,-7.252,-15.675,-7.750,-2.494,10.461,17.491,-4.626,-20.605,8.619,0,0,0,0,0.0,0.0,0.0,0.0,0.000,0
11,cube_soft,4623,112.200,-1.112,-4.959,50.228,-6.527,-18.796,38.599,-17.816,17.155,16.479,-5.292,-12.735,-1.430,0.250,-1.299,11.487,-6.782,-18.253,13.043,0,0,0,0,0.0,0.0,0.0,0.0,0.000,0
11,cube_soft,4648,112.200,-5.424,-3.979,66.028,-4.567,-24.284,40.811,2.764,13.627,8.263,-11.760,-7.051,7.102,-5.238,2.425,2.639,-8.938,-27.661,2.931,0,0,0,0,0.0,0.0,0.0,0.0,0.000,0
11,cube_soft,4674,112.200,0.064,-6.135,58.760,-7.507,-30.948,56.927,-6.056,7.159,7.315,-9.800,-10.775,-5.854,-6.022,8.501,18.439,0.470,-17.273,12.095,0,0,0,0,0.0,0.0,0.0,0.0,0.000,0
11,cube_soft,4699,112.200,2.808,-3.783,61.604,-7.507,-22.324,39.547,-3.704,19.311,-2.797,-9.016,-7.639,-1.430,-1.514,9.677,-1.469,-11.486,-25.897,9.251,0,0,0,0,0.0,0.0,0.0,0.0,0.000,0
11,cube_soft,4724,112.200,-3.464,2.685,60.024,-11.623,-22.128,50.607,-7.036,11.079,27.223,-22.736,-13.715,-1.430,-2.102,8.697,4.851,-1.294,-23.545,30.739,0,0,0,0,0.0,0.0,0.0,0.0,0.000,0
11,cube_soft,4750,112.200,-2.092,-6.135,53.072,-6.723,-12.524,37.967,-4.880,15.587,1.943,-7.252,-11.755,0.466,-13.274,8.501,12.119,-6.390,-27.857,4.195,0,0,0,0,0.0,0.0,0.0,0.0,0.000,0
11,cube_soft,4775,112.200,2.024,-5.155,37.904,-11.231,-14.484,46.183,-8.604,10.099,15.215,-17.052,-11.363,-5.538,-11.902,10.265,6.431,0.274,-16.685,18.099,0,0,0,0,0.0,0.0,0.0,0.0,0.000,0
11,cube_soft,4800,112.200,-7.580,-2.411,48.648,-3.783,-25.852,49.659,-18.404,7.747,5.735,-8.036,-14.303,9.630,-7.394,10.657,-1.469,-3.058,-25.113,16.203,0,0,0,0,0.0,0.0,0.0,0.0,0.000,0
11,cube_soft,4825,112.200,-4.248,-10.055,62.236,-7.115,-14.876,47.447,-9.780,9.315,-1.533,-16.268,-20.379,-5.854,-3.082,5.169,18.123,2.430,-19.821,-0.861,0,0,0,0,0.0,0.0,0.0,0.0,0.000,0
11,cube_soft,4850,112.200,0.456,-1.627,56.864,-4.959,-19.776,44.603,-10.368,18.135,11.423,-10.192,-13.519,15.634,-7.590,6.541,-5.261,-10.898,-24.721,1.667,0,0,0,0,0.0,0.0,0.0,0.0,0.000,0
11,cube_soft,4876,112.112,-1.504,-10.251,61.604,-10.447,-17.816,55.979,-9.388,13.823,12.371,-9.408,-10.971,6.154,-10.530,12.225,4.535,-6.586,-20.213,19.679,0,0,0,0,0.0,0.0,0.0,0.0,0.000,0
11,cube_soft,4901,112.200,-0.328,-5.743,70.768,-7.115,-16.640,34.491,-6.840,22.251,3.207,0.196,-12.931,2.678,-11.510,10.265,-8.105,-1.686,-28.445,15.255,0,0,0,0,0.0,0.0,0.0,0.0,0.000,0
11,cube_soft,4926,112.200,2.612,5.625,49.596,-5.939,-25.460,46.815,-6.644,13.431,-4.061,-14.896,-10.775,8.682,-5.630,5.757,13.699,-10.506,-20.801,-0.861,0,0,0,0,0.0,0.0,0.0,0.0,0.000,0
11,cube_soft,4952,112.200,-6.012,0.529,49.912,-3.195,-17.424,29.751,-15.072,19.507,10.475,-12.936,-15.087,3.626,-1.318,5.169,10.223,2.234,-28.053,16.519,0,0,0,0,0.0,0.0,0.0,0.0,0.000,0
11,cube_soft,4977,112.200,6.728,-7.115,48.648,-6.919,-21.540,37.967,-12.524,13.627,16.795,-8.036,-13.127,-0.798,-15.822,3.013,20.967,-3.842,-21.781,11.779,0,0,0,0,0.0,0.0,0.0,0.0,0.000,0
12,cube_soft,6,60.368,8.296,2.685,78.352,-10.251,-24.872,46.183,-8.604,16.567,6.999,-11.564,-5.875,-8.066,0.446,10.069,2.007,-5.998,-25.309,29.159,0,0,0,0,0.0,0.0,0.0,0.0,0.000,0
12,cube_soft,32,60.544,-2.876,-6.527,24.316,0.333,-0.960,2.891,6.488,-2.249,-3.429,2.744,-7.051,-15.650,-5.238,-2.867,-34.333,1.450,5.463,-11.605,0,0,0,0,0.0,0.0,0.0,0.0,0.000,0
12,cube_soft,58,61.160,8.884,-10.447,27.476,-2.999,-3.116,16.163,0.412,0.103,-7.537,5.488,-1.759,-21.970,-6.610,-4.631,-29.909,-9.330,-0.809,-13.185,0,0,0,0,0.0,0.0,0.0,0.0,0.000,0
12,cube_soft,84,62.216,2.808,0.333,30.004,-8.683,2.764,6.683,-3.116,0.103,-15.437,9.408,-13.911,-4.590,2.994,-5.415,-22.009,-1.294,-12.373,-13.185,0,0,0,0,0.0,0.0,0.0,0.0,0.000,0
12,cube_soft,109,63.448,5.748,3.469,25.580,-6.527,-5.272,11.107,5.508,-2.249,-14.805,2.548,-5.091,-13.122,-8.962,-2.083,-35.913,-1.490,1.347,-0.229,0,0,0,0,0.0,0.0,0.0,0.0,0.000,0
12,cube_soft,135,64.680,-4.640,1.509,19.892,2.097,-1.940,6.999,4.528,1.867,-15.437,5.488,-5.679,-11.858,-3.670,2.425,-23.905,0.666,-5.121,-3.073,0,0,0,0,0.0,0.0,0.0,0.0,0.000,0
12,cube_soft,161,66.000,-3.660,-6.723,28.740,-6.527,-6.840,11.107,-2.724,-4.013,-17.965,-2.548,0.397,-14.386,-5.826,-6.983,-22.325,-14.230,-1.985,-9.393,0,0,0,0,0.0,0.0,0.0,0.0,0.000,0
12,cube_soft,186,67.496,2.808,-0.255,19.576,-5.155,-4.880,16.479,7.860,1.671,-6.589,-2.156,-10.579,-1.114,-13.862,-0.515,-20.745,-1.882,-4.141,-22.349,0,0,0,0,0.0,0.0,0.0,0.0,0.000,0
12,cube_soft,212,68.904,0.260,-4.959,32.848,0.529,4.136,25.011,-0.372,8.727,-15.437,2.940,1.377,-15.966,2.210,-0.319,-16.321,-12.270,-14.137,-3.389,0,0,0,0,0.0,0.0,0.0,0.0,0.000,0
12,cube_soft,238,70.488,-7.776,-3.195,17.680,-5.547,-4.880,17.111,-6.056,3.043,-12.277,5.488,1.181,-7.118,-8.766,-1.495,-19.797,-5.802,-10.217,-7.497,0,0,0,0,0.0,0.0,0.0,0.0,0.000,0
12,cube_soft,263,71.896,2.220,-0.647,29.688,-12.407,-4.096,27.855,6.684,-4.013,-24.285,4.704,0.201,-10.910,3.778,-4.043,-15.373,-0.706,-16.097,-3.389,0,0,0,0,0.0,0.0,0.0,0.0,0.000,0
12,cube_soft,289,73.304,-10.324,0.529,24.632,1.509,-6.840,16.795,-1.744,6.179,-5.009,1.372,-6.267,-8.698,-0.338,0.661,-11.581,-4.822,-15.901,-17.293,0,0,0,0,0.0,0.0,0.0,0.0,0.000,0
12,cube_soft,314,74.800,-6.796,-5.351,33.164,3.077,-5.076,9.527,-8.408,-4.013,-13.225,2.744,-0.191,-0.166,-2.494,-3.455,-17.901,-6.586,-17.077,-13.185,0,0,0,0,0.0,0.0,0.0,0.0,0.000,0
12,cube_soft,340,76.296,-0.524,0.921,26.528,-0.647,-11.544,25.011,-2.332,2.259,-5.957,-0.980,-9.403,-2.062,2.798,-0.711,-19.481,-2.666,-18.057,-5.601,0,0,0,0,0.0,0.0,0.0,0.0,0.000,0
12,cube_soft,365,77.880,3.984,-6.331,27.792,-3.587,-11.152,16.479,2.372,5.199,-10.381,-1.960,-4.111,-18.178,-1.122,-4.043,-15.689,4.586,-12.765,5.459,0,0,0,0,0.0,0.0,0.0,0.0,0.000,0
12,cube_soft,390,79.288,1.240,-6.919,26.844,-3.783,-12.328,14.267,-0.568,9.903,-0.585,-0.392,-8.815,-10.910,1.818,-5.807,-14.109,-7.958,-20.409,-1.493,0,0,0,0,0.0,0.0,0.0,0.0,0.000,0
12,cube_soft,416,80.784,2.808,-9.663,31.584,4.057,-18.404,16.479,-2.332,2.651,-5.641,4.900,-10.775,-16.598,-4.258,0.857,-12.529,-4.626,-19.429,-9.393,0,0,0,0,0.0,0.0,0.0,0.0,0.000,0
12,cube_soft,441,82.280,-7.384,-5.939,37.588,-3.783,-11.348,36.387,-10.760,-2.445,-7.537,9.016,-13.911,-9.646,1.230,-3.063,-6.209,-4.822,-17.077,-1.809,0,0,0,0,0.0,0.0,0.0,0.0,0.000,0
12,cube_soft,467,83.776,0.260,-7.115,38.852,-3.195,-5.664,31.015,-1.352,5.395,-14.805,-0.196,-11.167,-3.326,-6.414,-9.335,-13.477,1.450,-22.565,-8.129,0,0,0,0,0.0,0.0,0.0,0.0,0.000,0
12,cube_soft,492,85.272,-0.524,-9.663,33.796,-8.487,-14.680,34.807,0.020,0.495,1.943,-2.156,-12.539,-10.594,1.622,-3.258,-7.473,-3.646,-15.313,-2.125,0,0,0,0,0.0,0.0,0.0,0.0,0.000,0
12,cube_soft,518,86.680,-1.700,2.097,39.168,-8.291,-5.664,30.067,-6.644,1.671,7.315,-2.940,-4.895,-6.802,-0.142,-0.515,-1.469,1.842,-18.645,-6.233,0,0,0,0,0.0,0.0,0.0,0.0,0.000,0
12,cube_soft,543,88.176,-11.108,-11.231,27.792,-12.407,-14.484,29.119,-10.760,1.475,-1.217,6.860,-20.379,-18.494,1.230,8.109,-9.369,1.842,-26.681,7.987,0,0,0,0,0.0,0.0,0.0,0.0,0.000,0
12,cube_soft,568,89.672,-10.716,2.293,40.116,-10.055,-16.836,34.175,2.568,11.275,-11.961,2.744,-10.775,-14.070,-0.534,-1.495,-7.157,-5.214,-30.993,9.567,0,0,0,0,0.0,0.0,0.0,0.0,0.000,0
12,cube_soft,594,91.080,1.828,-11.231,49.280,-4.371,-26.048,36.703,-5.272,-2.445,-1.533,-2.744,-2.347,-3.642,-1.710,-3.651,-0.205,3.606,-18.645,-4.021,0,0,0,0,0.0,0.0,0.0,0.0,0.000,0
12,cube_soft,619,92.576,-3.660,2.489,40.432,5.037,-21.344,26.591,-8.800,8.335,-0.901,1.176,-6.855,-7.118,1.818,7.129,-11.265,3.214,-14.921,11.779,0,0,0,0,0.0,0.0,0.0,0.0,0.000,0
12,cube_soft,644,93.896,2.808,-13.975,43.592,-4.175,-27.812,33.227,-12.132,5.199,-2.481,-7.644,-19.203,-10.594,7.306,-5.807,-4.945,-6.390,-18.057,10.831,0,0,0,0,0.0,0.0,0.0,0.0,0.000,0
12,cube_soft,670,95.480,-4.836,-13.191,50.228,-8.095,-13.504,37.335,-3.312,10.491,-10.697,-11.368,-9.207,-9.962,-3.866,2.425,-10.949,-12.466,-30.797,-0.545,0,0,0,0,0.0,0.0,0.0,0.0,0.000,0
12,cube_soft,696,96.888,-6.012,-3.783,50.860,-0.647,-23.304,34.175,-5.664,8.531,-5.641,-3.136,-6.659,-23.234,-1.906,6.541,-1.785,-4.626,-27.269,-3.389,0,0,0,0,0.0,0.0,0.0,0.0,0.000,0
12,cube_soft,722,98.296,-3.268,-4.959,45.804,-2.607,-27.616,37.651,-5.076,12.451,-4.061,-3.332,-14.499,-4.906,-2.690,2.229,-1.469,6.350,-21.389,12.095,0,0,0,0,0.0,0.0,0.0,0.0,0.000,0
12,cube_soft,747,99.704,-0.132,-11.427,44.856,-5.351,-19.972,61.351,2.764,9.315,4.471,0.196,-5.287,2.046,-0.730,-1.299,-12.213,-5.214,-26.485,10.515,0,0,0,0,0.0,0.0,0.0,0.0,0.000,0
12,cube_soft,773,101.024,-1.308,-4.371,46.436,3.861,-20.952,53.451,-6.644,3.631,-5.009,3.920,-16.067,-9.962,-0.730,4.581,-5.577,-0.314,-20.801,-8.761,0,0,0,0,0.0,0.0,0.0,0.0,0.000,0
12,cube_soft,798,102.432,-0.328,-6.527,51.176,-1.431,-14.876,48.395,-4.684,15.195,-2.165,-15.876,-10.579,-8.698,-2.102,12.617,1.059,-5.998,-20.409,2.615,0,0,0,0,0.0,0.0,0.0,0.0,0.000,0
12,cube_soft,823,103.752,2.024,-4.763,52.756,2.097,-22.128,47.763,-8.408,8.139,2.891,1.372,-15.087,-3.010,-2.886,-6.395,8.327,-1.098,-28.641,-1.809,0,0,0,0,0.0,0.0,0.0,0.0,0.000,0
12,cube_soft,849,105.160,-8.168,-3.783,45.172,-3.979,-20.168,50.607,-6.252,7.943,9.211,-4.312,-8.227,-4.274,-3.474,6.541,-0.837,-4.430,-34.717,5.143,0,0,0,0,0.0,0.0,0.0,0.0,0.000,0
12,cube_soft,874,106.480,-2.680,-2.019,53.704,-7.899,-22.716,44.287,-9.388,8.335,-1.849,-7.840,-12.931,-2.378,-7.982,-1.103,-2.101,-1.686,-32.757,6.407,0,0,0,0,0.0,0.0,0.0,0.0,0.000,0
12,cube_soft,899,107.800,1.044,-6.723,59.392,-5.743,-18.404,38.915,-11.152,10.687,-1.533,-7.448,-12.735,-1.430,-8.178,9.089,10.539,2.626,-23.741,19.679,0,0,0,0,0.0,0.0,0.0,0.0,0.000,0
12,cube_soft,924,109.120,0.848,-8.095,45.172,-2.999,-20.364,42.075,-14.876,20.683,17.427,-0.392,-8.423,-6.802,-7.786,3.013,-0.205,-7.370,-21.781,4.195,0,0,0,0,0.0,0.0,0.0,0.0,0.000,0
12,cube_soft,950,110.352,5.552,1.705,59.392,-4.175,-19.972,43.971,-16.444,12.843,0.995,-11.368,-7.835,-4.590,-4.650,1.837,6.431,-5.802,-17.861,1.983,0,0,0,0,0.0,0.0,0.0,0.0,0.000,0
12,cube_soft,975,111.496,-7.972,-6.135,68.872,-9.859,-17.620,46.815,-18.796,19.899,4.471,-8.428,-4.111,2.994,-0.338,8.305,14.647,-2.078,-21.389,5.459,0,0,0,0,0.0,0.0,0.0,0.0,0.000,0
12,cube_soft,1000,111.936,-0.132,-8.683,58.444,-7.507,-23.500,45.551,-9.780,6.179,3.207,-1.568,-5.287,12.474,0.642,14.382,14.015,-5.214,-24.917,1.983,0,0,0,0,0.0,0.0,0.0,0.0,0.000,0
12,cube_soft,1025,112.200,0.652,-3.783,50.544,0.137,-25.656,35.439,-16.248,18.527,3.839,-14.308,-2.151,-9.330,-9.942,-0.319,0.427,-14.426,-14.921,17.467,0,0,0,0,0.0,0.0,0.0,0.0,0.000,0
12,cube_soft,1055,112.376,-5.620,-8.879,67.292,-10.251,-23.696,47.131,-10.368,22.055,10.159,-13.328,-17.439,5.522,-15.822,2.229,26.339,-1.294,-21.781,9.251,0,0,0,0,0.0,0.0,0.0,0.0,0.000,0
12,cube_soft,1081,112.376,-1.700,-9.271,74.244,-9.859,-25.460,43.023,-9.584,8.531,1.311,-15.288,-7.639,8.682,-0.142,6.149,7.063,-4.234,-24.525,7.039,0,0,0,0,0.0,0.0,0.0,0.0,0.000,0
12,cube_soft,1107,112.376,8.492,-2.607,62.552,-9.271,-21.344,46.815,-12.524,12.843,16.479,-8.232,-7.443,-3.010,-13.666,0.661,21.599,-5.214,-20.017,1.035,0,0,0,0,0.0,0.0,0.0,0.0,0.000,0
12,cube_soft,1132,112.376,0.456,-6.331,61.920,-8.487,-17.228,53.767,-14.876,17.743,-1.217,-15.876,-8.227,-2.062,-7.198,0.661,3.903,-6.390,-25.309,4.195,0,0,0,0,0.0,0.0,0.0,0.0,0.000,0
12,cube_soft,1158,112.376,-1.700,-2.019,55.916,1.117,-22.716,45.235,-13.504,13.627,-3.429,-16.072,-10.971,11.842,-13.666,11.245,8.327,2.822,-32.953,0.719,0,0,0,0,0.0,0.0,0.0,0.0,0.000,0
12,cube_soft,1183,112.376,9.080,-6.135,62.552,-3.391,-14.680,54.083,-10.956,7.747,3.523,-10.192,-10.579,-9.330,-9.550,5.953,12.435,-3.842,-21.193,12.095,0,0,0,0,0.0,0.0,0.0,0.0,0.000,0
12,cube_soft,1208,112.464,-0.328,-6.331,53.704,-2.607,-19.384,47.763,-9.192,6.375,8.895,-7.056,-15.087,1.414,-18.566,7.717,3.587,2.038,-19.037,9.567,0,0,0,0,0.0,0.0,0.0,0.0,0.000,0
12,cube_soft,1233,112.464,-1.504,1.313,55.916,-7.703,-21.932,37.651,-17.032,11.079,-1.849,-17.052,-15.087,-2.694,-1.122,3.993,8.011,-2.862,-27.857,4.511,0,0,0,0,0.0,0.0,0.0,0.0,0.000,0
12,cube_soft,1259,112.376,7.708,-17.111,65.396,-10.251,-30.164,37.335,-7.232,20.487,7.631,-12.152,-10.187,11.842,-7.198,15.753,2.955,-0.706,-22.761,5.143,0,0,0,0,0.0,0.0,0.0,0.0,0.000,0
12,cube_soft,1284,112.464,6.336,-4.763,55.284,-7.899,-25.460,39.231,-15.072,18.527,-5.009,-13.132,-7.835,-1.114,-9.550,12.617,8.327,-2.078,-25.309,12.411,0,0,0,0,0.0,0.0,0.0,0.0,0.000,0
12,cube_soft,1310,112.464,-8.364,-4.763,53.704,2.293,-10.564,54.083,-11.544,13.627,5.103,-16.072,-5.091,9.314,1.622,17.125,4.219,-0.902,-28.837,7.987,0,0,0,0,0.0,0.0,0.0,0.0,0.000,0
12,cube_soft,1335,112.464,5.748,2.097,68.556,-5.743,-12.524,45.235,-7.036,15.979,0.679,-2.744,-5.875,-9.962,-12.686,6.541,5.799,-3.254,-20.213,-0.545,0,0,0,0,0.0,0.0,0.0,0.0,0.000,0
12,cube_soft,1361,112.464,-2.680,-1.431,54.020,-16.523,-16.052,44.603,-4.880,14.607,-2.165,-3.920,-13.715,7.734,-12.882,8.697,15.911,1.646,-28.837,13.991,0,0,0,0,0.0,0.0,0.0,0.0,0.000,0
12,cube_soft,1386,112.464,7.512,3.077,63.184,-1.823,-18.208,53.451,-15.660,12.843,-2.481,-9.996,-3.131,2.362,-5.434,11.049,2.639,-4.038,-20.017,10.199,0,0,0,0,0.0,0.0,0.0,0.0,0.000,0
12,cube_soft,1411,112.464,1.632,-5.155,52.756,-1.039,-18.600,35.439,-18.404,10.883,10.475,-10.584,-19.399,-3.326,-7.590,0.661,11.487,-5.018,-21.585,19.047,0,0,0,0,0.0,0.0,0.0,0.0,0.000,0
12,cube_soft,1436,112.464,-8.364,-1.431,55.916,-4.567,-25.460,47.447,-9.192,10.295,0.047,-11.368,-2.935,-1.114,-8.570,13.597,16.227,-0.902,-23.153,4.195,0,0,0,0,0.0,0.0,0.0,0.0,0.000,0
12,cube_soft,1462,112.464,7.120,0.333,61.288,0.137,-23.696,55.663,-13.112,21.859,11.107,-8.428,-13.323,-1.430,-13.274,4.777,13.699,5.762,-28.837,8.619,0,0,0,0,0.0,0.0,0.0,0.0,0.000,0
12,cube_soft,1487,112.464,6.140,-2.803,44.856,-10.447,-22.716,36.703,-13.700,19.507,0.047,-14.504,-15.479,-9.962,-11.706,7.326,19.071,4.390,-30.797,11.463,0,0,0,0,0.0,0.0,0.0,0.0,0.000,0
12,cube_soft,1513,112.464,3.396,6.409,64.132,-8.095,-19.580,31.331,-8.212,8.923,-1.849,-2.156,-5.875,-0.798,-8.374,6.737,17.807,2.430,-15.509,18.415,0,0,0,0,0.0,0.0,0.0,0.0,0.000,0
12,cube_soft,1539,112.464,7.120,-0.255,79.300,-4.567,-22.324,46.815,-6.840,23.819,7.631,-9.016,-7.835,6.154,-10.726,12.813,16.543,-0.706,-31.385,7.987,0,0,0,0,0.0,0.0,0.0,0.0,0.000,0
12,cube_soft,1564,112.464,1.632,3.665,60.340,3.077,-14.288,45.551,-17.620,12.059,7.631,-14.112,-9.207,-5.854,-10.138,13.597,10.855,-1.686,-24.525,-2.757,0,0,0,0,0.0,0.0,0.0,0.0,0.000,0
12,cube_soft,1589,112.464,0.652,-2.411,54.968,-3.587,-13.896,52.819,-13.896,9.511,1.627,-4.312,-14.303,6.154,-0.730,1.641,4.535,-1.294,-16.489,15.255,0,0,0,0,0.0,0.0,0.0,0.0,0.000,0
12,cube_soft,1615,112.464,4.180,-1.235,65.080,-8.487,-9.976,51.555,-11.152,21.859,7.315,-0.980,-18.615,5.838,-8.374,13.793,6.431,-1.490,-30.013,21.575,0,0,0,0,0.0,0.0,0.0,0.0,0.000,0
12,cube_soft,1640,112.464,4.572,0.333,54.336,1.509,-25.264,41.127,-10.760,17.351,-7.537,-12.152,-6.267,5.522,-8.374,7.326,16.227,1.842,-22.369,1.351,0,0,0,0,0.0,0.0,0.0,0.0,0.000,0
12,cube_soft,1665,112.464,0.848,-3.195,65.080,-8.291,-29.772,48.079,-10.760,15.587,0.047,-25.284,-3.915,1.098,-7.982,9.285,13.383,-1.098,-20.997,6.723,0,0,0,0,0.0,0.0,0.0,0.0,0.000,0
12,cube_soft,1690,112.464,2.612,-1.039,59.708,1.117,-17.424,53.767,-10.956,16.959,9.843,-12.740,-13.127,-2.378,-3.082,-0.711,-9.369,-2.862,-27.857,7.671,0,0,0,0,0.0,0.0,0.0,0.0,0.000,0
12,cube_soft,1715,112.464,7.120,-2.215,59.392,1.313,-20.952,30.699,-12.524,13.627,0.047,-7.056,-7.051,7.734,-9.942,15.557,16.859,2.822,-22.761,15.571,0,0,0,0,0.0,0.0,0.0,0.0,0.000,0
12,cube_soft,1740,112.464,2.612,6.997,66.028,-0.647,-18.600,51.239,-9.388,22.251,1.311,-12.936,-4.895,-8.066,-3.278,5.365,7.063,3.214,-24.133,8.619,0,0,0,0,0.0,0.0,0.0,0.0,0.000,0
12,cube_soft,1765,112.464,7.904,-6.331,49.912,-7.311,-23.108,49.027,-7.428,12.451,-13.857,-2.156,-11.951,-5.854,-1.710,10.461,11.171,5.958,-26.485,10.831,0,0,0,0,0.0,0.0,0.0,0.0,0.000,0
12,cube_soft,1790,112.464,-0.524,-4.567,63.184,0.333,-18.992,46.815,-12.916,25.975,-6.905,-11.760,-9.403,-5.538,-1.318,13.205,13.383,-8.350,-25.309,11.779,0,0,0,0,0.0,0.0,0.0,0.0,0.000,0
12,cube_soft,1816,112.464,0.652,0.921,55.916,-8.683,-16.052,34.807,-17.228,10.491,11.107,-16.268,-9.011,17.530,-7.198,8.893,-2.101,-4.626,-25.113,11.779,0,0,0,0,0.0,0.0,0.0,0.0,0.000,0
12,cube_soft,1841,112.464,1.632,5.625,57.180,0.725,-18.600,29.751,-11.152,15.587,1.943,-10.388,-10.775,1.098,-11.314,6.933,5.167,-0.314,-27.269,1.035,0,0,0,0,0.0,0.0,0.0,0.0,0.000,0
12,cube_soft,1866,112.464,5.356,1.117,59.076,-5.155,-29.380,45.551,-8.408,17.547,-2.165,-15.484,-4.699,13.738,-1.122,11.245,5.167,-2.470,-24.329,0.719,0,0,0,0,0.0,0.0,0.0,0.0,0.000,0
12,cube_soft,1891,112.464,-1.112,-10.055,58.444,-2.803,-18.992,45.551,-12.328,16.175,-5.641,-3.724,-9.011,-1.746,-0.926,8.501,0.111,-8.350,-29.229,10.831,0,0,0,0,0.0,0.0,0.0,0.0,0.000,0
12,cube_soft,1916,112.464,4.180,2.097,51.808,-1.039,-17.816,45.235,-8.016,11.471,2.259,-11.564,-10.971,-3.958,-3.670,6.345,10.539,-3.450,-22.369,6.407,0,0,0,0,0.0,0.0,0.0,0.0,0.000,0
12,cube_soft,1941,112.376,8.884,-3.195,66.344,-9.859,-14.092,50.607,-14.876,9.903,-0.901,-3.724,-9.403,-5.222,-16.998,14.773,14.015,-0.510,-26.485,11.779,0,0,0,0,0.0,0.0,0.0,0.0,0.000,0
12,cube_soft,1967,112.464,8.884,0.333,61.288,1.313,-23.108,51.239,-11.152,13.039,3.207,-12.348,-10.971,0.782,1.426,3.601,-3.997,-8.742,-23.545,3.879,0,0,0,0,0.0,0.0,0.0,0.0,0.000,0
12,cube_soft,1992,112.464,2.024,-0.451,62.868,-6.527,-16.248,36.071,-19.188,17.939,8.895,-4.116,-9.011,6.154,-10.334,1.249,1.691,-0.706,-18.645,-7.181,0,0,0,0,0.0,0.0,0.0,0.0,0.000,0
12,cube_soft,2017,112.464,7.512,-5.155,47.700,-5.939,-20.756,55.979,-16.640,17.155,14.583,-1.960,-8.031,-2.694,-5.630,3.601,-0.521,-6.978,-25.113,10.199,0,0,0,0,0.0,0.0,0.0,0.0,0.000,0
12,cube_soft,2043,112.464,-2.288,1.705,65.396,-4.175,-21.932,48.079,-12.328,9.315,-10.381,-16.856,-8.227,-1.430,-7.002,2.621,2.007,4.194,-24.329,12.095,0,0,0,0,0.0,0.0,0.0,0.0,0.000,0
12,cube_soft,2075,112.464,0.848,-7.311,58.444,-14.367,-16.836,57.559,-14.484,21.467,-4.377,-13.524,-7.051,10.262,-9.746,1.249,24.759,1.254,-13.157,17.783,0,0,0,0,0.0,0.0,0.0,0.0,0.000,0
12,cube_soft,2101,112.464,-10.520,-8.095,63.500,-2.999,-12.524,59.771,-11.152,6.375,-6.905,-17.052,-12.539,2.678,-2.690,10.657,19.071,0.666,-21.193,7.355,0,0,0,0,0.0,0.0,0.0,0.0,0.000,0
12,cube_soft,2126,112.464,-3.856,-2.411,56.864,-10.055,-15.660,40.495,-12.916,15.783,3.523,-0.588,-6.267,2.678,-9.550,12.813,5.167,-0.118,-16.097,1.667,0,0,0,0,0.0,0.0,0.0,0.0,0.000,0
12,cube_soft,2151,112.464,0.848,-1.039,61.288,0.725,-21.344,56.295,-6.448,14.999,4.471,-16.268,-5.875,7.102,-9.158,8.893,12.119,-4.430,-21.193,10.199,0,0,0,0,0.0,0.0,0.0,0.0,0.000,0
12,cube_soft,2176,112.464,-3.660,0.137,51.176,-13.583,-9.976,56.295,-8.408,15.979,15.531,-8.036,-9.795,-3.958,-2.886,9.873,6.115,1.058,-21.781,20.311,0,0,0,0,0.0,0.0,0.0,0.0,0.000,0
12,cube_soft,2201,112.464,-2.092,-2.999,62.868,-7.311,-17.424,42.075,-9.388,9.707,-1.217,-15.092,-7.835,7.734,-11.902,11.833,4.535,0.862,-10.413,-0.229,0,0,0,0,0.0,0.0,0.0,0.0,0.000,0
12,cube_soft,2227,112.464,8.296,2.489,60.656,-5.939,-22.324,54.083,-12.720,20.879,1.943,-11.760,-15.087,-2.378,0.054,-0.123,4.219,-5.802,-29.033,19.047,0,0,0,0,0.0,0.0,0.0,0.0,0.000,0
12,cube_soft,2252,112.464,0.260,-1.823,55.284,-9.663,-18.208,37.335,-2.724,14.215,-9.749,-2.744,-16.067,3.310,-9.354,3.601,1.375,-1.490,-19.625,16.203,0,0,0,0,0.0,0.0,0.0,0.0,0.000,0
12,cube_soft,2277,112.464,4.768,-5.155,60.656,4.253,-28.596,42.075,-11.544,11.275,21.851,-10.388,-11.559,-0.166,-7.002,3.209,3.903,-4.822,-24.329,4.511,0,0,0,0,0.0,0.0,0.0,0.0,0.000,0
12,cube_soft,2303,112.464,2.220,-0.255,64.764,-11.427,-18.208,47.763,-9.584,8.335,8.895,-12.348,-17.439,-10.594,1.230,6.345,16.859,4.390,-27.661,6.091,0,0,0,0,0.0,0.0,0.0,0.0,0.000,0
12,cube_soft,2328,112.464,-3.856,-1.431,60.656,-7.507,-14.876,60.719,-6.840,20.291,14.583,-2.352,-7.443,16.266,-8.766,5.169,16.859,0.078,-31.385,-0.545,0,0,0,0,0.0,0.0,0.0,0.0,0.000,0
12,cube_soft,2353,112.464,1.044,-2.019,54.652,-12.407,-20.168,41.443,-12.132,16.763,-2.481,-8.428,-15.479,5.522,-0.142,9.089,13.067,-6.782,-21.977,1.035,0,0,0,0,0.0,0.0,0.0,0.0,0.000,0
12,cube_soft,2379,112.464,3.592,-4.959,61.288,-6.331,-20.364,49.975,-14.288,8.923,6.999,-16.464,-12.343,10.262,-5.238,13.009,15.911,-2.274,-22.565,9.883,0,0,0,0,0.0,0.0,0.0,0.0,0.000,0
12,cube_soft,2404,112.464,0.848,3.469,46.752,-3.587,-20.952,42.391,-10.172,22.839,-0.901,-15.680,-14.303,-0.166,-10.530,6.541,2.007,-1.882,-22.957,11.147,0,0,0,0,0.0,0.0,0.0,0.0,0.000,0
12,cube_soft,2429,112.464,-3.464,-0.843,64.448,-3.391,-19.776,50.923,-4.292,13.235,5.103,-5.684,-10.775,10.262,-10.530,1.053,9.591,2.234,-28.837,7.039,0,0,0,0,0.0,0.0,0.0,0.0,0.000,0
12,cube_soft,2454,112.464,-3.268,-7.899,62.236,4.253,-11.152,52.187,-6.840,13.039,-8.801,-18.620,-4.307,8.682,-12.686,4.777,13.067,-1.686,-30.601,7.355,0,0,0,0,0.0,0.0,0.0,0.0,0.000,0
12,cube_soft,2479,112.464,12.020,-11.231,65.080,-10.251,-8.212,42.707,-4.684,10.491,-0.585,-16.268,-10.383,7.734,-2.690,1.445,12.435,-4.038,-20.605,6.407,0,0,0,0,0.0,0.0,0.0,0.0,0.000,0
12,cube_soft,2504,112.464,8.688,-1.823,51.492,-2.215,-13.700,55.031,-11.740,12.451,8.895,-8.624,-14.499,7.418,-6.806,7.521,14.963,0.274,-23.545,11.147,0,0,0,0,0.0,0.0,0.0,0.0,0.000,0
12,cube_soft,2529,112.464,1.632,4.841,63.500,-8.095,-15.072,47.447,-10.564,22.055,-4.061,-15.092,-3.915,-0.166,-8.570,11.637,9.591,7.134,-29.817,12.727,0,0,0,0,0.0,0.0,0.0,0.0,0.000,0
12,cube_soft,2554,112.464,4.376,7.977,57.180,-0.647,-12.916,61.035,-10.956,16.371,0.363,-3.332,-19.595,8.682,-6.806,3.601,7.063,-1.686,-30.209,15.571,0,0,0,0,0.0,0.0,0.0,0.0,0.000,0
12,cube_soft,2580,112.464,2.024,0.921,68.872,-11.427,-20.952,48.711,-14.092,19.899,19.007,-6.272,-17.047,9.314,-1.710,12.225,14.331,-7.174,-26.877,1.983,0,0,0,0,0.0,0.0,0.0,0.0,0.000,0
12,cube_soft,2605,112.464,2.416,-1.235,62.868,-7.311,-12.328,55.663,-9.976,5.003,-0.901,-17.248,-10.579,11.526,-13.666,3.013,10.855,-5.018,-26.485,-6.549,0,0,0,0,0.0,0.0,0.0,0.0,0.000,0
12,cube_soft,2630,112.464,-1.308,-3.587,53.072,-6.135,-21.736,30.383,-3.312,11.275,5.735,-12.740,-11.951,4.890,-0.142,3.601,8.643,-8.154,-28.837,-0.229,0,0,0,0,0.0,0.0,0.0,0.0,0.000,0
12,cube_soft,2656,112.464,1.828,0.333,60.972,3.273,-19.384,51.555,-12.132,18.135,5.103,-15.680,-18.419,11.526,-5.434,7.521,8.959,0.470,-23.545,15.255,0,0,0,0,0.0,0.0,0.0,0.0,0.000,0
12,cube_soft,2681,112.464,-2.092,-4.959,59.392,-1.431,-21.344,50.607,-8.800,15.979,3.839,-13.132,-4.503,8.998,4.954,3.405,9.591,-3.058,-13.745,-3.389,0,0,0,0,0.0,0.0,0.0,0.0,0.000,0
12,cube_soft,2706,112.464,-0.916,-1.431,50.544,-9.663,-15.268,43.339,-12.132,20.291,1.943,-10.388,-9.991,1.414,-6.022,3.601,24.443,0.078,-26.877,17.467,0,0,0,0,0.0,0.0,0.0,0.0,0.000,0
12,cube_soft,2731,112.464,12.216,5.625,72.980,-7.115,-22.716,48.711,-10.564,7.747,-1.533,-6.860,-4.307,1.414,-6.610,3.405,30.131,-5.018,-16.685,15.571,0,0,0,0,0.0,0.0,0.0,0.0,0.000,0
12,cube_soft,2757,112.464,9.276,-0.451,55.600,-1.235,-25.264,48.079,-4.684,15.391,-4.377,-15.288,-7.443,-10.594,-12.882,7.326,8.959,1.254,-22.173,7.039,0,0,0,0,0.0,0.0,0.0,0.0,0.000,0
12,cube_soft,2783,112.464,-4.640,-2.215,60.972,5.037,-17.228,34.175,-6.840,15.587,10.475,-19.012,-18.223,3.626,-1.906,13.793,2.955,-3.254,-25.701,16.835,0,0,0,0,0.0,0.0,0.0,0.0,0.000,0
12,cube_soft,2808,112.464,2.416,-9.271,53.388,-3.391,-18.992,57.875,-8.996,10.883,9.527,-9.016,-14.891,5.206,-7.002,5.365,11.487,-4.822,-15.901,-0.545,0,0,0,0,0.0,0.0,0.0,0.0,0.000,0
12,cube_soft,2833,112.464,4.572,-6.723,72.664,-12.211,-12.720,52.187,-0.960,14.607,14.899,-11.956,-7.051,5.206,-2.494,2.229,7.063,-2.470,-27.661,16.203,0,0,0,0,0.0,0.0,0.0,0.0,0.000,0
12,cube_soft,2859,112.464,-2.288,-1.431,64.764,-5.939,-16.052,49.027,-16.836,11.079,-3.429,-6.860,-15.675,8.366,-3.866,6.737,5.167,-10.898,-20.801,13.359,0,0,0,0,0.0,0.0,0.0,0.0,0.000,0
12,cube_soft,2885,112.464,-1.896,0.921,61.920,-2.803,-8.800,44.603,-11.740,14.803,7.947,-8.036,-10.971,-8.698,-6.218,8.305,-4.945,-4.430,-29.033,12.095,0,0,0,0,0.0,0.0,0.0,0.0,0.000,0
12,cube_soft,2910,112.464,-3.856,0.529,53.704,-0.843,-19.972,54.715,-10.368,14.019,-7.221,-26.068,-7.443,-1.430,-3.082,14.185,9.907,-3.058,-24.917,10.515,0,0,0,0,0.0,0.0,0.0,0.0,0.000,0
12,cube_soft,2935,112.464,-0.916,-0.451,51.808,0.529,-24.872,45.867,-10.956,10.295,1.627,-2.548,-11.363,8.998,7.110,6.345,-5.577,1.646,-29.425,9.251,0,0,0,0,0.0,0.0,0.0,0.0,0.000,0
12,cube_soft,2960,112.464,-5.032,0.137,61.288,-2.607,-15.268,53.135,-13.112,21.859,2.891,-9.800,-2.543,8.050,0.250,13.401,13.067,1.646,-22.957,15.571,0,0,0,0,0.0,0.0,0.0,0.0,0.000,0
12,cube_soft,2986,112.464,-1.896,2.097,46.120,-2.215,-9.584,50.923,-0.568,9.119,10.475,-4.312,-0.975,-5.538,-3.866,12.225,14.015,-2.470,-23.937,1.351,0,0,0,0,0.0,0.0,0.0,0.0,0.000,0
12,cube_soft,3011,112.464,-8.756,-15.151,55.916,-4.567,-32.712,47.763,-8.800,16.763,6.999,-13.916,-7.051,8.366,-2.494,13.597,17.491,-4.234,-25.897,-8.445,0,0,0,0,0.0,0.0,0.0,0.0,0.000,0
12,cube_soft,3037,112.464,2.808,0.137,62.868,3.861,-24.088,46.815,-7.820,13.039,11.107,-13.524,-14.891,11.842,-7.982,9.873,-2.417,-7.566,-24.721,13.359,0,0,0,0,0.0,0.0,0.0,0.0,0.000,0
12,cube_soft,3062,112.464,3.592,-2.803,64.764,-4.763,-18.600,45.235,-9.976,14.215,-7.537,-14.308,-5.287,0.782,-5.630,5.365,7.379,2.430,-16.293,10.199,0,0,0,0,0.0,0.0,0.0,0.0,0.000,0
12,cube_soft,3094,112.464,0.260,-0.451,63.500,-0.843,-17.424,52.819,-8.016,18.919,8.895,-20.972,-3.523,-1.114,-4.062,13.205,8.643,-0.902,-29.033,4.827,0,0,0,0,0.0,0.0,0.0,0.0,0.000,0
12,cube_soft,3120,112.464,1.240,-5.351,67.924,-6.331,-9.976,52.503,-14.680,14.803,-4.061,-7.448,-12.147,7.734,-4.062,11.441,22.863,1.058,-24.917,7.987,0,0,0,0,0.0,0.0,0.0,0.0,0.000,0
12,cube_soft,3145,112.464,4.768,-6.919,53.388,-5.155,-21.540,53.135,-4.096,3.435,10.791,-2.548,-13.911,0.782,-12.686,6.541,20.651,1.646,-20.801,10.831,0,0,0,0,0.0,0.0,0.0,0.0,0.000,0
12,cube_soft,3170,112.464,8.492,5.625,57.496,-9.467,-22.912,52.819,-13.504,18.135,15.847,-12.936,-8.619,0.782,-1.318,6.541,7.379,1.450,-28.445,1.983,0,0,0,0,0.0,0.0,0.0,0.0,0.000,0
12,cube_soft,3196,112.464,-2.680,0.137,46.752,-4.959,-20.560,43.971,-12.720,21.271,4.471,-17.640,-15.675,4.574,-5.630,4.777,4.219,-9.134,-23.545,14.623,0,0,0,0,0.0,0.0,0.0,0.0,0.000,0
12,cube_soft,3221,112.464,-3.072,0.921,56.232,-5.155,-18.404,61.983,-11.152,18.723,2.259,-11.172,-10.971,3.942,-9.550,5.953,9.907,-4.626,-23.545,6.407,0,0,0,0,0.0,0.0,0.0,0.0,0.000,0
12,cube_soft,3246,112.464,-5.816,-9.271,48.016,2.685,-18.796,48.711,-3.508,7.943,8.579,-21.952,-2.739,0.466,-12.098,11.049,-1.153,-1.490,-22.173,23.471,0,0,0,0,0.0,0.0,0.0,0.0,0.000,0
12,cube_soft,3272,112.464,7.904,2.489,60.024,-8.095,-14.876,47.447,-15.856,8.727,-1.533,-15.680,-18.419,7.102,-9.158,9.873,12.435,-5.410,-22.957,18.415,0,0,0,0,0.0,0.0,0.0,0.0,0.000,0
12,cube_soft,3297,112.464,-8.168,-0.647,60.340,-5.155,-19.972,44.287,-16.052,17.547,7.631,-8.624,-6.071,1.098,-1.122,3.601,-5.893,-4.822,-17.077,12.411,0,0,0,0,0.0,0.0,0.0,0.0,0.000,0
12,cube_soft,3323,112.464,-5.032,7.193,55.284,9.741,-17.228,37.335,-18.404,13.039,6.683,-7.840,-8.619,5.838,0.838,5.561,5.799,0.666,-20.605,2.931,0,0,0,0,0.0,0.0,0.0,0.0,0.000,0
12,cube_soft,3348,112.464,4.180,-7.507,61.288,-0.255,-22.520,39.231,-8.604,13.627,-9.117,-15.092,-16.655,4.574,-4.650,15.949,3.587,6.350,-19.429,26.631,0,0,0,0,0.0,0.0,0.0,0.0,0.000,0
12,cube_soft,3373,112.464,6.532,-5.155,54.652,1.901,-16.248,41.127,-8.212,9.903,-6.589,-3.136,-9.207,2.678,-8.178,10.461,9.275,-8.350,-23.741,2.615,0,0,0,0,0.0,0.0,0.0,0.0,0.000,0
12,cube_soft,3398,112.464,2.612,5.233,50.228,-6.135,-24.284,54.399,-9.780,26.955,2.891,-10.976,-10.187,-8.698,-3.278,2.425,14.015,-4.038,-17.077,4.195,0,0,0,0,0.0,0.0,0.0,0.0,0.000,0
12,cube_soft,3423,112.464,4.768,0.137,60.656,-7.115,-18.600,62.931,-6.840,11.079,6.999,-5.292,-16.655,-4.590,-12.294,3.209,7.695,1.842,-16.685,6.407,0,0,0,0,0.0,0.0,0.0,0.0,0.000,0
12,cube_soft,3448,112.376,-2.876,5.233,66.660,-3.195,-20.756,44.919,-14.484,12.647,8.579,1.764,-11.363,-1.746,-7.002,7.326,16.543,-7.958,-20.801,7.355,0,0,0,0,0.0,0.0,0.0,0.0,0.000,0
12,cube_soft,3475,112.464,8.100,2.097,54.968,0.137,-25.460,44.287,-13.700,9.707,7.631,-8.232,-1.367,3.626,-6.218,12.029,5.167,1.450,-23.153,12.727,0,0,0,0,0.0,0.0,0.0,0.0,0.000,0
12,cube_soft,3501,112.464,1.240,-4.959,54.336,-1.235,-25.852,40.179,-15.856,3.631,-0.901,-15.876,0.201,6.154,-9.746,6.541,-3.365,0.078,-25.309,7.987,0,0,0,0,0.0,0.0,0.0,0.0,0.000,0
12,cube_soft,3526,112.464,10.060,-1.627,68.872,3.861,-21.344,48.079,-26.832,16.763,-11.645,-4.312,-11.363,-3.010,-6.022,7.717,6.747,-5.410,-16.097,14.939,0,0,0,0,0.0,0.0,0.0,0.0,0.000,0
12,cube_soft,3551,112.464,0.848,-4.175,60.972,-6.331,-17.816,44.287,-8.604,18.135,4.471,-17.052,-7.639,1.730,2.210,12.225,14.647,-6.978,-28.445,13.043,0,0,0,0,0.0,0.0,0.0,0.0,0.000,0
12,cube_soft,3576,112.464,5.356,1.313,55.600,-6.135,-12.916,41.443,-15.660,11.471,-0.585,-13.916,-10.579,3.626,2.014,5.169,2.639,0.470,-21.977,7.039,0,0,0,0,0.0,0.0,0.0,0.0,0.000,0
12,cube_soft,3601,112.464,-3.464,-3.979,60.972,2.097,-14.876,48.079,-8.016,12.255,4.155,-3.332,-6.659,6.470,-2.298,5.169,3.903,-7.174,-20.605,18.731,0,0,0,0,0.0,0.0,0.0,0.0,0.000,0
12,cube_soft,3626,112.464,8.296,-3.195,67.924,-5.939,-24.676,39.863,-10.172,17.155,7.631,-13.720,-7.247,0.466,-10.334,3.798,3.903,-5.998,-22.173,4.195,0,0,0,0,0.0,0.0,0.0,0.0,0.000,0
12,cube_soft,3651,112.464,6.336,-1.039,54.336,0.921,-26.440,45.235,-18.600,15.783,-1.217,-9.212,-3.719,8.998,-3.082,0.270,1.375,-7.958,-33.345,13.675,0,0,0,0,0.0,0.0,0.0,0.0,0.000,0
12,cube_soft,3677,112.464,-1.896,-6.135,68.556,-8.487,-16.052,47.447,-5.860,21.075,6.051,-14.896,-10.383,-1.114,-7.786,4.973,15.911,-6.586,-32.365,6.407,0,0,0,0,0.0,0.0,0.0,0.0,0.000,0
12,cube_soft,3702,112.464,1.240,-7.899,48.648,-0.843,-11.152,43.023,-8.016,14.999,5.103,-13.328,-6.659,12.474,-12.686,10.854,14.331,-4.234,-29.229,8.303,0,0,0,0,0.0,0.0,0.0,0.0,0.000,0
12,cube_soft,3727,112.464,0.064,-1.823,54.652,-4.763,-19.580,37.651,-10.956,2.063,9.211,-9.212,-10.775,4.574,4.954,4.385,2.639,-8.742,-25.113,21.891,0,0,0,0,0.0,0.0,0.0,0.0,0.000,0
12,cube_soft,3752,112.464,-1.112,-10.447,51.176,0.333,-20.756,37.335,-12.720,11.471,3.839,-16.464,-0.387,3.310,-2.690,2.621,26.655,-0.902,-27.465,19.047,0,0,0,0,0.0,0.0,0.0,0.0,0.000,0
12,cube_soft,3777,112.464,3.592,-4.175,58.760,-0.451,-16.444,42.707,-15.856,10.295,-8.485,-9.016,-10.187,7.734,1.622,16.537,10.855,7.330,-25.701,22.207,0,0,0,0,0.0,0.0,0.0,0.0,0.000,0
12,cube_soft,3802,112.464,2.220,-8.683,54.968,-2.215,-21.148,43.971,-20.364,13.823,4.155,-15.680,-10.579,-2.378,-9.354,12.225,23.179,5.174,-33.737,-6.549,0,0,0,0,0.0,0.0,0.0,0.0,0.000,0
12,cube_soft,3827,112.464,-2.288,-12.603,60.340,-3.587,-17.816,49.659,-10.368,8.923,5.103,-6.076,-11.755,-2.062,-6.610,13.401,19.071,-2.862,-20.213,8.935,0,0,0,0,0.0,0.0,0.0,0.0,0.000,0
12,cube_soft,3853,112.464,8.492,5.037,61.920,-4.567,-18.600,45.235,-11.152,14.411,4.471,-9.996,-9.991,14.370,-1.318,3.209,8.643,-6.782,-22.369,9.567,0,0,0,0,0.0,0.0,0.0,0.0,0.000,0
12,cube_soft,3878,112.464,4.964,-2.019,58.128,-7.115,-24.676,52.503,-6.056,11.863,3.207,-16.464,-9.011,-1.746,-1.906,7.521,18.439,2.234,-23.153,15.887,0,0,0,0,0.0,0.0,0.0,0.0,0.000,0
12,cube_soft,3903,112.464,-1.896,-0.843,52.440,-5.743,-24.480,38.283,-8.800,9.315,5.103,-8.036,-9.403,13.422,-0.926,9.089,22.863,-5.410,-22.565,6.407,0,0,0,0,0.0,0.0,0.0,0.0,0.000,0
12,cube_soft,3929,112.464,-0.916,-6.331,52.124,-1.627,-17.620,41.127,-2.724,14.803,18.059,-20.384,-15.675,-0.482,-2.494,3.013,11.803,-2.666,-26.289,6.723,0,0,0,0,0.0,0.0,0.0,0.0,0.000,0
12,cube_soft,3954,112.464,-3.660,4.253,57.812,-8.879,-18.796,38.599,-9.584,13.039,-1.217,-11.760,-5.287,-1.114,-1.318,8.697,11.487,-0.902,-25.897,-2.441,0,0,0,0,0.0,0.0,0.0,0.0,0.000,0
12,cube_soft,3979,112.464,-1.896,-5.743,57.180,-1.039,-25.460,50.291,-11.544,9.315,0.995,-15.876,-17.635,14.370,-2.102,4.385,8.327,-4.430,-15.117,15.887,0,0,0,0,0.0,0.0,0.0,0.0,0.000,0
12,cube_soft,4004,112.464,-1.896,-0.843,64.448,0.333,-24.872,42.707,-16.248,19.703,6.999,-19.208,-8.227,11.526,-4.258,12.225,24.759,-3.842,-19.233,-3.705,0,0,0,0,0.0,0.0,0.0,0.0,0.000,0
12,cube_soft,4030,112.464,11.628,-3.195,59.708,-4.371,-22.912,61.351,-8.016,17.547,3.523,-14.896,-4.895,6.154,-2.298,14.773,0.111,-3.058,-20.409,14.623,0,0,0,0,0.0,0.0,0.0,0.0,0.000,0
12,cube_soft,4055,112.464,-2.680,-4.959,62.552,-7.899,-30.556,50.923,-13.504,19.507,6.683,-11.172,-16.263,9.314,-0.730,12.813,15.595,0.078,-25.113,9.883,0,0,0,0,0.0,0.0,0.0,0.0,0.000,0
12,cube_soft,4080,112.464,3.592,-2.803,59.708,-5.547,-7.820,49.659,-7.036,8.335,1.627,-15.288,-17.439,10.894,-10.922,10.265,5.167,-1.490,-25.505,13.991,0,0,0,0,0.0,0.0,0.0,0.0,0.000,0
12,cube_soft,4107,112.464,2.612,4.449,50.860,-12.799,-22.324,38.283,-19.580,11.471,0.679,-1.568,-4.111,-0.798,-8.962,19.477,14.331,-5.998,-15.509,4.827,0,0,0,0,0.0,0.0,0.0,0.0,0.000,0
12,cube_soft,4132,112.464,3.396,-2.607,56.864,1.901,-18.600,42.707,0.216,14.019,5.735,-17.836,-6.659,-2.378,-2.886,11.833,6.431,-9.134,-20.997,9.883,0,0,0,0,0.0,0.0,0.0,0.0,0.000,0
12,cube_soft,4158,112.464,0.260,-2.607,50.860,-3.783,-20.952,41.443,-14.484,10.491,2.575,-21.952,-14.107,14.686,-9.746,6.541,7.379,-10.702,-27.661,4.827,0,0,0,0,0.0,0.0,0.0,0.0,0.000,0
12,cube_soft,4184,112.464,2.808,1.313,50.228,0.725,-24.284,59.455,-13.308,15.195,7.947,-13.720,-6.855,15.634,-13.078,8.109,3.587,-0.314,-20.801,-1.177,0,0,0,0,0.0,0.0,0.0,0.0,0.000,0
12,cube_soft,4209,112.464,3.592,-7.311,55.916,-0.843,-19.580,47.447,-2.528,10.883,6.367,-7.644,-0.191,-6.486,-7.002,1.249,9.907,-1.686,-19.821,9.567,0,0,0,0,0.0,0.0,0.0,0.0,0.000,0
12,cube_soft,4234,112.464,-0.720,-13.387,66.660,2.293,-17.228,40.179,-3.900,14.803,12.055,-18.816,-9.991,9.946,-12.490,7.129,-6.209,4.194,-30.601,5.143,0,0,0,0,0.0,0.0,0.0,0.0,0.000,0
12,cube_soft,4260,112.464,6.924,1.901,55.916,-0.843,-22.716,44.287,-8.800,9.119,-11.329,-4.116,-6.855,7.734,-14.646,11.049,7.379,4.390,-17.273,7.671,0,0,0,0,0.0,0.0,0.0,0.0,0.000,0
12,cube_soft,4285,112.464,10.256,-3.783,66.660,-0.255,-17.816,54.083,-8.996,20.879,0.047,-14.504,-11.363,13.422,-18.566,11.833,4.535,-4.234,-24.133,2.615,0,0,0,0,0.0,0.0,0.0,0.0,0.000,0
12,cube_soft,4310,112.464,7.120,1.117,66.028,-4.763,-20.756,49.027,-3.900,18.527,7.315,-18.032,-8.619,0.150,-6.218,7.129,18.755,2.430,-20.605,16.519,0,0,0,0,0.0,0.0,0.0,0.0,0.000,0
12,cube_soft,4335,112.464,1.044,-11.231,51.808,3.665,-4.488,53.767,-8.016,18.723,1.627,0.784,-6.071,5.522,-6.218,7.717,26.971,1.254,-25.701,6.723,0,0,0,0,0.0,0.0,0.0,0.0,0.000,0
12,cube_soft,4360,112.464,7.904,-1.039,64.764,-9.859,-13.504,32.911,-14.092,18.723,-3.113,-10.976,-12.931,-8.066,-3.866,4.385,8.327,-5.998,-25.505,6.091,0,0,0,0,0.0,0.0,0.0,0.0,0.000,0
12,cube_soft,4386,112.464,-5.816,-0.451,55.600,3.469,-23.108,52.819,-10.564,21.859,0.679,3.920,-5.287,6.154,-5.434,8.697,7.379,6.546,-21.977,13.675,0,0,0,0,0.0,0.0,0.0,0.0,0.000,0
12,cube_soft,4411,112.464,1.044,2.685,61.604,-5.155,-9.388,60.403,-15.072,14.803,-6.273,-6.664,-9.207,2.994,-13.274,5.757,18.439,-2.666,-16.293,16.519,0,0,0,0,0.0,0.0,0.0,0.0,0.000,0
12,cube_soft,4436,112.464,-6.012,3.861,49.912,5.233,-22.716,43.971,-16.640,16.175,4.155,-8.820,-9.011,10.894,-1.906,7.717,10.539,-1.882,-23.349,6.723,0,0,0,0,0.0,0.0,0.0,0.0,0.000,0
12,cube_soft,4461,112.464,11.628,-2.607,66.028,-0.255,-16.836,52.819,-15.268,15.195,-1.217,-7.252,-15.283,8.050,-10.334,2.621,2.007,-1.490,-11.197,5.775,0,0,0,0,0.0,0.0,0.0,0.0,0.000,0
12,cube_soft,4487,112.464,3.396,1.901,64.132,0.921,-18.404,42.707,-10.760,14.411,4.155,-7.448,-13.127,-10.910,-0.142,1.445,6.115,2.038,-21.781,-2.125,0,0,0,0,0.0,0.0,0.0,0.0,0.000,0
12,cube_soft,4512,112.464,8.492,-0.647,56.232,-0.843,-18.600,52.819,-8.604,17.547,15.215,-5.488,-17.831,-4.274,-3.082,5.757,-3.365,-10.310,-18.645,12.411,0,0,0,0,0.0,0.0,0.0,0.0,0.000,0
12,cube_soft,4537,112.464,0.456,-9.859,57.812,-4.175,-17.228,48.395,-12.524,11.079,-4.377,-10.780,-10.187,10.578,-7.590,-0.319,8.643,-1.294,-23.545,15.571,0,0,0,0,0.0,0.0,0.0,0.0,0.000,0
12,cube_soft,4563,112.464,2.612,-4.567,64.764,-15.151,-28.988,53.451,-8.212,17.155,5.103,-9.016,-8.423,3.942,-2.886,7.326,8.959,-0.706,-27.269,19.995,0,0,0,0,0.0,0.0,0.0,0.0,0.000,0
12,cube_soft,4588,112.464,-2.876,1.313,77.404,-4.959,-20.364,36.387,-4.488,13.627,8.263,-4.116,-16.655,-6.802,-9.550,6.737,7.063,2.038,-21.781,6.407,0,0,0,0,0.0,0.0,0.0,0.0,0.000,0
12,cube_soft,4613,112.464,-6.600,-4.371,51.176,0.529,-20.168,42.707,-6.840,5.003,-5.009,-8.428,-13.519,7.734,-10.334,1.053,-1.153,-1.294,-14.529,0.719,0,0,0,0,0.0,0.0,0.0,0.0,0.000,0
12,cube_soft,4639,112.464,1.436,-4.959,61.288,-4.959,-19.188,40.495,-10.956,20.095,-2.165,-10.192,-5.679,-5.538,-0.730,8.109,11.803,1.450,-26.093,12.095,0,0,0,0,0.0,0.0,0.0,0.0,0.000,0
12,cube_soft,4665,112.464,-1.308,2.097,56.548,-15.739,-11.936,41.759,-10.368,13.823,17.427,-6.860,-11.363,1.414,-8.766,4.973,10.223,2.626,-24.525,6.091,0,0,0,0,0.0,0.0,0.0,0.0,0.000,0
12,cube_soft,4690,112.464,5.356,0.921,55.284,-8.683,-18.992,53.135,-17.032,19.703,14.267,-6.076,-15.675,-0.166,-0.926,9.677,12.119,4.978,-18.449,9.883,0,0,0,0,0.0,0.0,0.0,0.0,0.000,0
12,cube_soft,4715,112.464,7.512,4.449,57.496,-2.999,-14.288,47.763,-6.252,14.999,10.159,-12.544,-23.907,0.466,-3.670,5.561,12.435,4.782,-30.209,2.931,0,0,0,0,0.0,0.0,0.0,0.0,0.000,0
12,cube_soft,4740,112.464,9.864,2.489,46.752,-1.627,-17.816,35.439,-8.408,11.275,9.843,-13.524,-14.107,11.842,-6.610,11.245,3.903,1.842,-27.269,11.779,0,0,0,0,0.0,0.0,0.0,0.0,0.000,0
12,cube_soft,4766,112.464,6.140,-2.607,64.764,3.077,-25.264,50.923,-5.860,27.347,-12.909,-13.132,-9.991,-4.590,6.718,-0.711,15.911,-7.762,-28.837,7.355,0,0,0,0,0.0,0.0,0.0,0.0,0.000,0
12,cube_soft,4791,112.464,-1.700,-0.451,46.752,-4.763,-12.720,43.023,-11.152,8.335,7.947,-9.212,-18.811,-7.750,-16.998,1.641,16.543,5.174,-32.365,16.203,0,0,0,0,0.0,0.0,0.0,0.0,0.000,0
12,cube_soft,4817,112.464,0.260,-6.331,58.760,-14.563,-23.108,33.859,-13.112,16.567,-1.217,-6.468,-10.971,8.050,-1.710,1.641,6.747,-5.410,-22.565,7.355,0,0,0,0,0.0,0.0,0.0,0.0,0.000,0
12,cube_soft,4842,112.464,6.336,-1.627,61.604,-0.451,-21.148,40.179,-10.368,14.411,0.047,-6.272,-5.679,6.470,-5.042,7.521,6.431,-6.782,-22.565,5.775,0,0,0,0,0.0,0.0,0.0,0.0,0.000,0
12,cube_soft,4867,112.464,3.592,7.781,66.976,1.117,-15.856,44.287,-12.524,10.099,-8.169,-13.524,-9.403,0.782,-12.098,2.817,3.587,-2.666,-21.585,6.723,0,0,0,0,0.0,0.0,0.0,0.0,0.000,0
12,cube_soft,4893,112.464,13.980,-3.195,72.664,0.725,-2.724,37.335,-13.896,14.803,3.207,-6.272,-12.735,-3.010,-5.042,13.401,8.959,-4.234,-25.701,7.671,0,0,0,0,0.0,0.0,0.0,0.0,0.000,0
12,cube_soft,4918,112.464,2.612,2.685,58.444,-9.075,-16.248,46.815,-14.288,12.843,5.103,-9.016,-7.835,5.522,-3.670,11.833,4.535,-4.430,-28.837,18.099,0,0,0,0,0.0,0.0,0.0,0.0,0.000,0
12,cube_soft,4944,112.464,-5.620,-14.955,54.968,-1.823,-13.896,40.179,-8.016,9.119,7.947,0.588,-11.951,-2.378,-12.294,23.397,20.019,4.194,-27.073,11.147,0,0,0,0,0.0,0.0,0.0,0.0,0.000,0
12,cube_soft,4969,112.464,-0.916,0.529,48.332,-10.055,-12.524,63.879,-10.564,19.507,6.367,-6.468,-8.815,2.994,-6.806,-0.515,16.859,1.646,-26.093,7.671,0,0,0,0,0.0,0.0,0.0,0.0,0.000,0
12,cube_soft,4994,112.464,0.652,-5.351,54.020,-19.855,-21.540,51.555,-14.484,19.703,3.839,-13.916,-7.835,2.362,-6.806,9.089,3.903,-6.782,-18.449,13.675,0,0,0,0,0.0,0.0,0.0,0.0,0.000,0
13,cube_soft,6,60.368,3.200,3.861,52.124,-15.543,-22.324,49.975,-10.172,11.863,1.311,-11.564,-7.835,-0.482,-6.610,10.069,20.335,5.762,-15.313,19.995,0,0,0,0,0.0,0.0,0.0,0.0,0.000,0
13,cube_soft,39,60.720,4.964,3.273,17.364,-6.135,-1.352,14.583,-6.056,-3.817,-11.961,-5.684,-6.855,-4.274,-8.962,3.601,-22.641,6.938,-9.825,-13.817,0,0,0,0,0.0,0.0,0.0,0.0,0.000,0
13,cube_soft,66,61.424,-2.484,-6.919,17.364,-4.371,-0.960,9.211,-7.036,-4.209,-9.749,6.272,2.749,-2.062,-5.826,-3.063,-21.377,-5.606,-0.417,-28.985,0,0,0,0,0.0,0.0,0.0,0.0,0.000,0
13,cube_soft,92,62.568,2.024,1.705,27.160,-7.507,-3.508,3.207,-1.156,1.475,-14.173,-8.624,-0.975,-9.330,-2.102,-0.711,-22.325,-9.134,-7.081,-16.345,0,0,0,0,0.0,0.0,0.0,0.0,0.000,0
13,cube_soft,118,63.888,-5.424,-8.095,24.316,6.017,5.312,25.011,3.352,-3.425,-10.697,7.644,-12.735,-5.538,-2.298,-2.279,-26.433,-7.370,-0.025,6.407,0,0,0,0,0.0,0.0,0.0,0.0,0.000,0
13,cube_soft,143,65.032,-4.444,6.409,36.324,-4.959,-0.176,16.795,-1.352,-3.229,-7.853,2.940,0.789,-25.446,-9.354,-0.515,-29.277,-6.390,-10.805,-14.765,0,0,0,0,0.0,0.0,0.0,0.0,0.000,0
13,cube_soft,168,66.440,-3.856,3.469,28.108,-7.115,0.412,23.431,-2.528,7.355,-12.909,-2.744,0.397,-13.122,-3.474,-3.455,-16.005,-0.510,-0.613,-11.921,0,0,0,0,0.0,0.0,0.0,0.0,0.000,0
13,cube_soft,193,67.936,-6.404,-7.115,34.744,-5.547,0.216,16.479,-7.232,-3.621,-9.749,-2.744,-0.975,-11.226,-5.826,1.837,-29.277,-1.686,-5.709,-7.181,0,0,0,0,0.0,0.0,0.0,0.0,0.000,0
13,cube_soft,219,69.344,-4.248,-8.879,27.160,-1.823,-6.056,21.219,-1.744,-4.797,-12.277,2.352,-0.779,-15.018,-16.606,-4.043,-29.593,-6.586,-15.705,-6.865,0,0,0,0,0.0,0.0,0.0,0.0,0.000,0
13,cube_soft,244,70.840,4.376,-3.391,24.632,1.117,0.412,21.851,-4.488,6.571,-9.117,6.468,1.769,-15.018,-1.514,-1.299,-23.905,-4.038,-15.509,-12.553,0,0,0,0,0.0,0.0,0.0,0.0,0.000,0
13,cube_soft,270,72.248,3.788,1.313,25.580,-0.059,-3.116,25.959,4.528,-5.385,-10.697,-0.980,2.161,-17.862,-3.866,-2.279,-25.169,-5.214,-19.233,-4.653,0,0,0,0,0.0,0.0,0.0,0.0,0.000,0
13,cube_soft,295,73.744,-6.796,-4.371,21.156,-7.507,-5.272,24.695,-6.644,3.435,-11.013,4.508,-0.387,-12.806,-4.258,-3.258,-18.217,-4.430,-13.549,-7.181,0,0,0,0,0.0,0.0,0.0,0.0,0.000,0
13,cube_soft,320,75.152,-5.620,0.529,22.420,-6.135,-0.764,18.059,-0.960,-2.053,-16.701,2.352,-10.775,-3.642,0.838,-1.495,-17.269,-2.470,-22.565,-14.765,0,0,0,0,0.0,0.0,0.0,0.0,0.000,0
13,cube_soft,346,76.736,-3.856,-0.451,30.004,-6.527,-12.916,19.955,-5.860,-0.289,1.627,-0.392,-1.367,-17.230,-8.766,3.209,-17.269,-1.686,-9.629,1.983,0,0,0,0,0.0,0.0,0.0,0.0,0.000,0
13,cube_soft,372,78.144,-9.344,-0.647,28.740,-4.567,-16.836,12.371,4.724,-1.661,-18.913,6.272,-7.639,-9.962,-6.218,-4.827,-14.425,-14.034,-19.233,-7.181,0,0,0,0,0.0,0.0,0.0,0.0,0.000,0
13,cube_soft,398,79.640,-1.112,-9.663,34.112,-6.135,-15.464,37.019,-0.372,3.631,-13.225,0.784,-0.583,-11.542,-2.690,-6.590,-15.057,0.862,-9.237,0.087,0,0,0,0,0.0,0.0,0.0,0.0,0.000,0
13,cube_soft,423,81.048,-5.032,-5.351,34.112,-5.155,-10.368,27.223,-2.528,3.631,-21.125,0.392,-11.363,-23.550,-5.434,1.641,-3.049,1.254,-16.097,9.251,0,0,0,0,0.0,0.0,0.0,0.0,0.000,0
13,cube_soft,448,82.544,-2.092,-5.547,28.740,-2.607,-24.480,25.643,-9.192,5.199,-12.909,10.584,-9.207,-5.222,-8.178,-2.671,-10.317,4.194,-19.625,7.039,0,0,0,0,0.0,0.0,0.0,0.0,0.000,0
13,cube_soft,474,84.040,-3.268,-7.703,30.320,-10.643,-15.660,31.331,-6.644,2.063,-6.589,-1.764,-10.775,-5.854,-8.766,-4.239,-16.005,0.470,-18.253,13.043,0,0,0,0,0.0,0.0,0.0,0.0,0.000,0
13,cube_soft,500,85.536,-2.288,-11.231,36.324,-4.567,-14.680,24.063,-2.724,8.335,-13.541,1.176,-3.915,-3.642,-6.022,-7.767,1.691,2.822,-3.161,2.615,0,0,0,0,0.0,0.0,0.0,0.0,0.000,0
13,cube_soft,526,86.944,6.924,-4.567,36.008,0.921,-9.584,20.903,0.412,6.767,1.943,11.956,-10.775,9.630,-12.294,-2.475,-4.629,6.350,-14.137,8.303,0,0,0,0,0.0,0.0,0.0,0.0,0.000,0
13,cube_soft,551,88.264,-1.308,-13.387,38.220,-1.431,-23.892,24.063,-0.372,2.455,-9.433,3.920,-3.131,2.046,-3.670,-6.395,-7.473,2.038,-12.961,-3.705,0,0,0,0,0.0,0.0,0.0,0.0,0.000,0
13,cube_soft,576,89.760,-14.048,-6.527,44.856,-5.939,-22.716,38.915,4.528,0.495,-16.069,-7.644,0.005,-4.906,-13.666,-9.335,0.427,0.470,-20.997,0.719,0,0,0,0,0.0,0.0,0.0,0.0,0.000,0
13,cube_soft,602,91.168,-6.600,-1.627,43.276,-4.763,-15.268,25.327,2.176,4.611,1.943,-4.312,-9.011,-7.750,-10.530,0.465,-2.417,-4.430,-25.113,-9.709,0,0,0,0,0.0,0.0,0.0,0.0,0.000,0
13,cube_soft,628,92.576,-6.796,-5.939,40.432,-0.255,-3.900,25.011,5.312,1.671,-14.489,3.332,-18.223,-7.434,-13.078,8.305,3.587,0.666,-9.433,-8.761,0,0,0,0,0.0,0.0,0.0,0.0,0.000,0
13,cube_soft,653,93.984,-0.524,-0.059,35.692,-3.979,-15.268,38.915,-3.900,2.455,0.679,-3.136,-14.107,-4.590,-11.706,4.189,-10.317,-6.194,-24.721,-8.761,0,0,0,0,0.0,0.0,0.0,0.0,0.000,0
13,cube_soft,679,95.480,-8.364,2.097,34.744,-11.623,-23.696,29.435,4.528,5.199,-5.009,8.820,-11.559,2.678,-11.902,-10.118,1.375,-0.510,-24.133,-1.493,0,0,0,0,0.0,0.0,0.0,0.0,0.000,0
13,cube_soft,704,96.800,3.788,-3.587,47.068,-4.175,-14.092,26.591,-0.960,2.651,1.943,-2.744,-9.011,-4.590,-21.114,-6.003,2.639,2.822,-20.017,6.091,0,0,0,0,0.0,0.0,0.0,0.0,0.000,0
13,cube_soft,729,98.120,-1.896,-9.467,54.020,-7.115,-16.444,30.067,-2.136,5.199,1.627,1.176,-11.363,-9.962,-8.962,0.465,1.691,-8.154,-26.093,2.299,0,0,0,0,0.0,0.0,0.0,0.0,0.000,0
13,cube_soft,755,99.440,-11.108,-6.331,50.228,-8.879,-15.072,34.491,-4.684,1.475,-8.169,4.900,-14.891,-6.170,-19.742,-0.711,1.375,-9.134,-11.393,23.787,0,0,0,0,0.0,0.0,0.0,0.0,0.000,0
13,cube_soft,780,100.848,-6.600,-2.803,52.124,-1.431,-10.172,33.227,2.176,14.803,-6.273,-1.960,-13.323,-9.646,-8.178,-3.651,7.695,-2.862,-20.213,6.407,0,0,0,0,0.0,0.0,0.0,0.0,0.000,0
13,cube_soft,806,102.168,-3.856,-6.723,40.748,-9.271,-17.620,34.807,-2.332,11.275,1.943,0.000,-8.815,-2.062,-14.646,-6.003,3.271,-1.098,-21.585,19.995,0,0,0,0,0.0,0.0,0.0,0.0,0.000,0
13,cube_soft,831,103.488,-15.420,-2.607,48.648,-1.823,-20.952,17.427,-1.352,14.411,6.999,-6.468,-2.739,-5.854,-11.118,9.873,10.223,-6.194,-20.017,9.883,0,0,0,0,0.0,0.0,0.0,0.0,0.000,0
13,cube_soft,856,104.896,-1.112,-0.255,45.172,-0.451,-19.776,36.703,-0.960,19.311,-0.269,-0.392,-12.147,-4.590,-11.314,-3.455,3.903,-0.314,-30.993,23.471,0,0,0,0,0.0,0.0,0.0,0.0,0.000,0
13,cube_soft,882,106.304,-11.500,0.921,52.756,-7.311,-16.444,41.759,-5.076,8.531,-3.745,-3.920,-12.147,-3.326,-8.570,2.229,10.855,3.802,-21.585,11.147,0,0,0,0,0.0,0.0,0.0,0.0,0.000,0
13,cube_soft,907,107.536,-8.364,-8.095,47.068,-9.859,-15.660,34.807,-1.548,4.611,-6.273,0.392,-10.579,2.046,-18.762,3.013,19.387,-0.902,-13.941,19.679,0,0,0,0,0.0,0.0,0.0,0.0,0.000,0
13,cube_soft,932,108.944,3.200,-0.255,47.700,-2.411,-12.720,46.499,-11.936,14.999,-8.169,-3.528,-5.483,6.470,-23.466,8.109,2.955,-7.566,-27.269,13.359,0,0,0,0,0.0,0.0,0.0,0.0,0.000,0
13,cube_soft,957,110.088,-5.228,-4.567,57.180,-1.627,-16.248,31.647,4.136,17.547,1.627,-4.704,-14.695,-0.482,-12.490,-2.671,16.859,-0.510,-18.841,11.463,0,0,0,0,0.0,0.0,0.0,0.0,0.000,0
13,cube_soft,982,111.056,-5.228,-4.371,63.816,-5.939,-12.524,50.607,-5.468,7.159,-12.277,-8.624,-15.675,-2.694,-22.094,7.717,7.379,-0.706,-14.921,11.463,0,0,0,0,0.0,0.0,0.0,0.0,0.000,0
13,cube_soft,1007,111.584,-0.720,10.525,40.748,7.389,-8.800,47.131,-8.800,14.411,-2.165,-2.352,-2.739,2.678,-18.762,10.854,10.539,-2.078,-23.153,25.683,0,0,0,0,0.0,0.0,0.0,0.0,0.000,0
13,cube_soft,1033,111.848,-4.836,-1.627,48.648,-3.979,-17.032,49.975,-0.372,12.255,13.319,-8.036,-7.835,4.574,-14.254,7.913,10.855,-3.842,-23.153,1.351,0,0,0,0,0.0,0.0,0.0,0.0,0.000,0
13,cube_soft,1063,111.936,-4.836,-0.451,64.764,-3.195,-18.992,45.551,-4.880,10.491,12.055,-12.544,-3.719,-0.482,-22.682,-6.199,17.807,-1.686,-26.485,21.575,0,0,0,0,0.0,0.0,0.0,0.0,0.000,0
13,cube_soft,1090,111.936,-1.700,1.901,55.916,-5.547,-21.736,36.071,-20.952,15.783,0.995,-3.332,-9.599,-4.590,-15.626,4.385,8.959,-9.330,-31.581,-0.229,0,0,0,0,0.0,0.0,0.0,0.0,0.000,0
13,cube_soft,1115,112.024,-0.720,1.509,62.868,-7.115,-24.480,57.559,-7.624,19.899,5.103,-11.368,-16.263,-2.062,-10.922,-0.319,11.487,-4.822,-30.013,4.827,0,0,0,0,0.0,0.0,0.0,0.0,0.000,0
13,cube_soft,1141,112.024,-3.072,7.389,50.228,-7.703,-22.716,47.131,-11.544,13.823,13.951,-7.056,-11.951,6.786,-19.742,-8.551,23.179,0.666,-21.977,12.727,0,0,0,0,0.0,0.0,0.0,0.0,0.000,0
13,cube_soft,1166,112.024,-5.620,-7.115,60.656,-1.235,-16.052,38.283,-1.744,21.271,9.843,-5.292,-6.659,1.414,-13.666,-7.963,9.591,-3.646,-22.173,13.359,0,0,0,0,0.0,0.0,0.0,0.0,0.000,0
13,cube_soft,1191,112.024,-6.796,-7.899,47.700,-6.527,-21.148,42.075,-12.328,14.803,0.679,-11.956,-12.735,7.418,-15.430,10.657,13.699,-9.134,-24.133,-0.861,0,0,0,0,0.0,0.0,0.0,0.0,0.000,0
13,cube_soft,1217,112.024,-6.796,-0.059,48.332,-4.959,-12.916,42.707,-10.956,19.703,7.315,-1.372,-5.875,-4.590,-21.114,16.145,14.963,-3.646,-24.525,10.515,0,0,0,0,0.0,0.0,0.0,0.0,0.000,0
13,cube_soft,1243,111.936,2.416,-2.019,56.548,-5.155,-9.976,26.591,2.960,11.275,-4.061,-7.448,-3.131,4.890,-14.254,0.661,6.747,0.470,-26.289,18.731,0,0,0,0,0.0,0.0,0.0,0.0,0.000,0
13,cube_soft,1268,112.024,-8.560,1.313,49.280,-2.803,-23.892,39.863,-8.604,11.471,9.527,-7.056,-15.675,6.786,-16.606,4.385,26.023,-5.998,-24.133,9.567,0,0,0,0,0.0,0.0,0.0,0.0,0.000,0
13,cube_soft,1293,112.024,3.788,4.841,48.332,-1.039,-22.912,33.859,-9.976,23.231,0.995,-8.820,-8.423,5.522,-19.938,6.541,26.339,6.938,-21.977,7.987,0,0,0,0,0.0,0.0,0.0,0.0,0.000,0
13,cube_soft,1318,112.024,5.944,-0.647,56.864,-0.647,-21.148,45.551,-8.212,12.843,4.471,-0.588,-10.579,0.466,-13.666,3.798,17.807,-7.762,-22.173,12.411,0,0,0,0,0.0,0.0,0.0,0.0,0.000,0
13,cube_soft,1344,112.024,-6.404,-3.783,62.868,-6.723,-11.740,45.551,-5.468,20.683,-0.269,-10.388,-9.011,0.150,-13.470,6.737,19.387,3.606,-22.565,-1.493,0,0,0,0,0.0,0.0,0.0,0.0,0.000,0
13,cube_soft,1369,112.024,0.456,-3.195,65.080,-6.135,-20.168,38.599,-4.488,12.255,6.683,-2.352,-8.423,-7.434,-16.802,1.837,9.591,3.802,-14.921,8.935,0,0,0,0,0.0,0.0,0.0,0.0,0.000,0
13,cube_soft,1394,112.024,-4.248,13.269,52.440,-13.583,-18.404,41.443,-12.916,26.171,6.999,-22.736,-0.779,-15.334,-9.942,-0.711,17.807,0.274,-15.313,16.519,0,0,0,0,0.0,0.0,0.0,0.0,0.000,0
13,cube_soft,1420,112.024,5.356,-7.311,44.540,1.509,-20.560,37.335,-7.036,18.527,-0.269,-10.192,-3.719,-4.906,-18.174,5.365,15.279,7.134,-21.193,20.943,0,0,0,0,0.0,0.0,0.0,0.0,0.000,0
13,cube_soft,1445,112.024,1.044,-1.627,62.868,-0.647,-18.992,47.763,-16.640,19.507,3.207,-12.936,-14.891,-0.166,-13.274,4.777,8.959,-5.802,-21.193,17.467,0,0,0,0,0.0,0.0,0.0,0.0,0.000,0
13,cube_soft,1470,112.024,-1.504,-9.663,66.344,-14.171,-20.364,45.551,-9.388,8.531,6.051,-3.332,-6.855,-5.854,-10.530,4.973,18.123,10.270,-17.861,3.563,0,0,0,0,0.0,0.0,0.0,0.0,0.000,0
13,cube_soft,1496,112.024,-1.308,0.137,53.388,-4.371,-18.012,41.443,-4.488,10.883,4.787,-1.568,-14.303,0.150,-17.586,12.421,14.015,0.274,-23.349,12.411,0,0,0,0,0.0,0.0,0.0,0.0,0.000,0
13,cube_soft,1521,112.024,-4.052,-4.959,48.016,-0.451,-14.484,33.227,1.196,10.491,-6.905,-7.056,-7.443,0.150,-10.922,-3.651,9.275,5.566,-17.861,24.419,0,0,0,0,0.0,0.0,0.0,0.0,0.000,0
13,cube_soft,1547,112.112,-3.268,-1.431,58.760,-5.547,-15.660,28.171,-10.172,10.099,13.951,-7.056,-4.503,0.150,-8.962,21.241,14.015,-10.898,-21.585,16.519,0,0,0,0,0.0,0.0,0.0,0.0,0.000,0
13,cube_soft,1572,112.200,-2.876,-2.803,43.908,-0.255,-28.008,31.015,-14.288,14.607,6.683,-3.724,-12.147,2.362,-8.766,3.405,12.751,-6.390,-25.505,16.203,0,0,0,0,0.0,0.0,0.0,0.0,0.000,0
13,cube_soft,1598,112.200,4.180,-0.255,60.656,-5.743,-19.188,44.919,-3.312,12.451,-5.009,-12.740,-4.111,-2.062,-17.194,1.249,13.383,-10.506,-15.901,-0.229,0,0,0,0,0.0,0.0,0.0,0.0,0.000,0
13,cube_soft,1623,112.200,-5.032,1.117,61.604,-2.607,-16.052,43.655,-5.468,19.507,-3.745,-10.388,-13.519,18.162,-13.666,9.285,16.859,-0.118,-33.149,6.091,0,0,0,0,0.0,0.0,0.0,0.0,0.000,0
13,cube_soft,1648,112.200,-2.288,-4.175,54.020,-8.487,-17.816,47.131,-12.916,14.803,8.263,-10.584,-11.755,-2.062,-10.922,5.953,19.387,5.566,-21.977,24.735,0,0,0,0,0.0,0.0,0.0,0.0,0.000,0
13,cube_soft,1673,112.200,-6.600,-5.351,52.756,-11.819,-13.504,36.703,-1.744,18.135,-4.693,-5.684,-13.911,1.730,-18.174,6.345,20.967,1.450,-21.781,14.623,0,0,0,0,0.0,0.0,0.0,0.0,0.000,0
13,cube_soft,1698,112.200,-3.072,-5.155,51.492,-4.175,-19.972,36.071,-5.860,17.939,1.311,-7.448,-6.659,-0.482,-13.862,-3.258,26.971,6.154,-29.817,14.623,0,0,0,0,0.0,0.0,0.0,0.0,0.000,0
13,cube_soft,1724,112.200,5.944,5.429,47.700,-5.939,-15.660,45.235,-9.584,9.315,-5.325,-12.348,-5.679,8.366,-8.178,-0.515,9.275,-12.662,-28.445,23.471,0,0,0,0,0.0,0.0,0.0,0.0,0.000,0
13,cube_soft,1749,112.200,-2.876,6.017,57.180,-10.055,-15.072,55.031,-2.920,21.467,1.311,-10.976,-12.147,1.098,-13.470,6.737,21.915,3.606,-26.681,10.199,0,0,0,0,0.0,0.0,0.0,0.0,0.000,0
13,cube_soft,1775,112.200,-5.228,-1.431,56.864,-7.507,-17.424,41.127,0.412,16.175,5.103,-10.780,-14.499,-1.430,-19.350,3.993,4.535,4.586,-23.349,16.519,0,0,0,0,0.0,0.0,0.0,0.0,0.000,0
13,cube_soft,1800,112.200,-6.796,-0.451,46.752,-9.075,-11.152,42.391,-17.424,17.155,-17.649,-9.996,0.985,-2.378,-8.962,10.461,11.171,0.666,-20.605,3.247,0,0,0,0,0.0,0.0,0.0,0.0,0.000,0
13,cube_soft,1825,112.200,8.296,-2.607,50.228,-6.331,-13.308,43.023,-6.252,15.783,17.111,-5.096,1.377,5.206,-7.394,3.993,9.907,-2.862,-17.273,16.835,0,0,0,0,0.0,0.0,0.0,0.0,0.000,0
13,cube_soft,1851,112.200,-1.896,2.097,54.652,-7.899,-14.876,34.491,-4.096,13.235,21.219,-1.960,-3.719,1.730,-19.938,8.893,7.063,-5.606,-21.781,3.247,0,0,0,0,0.0,0.0,0.0,0.0,0.000,0
13,cube_soft,1876,112.200,-5.228,-15.739,55.916,-10.055,-19.972,49.027,-7.232,20.879,6.999,-16.660,-9.403,1.730,-11.510,2.033,14.015,-2.274,-24.133,10.199,0,0,0,0,0.0,0.0,0.0,0.0,0.000,0
13,cube_soft,1902,112.200,-3.268,-0.647,62.552,-0.843,-11.936,35.755,-9.780,7.747,12.687,-2.156,-4.503,0.782,-11.510,9.677,17.175,-5.018,-28.249,2.615,0,0,0,0,0.0,0.0,0.0,0.0,0.000,0
13,cube_soft,1927,112.200,3.592,-2.607,48.332,4.057,-21.540,41.127,-14.092,3.631,-4.377,-12.152,-11.559,7.418,-13.470,9.873,5.799,-5.606,-21.585,15.571,0,0,0,0,0.0,0.0,0.0,0.0,0.000,0
13,cube_soft,1953,112.200,-6.012,-2.999,64.764,-5.743,-26.636,31.963,-15.464,8.139,6.051,-6.272,-18.027,-3.010,-14.842,12.029,16.859,-3.450,-15.901,19.047,0,0,0,0,0.0,0.0,0.0,0.0,0.000,0
13,cube_soft,1978,112.200,2.024,-2.019,55.916,-4.175,-20.560,40.179,-10.564,20.095,2.891,-6.664,-4.111,5.838,-17.194,0.857,1.691,-1.294,-32.169,8.303,0,0,0,0,0.0,0.0,0.0,0.0,0.000,0
13,cube_soft,2003,112.200,0.260,0.137,57.812,1.705,-19.580,43.339,-5.272,13.627,-1.849,-6.860,-16.851,13.738,-14.450,5.953,4.851,3.606,-26.093,12.095,0,0,0,0,0.0,0.0,0.0,0.0,0.000,0
13,cube_soft,2028,112.200,-1.896,0.137,60.656,-12.799,-26.048,40.495,-14.484,19.899,10.475,-0.784,-2.739,-0.482,-12.686,17.321,20.651,-4.430,-22.761,12.411,0,0,0,0,0.0,0.0,0.0,0.0,0.000,0
13,cube_soft,2054,112.200,5.160,3.469,54.020,-8.487,-17.228,43.023,-2.920,23.231,10.159,-9.212,-7.835,-5.538,-10.922,5.953,4.535,-9.918,-24.329,6.407,0,0,0,0,0.0,0.0,0.0,0.0,0.000,0
13,cube_soft,2085,112.200,11.040,5.429,59.076,-8.879,-27.028,43.339,-4.488,21.075,10.159,-7.252,-2.935,-2.378,-13.274,3.013,12.119,-9.918,-27.073,6.407,0,0,0,0,0.0,0.0,0.0,0.0,0.000,0
13,cube_soft,2110,112.200,2.808,2.489,42.644,1.117,-14.680,39.547,-15.072,14.019,8.263,-13.916,-14.891,-10.594,-6.218,11.637,8.011,-3.254,-20.409,8.303,0,0,0,0,0.0,0.0,0.0,0.0,0.000,0
13,cube_soft,2136,112.200,3.200,2.881,54.968,-3.195,-22.324,39.863,-15.072,19.703,0.995,-10.780,-9.991,-8.066,-9.354,6.541,18.755,2.038,-15.313,16.519,0,0,0,0,0.0,0.0,0.0,0.0,0.000,0
13,cube_soft,2161,112.200,1.436,-4.567,65.080,2.097,-17.228,37.019,-7.232,20.487,9.527,-10.780,-7.051,-7.118,-13.862,3.013,9.907,-1.098,-28.837,6.407,0,0,0,0,0.0,0.0,0.0,0.0,0.000,0
13,cube_soft,2187,112.200,-11.892,-7.507,57.812,-5.939,-18.600,49.975,-8.604,11.667,10.791,-6.272,-1.759,6.154,-13.862,4.777,22.547,-3.254,-20.409,15.571,0,0,0,0,0.0,0.0,0.0,0.0,0.000,0
13,cube_soft,2212,112.200,-1.308,-2.215,60.024,-3.783,-16.248,39.231,-10.564,10.099,-1.533,-0.588,-9.207,3.626,-10.726,7.326,18.439,-0.118,-20.409,25.051,0,0,0,0,0.0,0.0,0.0,0.0,0.000,0
13,cube_soft,2238,112.200,-9.344,-8.487,57.180,-7.311,-19.188,36.703,-5.860,10.883,9.843,-4.900,-9.403,-4.274,-20.722,16.929,14.331,-2.078,-16.881,-1.809,0,0,0,0,0.0,0.0,0.0,0.0,0.000,0
13,cube_soft,2263,112.200,3.200,-0.451,61.288,-8.095,-17.620,42.075,-5.076,4.023,13.319,-16.072,-4.307,-5.222,-3.082,5.169,15.595,-1.686,-14.137,17.151,0,0,0,0,0.0,0.0,0.0,0.0,0.000,0
13,cube_soft,2288,112.200,0.848,-2.411,37.588,-7.311,-14.484,40.495,-8.212,13.039,13.319,-6.076,-12.147,-0.166,-14.254,0.661,7.695,-0.706,-23.741,5.459,0,0,0,0,0.0,0.0,0.0,0.0,0.000,0
13,cube_soft,2313,112.200,-5.816,-9.467,52.440,-12.995,-22.324,46.183,-7.820,23.427,1.943,-8.232,-10.971,2.362,-12.098,3.798,14.963,-4.430,-20.801,15.887,0,0,0,0,0.0,0.0,0.0,0.0,0.000,0
13,cube_soft,2338,112.200,-0.916,-4.567,41.064,0.333,-19.580,33.227,-7.232,8.923,1.943,-7.448,-11.363,2.046,-17.390,3.993,15.911,-0.118,-17.077,20.311,0,0,0,0,0.0,0.0,0.0,0.0,0.000,0
13,cube_soft,2363,112.200,-2.876,-2.607,66.660,-10.643,-12.132,48.079,-8.604,16.175,13.319,-18.620,-11.755,5.838,-15.626,6.345,17.491,-1.686,-24.329,14.939,0,0,0,0,0.0,0.0,0.0,0.0,0.000,0
13,cube_soft,2388,112.200,-1.504,-2.411,57.496,0.333,-15.072,54.715,-8.996,6.179,6.683,-4.704,-6.855,1.730,-12.686,-1.299,15.279,5.762,-21.585,8.935,0,0,0,0,0.0,0.0,0.0,0.0,0.000,0
13,cube_soft,2414,112.288,-6.404,-2.999,61.288,0.725,-21.540,35.123,-11.348,22.251,6.683,-9.604,-11.167,-3.958,-14.254,2.425,17.491,-5.410,-19.625,26.315,0,0,0,0,0.0,0.0,0.0,0.0,0.000,0
13,cube_soft,2439,112.200,-6.208,-2.019,63.184,-4.567,-12.132,41.443,-3.704,9.315,11.107,-9.800,-12.931,-6.170,-6.806,9.677,20.335,-0.118,-26.093,27.263,0,0,0,0,0.0,0.0,0.0,0.0,0.000,0
13,cube_soft,2465,112.200,-1.504,-4.567,48.332,-8.487,-14.288,51.871,-9.976,18.331,-1.533,-16.464,-12.931,-5.538,-13.078,7.521,3.587,-5.410,-17.665,9.567,0,0,0,0,0.0,0.0,0.0,0.0,0.000,0
13,cube_soft,2491,112.200,1.436,-5.743,62.552,-5.939,-24.088,48.395,-17.228,5.591,6.051,-14.700,-14.695,-0.482,-15.626,5.757,25.075,5.174,-25.505,-2.757,0,0,0,0,0.0,0.0,0.0,0.0,0.000,0
13,cube_soft,2516,112.200,6.728,-2.019,54.336,-8.487,-18.208,41.127,-11.740,14.803,-13.225,-10.388,-9.207,-4.590,-13.470,2.229,6.431,9.094,-21.977,12.727,0,0,0,0,0.0,0.0,0.0,0.0,0.000,0
13,cube_soft,2541,112.200,-0.524,1.117,51.176,-4.959,-21.148,36.703,-12.524,24.407,14.267,-9.996,-10.971,2.994,-11.902,4.777,16.543,1.450,-22.957,22.207,0,0,0,0,0.0,0.0,0.0,0.0,0.000,0
13,cube_soft,2567,112.200,2.808,-0.451,69.188,0.725,-17.424,49.027,-7.820,5.983,3.523,-4.116,-3.523,0.466,-10.922,6.541,19.071,-4.038,-24.329,15.571,0,0,0,0,0.0,0.0,0.0,0.0,0.000,0
13,cube_soft,2592,112.200,-0.720,-4.567,59.076,-8.487,-13.700,40.495,-2.528,8.335,16.163,-13.328,-13.323,-4.906,-16.410,-0.123,5.167,-1.098,-20.801,23.787,0,0,0,0,0.0,0.0,0.0,0.0,0.000,0
13,cube_soft,2617,112.200,3.592,-0.451,58.760,3.469,-18.208,44.287,-8.996,5.003,6.999,-11.760,-10.579,-3.010,-15.430,9.285,3.587,-5.606,-23.545,24.735,0,0,0,0,0.0,0.0,0.0,0.0,0.000,0
13,cube_soft,2642,112.200,1.828,-2.999,59.392,-2.019,-16.444,54.715,-18.992,12.255,3.523,-5.880,-4.895,2.994,-10.530,6.149,5.483,-1.686,-22.173,8.303,0,0,0,0,0.0,0.0,0.0,0.0,0.000,0
13,cube_soft,2667,112.200,-1.308,-2.607,54.020,-11.035,-12.328,56.295,-3.312,14.215,2.891,-10.780,-3.915,-12.806,-7.198,6.737,-2.101,-10.702,-22.761,12.727,0,0,0,0,0.0,0.0,0.0,0.0,0.000,0
13,cube_soft,2693,112.200,5.160,-8.095,43.908,5.233,-19.188,39.863,-3.704,17.939,16.795,-12.740,-2.935,-6.170,-16.802,3.601,19.703,2.234,-26.093,25.051,0,0,0,0,0.0,0.0,0.0,0.0,0.000,0
13,cube_soft,2718,112.200,6.140,1.117,54.968,0.725,-12.132,41.759,-14.288,19.899,-10.697,-13.524,-2.347,2.994,-12.882,11.637,12.435,-5.018,-21.585,18.099,0,0,0,0,0.0,0.0,0.0,0.0,0.000,0
13,cube_soft,2743,112.200,0.848,-8.095,63.816,-3.195,-17.228,51.555,-1.744,19.703,3.839,-9.212,4.709,2.362,-17.390,-3.847,4.851,2.430,-22.957,13.043,0,0,0,0,0.0,0.0,0.0,0.0,0.000,0
13,cube_soft,2768,112.200,-4.640,-6.527,49.596,-13.387,-14.092,46.815,-4.096,11.471,7.631,-13.328,-18.615,14.370,-11.706,2.817,18.439,4.390,-18.841,7.355,0,0,0,0,0.0,0.0,0.0,0.0,0.000,0
13,cube_soft,2793,112.200,-3.660,-2.803,56.232,-8.095,-20.364,56.295,-5.860,15.587,6.999,-3.528,-2.935,16.898,-14.450,2.425,4.851,-0.510,-23.153,8.619,0,0,0,0,0.0,0.0,0.0,0.0,0.000,0
13,cube_soft,2819,112.200,2.024,0.529,54.020,2.097,-16.248,37.651,-7.428,19.311,9.211,-13.524,-11.167,7.102,-22.094,11.637,0.111,-2.666,-27.465,15.887,0,0,0,0,0.0,0.0,0.0,0.0,0.000,0
13,cube_soft,2844,112.200,1.436,2.881,53.388,-8.291,-17.620,38.915,-5.664,21.075,6.367,-16.856,-4.503,-3.326,-16.018,9.677,3.903,1.450,-34.325,15.571,0,0,0,0,0.0,0.0,0.0,0.0,0.000,0
13,cube_soft,2869,112.200,5.944,-3.979,56.548,-3.391,-19.384,47.131,-9.780,11.275,9.211,-11.760,-9.011,4.258,-16.606,-0.515,8.959,-12.466,-18.645,4.511,0,0,0,0,0.0,0.0,0.0,0.0,0.000,0
13,cube_soft,2894,112.200,3.200,2.685,64.764,0.333,-15.268,46.499,-3.900,7.159,-2.797,-10.584,-10.187,5.206,-16.410,7.521,14.647,2.822,-17.665,13.991,0,0,0,0,0.0,0.0,0.0,0.0,0.000,0
13,cube_soft,2919,112.200,0.652,-6.527,48.016,-4.371,-13.112,34.807,-3.116,13.039,3.839,-16.072,-5.679,-9.962,-14.450,7.521,18.123,-3.646,-28.249,14.307,0,0,0,0,0.0,0.0,0.0,0.0,0.000,0
13,cube_soft,2944,112.200,-6.992,-7.311,57.496,-1.627,-10.368,35.439,-14.092,10.883,1.943,-4.312,-4.895,-3.958,-14.842,6.933,9.907,4.390,-16.685,18.731,0,0,0,0,0.0,0.0,0.0,0.0,0.000,0
13,cube_soft,2969,112.200,2.416,-3.783,58.760,-4.371,-6.448,26.275,-2.332,20.683,-10.065,-2.548,-10.579,-1.114,-12.294,0.073,24.443,-3.450,-21.781,13.991,0,0,0,0,0.0,0.0,0.0,0.0,0.000,0
13,cube_soft,2995,112.200,-2.288,1.313,54.020,-3.783,-14.680,31.963,-12.524,16.567,6.051,-2.352,-3.719,-9.646,-16.410,0.270,23.495,0.274,-26.485,19.363,0,0,0,0,0.0,0.0,0.0,0.0,0.000,0
13,cube_soft,3020,112.200,3.984,-3.979,58.760,-0.255,-12.328,25.959,-7.036,15.783,14.267,-7.840,-10.775,-8.382,-10.138,14.969,10.223,-7.174,-18.645,-1.493,0,0,0,0,0.0,0.0,0.0,0.0,0.000,0
13,cube_soft,3045,112.200,4.376,-0.647,63.184,-8.487,-25.852,45.867,-12.132,15.587,-1.217,-14.504,-8.815,6.786,-7.590,1.641,12.751,3.018,-33.933,0.403,0,0,0,0,0.0,0.0,0.0,0.0,0.000,0
13,cube_soft,3070,112.200,-0.916,-1.235,68.240,0.529,-19.972,39.863,-10.368,11.471,5.419,-9.212,-7.247,2.994,-12.098,3.798,5.799,-5.998,-17.861,13.043,0,0,0,0,0.0,0.0,0.0,0.0,0.000,0
13,cube_soft,3101,112.200,-4.444,-3.783,60.972,-9.271,-13.700,37.967,-8.408,16.175,1.943,-16.856,0.005,6.154,-17.194,6.345,17.175,-1.882,-24.721,14.307,0,0,0,0,0.0,0.0,0.0,0.0,0.000,0
13,cube_soft,3126,112.200,-1.504,-3.587,52.756,-5.939,-20.952,31.331,-9.976,21.075,2.259,-7.644,-0.387,0.150,-17.390,-1.103,11.803,-4.430,-24.721,13.043,0,0,0,0,0.0,0.0,0.0,0.0,0.000,0
13,cube_soft,3151,112.200,-1.700,-4.567,55.284,-8.683,-26.440,40.179,-5.664,14.607,-7.221,-11.956,-16.655,3.626,-12.490,11.441,32.975,3.410,-17.273,9.567,0,0,0,0,0.0,0.0,0.0,0.0,0.000,0
13,cube_soft,3177,112.200,-3.660,-2.999,56.548,1.313,-21.932,35.123,-3.116,14.411,4.787,-6.468,-5.875,2.046,-15.430,3.601,15.911,-8.938,-25.897,8.303,0,0,0,0,0.0,0.0,0.0,0.0,0.000,0
13,cube_soft,3202,112.200,-3.660,-0.647,61.288,-0.451,-20.364,52.819,-11.152,17.351,-5.957,-0.784,-14.303,2.046,-9.158,16.341,20.019,-9.330,-22.565,7.987,0,0,0,0,0.0,0.0,0.0,0.0,0.000,0
13,cube_soft,3227,112.200,1.632,-6.527,65.080,-13.779,-19.384,35.439,-12.132,18.919,7.631,-14.896,-6.071,-5.854,-10.138,5.365,2.007,-6.782,-23.153,18.731,0,0,0,0,0.0,0.0,0.0,0.0,0.000,0
13,cube_soft,3252,112.200,5.552,-4.959,62.236,-0.843,-18.600,35.755,-4.880,4.023,15.531,-10.976,-9.207,-3.326,-7.394,9.873,5.167,-3.646,-25.897,18.731,0,0,0,0,0.0,0.0,0.0,0.0,0.000,0
13,cube_soft,3278,112.200,0.848,-0.647,47.700,-3.587,-18.992,55.031,-5.468,20.487,6.367,-15.288,-11.755,4.890,-10.530,6.933,20.967,7.134,-18.841,13.043,0,0,0,0,0.0,0.0,0.0,0.0,0.000,0
13,cube_soft,3303,112.200,3.984,5.037,48.332,-4.763,-18.208,33.227,-11.544,12.843,-0.901,-11.172,0.005,13.106,-7.590,-3.847,8.959,-4.430,-18.645,15.571,0,0,0,0,0.0,0.0,0.0,0.0,0.000,0
13,cube_soft,3328,112.200,0.456,-2.215,52.756,9.153,-26.832,42.707,-6.448,9.315,9.211,-7.644,-8.619,6.470,-10.334,12.813,28.551,-2.078,-19.821,19.679,0,0,0,0,0.0,0.0,0.0,0.0,0.000,0
13,cube_soft,3353,112.200,-6.992,-1.823,48.332,7.781,-11.740,39.863,-8.800,14.019,-4.061,-7.644,-5.287,0.466,-14.646,6.737,14.963,0.666,-22.957,24.419,0,0,0,0,0.0,0.0,0.0,0.0,0.000,0
13,cube_soft,3378,112.200,0.652,3.273,69.504,0.137,-28.400,33.859,-10.760,15.979,3.207,-0.392,-15.479,-6.486,-13.666,4.777,4.219,-12.662,-27.661,15.887,0,0,0,0,0.0,0.0,0.0,0.0,0.000,0
13,cube_soft,3404,112.200,5.552,1.509,62.236,-10.251,-12.524,33.227,-4.488,6.179,-0.901,-14.700,-7.247,3.626,-10.726,13.205,19.703,-9.134,-24.721,15.255,0,0,0,0,0.0,0.0,0.0,0.0,0.000,0
13,cube_soft,3429,112.200,-5.032,1.117,59.076,-5.743,-14.288,43.971,-7.232,14.999,4.471,-8.820,-4.699,-3.642,-14.254,9.089,8.959,5.958,-29.229,3.879,0,0,0,0,0.0,0.0,0.0,0.0,0.000,0
13,cube_soft,3455,112.200,-11.696,2.489,47.068,-4.567,-16.836,42.707,-6.448,10.687,2.259,-10.388,-9.011,4.574,-7.394,1.837,10.539,-0.902,-17.469,8.303,0,0,0,0,0.0,0.0,0.0,0.0,0.000,0
13,cube_soft,3480,112.200,1.436,-11.035,68.240,-2.999,-14.484,29.751,-17.424,16.763,2.259,-13.328,-5.875,-4.274,-13.862,2.621,9.275,1.842,-20.409,7.039,0,0,0,0,0.0,0.0,0.0,0.0,0.000,0
13,cube_soft,3506,112.200,0.064,2.685,51.492,-2.215,-22.128,44.919,-6.252,14.607,1.943,-5.488,-9.403,0.782,-13.078,2.425,21.599,1.646,-24.525,6.091,0,0,0,0,0.0,0.0,0.0,0.0,0.000,0
13,cube_soft,3531,112.200,-3.072,-1.823,54.652,-8.291,-18.796,40.811,-3.508,12.451,3.523,-3.332,-20.967,11.210,-1.122,2.817,12.435,-3.646,-14.333,5.775,0,0,0,0,0.0,0.0,0.0,0.0,0.000,0
13,cube_soft,3558,112.200,-1.112,-8.095,60.656,-3.783,-18.796,54.399,-5.860,10.687,4.471,-10.584,-6.071,0.466,-9.942,1.837,12.119,0.862,-17.077,13.359,0,0,0,0,0.0,0.0,0.0,0.0,0.000,0
13,cube_soft,3583,112.200,-2.876,6.409,47.700,-3.979,-27.224,42.707,-15.660,19.899,11.107,-13.132,-13.519,-7.434,-5.042,4.581,6.115,0.274,-24.917,17.783,0,0,0,0,0.0,0.0,0.0,0.0,0.000,0
13,cube_soft,3608,112.288,-5.032,2.293,48.964,-2.803,-24.480,47.447,-12.720,19.899,-4.693,-5.488,-9.011,2.046,-21.898,5.757,20.335,-6.390,-15.705,16.835,0,0,0,0,0.0,0.0,0.0,0.0,0.000,0
13,cube_soft,3633,112.200,3.984,0.529,59.076,-4.567,-24.872,33.543,-9.584,11.471,12.055,-6.468,-2.935,-2.062,-15.038,1.445,8.643,2.430,-25.897,16.203,0,0,0,0,0.0,0.0,0.0,0.0,0.000,0
13,cube_soft,3659,112.200,-2.288,0.529,64.132,-3.979,-13.896,52.819,1.588,9.707,6.367,-16.268,-16.263,8.366,-18.174,10.657,9.591,-0.706,-32.561,24.735,0,0,0,0,0.0,0.0,0.0,0.0,0.000,0
13,cube_soft,3684,112.200,2.024,-2.019,60.340,-5.351,-18.796,46.499,-6.252,15.587,6.999,-10.780,-8.815,5.206,-6.806,4.385,13.067,0.666,-27.661,9.883,0,0,0,0,0.0,0.0,0.0,0.0,0.000,0
13,cube_soft,3709,112.288,-7.188,-2.215,69.820,-2.019,-16.444,44.603,-3.508,12.843,14.899,-2.548,-10.775,-10.278,-9.746,3.013,11.803,-4.822,-31.189,5.143,0,0,0,0,0.0,0.0,0.0,0.0,0.000,0
13,cube_soft,3735,112.200,-5.032,-9.271,55.284,-9.859,-25.852,37.967,-9.780,10.099,6.683,-11.368,-8.815,-0.798,-7.198,2.033,19.703,3.606,-27.857,6.723,0,0,0,0,0.0,0.0,0.0,0.0,0.000,0
13,cube_soft,3760,112.200,-4.836,3.665,44.856,1.901,-15.268,31.963,-17.816,18.919,-2.797,-11.760,-9.795,6.470,-10.138,4.581,11.171,-0.118,-33.345,22.839,0,0,0,0,0.0,0.0,0.0,0.0,0.000,0
13,cube_soft,3785,112.200,-3.268,5.429,47.384,4.449,-17.816,36.071,-1.940,11.667,10.159,-14.308,-10.775,-6.170,-16.606,1.641,3.271,-2.862,-14.529,7.355,0,0,0,0,0.0,0.0,0.0,0.0,0.000,0
13,cube_soft,3810,112.200,1.828,-9.467,55.916,-2.411,-10.956,37.651,-15.072,13.823,-3.745,-2.940,-9.011,8.998,-16.018,1.641,20.019,5.370,-19.821,18.415,0,0,0,0,0.0,0.0,0.0,0.0,0.000,0
13,cube_soft,3835,112.200,-6.208,4.645,49.912,-2.411,-21.148,42.391,-6.056,23.035,11.423,-12.152,-2.151,-3.958,-22.094,4.189,18.439,-4.234,-22.369,25.999,0,0,0,0,0.0,0.0,0.0,0.0,0.000,0
13,cube_soft,3861,112.200,1.044,4.057,47.384,-4.371,-13.504,41.759,-11.544,12.843,8.263,-11.760,2.749,-8.382,-13.862,16.537,15.911,-2.470,-23.937,14.307,0,0,0,0,0.0,0.0,0.0,0.0,0.000,0
13,cube_soft,3886,112.200,0.064,-2.019,48.016,-7.115,-13.700,38.599,-1.744,21.075,-3.113,-6.272,-11.363,9.314,-10.334,3.209,15.279,1.450,-24.917,22.839,0,0,0,0,0.0,0.0,0.0,0.0,0.000,0
13,cube_soft,3912,112.200,-2.876,-0.255,57.812,-4.371,-19.384,50.923,-13.504,14.215,2.891,-10.780,-9.795,10.894,-15.430,1.837,9.907,2.038,-22.957,18.415,0,0,0,0,0.0,0.0,0.0,0.0,0.000,0
13,cube_soft,3937,112.200,6.336,1.509,58.444,-6.331,-19.188,34.807,-8.016,15.783,-2.481,-8.624,-6.071,15.950,-8.766,8.501,14.963,3.606,-23.349,18.731,0,0,0,0,0.0,0.0,0.0,0.0,0.000,0
13,cube_soft,3962,112.200,1.632,4.841,65.396,-2.215,-11.152,42.075,-8.604,22.447,0.679,-2.940,-9.403,-0.166,-12.294,5.757,20.967,-6.586,-21.781,18.415,0,0,0,0,0.0,0.0,0.0,0.0,0.000,0
13,cube_soft,3988,112.200,-0.524,-3.195,54.652,-5.939,-20.364,49.027,-10.564,13.235,7.631,-0.784,-3.719,12.158,-12.882,3.013,14.015,-6.586,-29.621,19.047,0,0,0,0,0.0,0.0,0.0,0.0,0.000,0
13,cube_soft,4013,112.200,3.788,3.665,64.132,-2.803,-14.876,46.499,-4.096,15.195,21.219,-13.916,-2.347,2.362,-18.762,6.149,5.483,-3.646,-27.465,14.307,0,0,0,0,0.0,0.0,0.0,0.0,0.000,0
13,cube_soft,4038,112.200,-3.072,3.077,58.760,-2.999,-19.580,34.491,-2.920,10.491,0.995,-17.444,-6.855,5.522,-14.450,8.305,10.223,1.646,-28.837,9.251,0,0,0,0,0.0,0.0,0.0,0.0,0.000,0
13,cube_soft,4063,112.200,-5.816,-0.059,50.544,1.509,-14.484,48.395,-7.820,9.511,5.735,-1.960,-8.031,-3.326,-15.038,11.833,22.863,-6.782,-7.081,21.259,0,0,0,0,0.0,0.0,0.0,0.0,0.000,0
13,cube_soft,4088,112.200,1.632,8.761,50.860,-12.015,-16.640,44.603,-15.072,17.743,-5.641,-9.800,-6.855,7.734,-19.938,8.501,16.859,-5.802,-22.369,13.359,0,0,0,0,0.0,0.0,0.0,0.0,0.000,0
13,cube_soft,4120,112.200,1.436,2.489,46.752,-0.255,-21.148,28.171,-0.764,19.115,10.475,-12.544,-14.303,10.262,-13.078,0.661,11.487,2.038,-18.449,15.571,0,0,0,0,0.0,0.0,0.0,0.0,0.000,0
13,cube_soft,4145,112.200,-6.208,0.137,44.540,-6.527,-24.480,48.395,-9.584,16.567,4.155,-13.916,-10.383,6.786,-12.686,7.326,19.387,1.254,-19.429,12.727,0,0,0,0,0.0,0.0,0.0,0.0,0.000,0
13,cube_soft,4170,112.200,-5.032,3.665,53.704,-2.019,-15.072,32.911,-5.272,3.435,8.579,-1.960,-11.951,-4.274,-18.174,-5.219,18.123,-7.174,-27.269,19.363,0,0,0,0,0.0,0.0,0.0,0.0,0.000,0
13,cube_soft,4197,112.200,-4.444,3.861,54.336,-1.823,-14.288,42.391,-12.328,17.939,19.007,-16.856,-6.659,-0.166,-17.586,8.697,14.015,-1.294,-24.917,11.463,0,0,0,0,0.0,0.0,0.0,0.0,0.000,0
13,cube_soft,4222,112.200,-4.052,0.529,60.024,1.705,-22.520,31.647,-5.468,12.255,-8.485,-9.996,-3.131,10.262,-15.626,0.857,-7.473,-0.706,-20.801,22.207,0,0,0,0,0.0,0.0,0.0,0.0,0.000,0
13,cube_soft,4247,112.200,-11.892,-0.647,60.972,-2.215,-16.640,31.647,-1.156,11.079,5.103,-11.368,-8.619,-5.538,-11.902,-2.279,8.643,-4.626,-24.721,20.943,0,0,0,0,0.0,0.0,0.0,0.0,0.000,0
13,cube_soft,4273,112.200,1.828,-6.723,58.128,1.901,-17.620,42.707,-5.076,15.783,-5.325,-2.744,-9.991,2.678,-10.138,10.657,3.587,-3.842,-31.189,10.831,0,0,0,0,0.0,0.0,0.0,0.0,0.000,0
13,cube_soft,4298,112.200,-3.464,-0.647,54.968,-1.627,-22.912,41.127,-10.172,14.607,7.947,-5.488,-9.011,-0.482,-18.370,3.601,15.911,-0.314,-19.821,7.355,0,0,0,0,0.0,0.0,0.0,0.0,0.000,0
13,cube_soft,4324,112.200,0.260,-2.803,62.236,-10.643,-12.720,44.603,-11.740,10.295,5.735,-5.292,-18.027,-4.590,-12.882,-0.907,14.015,-6.978,-29.817,13.675,0,0,0,0,0.0,0.0,0.0,0.0,0.000,0
13,cube_soft,4349,112.200,-8.560,-7.703,60.340,-11.623,-13.112,38.915,-11.544,18.723,2.891,-11.760,-4.895,7.418,-11.510,5.561,4.535,3.606,-21.781,15.887,0,0,0,0,0.0,0.0,0.0,0.0,0.000,0
13,cube_soft,4374,112.200,3.396,3.273,54.336,-5.155,-19.972,49.343,-6.840,11.275,6.367,-13.720,-4.503,-8.382,-10.922,0.465,12.435,0.078,-23.153,11.463,0,0,0,0,0.0,0.0,0.0,0.0,0.000,0
13,cube_soft,4399,112.200,-0.720,-2.607,56.232,-4.763,-26.244,52.187,-7.232,14.803,23.431,-11.368,-16.459,1.414,-14.254,14.773,10.539,3.606,-18.057,1.983,0,0,0,0,0.0,0.0,0.0,0.0,0.000,0
13,cube_soft,4424,112.200,-0.720,-1.235,51.808,-0.451,-18.208,43.339,-4.880,14.607,7.631,-10.584,-10.775,-3.010,-2.886,-0.711,17.807,-3.450,-29.621,17.783,0,0,0,0,0.0,0.0,0.0,0.0,0.000,0
13,cube_soft,4450,112.200,-4.052,-1.431,58.128,-9.467,-17.228,45.867,-9.584,16.763,-2.165,-3.332,-15.675,5.206,-15.626,-0.123,12.435,-0.706,-27.073,20.943,0,0,0,0,0.0,0.0,0.0,0.0,0.000,0
13,cube_soft,4476,112.200,3.200,3.861,64.448,-10.643,-24.676,48.395,-2.920,11.863,1.943,-9.604,2.161,-2.378,-11.510,9.089,20.019,-4.430,-22.761,12.095,0,0,0,0,0.0,0.0,0.0,0.0,0.000,0
13,cube_soft,4501,112.200,-1.112,-0.647,46.120,-3.979,-21.148,41.759,-6.252,11.471,10.159,-8.428,-4.699,3.942,-9.158,3.601,15.911,-6.586,-29.229,15.571,0,0,0,0,0.0,0.0,0.0,0.0,0.000,0
13,cube_soft,4526,112.200,-8.756,0.137,66.660,-8.487,-16.640,33.543,-5.860,12.843,1.943,-7.252,-6.267,2.362,-12.686,3.209,14.647,-0.706,-32.757,9.567,0,0,0,0,0.0,0.0,0.0,0.0,0.000,0
13,cube_soft,4551,112.200,-0.328,-6.723,58.128,-9.467,-16.052,22.167,0.608,7.943,0.679,-7.448,-11.755,-1.430,-17.782,10.657,30.131,-5.410,-25.309,17.467,0,0,0,0,0.0,0.0,0.0,0.0,0.000,0
13,cube_soft,4577,112.200,-6.012,4.253,60.340,-8.095,-17.424,34.807,-8.996,16.567,2.259,-18.816,0.985,-0.482,-7.002,2.033,26.655,4.390,-25.897,6.407,0,0,0,0,0.0,0.0,0.0,0.0,0.000,0
13,cube_soft,4602,112.200,-1.308,-5.939,60.340,-12.799,-16.248,42.391,-9.780,14.215,5.419,-13.328,-9.207,6.470,-21.898,5.169,20.651,7.134,-19.429,27.579,0,0,0,0,0.0,0.0,0.0,0.0,0.000,0
13,cube_soft,4627,112.200,-6.208,8.761,53.072,-5.351,-22.324,41.127,-18.404,7.159,0.363,-7.840,-13.323,5.838,-7.198,1.445,15.595,-0.510,-32.169,15.255,0,0,0,0,0.0,0.0,0.0,0.0,0.000,0
13,cube_soft,4652,112.200,-2.484,-6.527,65.712,-8.683,-26.244,42.075,-3.704,16.959,15.215,-9.604,-16.067,-3.642,-12.882,5.169,20.967,1.450,-21.781,10.515,0,0,0,0,0.0,0.0,0.0,0.0,0.000,0
13,cube_soft,4678,112.200,-0.132,-4.567,48.332,-6.919,-9.780,39.863,-2.920,8.139,-5.009,-12.544,2.161,2.046,-12.490,8.697,25.707,-2.470,-24.133,20.627,0,0,0,0,0.0,0.0,0.0,0.0,0.000,0
13,cube_soft,4703,112.200,-2.876,-4.567,49.596,2.293,-21.344,39.863,-16.248,14.411,1.627,-11.368,-4.895,-6.486,-11.902,4.189,19.703,-4.430,-28.641,18.731,0,0,0,0,0.0,0.0,0.0,0.0,0.000,0
13,cube_soft,4728,112.200,9.276,-0.451,50.544,-3.391,-13.504,40.811,-13.896,21.859,9.527,-13.328,-18.615,-4.906,-16.410,10.265,10.539,1.058,-25.701,13.043,0,0,0,0,0.0,0.0,0.0,0.0,0.000,0
13,cube_soft,4754,112.200,6.140,3.665,69.504,5.429,-22.520,43.971,-4.488,13.039,10.791,-3.332,-14.499,-10.594,-6.218,-0.319,12.435,-2.470,-19.429,7.987,0,0,0,0,0.0,0.0,0.0,0.0,0.000,0
13,cube_soft,4779,112.200,-1.896,-5.743,47.700,-7.899,-22.716,38.283,-4.880,15.783,2.575,-15.092,-5.287,-3.642,-11.314,4.777,-0.205,-2.666,-20.017,24.735,0,0,0,0,0.0,0.0,0.0,0.0,0.000,0
13,cube_soft,4804,112.200,-1.896,7.389,56.232,0.921,-20.952,53.135,-1.744,10.295,-2.797,-15.288,-6.071,10.262,-23.466,8.109,13.699,-2.862,-21.977,15.571,0,0,0,0,0.0,0.0,0.0,0.0,0.000,0
13,cube_soft,4829,112.200,-1.896,-2.019,62.236,1.313,-18.208,42.075,-9.388,11.079,13.635,-13.132,-9.207,0.150,-19.546,10.854,30.763,-0.706,-21.389,12.411,0,0,0,0,0.0,0.0,0.0,0.0,0.000,0
13,cube_soft,4854,112.200,-5.228,5.625,59.076,0.333,-19.776,50.607,-7.428,10.687,14.899,-6.860,-7.247,1.730,-17.390,2.229,14.331,-5.214,-27.269,13.043,0,0,0,0,0.0,0.0,0.0,0.0,0.000,0
13,cube_soft,4879,112.200,-5.032,1.509,52.124,4.841,-16.248,47.131,-2.528,22.447,1.943,-13.328,-3.327,13.738,-8.570,7.326,9.907,-1.686,-25.113,12.095,0,0,0,0,0.0,0.0,0.0,0.0,0.000,0
13,cube_soft,4904,112.200,-3.660,-2.215,59.392,-6.135,-13.700,45.867,-8.016,9.315,-9.433,-4.116,-11.363,-2.378,-8.178,12.225,9.591,0.274,-17.861,8.935,0,0,0,0,0.0,0.0,0.0,0.0,0.000,0
13,cube_soft,4930,112.200,3.200,1.117,64.764,-11.427,-25.068,54.083,-17.424,10.491,1.627,2.940,-6.659,4.890,-8.570,-0.123,19.387,-5.018,-29.817,12.411,0,0,0,0,0.0,0.0,0.0,0.0,0.000,0
13,cube_soft,4955,112.200,0.456,2.097,52.440,1.705,-18.600,44.603,1.588,17.351,13.003,-19.012,-5.287,-9.646,-14.842,13.205,16.859,-3.646,-24.917,4.827,0,0,0,0,0.0,0.0,0.0,0.0,0.000,0
13,cube_soft,4980,112.200,1.828,-6.135,49.280,8.565,-21.148,30.067,-5.860,17.547,13.319,-9.604,-12.539,4.258,-17.978,-7.963,13.699,-6.782,-18.057,9.883,0,0,0,0,0.0,0.0,0.0,0.0,0.000,0
14,cube_soft,6,60.368,-4.640,2.489,57.496,1.117,-14.092,49.659,-8.996,19.115,2.259,-2.352,-3.915,-11.226,-8.374,1.445,15.911,-4.038,-24.917,7.671,0,0,0,0,0.0,0.0,0.0,0.0,0.000,0
14,cube_soft,32,60.544,-2.484,0.137,26.844,-0.059,-1.940,11.423,-10.172,1.867,-8.169,-3.332,-4.503,-4.274,-6.610,0.857,-26.433,-11.486,-6.493,-14.449,0,0,0,0,0.0,0.0,0.0,0.0,0.000,0
14,cube_soft,58,61.248,-4.248,-7.115,23.684,-5.939,-9.780,18.059,-7.036,-4.601,-12.277,-6.468,-11.951,-15.018,-4.846,2.425,-22.009,6.350,-2.965,-10.025,0,0,0,0,0.0,0.0,0.0,0.0,0.000,0
14,cube_soft,84,62.216,-0.524,-1.823,29.056,-1.823,-2.332,13.635,-4.684,5.983,-13.541,-2.352,-2.347,-11.542,-5.826,0.661,-34.965,-4.822,5.267,-15.397,0,0,0,0,0.0,0.0,0.0,0.0,0.000,0
14,cube_soft,110,63.448,-4.444,-1.627,24.948,-7.703,-3.116,10.475,-0.176,0.887,-15.437,13.916,0.593,-5.854,3.582,0.857,-26.433,-2.078,-0.025,-8.445,0,0,0,0,0.0,0.0,0.0,0.0,0.000,0
14,cube_soft,135,64.680,-2.876,-6.135,29.688,-8.683,-6.252,19.007,7.272,7.159,-8.801,-1.960,-1.955,-25.130,2.994,-1.495,-19.165,0.862,-5.513,-9.077,0,0,0,0,0.0,0.0,0.0,0.0,0.000,0
14,cube_soft,160,66.088,0.260,-1.235,17.680,-2.019,4.920,19.007,1.588,2.455,-16.385,0.588,-2.739,-16.914,-0.534,0.270,-24.853,-8.154,-0.809,-14.133,0,0,0,0,0.0,0.0,0.0,0.0,0.000,0
14,cube_soft,185,67.496,-6.012,-9.075,22.104,-1.431,-11.740,25.011,-2.136,4.023,-12.593,-2.352,-2.543,-2.378,-0.534,0.270,-16.637,-1.294,-9.629,-13.501,0,0,0,0,0.0,0.0,0.0,0.0,0.000,0
14,cube_soft,211,68.904,-5.424,-2.215,21.156,-2.019,-4.292,11.107,-3.116,-0.877,-11.013,-3.332,-5.287,-5.854,1.230,-1.495,-24.221,-1.686,-3.553,-15.397,0,0,0,0,0.0,0.0,0.0,0.0,0.000,0
14,cube_soft,236,70.400,-0.328,-5.939,23.052,-7.115,-0.568,14.267,0.216,0.887,-11.645,-1.568,-3.327,-17.546,-1.122,0.857,-25.169,-4.626,-9.041,-1.493,0,0,0,0,0.0,0.0,0.0,0.0,0.000,0
14,cube_soft,262,71.896,3.200,0.529,12.940,5.233,-7.036,10.159,-1.352,0.103,-15.753,-0.784,-5.091,-12.174,4.954,0.465,-21.693,-1.882,-13.157,-0.545,0,0,0,0,0.0,0.0,0.0,0.0,0.000,0
14,cube_soft,287,73.216,-10.520,-3.783,29.372,-9.075,-3.312,12.055,-1.548,-5.581,-14.173,5.096,-7.835,-0.166,-0.142,0.857,-26.433,-8.742,-1.593,-13.185,0,0,0,0,0.0,0.0,0.0,0.0,0.000,0
14,cube_soft,312,74.800,-0.132,-1.823,30.320,-8.487,-11.152,11.739,1.392,-1.073,-24.285,0.784,-5.483,-14.386,-7.590,2.229,-27.697,0.862,-18.841,-10.341,0,0,0,0,0.0,0.0,0.0,0.0,0.000,0
14,cube_soft,338,76.208,-5.816,-2.999,21.788,-5.743,-9.192,5.735,-8.604,11.079,-3.429,-1.764,-10.971,-7.434,0.642,0.857,-10.949,2.234,-9.825,3.879,0,0,0,0,0.0,0.0,0.0,0.0,0.000,0
14,cube_soft,363,77.704,4.768,-5.547,31.584,-3.195,-10.368,13.003,-5.076,2.651,-13.857,2.940,-6.267,0.150,-0.534,-2.083,-32.753,3.606,-17.469,6.407,0,0,0,0,0.0,0.0,0.0,0.0,0.000,0
14,cube_soft,388,79.112,-5.620,-7.115,40.116,2.881,-7.428,29.435,-4.292,0.691,-12.909,-1.176,-7.247,0.466,-1.710,-5.415,-9.369,-5.606,-13.549,0.403,0,0,0,0,0.0,0.0,0.0,0.0,0.000,0
14,cube_soft,414,80.608,5.356,-0.059,20.208,-1.627,-9.780,20.587,-4.488,7.747,-17.965,0.784,0.397,-8.382,2.014,-7.963,-25.801,-8.938,-7.669,1.667,0,0,0,0,0.0,0.0,0.0,0.0,0.000,0
14,cube_soft,439,82.192,-7.580,-1.235,46.120,-6.135,-8.016,25.327,-9.388,10.687,-10.065,1.176,-5.091,-12.806,3.778,-8.355,-9.369,-6.586,-18.449,6.091,0,0,0,0,0.0,0.0,0.0,0.0,0.000,0
14,cube_soft,464,83.688,-7.776,0.921,38.852,1.705,-11.740,27.223,2.176,-3.229,-8.169,-5.096,-18.223,-14.070,1.230,3.013,-17.901,-1.686,-15.117,-3.705,0,0,0,0,0.0,0.0,0.0,0.0,0.000,0
14,cube_soft,489,85.184,0.260,-4.959,57.812,-7.703,-9.192,37.967,-5.860,2.063,-2.481,-10.388,-6.267,-5.854,-2.102,-4.631,-6.525,0.862,-24.917,12.727,0,0,0,0,0.0,0.0,0.0,0.0,0.000,0
14,cube_soft,515,86.592,1.436,-1.431,48.648,-4.959,-9.780,39.231,3.156,11.275,-4.061,1.176,-7.835,-10.910,0.642,-0.907,6.431,-4.822,-17.077,4.827,0,0,0,0,0.0,0.0,0.0,0.0,0.000,0
14,cube_soft,540,88.088,2.024,-15.151,35.692,-8.683,-19.580,35.439,-10.368,2.455,-13.225,-13.916,-6.463,-16.598,15.342,-2.083,-14.425,6.350,-24.133,-9.077,0,0,0,0,0.0,0.0,0.0,0.0,0.000,0
14,cube_soft,565,89.408,-2.092,-6.919,42.644,-5.939,-13.308,35.439,-4.292,-2.249,5.419,-12.740,-11.167,-9.330,1.034,-0.515,-12.845,2.038,-15.117,7.987,0,0,0,0,0.0,0.0,0.0,0.0,0.000,0
14,cube_soft,590,90.728,1.240,-11.231,53.072,-5.939,-19.188,47.763,-7.428,7.943,-8.485,-15.484,-6.659,-11.226,0.446,4.189,-4.313,5.174,-20.409,12.095,0,0,0,0,0.0,0.0,0.0,0.0,0.000,0
14,cube_soft,616,92.048,16.332,-16.523,72.032,-5.743,-14.288,43.971,-3.704,5.787,-2.481,0.784,-10.579,-16.598,-3.866,-0.907,-26.117,-2.274,-19.821,4.511,0,0,0,0,0.0,0.0,0.0,0.0,0.000,0
14,cube_soft,641,93.192,29.856,-16.131,74.560,4.645,-10.956,41.759,-4.096,3.435,-5.325,5.880,-16.067,-25.446,-0.926,-13.842,-7.473,-7.566,-20.997,-11.289,0,0,0,0,0.0,0.0,0.0,0.0,0.000,0
14,cube_soft,666,94.512,9.472,-15.739,66.976,-1.039,-2.136,41.127,-12.132,1.671,-19.545,-15.680,-11.363,-24.498,-3.082,-0.319,-16.005,-7.370,-25.113,7.355,0,0,0,0,0.0,0.0,0.0,0.0,0.000,0
14,cube_soft,692,95.656,25.152,-27.695,82.144,-5.155,-3.508,42.075,-14.092,11.667,-34.713,-5.880,-11.755,-22.918,-1.906,7.129,-12.213,3.802,-4.729,-4.021,0,0,0,0,0.0,0.0,0.0,0.0,0.000,0
14,cube_soft,717,96.800,19.664,-24.167,62.236,1.117,-10.564,47.447,-14.092,0.299,-24.601,-10.976,-19.791,-15.966,-4.454,2.229,-4.629,11.446,-24.721,8.303,0,0,0,0,0.0,0.0,0.0,0.0,0.000,0
14,cube_soft,742,97.856,29.072,-17.111,73.296,4.253,-7.820,51.555,-11.152,4.611,-22.705,-10.976,-8.423,-24.814,-1.710,11.833,-11.265,-1.098,-24.917,-7.181,0,0,0,0,0.0,0.0,0.0,0.0,0.000,0
14,cube_soft,767,98.824,28.680,-16.131,66.344,3.077,-13.896,34.491,-11.348,2.651,-34.081,-15.876,-12.147,-25.130,-8.374,5.561,-14.425,-3.450,-18.645,-3.073,0,0,0,0,0.0,0.0,0.0,0.0,0.000,0
14,cube_soft,792,99.792,27.504,-28.087,65.712,6.801,-10.368,29.435,-13.308,12.451,-38.189,-11.760,1.573,-17.230,-0.338,6.345,-25.169,-0.902,-25.897,14.623,0,0,0,0,0.0,0.0,0.0,0.0,0.000,0
14,cube_soft,818,100.760,29.072,-20.639,80.564,2.685,-4.488,46.815,-19.972,10.295,-33.133,-16.660,-9.599,-22.286,-5.826,4.385,-9.369,0.078,-13.745,-2.757,0,0,0,0,0.0,0.0,0.0,0.0,0.000,0
14,cube_soft,843,101.816,33.580,-12.603,79.616,-0.451,-6.840,29.435,-14.876,11.471,-26.497,-9.604,-0.975,-19.758,-5.630,7.129,-15.057,-7.370,-21.977,5.775,0,0,0,0,0.0,0.0,0.0,0.0,0.000,0
14,cube_soft,868,102.784,36.912,-27.499,69.504,-1.627,-4.880,48.395,-19.580,9.903,-34.081,-12.348,-9.403,-29.870,-3.474,8.305,-23.905,-0.902,-15.117,4.827,0,0,0,0,0.0,0.0,0.0,0.0,0.000,0
14,cube_soft,894,103.840,31.620,-22.991,80.564,3.077,-12.720,34.807,-26.636,19.115,-29.657,-19.404,-6.855,-28.606,-7.394,11.637,-28.329,5.370,-20.605,3.247,0,0,0,0,0.0,0.0,0.0,0.0,0.000,0
14,cube_soft,919,104.632,36.520,-19.463,66.028,8.957,-5.272,36.387,-11.936,14.019,-41.981,-20.776,-7.443,-35.874,-7.002,15.949,-24.537,0.666,-22.173,-7.813,0,0,0,0,0.0,0.0,0.0,0.0,0.000,0
14,cube_soft,945,105.512,32.208,-20.835,71.716,-7.115,-3.704,34.175,-20.952,12.059,-34.713,-14.112,2.161,-26.078,-6.414,11.245,-1.153,-2.078,-18.253,-5.917,0,0,0,0,0.0,0.0,0.0,0.0,0.000,0
14,cube_soft,970,106.128,36.912,-25.735,75.508,1.313,-2.332,33.859,-5.860,17.547,-51.461,-8.232,-7.051,-32.082,-9.550,7.326,-31.173,-2.666,-15.509,-3.073,0,0,0,0,0.0,0.0,0.0,0.0,0.000,0
14,cube_soft,995,106.304,41.028,-30.831,78.984,0.921,-12.916,54.399,-21.540,18.331,-49.249,-19.992,2.749,-27.342,-2.690,6.345,-20.113,-4.430,-19.625,-9.709,0,0,0,0,0.0,0.0,0.0,0.0,0.000,0
14,cube_soft,1021,106.216,49.260,-11.623,72.664,-2.999,-10.368,30.067,-25.264,24.603,-38.821,-12.936,-7.443,-22.602,-7.982,5.561,-15.057,0.274,-19.233,1.983,0,0,0,0,0.0,0.0,0.0,0.0,0.000,0
14,cube_soft,1046,106.216,35.736,-27.303,81.196,-0.843,-11.152,30.383,-21.148,25.779,-40.085,-11.368,-8.227,-36.822,-4.650,16.537,-18.533,-5.998,-16.097,-6.865,0,0,0,0,0.0,0.0,0.0,0.0,0.000,0
14,cube_soft,1072,106.216,35.540,-16.327,78.036,4.057,-20.560,34.807,-23.892,10.295,-45.457,-14.112,-4.503,-29.238,-0.730,11.833,-13.161,-2.666,-16.293,10.831,0,0,0,0,0.0,0.0,0.0,0.0,0.000,0
14,cube_soft,1098,106.304,40.440,-22.011,80.564,-1.627,-7.428,37.967,-23.696,22.055,-33.765,-19.992,-7.051,-14.386,-7.590,0.857,-30.225,1.254,-21.389,-4.969,0,0,0,0,0.0,0.0,0.0,0.0,0.000,0
14,cube_soft,1123,106.216,34.168,-22.991,73.928,-2.607,-12.132,30.383,-22.128,24.603,-33.765,-16.464,-9.207,-25.762,-3.866,7.717,-24.853,-12.466,-17.861,-2.757,0,0,0,0,0.0,0.0,0.0,0.0,0.000,0
14,cube_soft,1149,106.216,25.152,-31.223,67.924,4.645,5.116,41.759,-20.756,15.979,-44.193,-15.680,2.749,-27.342,-8.962,15.753,-20.745,-0.706,-22.565,2.299,0,0,0,0,0.0,0.0,0.0,0.0,0.000,0
14,cube_soft,1174,106.216,32.992,-23.971,78.352,5.233,-11.544,39.231,-22.912,24.211,-37.241,-15.288,-6.855,-27.342,-9.942,12.617,-23.273,0.078,-14.137,-2.125,0,0,0,0,0.0,0.0,0.0,0.0,0.000,0
14,cube_soft,1200,106.216,44.752,-24.755,74.876,8.173,-14.876,37.019,-24.284,12.059,-43.245,-13.132,-7.835,-29.238,-6.218,9.677,-43.813,-1.294,-19.625,8.303,0,0,0,0,0.0,0.0,0.0,0.0,0.000,0
14,cube_soft,1225,106.304,34.168,-25.147,76.140,0.137,-4.684,42.391,-26.832,15.195,-39.769,-10.976,-13.323,-11.226,-7.786,19.477,-17.269,-2.078,-16.489,11.147,0,0,0,0,0.0,0.0,0.0,0.0,0.000,0
14,cube_soft,1252,106.216,34.952,-33.379,75.824,-0.843,-8.016,36.387,-26.832,11.275,-27.761,-14.308,-1.759,-20.706,-12.686,23.201,-22.957,-6.194,-7.081,-5.917,0,0,0,0,0.0,0.0,0.0,0.0,0.000,0
14,cube_soft,1277,106.216,42.792,-20.247,65.080,-4.371,-8.996,24.695,-15.072,19.703,-23.653,-7.056,-5.287,-20.074,-7.198,15.949,-24.537,0.862,-20.801,11.147,0,0,0,0,0.0,0.0,0.0,0.0,0.000,0
14,cube_soft,1303,106.216,38.872,-19.071,84.988,1.509,-11.348,32.595,-20.756,9.315,-40.717,-10.192,-14.695,-26.394,-10.334,18.301,-19.481,-1.686,-13.549,5.459,0,0,0,0,0.0,0.0,0.0,0.0,0.000,0
14,cube_soft,1329,106.216,33.776,-18.287,72.664,0.725,-10.956,33.543,-22.912,11.863,-40.401,-23.716,0.789,-22.602,-4.258,4.777,-16.637,3.410,-18.841,-3.389,0,0,0,0,0.0,0.0,0.0,0.0,0.000,0
14,cube_soft,1354,106.216,33.972,-14.955,83.724,-5.351,-8.604,33.543,-25.068,17.351,-44.509,-21.168,-9.991,-22.286,-7.786,12.225,-31.173,-8.350,-25.897,-1.809,0,0,0,0,0.0,0.0,0.0,0.0,0.000,0
14,cube_soft,1380,106.304,42.400,-23.187,69.188,1.117,-9.192,41.443,-14.680,15.979,-31.237,-7.448,-6.855,-24.498,-7.394,13.597,-8.421,-3.058,-15.117,-1.809,0,0,0,0,0.0,0.0,0.0,0.0,0.000,0
14,cube_soft,1405,106.216,37.892,-12.407,84.672,-1.235,-8.800,27.223,-15.072,17.351,-35.029,-22.932,5.885,-15.334,-11.706,8.501,-11.265,-5.998,-17.273,-13.185,0,0,0,0,0.0,0.0,0.0,0.0,0.000,0
14,cube_soft,1430,106.216,44.556,-17.307,72.032,-4.959,-3.900,37.335,-22.912,17.743,-33.449,-16.660,-2.347,-12.490,-8.570,2.229,-20.745,-5.018,-16.489,0.087,0,0,0,0,0.0,0.0,0.0,0.0,0.000,0
14,cube_soft,1455,106.216,34.952,-22.599,77.720,-2.019,-7.036,22.167,-25.656,12.059,-25.233,-14.308,-7.051,-25.130,-9.550,7.521,-27.065,1.842,-24.721,5.775,0,0,0,0,0.0,0.0,0.0,0.0,0.000,0
14,cube_soft,1481,106.216,40.048,-27.891,89.728,-0.255,-7.036,40.495,-30.164,17.743,-33.449,-19.404,-8.423,-27.026,-8.570,6.345,-16.321,-6.390,-20.017,-5.285,0,0,0,0,0.0,0.0,0.0,0.0,0.000,0
14,cube_soft,1506,106.216,31.032,-24.167,74.244,5.233,-6.644,30.067,-25.068,22.251,-21.757,-21.952,-1.955,-26.394,1.230,12.421,-10.949,-0.118,-20.801,13.675,0,0,0,0,0.0,0.0,0.0,0.0,0.000,0
14,cube_soft,1532,106.216,44.164,-25.343,83.724,-3.195,-14.680,28.803,-18.600,14.607,-31.869,-15.288,-3.915,-34.294,-9.550,4.385,-11.897,-4.626,-6.493,5.775,0,0,0,0,0.0,0.0,0.0,0.0,0.000,0
14,cube_soft,1557,106.304,34.364,-19.071,73.928,4.253,-9.192,23.431,-12.132,16.175,-45.457,-12.740,-2.347,-24.498,-7.590,6.933,-30.541,-4.234,-15.705,4.195,0,0,0,0,0.0,0.0,0.0,0.0,0.000,0
14,cube_soft,1582,106.216,37.500,-25.735,60.340,0.333,-15.072,55.663,-21.344,13.431,-36.925,-14.700,-7.639,-17.862,-16.214,13.793,-20.429,1.254,-14.921,-3.073,0,0,0,0,0.0,0.0,0.0,0.0,0.000,0
14,cube_soft,1608,106.216,42.596,-22.011,75.192,4.841,-8.996,37.019,-13.700,15.783,-40.717,-19.012,-0.191,-24.182,-8.374,15.165,-20.113,-4.234,-9.237,-3.073,0,0,0,0,0.0,0.0,0.0,0.0,0.000,0
14,cube_soft,1634,106.304,33.972,-17.111,76.140,0.921,-17.816,37.967,-27.224,20.879,-30.289,-11.368,4.709,-30.818,-3.866,11.049,-16.321,-4.234,-15.313,24.735,0,0,0,0,0.0,0.0,0.0,0.0,0.000,0
14,cube_soft,1659,106.304,35.344,-16.327,69.188,-5.547,-5.860,28.171,-22.324,13.235,-42.929,-7.840,-6.267,-21.022,-15.822,13.989,-18.217,-6.194,-13.157,-8.445,0,0,0,0,0.0,0.0,0.0,0.0,0.000,0
14,cube_soft,1685,106.216,42.008,-17.503,75.824,-2.999,-6.252,52.819,-23.304,12.059,-29.657,-15.484,-6.463,-26.078,-10.530,11.637,-30.541,3.018,-15.313,-0.545,0,0,0,0,0.0,0.0,0.0,0.0,0.000,0
14,cube_soft,1711,106.304,36.520,-21.619,65.712,5.233,-8.016,40.811,-21.540,23.819,-32.817,-17.248,-4.699,-23.866,-12.686,10.461,-21.377,-2.666,-13.745,-4.653,0,0,0,0,0.0,0.0,0.0,0.0,0.000,0
14,cube_soft,1736,106.216,33.384,-26.911,87.832,-5.939,-11.740,41.443,-26.048,25.191,-37.557,-18.620,-4.111,-25.762,-11.706,12.029,-12.529,-3.058,-21.585,4.827,0,0,0,0,0.0,0.0,0.0,0.0,0.000,0
14,cube_soft,1762,106.216,31.032,-21.227,78.352,2.489,-12.132,36.071,-19.580,17.743,-39.137,-25.872,-4.307,-16.282,-0.730,13.597,-8.737,-1.686,-18.057,10.199,0,0,0,0,0.0,0.0,0.0,0.0,0.000,0
14,cube_soft,1788,106.216,30.248,-26.323,71.400,2.293,-13.504,38.915,-13.896,14.019,-34.397,-3.724,-9.795,-22.918,3.974,13.205,-18.849,1.842,-17.469,-6.549,0,0,0,0,0.0,0.0,0.0,0.0,0.000,0
14,cube_soft,1813,106.304,35.736,-14.367,62.236,3.273,-8.800,40.811,-19.384,18.723,-49.881,-19.404,-8.031,-24.814,-3.474,14.185,-20.745,-6.194,-9.825,-11.605,0,0,0,0,0.0,0.0,0.0,0.0,0.000,0
14,cube_soft,1838,106.216,41.028,-26.127,72.664,5.821,-5.860,30.067,-21.540,11.667,-26.813,-19.796,0.789,-33.662,-1.122,14.382,-23.905,-2.078,-22.173,8.619,0,0,0,0,0.0,0.0,0.0,0.0,0.000,0
14,cube_soft,1864,106.216,38.088,-18.287,84.040,-4.567,-16.640,33.859,-28.988,16.763,-29.025,-11.956,-5.287,-22.918,-2.494,15.949,-11.897,-1.490,-12.765,-0.545,0,0,0,0,0.0,0.0,0.0,0.0,0.000,0
14,cube_soft,1889,106.304,36.716,-23.579,68.872,2.293,-19.972,52.819,-23.696,21.663,-39.137,-19.404,-12.735,-23.550,-11.510,9.285,-28.645,-1.294,-18.449,4.511,0,0,0,0,0.0,0.0,0.0,0.0,0.000,0
14,cube_soft,1916,106.216,31.424,-24.951,66.660,4.253,-10.564,55.031,-20.560,13.823,-37.557,-12.740,-2.739,-24.498,-9.550,8.501,-12.845,1.058,-22.957,-2.125,0,0,0,0,0.0,0.0,0.0,0.0,0.000,0
14,cube_soft,1941,106.216,37.696,-23.187,71.084,4.645,-12.524,41.127,-14.876,24.603,-28.393,-14.504,-12.343,-15.966,-10.726,14.773,-36.545,-9.526,-19.429,10.199,0,0,0,0,0.0,0.0,0.0,0.0,0.000,0
14,cube_soft,1967,106.216,27.112,-23.187,75.824,1.901,-5.468,42.075,-23.108,14.411,-47.985,-15.288,-9.011,-32.398,-9.942,6.345,-10.633,-2.666,-19.429,-1.809,0,0,0,0,0.0,0.0,0.0,0.0,0.000,0
14,cube_soft,1993,106.216,42.204,-23.775,73.612,-3.979,-3.312,42.707,-15.464,19.899,-24.917,-12.740,-11.363,-25.762,-4.258,9.089,-29.277,-7.566,-24.721,1.983,0,0,0,0,0.0,0.0,0.0,0.0,0.000,0
14,cube_soft,2019,106.304,26.132,-19.855,63.500,-1.823,-4.684,37.651,-24.284,12.647,-32.501,-9.212,-10.775,-33.346,-2.494,8.697,-22.325,0.666,-10.021,5.775,0,0,0,0,0.0,0.0,0.0,0.0,0.000,0
14,cube_soft,2045,106.216,37.696,-13.191,69.188,0.921,-9.780,42.075,-23.500,21.859,-25.865,-12.740,8.629,-20.390,-6.218,8.109,-28.645,3.018,-18.841,10.515,0,0,0,0,0.0,0.0,0.0,0.0,0.000,0
14,cube_soft,2070,106.216,44.360,-16.131,76.140,-0.059,-4.292,35.755,-22.128,20.487,-32.501,3.332,-5.091,-10.594,-0.730,18.693,-26.117,-3.254,-15.705,-3.073,0,0,0,0,0.0,0.0,0.0,0.0,0.000,0
14,cube_soft,2095,106.304,34.560,-22.991,65.712,-1.627,-8.996,37.651,-25.264,19.507,-37.557,-8.820,-5.875,-25.130,-4.258,4.777,-20.745,-3.646,-21.193,4.511,0,0,0,0,0.0,0.0,0.0,0.0,0.000,0
14,cube_soft,2120,106.304,36.324,-19.071,70.452,6.017,-12.132,36.703,-21.540,24.211,-38.821,-17.444,-5.483,-16.282,-7.198,10.069,-21.061,-2.470,-23.349,8.303,0,0,0,0,0.0,0.0,0.0,0.0,0.000,0
14,cube_soft,2146,106.304,45.732,-30.243,74.560,0.725,-9.192,38.599,-13.700,12.451,-48.301,-14.504,-6.463,-19.758,-5.042,8.697,-21.693,1.646,-19.429,-3.705,0,0,0,0,0.0,0.0,0.0,0.0,0.000,0
14,cube_soft,2171,106.216,35.344,-20.835,77.404,-1.235,-18.404,34.175,-22.912,17.743,-33.449,-8.624,-5.287,-31.766,-10.334,9.677,-19.797,-0.510,-20.017,-2.441,0,0,0,0,0.0,0.0,0.0,0.0,0.000,0
14,cube_soft,2197,106.216,31.816,-34.163,59.708,-1.823,-18.992,53.135,-12.328,23.427,-36.293,-21.560,-1.367,-26.710,-14.450,15.949,-21.377,1.254,-21.193,-4.021,0,0,0,0,0.0,0.0,0.0,0.0,0.000,0
14,cube_soft,2222,106.216,44.360,-19.267,69.820,-2.803,-0.568,48.711,-18.404,28.523,-43.561,-8.624,-2.543,-29.554,-3.082,13.401,-28.961,5.566,-9.629,-2.125,0,0,0,0,0.0,0.0,0.0,0.0,0.000,0
14,cube_soft,2247,106.304,31.424,-25.147,60.024,6.409,-1.940,46.815,-27.812,19.115,-34.713,-8.820,-3.719,-11.858,-13.862,10.854,-27.065,-1.294,-19.037,-7.181,0,0,0,0,0.0,0.0,0.0,0.0,0.000,0
14,cube_soft,2273,106.216,33.972,-21.031,74.560,1.313,-8.800,40.179,-20.364,22.251,-22.073,-16.072,-1.563,-25.130,-12.098,14.773,-20.429,-0.706,-20.017,-4.969,0,0,0,0,0.0,0.0,0.0,0.0,0.000,0
14,cube_soft,2299,106.216,38.284,-20.835,70.768,6.409,-6.056,30.067,-20.560,12.255,-39.453,-11.564,-3.915,-13.122,-10.138,11.441,-28.961,0.274,-13.353,-5.601,0,0,0,0,0.0,0.0,0.0,0.0,0.000,0
14,cube_soft,2326,106.216,40.244,-16.915,74.560,8.369,-2.332,35.439,-23.696,8.923,-32.185,-16.660,-5.483,-33.030,-8.766,11.245,-15.689,-15.014,-14.921,0.719,0,0,0,0,0.0,0.0,0.0,0.0,0.000,0
14,cube_soft,2352,106.216,34.560,-21.031,75.192,1.705,-7.232,42.391,-21.148,13.627,-24.601,-10.780,-9.207,-21.338,-6.806,24.377,-20.429,-2.274,-19.429,6.723,0,0,0,0,0.0,0.0,0.0,0.0,0.000,0
14,cube_soft,2377,106.216,30.444,-17.895,86.252,2.881,-7.232,44.287,-27.224,18.919,-29.025,-13.328,-8.815,-24.182,-13.666,3.601,-15.373,-1.686,-18.253,5.143,0,0,0,0,0.0,0.0,0.0,0.0,0.000,0
14,cube_soft,2411,106.216,32.404,-28.087,71.716,7.585,-6.252,33.227,-21.344,11.079,-26.813,-11.760,-1.171,-17.546,-12.490,12.029,-8.105,-2.078,-14.725,3.879,0,0,0,0,0.0,0.0,0.0,0.0,0.000,0
14,cube_soft,2436,106.304,40.048,-21.619,75.824,7.193,-6.252,30.699,-25.460,24.995,-34.081,-10.584,-7.639,-16.282,-14.254,13.989,-21.693,-3.842,-16.489,1.983,0,0,0,0,0.0,0.0,0.0,0.0,0.000,0
14,cube_soft,2462,106.304,34.560,-23.187,75.508,-3.979,-9.780,27.223,-26.244,22.643,-43.561,-21.168,-0.387,-20.074,-3.866,10.854,-14.425,-1.098,-23.937,-3.705,0,0,0,0,0.0,0.0,0.0,0.0,0.000,0
14,cube_soft,2488,106.216,40.048,-21.619,69.504,-6.331,-15.268,44.919,-11.740,14.607,-31.869,-9.604,-7.051,-26.710,-3.670,6.345,-23.589,6.350,-25.309,2.931,0,0,0,0,0.0,0.0,0.0,0.0,0.000,0
14,cube_soft,2514,106.216,33.384,-18.679,64.448,6.213,-10.172,37.335,-17.424,20.683,-34.081,-13.328,-7.443,-24.814,-10.922,12.029,-20.429,1.254,-17.665,-0.229,0,0,0,0,0.0,0.0,0.0,0.0,0.000,0
14,cube_soft,2540,106.216,26.916,-17.895,70.768,6.017,3.940,45.235,-24.676,16.371,-20.809,-16.660,-8.815,-26.078,-11.902,4.581,-15.373,-5.410,-15.901,-7.497,0,0,0,0,0.0,0.0,0.0,0.0,0.000,0
14,cube_soft,2566,106.216,26.916,-29.263,72.032,0.137,-14.288,36.071,-20.364,24.799,-37.873,-17.052,-13.127,-40.930,-6.414,10.069,-12.213,0.274,-14.137,-2.757,0,0,0,0,0.0,0.0,0.0,0.0,0.000,0
14,cube_soft,2591,106.304,27.700,-29.851,66.976,4.841,-16.640,46.815,-18.992,14.999,-35.661,-12.740,-6.071,-16.914,-3.474,11.245,-20.429,-4.626,-16.293,-8.761,0,0,0,0,0.0,0.0,0.0,0.0,0.000,0
14,cube_soft,2617,106.216,41.420,-20.247,68.240,-1.627,-3.900,39.547,-18.992,18.723,-37.557,-15.092,-3.523,-21.338,-1.514,9.677,-23.589,2.234,-22.761,-6.233,0,0,0,0,0.0,0.0,0.0,0.0,0.000,0
14,cube_soft,2644,106.216,45.340,-26.911,81.828,-3.195,-10.368,44.287,-24.480,20.879,-34.713,-17.640,-7.247,-11.226,-7.590,10.657,-15.689,-1.686,-17.861,7.671,0,0,0,0,0.0,0.0,0.0,0.0,0.000,0
14,cube_soft,2669,106.216,31.032,-26.323,62.236,-0.647,-19.188,43.655,-27.616,18.919,-15.121,-15.876,-8.031,-28.606,-12.686,17.321,-15.689,-6.390,-15.117,6.091,0,0,0,0,0.0,0.0,0.0,0.0,0.000,0
14,cube_soft,2695,106.216,34.364,-28.871,69.188,1.509,-11.544,23.431,-22.520,18.331,-47.985,-12.740,0.593,-29.870,0.054,14.185,-28.645,7.722,-12.961,5.775,0,0,0,0,0.0,0.0,0.0,0.0,0.000,0
14,cube_soft,2720,106.216,32.992,-33.379,73.296,1.705,-8.212,36.387,-25.460,15.979,-41.981,-28.420,-2.347,-18.494,-3.474,10.069,-22.641,-0.510,-16.097,7.039,0,0,0,0,0.0,0.0,0.0,0.0,0.000,0
14,cube_soft,2745,106.216,35.540,-26.911,72.980,2.097,-16.052,39.863,-25.852,22.447,-28.709,-16.660,-4.699,-19.442,-1.710,3.993,-21.061,-2.274,-21.193,-4.021,0,0,0,0,0.0,0.0,0.0,0.0,0.000,0
14,cube_soft,2771,106.304,29.268,-22.795,74.560,1.509,-13.504,47.447,-20.952,17.351,-30.289,-23.912,-9.403,-17.546,-3.474,4.973,-22.957,-1.686,-19.037,1.035,0,0,0,0,0.0,0.0,0.0,0.0,0.000,0
14,cube_soft,2796,106.304,42.008,-22.795,71.400,-6.919,-11.544,40.811,-12.720,14.411,-24.285,-7.252,-15.675,-31.766,-2.690,9.677,-16.637,-5.998,-14.333,4.195,0,0,0,0,0.0,0.0,0.0,0.0,0.000,0
14,cube_soft,2822,106.216,31.620,-22.403,69.820,11.309,2.568,41.443,-21.932,5.983,-29.973,-20.776,-9.011,-33.346,-8.374,6.149,-28.013,-0.118,-23.741,-3.073,0,0,0,0,0.0,0.0,0.0,0.0,0.000,0
14,cube_soft,2847,106.216,38.872,-13.975,73.928,-4.567,-18.208,46.499,-21.540,15.587,-37.557,-15.288,-1.759,-21.970,-5.042,15.557,-28.961,1.842,-9.629,7.039,0,0,0,0,0.0,0.0,0.0,0.0,0.000,0
14,cube_soft,2872,106.304,40.244,-24.755,89.412,1.313,-9.584,26.275,-24.872,16.763,-33.133,-11.564,-8.227,-37.770,-6.414,9.677,-31.489,1.450,-7.473,8.935,0,0,0,0,0.0,0.0,0.0,0.0,0.000,0
14,cube_soft,2898,106.304,35.148,-10.643,80.248,3.665,-14.288,45.867,-10.760,8.335,-25.233,-16.856,-11.363,-23.550,-2.690,6.933,-16.321,-6.782,-18.645,-2.125,0,0,0,0,0.0,0.0,0.0,0.0,0.000,0
14,cube_soft,2924,106.216,37.892,-23.187,70.452,0.529,4.332,39.231,-8.212,25.975,-44.509,-13.328,0.397,-22.602,-11.510,8.305,-21.061,1.254,-16.685,2.615,0,0,0,0,0.0,0.0,0.0,0.0,0.000,0
14,cube_soft,2949,106.216,39.656,-18.679,80.564,9.153,-13.504,47.447,-17.816,18.919,-33.765,-13.132,-2.543,-34.294,-13.470,12.421,-21.693,0.470,-18.841,-3.073,0,0,0,0,0.0,0.0,0.0,0.0,0.000,0
14,cube_soft,2975,106.304,41.224,-30.635,72.980,-1.235,-3.704,49.659,-25.068,19.115,-30.605,-20.972,2.749,-19.126,-6.022,7.326,1.375,-0.902,-20.017,-8.445,0,0,0,0,0.0,0.0,0.0,0.0,0.000,0
14,cube_soft,3000,106.216,33.776,-31.223,75.508,7.977,-6.644,39.863,-13.308,16.567,-27.761,-5.292,-0.583,-19.442,-7.198,15.949,-14.109,-3.254,-12.569,8.303,0,0,0,0,0.0,0.0,0.0,0.0,0.000,0
14,cube_soft,3025,106.216,33.580,-14.171,86.252,0.137,-7.036,46.815,-24.088,16.959,-36.293,-12.544,-13.127,-21.654,-4.650,24.181,-23.905,1.646,-17.665,2.931,0,0,0,0,0.0,0.0,0.0,0.0,0.000,0
14,cube_soft,3050,106.304,35.736,-21.619,69.820,-1.431,-17.424,37.019,-22.128,18.527,-33.449,-12.152,-1.955,-27.026,-7.002,13.205,-16.637,-0.510,-23.545,8.619,0,0,0,0,0.0,0.0,0.0,0.0,0.000,0
14,cube_soft,3076,106.216,31.424,-20.247,72.664,11.113,-9.584,35.123,-17.816,12.255,-31.553,-18.816,-4.699,-34.610,-2.494,13.205,-28.329,-2.078,-18.645,3.247,0,0,0,0,0.0,0.0,0.0,0.0,0.000,0
14,cube_soft,3101,106.216,31.816,-22.599,75.192,4.841,-8.408,33.227,-20.952,21.663,-28.393,-12.936,-4.307,-26.394,-4.650,10.657,-20.429,-5.018,-23.545,10.831,0,0,0,0,0.0,0.0,0.0,0.0,0.000,0
14,cube_soft,3126,106.216,32.600,-18.483,71.084,7.193,-11.544,44.919,-12.916,21.271,-37.873,-15.484,-8.031,-18.494,-14.450,12.813,-22.325,-5.214,-13.745,-4.969,0,0,0,0,0.0,0.0,0.0,0.0,0.000,0
14,cube_soft,3152,106.216,36.128,-23.775,78.036,7.977,-2.528,38.599,-21.540,12.059,-21.757,-15.288,-4.895,-11.858,-5.238,9.677,-36.229,0.862,-15.509,-4.969,0,0,0,0,0.0,0.0,0.0,0.0,0.000,0
14,cube_soft,3177,106.216,30.836,-17.111,75.192,-5.939,-15.856,48.395,-16.248,14.607,-36.293,-27.832,-0.779,-21.970,-3.474,11.441,-27.697,2.430,-22.173,5.143,0,0,0,0,0.0,0.0,0.0,0.0,0.000,0
14,cube_soft,3202,106.304,34.756,-22.403,72.032,0.725,-2.332,36.071,-13.308,10.687,-39.769,-15.876,9.609,-17.862,-3.278,4.973,-17.585,-7.958,-24.721,-9.393,0,0,0,0,0.0,0.0,0.0,0.0,0.000,0
14,cube_soft,3228,106.216,37.696,-21.619,70.452,-2.803,-15.268,33.227,-15.660,17.939,-33.449,-2.940,-5.287,-34.294,-7.198,17.713,-18.533,-2.078,-21.389,8.935,0,0,0,0,0.0,0.0,0.0,0.0,0.000,0
14,cube_soft,3254,106.304,31.228,-26.127,75.824,-12.211,-9.780,41.127,-18.404,17.155,-48.933,-9.408,-8.815,-29.238,10.246,14.969,-11.265,-5.998,-21.585,7.987,0,0,0,0,0.0,0.0,0.0,0.0,0.000,0
14,cube_soft,3280,106.216,36.912,-15.543,73.928,10.133,-4.488,47.763,-20.952,21.467,-31.869,-12.152,-9.991,-24.498,-11.902,15.361,-17.901,-8.350,-9.629,1.351,0,0,0,0,0.0,0.0,0.0,0.0,0.000,0
14,cube_soft,3305,106.216,38.676,-29.263,66.976,3.077,-11.936,36.703,-18.404,13.431,-30.289,-7.448,-10.971,-37.770,-8.374,19.477,-17.585,-9.722,-18.645,3.247,0,0,0,0,0.0,0.0,0.0,0.0,0.000,0
14,cube_soft,3330,106.304,35.736,-15.739,68.556,10.917,-8.800,38.915,-15.660,16.175,-31.237,-13.132,-9.403,-22.286,-9.746,-1.691,-21.061,-10.114,-18.645,-4.337,0,0,0,0,0.0,0.0,0.0,0.0,0.000,0
14,cube_soft,3356,106.216,40.244,-24.951,63.816,2.293,-11.936,35.123,-32.320,12.255,-25.549,-24.696,-3.915,-32.082,-2.494,5.757,-10.001,3.018,-14.529,-15.397,0,0,0,0,0.0,0.0,0.0,0.0,0.000,0
14,cube_soft,3381,106.216,35.736,-18.091,64.132,-2.999,-19.188,42.075,-25.460,7.551,-37.873,-15.876,-10.187,-17.230,-5.826,13.793,-5.577,3.802,-6.493,7.039,0,0,0,0,0.0,0.0,0.0,0.0,0.000,0
14,cube_soft,3407,106.216,30.836,-21.423,66.028,-0.647,-7.624,30.067,-19.972,16.175,-37.557,-11.172,-7.051,-24.182,2.602,13.205,-16.321,-6.586,-17.077,-2.757,0,0,0,0,0.0,0.0,0.0,0.0,0.000,0
14,cube_soft,3432,106.304,31.228,-26.715,80.248,-3.587,-7.820,40.495,-19.188,11.079,-30.289,-10.976,-3.523,-26.394,-8.962,10.657,-23.905,-6.586,-17.077,-11.605,0,0,0,0,0.0,0.0,0.0,0.0,0.000,0
14,cube_soft,3458,106.304,37.108,-11.427,75.824,-1.039,-6.252,33.227,-18.796,18.723,-27.761,-17.640,-6.855,-17.230,-9.550,10.461,-35.597,3.410,-23.741,-3.073,0,0,0,0,0.0,0.0,0.0,0.0,0.000,0
14,cube_soft,3483,106.304,36.128,-17.503,75.192,-3.587,-8.016,41.759,-21.148,11.667,-30.921,-15.092,-7.247,-28.606,-6.218,9.285,-10.317,-3.254,-4.337,-9.077,0,0,0,0,0.0,0.0,0.0,0.0,0.000,0
14,cube_soft,3508,106.304,35.148,-23.579,80.880,5.037,-2.136,37.651,-14.484,15.391,-26.497,-19.796,-5.875,-18.810,-6.218,10.657,-24.537,-7.370,-18.645,-14.133,0,0,0,0,0.0,0.0,0.0,0.0,0.000,0
14,cube_soft,3533,106.216,37.500,-22.599,75.508,-8.095,-10.956,32.911,-21.932,15.783,-32.501,-15.484,-8.227,-29.554,-8.570,10.461,-13.793,-0.902,-15.313,1.035,0,0,0,0,0.0,0.0,0.0,0.0,0.000,0
14,cube_soft,3559,106.216,40.832,-23.187,61.604,-1.235,-1.156,41.443,-18.404,22.447,-30.921,-24.500,-0.191,-19.442,-8.178,11.637,-25.485,0.470,-29.033,-1.809,0,0,0,0,0.0,0.0,0.0,0.0,0.000,0
14,cube_soft,3584,106.216,33.384,-19.267,74.560,0.921,-13.504,31.331,-17.424,12.451,-23.337,-18.620,-9.403,-24.814,-5.630,14.969,-18.849,-10.898,-21.389,3.563,0,0,0,0,0.0,0.0,0.0,0.0,0.000,0
14,cube_soft,3609,106.216,39.068,-16.523,76.140,0.137,-12.132,35.439,-32.712,18.527,-46.089,-12.544,-13.127,-26.078,-4.258,5.365,-20.745,-3.058,-29.229,3.879,0,0,0,0,0.0,0.0,0.0,0.0,0.000,0
14,cube_soft,3635,106.216,32.208,-21.227,72.348,-0.059,-7.624,48.079,-17.816,15.195,-30.289,-15.288,-5.483,-35.242,-9.158,10.854,-18.217,-0.902,-21.585,8.303,0,0,0,0,0.0,0.0,0.0,0.0,0.000,0
14,cube_soft,3661,106.304,41.224,-34.163,80.880,0.529,-14.288,39.231,-23.304,14.607,-44.193,-10.780,1.181,-35.874,-10.922,15.753,-6.525,2.626,-15.313,4.511,0,0,0,0,0.0,0.0,0.0,0.0,0.000,0
14,cube_soft,3686,106.216,35.148,-22.599,75.824,-0.647,-17.032,37.335,-24.284,18.723,-29.973,-10.976,-1.171,-23.866,-5.238,16.145,-19.797,-5.214,-27.073,-4.021,0,0,0,0,0.0,0.0,0.0,0.0,0.000,0
14,cube_soft,3711,106.216,38.676,-23.775,72.032,-3.195,-10.172,43.339,-22.324,18.331,-28.393,-20.776,-9.991,-32.714,-5.042,13.597,-16.953,-8.350,-21.977,10.199,0,0,0,0,0.0,0.0,0.0,0.0,0.000,0
14,cube_soft,3737,106.304,29.072,-29.459,60.972,-2.803,-3.116,37.335,-12.916,18.331,-27.761,-14.112,-11.363,-26.710,-1.710,11.441,-22.641,1.058,-22.565,5.143,0,0,0,0,0.0,0.0,0.0,0.0,0.000,0
14,cube_soft,3764,106.216,31.424,-21.227,78.984,-1.823,-17.032,42.707,-20.168,29.699,-19.861,-10.388,-6.855,-17.546,-2.298,5.757,-22.009,0.862,-12.373,10.515,0,0,0,0,0.0,0.0,0.0,0.0,0.000,0
14,cube_soft,3789,106.216,34.168,-24.755,78.984,7.781,-9.976,33.227,-21.344,22.643,-32.817,-19.404,-10.383,-26.710,-11.902,14.577,-23.905,-0.706,-17.273,7.987,0,0,0,0,0.0,0.0,0.0,0.0,0.000,0
14,cube_soft,3815,106.216,39.264,-23.971,80.564,2.685,-13.700,35.755,-19.384,17.547,-31.553,-12.152,-2.347,-24.498,-3.278,9.873,-19.165,-3.842,-20.605,15.887,0,0,0,0,0.0,0.0,0.0,0.0,0.000,0
14,cube_soft,3841,106.216,37.108,-19.071,67.292,0.725,-12.720,27.539,-14.288,14.215,-27.761,-15.484,-7.443,-26.710,-0.142,11.049,-19.481,-7.370,-13.157,5.143,0,0,0,0,0.0,0.0,0.0,0.0,0.000,0
14,cube_soft,3866,106.216,42.008,-14.367,88.780,8.369,-8.408,38.283,-28.400,18.135,-22.705,-8.820,-6.267,-16.598,0.446,13.205,-21.377,1.842,-14.725,24.103,0,0,0,0,0.0,0.0,0.0,0.0,0.000,0
14,cube_soft,3892,106.304,35.540,-21.619,74.876,3.077,-9.584,45.235,-21.540,13.039,-35.345,-15.680,-8.423,-14.702,-1.514,19.085,-21.693,-2.666,-20.213,8.303,0,0,0,0,0.0,0.0,0.0,0.0,0.000,0
14,cube_soft,3919,106.304,37.108,-22.011,86.252,3.861,-16.640,25.959,-20.952,19.703,-28.709,-3.724,-7.835,-27.974,-8.962,10.854,-15.057,-0.118,-12.373,-0.545,0,0,0,0,0.0,0.0,0.0,0.0,0.000,0
14,cube_soft,3945,106.304,41.224,-18.679,70.452,-1.039,-7.820,46.183,-20.168,21.859,-31.237,-15.876,-8.619,-18.178,-4.846,9.873,-24.537,-0.510,-18.057,-4.021,0,0,0,0,0.0,0.0,0.0,0.0,0.000,0
14,cube_soft,3970,106.216,26.524,-24.363,81.512,1.117,-16.836,39.547,-23.304,15.979,-30.289,-12.740,-2.543,-28.606,-7.786,3.013,-25.485,1.450,-15.901,10.199,0,0,0,0,0.0,0.0,0.0,0.0,0.000,0
14,cube_soft,3996,106.304,39.460,-23.579,78.036,-0.255,-6.644,22.167,-17.228,17.743,-33.133,-14.700,-5.679,-25.762,-5.434,13.597,-29.909,2.626,-21.193,5.143,0,0,0,0,0.0,0.0,0.0,0.0,0.000,0
14,cube_soft,4022,106.304,29.856,-23.187,66.660,3.077,-11.936,37.335,-21.540,19.507,-25.865,-18.620,0.985,-22.286,3.582,16.537,-23.273,-4.038,-16.881,-4.969,0,0,0,0,0.0,0.0,0.0,0.0,0.000,0
14,cube_soft,4047,106.304,37.892,-29.459,78.036,1.509,-11.348,36.703,-18.796,20.487,-34.081,-21.560,-9.207,-27.658,-6.610,9.285,-18.217,-2.470,-14.725,9.883,0,0,0,0,0.0,0.0,0.0,0.0,0.000,0
14,cube_soft,4072,106.304,31.424,-22.599,70.136,-1.235,-6.056,34.491,-10.956,19.311,-28.393,-10.388,-3.915,-24.814,-8.570,5.561,-24.853,-6.782,-21.781,13.043,0,0,0,0,0.0,0.0,0.0,0.0,0.000,0
14,cube_soft,4098,106.216,28.680,-25.539,76.456,1.901,-16.640,44.603,-17.620,10.295,-39.137,-9.212,-2.739,-31.134,-13.470,9.873,-24.537,7.330,-22.957,1.351,0,0,0,0,0.0,0.0,0.0,0.0,0.000,0
14,cube_soft,4123,106.216,30.836,-22.991,69.188,7.977,-10.760,45.551,-19.776,18.919,-23.653,-9.800,2.161,-29.238,-3.474,16.537,-15.057,-3.842,-24.133,-0.545,0,0,0,0,0.0,0.0,0.0,0.0,0.000,0
14,cube_soft,4149,106.216,34.168,-19.855,82.776,-6.723,-7.232,38.599,-21.736,19.311,-29.025,-5.292,-12.343,-24.498,-7.786,5.757,-16.321,-8.546,-23.937,6.091,0,0,0,0,0.0,0.0,0.0,0.0,0.000,0
14,cube_soft,4174,106.304,32.992,-26.715,79.616,6.801,-16.836,30.067,-21.932,23.427,-23.337,-14.504,-9.207,-17.230,3.190,10.265,-30.857,4.978,-8.061,7.355,0,0,0,0,0.0,0.0,0.0,0.0,0.000,0
14,cube_soft,4201,106.304,34.756,-19.267,64.764,-0.843,-18.012,37.335,-12.720,20.879,-38.821,-18.228,-4.111,-31.134,-3.866,13.009,-18.533,-6.194,-25.505,-3.705,0,0,0,0,0.0,0.0,0.0,0.0,0.000,0
14,cube_soft,4226,106.304,36.716,-27.499,70.768,-8.291,-16.836,24.379,-27.420,6.963,-40.085,-13.916,0.985,-22.918,-9.942,6.345,-17.269,6.154,-25.701,11.147,0,0,0,0,0.0,0.0,0.0,0.0,0.000,0
14,cube_soft,4253,106.216,36.912,-13.387,79.932,-2.411,-10.760,41.443,-26.440,18.527,-31.553,-4.116,-10.187,-15.650,8.286,12.617,-19.165,-1.294,-16.685,21.259,0,0,0,0,0.0,0.0,0.0,0.0,0.000,0
14,cube_soft,4279,106.216,36.324,-21.815,65.712,-4.175,-10.760,41.443,-13.700,11.079,-33.765,-10.388,-6.659,-9.014,-3.474,13.989,-12.845,2.430,-19.037,-2.757,0,0,0,0,0.0,0.0,0.0,0.0,0.000,0
14,cube_soft,4304,106.216,37.500,-22.403,81.196,1.117,-15.464,38.599,-21.540,27.347,-42.613,-5.880,-4.503,-22.918,-10.726,12.617,-21.377,0.274,-16.293,4.511,0,0,0,0,0.0,0.0,0.0,0.0,0.000,0
14,cube_soft,4330,106.304,37.304,-19.855,84.672,-3.195,-0.176,46.499,-28.596,22.643,-37.557,-4.900,-2.151,-25.762,-5.630,8.893,-13.161,2.234,-18.841,-13.501,0,0,0,0,0.0,0.0,0.0,0.0,0.000,0
14,cube_soft,4355,106.216,34.560,-21.227,76.140,-3.391,-9.780,48.079,-15.856,18.527,-26.813,-15.092,-7.247,-7.118,-6.218,19.281,-30.225,-0.510,-19.037,12.411,0,0,0,0,0.0,0.0,0.0,0.0,0.000,0
14,cube_soft,4382,106.216,30.248,-21.227,64.448,4.645,-17.228,43.023,-27.812,9.315,-35.029,-12.740,-8.423,-12.174,-2.690,10.265,-27.381,-9.134,-15.117,5.143,0,0,0,0,0.0,0.0,0.0,0.0,0.000,0
14,cube_soft,4407,106.216,35.344,-14.367,81.196,1.901,-9.388,31.647,-28.988,21.663,-36.925,-13.132,2.357,-17.546,-2.102,18.105,-26.433,5.762,-19.429,6.407,0,0,0,0,0.0,0.0,0.0,0.0,0.000,0
14,cube_soft,4436,106.216,32.600,-16.915,79.616,-1.431,-3.900,47.763,-22.912,28.915,-26.181,-12.740,-4.503,-28.606,-4.650,18.497,-29.909,0.274,-25.309,-4.021,0,0,0,0,0.0,0.0,0.0,0.0,0.000,0
14,cube_soft,4462,106.216,42.204,-20.247,69.820,-0.843,-8.800,23.115,-10.172,12.647,-37.557,-15.484,-2.151,-19.442,-10.726,11.637,-20.745,-5.802,-16.489,-3.389,0,0,0,0,0.0,0.0,0.0,0.0,0.000,0
14,cube_soft,4488,106.304,42.988,-19.267,65.396,3.861,-8.604,43.339,-22.520,9.315,-34.713,-15.484,-5.091,-27.026,0.642,15.361,-31.489,-4.038,-18.449,-2.757,0,0,0,0,0.0,0.0,0.0,0.0,0.000,0
14,cube_soft,4513,106.216,34.756,-19.855,60.340,8.565,-8.016,51.555,-16.248,19.703,-32.817,-17.836,-6.855,-18.494,-11.118,4.777,-25.169,-5.606,-10.413,-7.813,0,0,0,0,0.0,0.0,0.0,0.0,0.000,0
14,cube_soft,4538,106.216,35.344,-10.447,77.088,5.821,-10.956,38.599,-26.832,19.703,-27.129,-15.092,-4.307,-19.758,-11.118,11.637,-26.117,-4.038,-16.293,-6.865,0,0,0,0,0.0,0.0,0.0,0.0,0.000,0
14,cube_soft,4565,106.304,28.680,-20.835,77.404,3.861,-6.448,22.799,-18.404,19.899,-47.037,-26.656,-0.191,-28.290,-10.138,12.421,-17.585,-1.294,-12.569,7.671,0,0,0,0,0.0,0.0,0.0,0.0,0.000,0
14,cube_soft,4591,106.304,30.444,-19.855,57.496,-2.607,-6.056,29.435,-19.188,7.747,-28.393,-10.780,-4.895,-23.866,-4.062,14.382,-13.477,1.450,-17.665,-4.653,0,0,0,0,0.0,0.0,0.0,0.0,0.000,0
14,cube_soft,4617,106.304,30.640,-20.835,69.820,5.037,-8.212,35.755,-20.952,17.939,-25.233,-17.052,-2.543,-12.806,-7.394,7.521,-23.589,-3.058,-17.273,-15.081,0,0,0,0,0.0,0.0,0.0,0.0,0.000,0
14,cube_soft,4643,106.304,32.012,-18.483,68.240,-0.843,-8.212,37.967,-22.716,13.039,-26.813,-12.740,4.317,-21.338,-0.338,11.245,-19.797,-6.194,-16.881,-1.493,0,0,0,0,0.0,0.0,0.0,0.0,0.000,0
14,cube_soft,4668,106.304,36.520,-18.091,92.888,0.725,-8.996,40.495,-19.776,20.487,-27.129,-18.032,-1.563,-12.490,-13.666,10.854,-14.109,0.274,-18.057,1.667,0,0,0,0,0.0,0.0,0.0,0.0,0.000,0
14,cube_soft,4694,106.216,35.540,-21.227,62.236,-7.115,-17.228,43.655,-31.536,12.843,-31.869,-7.644,-2.347,-20.074,-3.866,4.581,-22.325,14.190,-11.589,-6.865,0,0,0,0,0.0,0.0,0.0,0.0,0.000,0
14,cube_soft,4719,106.304,36.324,-28.087,68.240,-3.979,-14.092,51.555,-28.204,11.863,-30.289,-7.056,-5.287,-21.022,-6.218,15.361,-24.537,-1.294,-11.001,2.299,0,0,0,0,0.0,0.0,0.0,0.0,0.000,0
14,cube_soft,4745,106.304,42.400,-24.363,77.088,-10.839,-15.660,44.287,-21.344,20.095,-30.289,-11.368,-8.423,-23.866,0.838,16.145,-38.757,-4.822,-22.565,4.511,0,0,0,0,0.0,0.0,0.0,0.0,0.000,0
14,cube_soft,4770,106.216,40.048,-18.679,78.984,1.901,-12.524,36.703,-22.520,22.643,-28.393,-7.644,-2.935,-20.706,-0.730,10.461,-14.741,7.722,-10.805,-4.337,0,0,0,0,0.0,0.0,0.0,0.0,0.000,0
14,cube_soft,4796,106.216,35.736,-25.539,68.240,4.253,-12.328,30.383,-23.696,20.095,-31.553,-17.444,-7.443,-11.542,-10.138,5.561,-24.853,0.862,-16.293,-16.029,0,0,0,0,0.0,0.0,0.0,0.0,0.000,0
14,cube_soft,4821,106.216,36.324,-31.027,78.352,-0.843,-11.348,36.703,-23.304,18.331,-36.609,-11.564,-11.951,-25.130,-10.922,9.873,-16.637,-2.862,-21.585,6.407,0,0,0,0,0.0,0.0,0.0,0.0,0.000,0
14,cube_soft,4846,106.216,26.524,-14.367,72.664,10.721,-11.348,43.023,-23.500,13.235,-28.077,-17.052,-12.931,-23.866,-3.474,6.345,-19.165,0.470,-15.705,-3.073,0,0,0,0,0.0,0.0,0.0,0.0,0.000,0
14,cube_soft,4872,106.304,39.656,-31.615,69.188,-1.039,-11.740,49.343,-18.600,17.939,-17.965,-27.636,-2.543,-23.234,-4.258,19.085,-31.173,-4.430,-16.881,-4.337,0,0,0,0,0.0,0.0,0.0,0.0,0.000,0
14,cube_soft,4897,106.304,35.540,-12.015,73.296,9.153,-11.152,36.071,-13.112,14.019,-25.865,-16.856,-3.131,-23.234,-5.238,13.597,-28.645,-2.078,-24.721,3.879,0,0,0,0,0.0,0.0,0.0,0.0,0.000,0
14,cube_soft,4922,106.216,34.560,-26.519,68.872,1.509,-10.956,37.967,-8.604,18.919,-29.973,-18.816,6.473,-16.914,-0.926,13.597,-7.473,3.606,-13.157,-4.969,0,0,0,0,0.0,0.0,0.0,0.0,0.000,0
14,cube_soft,4947,106.304,28.876,-26.911,79.616,5.233,-16.052,34.807,-11.544,16.763,-44.509,-10.584,-5.287,-8.698,-12.098,12.813,-18.533,1.254,-21.585,-7.813,0,0,0,0,0.0,0.0,0.0,0.0,0.000,0
14,cube_soft,4972,106.304,27.896,-19.659,74.244,-1.235,-8.408,24.379,-16.836,20.487,-36.293,-11.760,-5.287,-31.766,-14.058,7.913,-21.693,-5.410,-18.841,-0.545,0,0,0,0,0.0,0.0,0.0,0.0,0.000,0
14,cube_soft,4998,106.216,28.484,-21.227,67.292,-0.647,-6.448,48.711,-24.284,16.175,-36.925,-13.524,-6.267,-28.606,1.818,12.421,-22.641,-1.686,-13.353,1.035,0,0,0,0,0.0,0.0,0.0,0.0,0.000,0
