grasp_id,label,timestamp_ms,enc_deg,s0_dx,s0_dy,s0_dz,s1_dx,s1_dy,s1_dz,s2_dx,s2_dy,s2_dz,s3_dx,s3_dy,s3_dz,s4_dx,s4_dy,s4_dz,s5_dx,s5_dy,s5_dz,t1_flag,t2_flag,t1_ms,t2_ms
15,cylinder_soft,5,60.368,34.952,-22.795,81.196,2.685,-5.860,50.607,-18.208,20.879,-29.341,-15.876,-9.207,-8.698,-9.942,11.637,-5.577,-10.310,-21.977,-2.441,0,0,0,0,0.0,0.0,0.0,0.0,0.000,0
15,cylinder_soft,31,60.456,7.120,7.389,23.368,-3.391,1.784,17.111,-3.900,2.259,-11.013,-3.724,-2.347,-8.698,-6.414,0.465,-29.277,-2.470,1.151,0.403,0,0,0,0,0.0,0.0,0.0,0.0,0.000,0
15,cylinder_soft,57,61.160,-3.856,-2.411,27.476,-2.607,7.860,23.115,-1.352,-2.249,-8.801,-4.312,-5.287,-15.334,2.014,12.421,-17.269,-6.390,-6.493,-14.765,0,0,0,0,0.0,0.0,0.0,0.0,0.000,0
15,cylinder_soft,82,62.128,-2.680,1.901,29.056,0.921,4.332,20.903,-4.880,0.887,-7.853,1.960,-0.191,-8.066,5.738,-2.083,-16.005,-6.194,1.739,-16.345,0,0,0,0,0.0,0.0,0.0,0.0,0.000,0
15,cylinder_soft,107,63.360,6.532,-0.059,24.316,-1.039,5.704,8.579,-7.820,0.691,-6.589,-2.940,-3.719,-9.014,6.326,0.270,-19.797,-0.902,-0.613,-5.285,0,0,0,0,0.0,0.0,0.0,0.0,0.000,0
15,cylinder_soft,132,64.504,0.652,2.685,31.268,-11.231,-7.036,21.219,-2.528,-2.053,-7.537,7.448,-0.583,4.890,1.230,0.073,-27.065,1.058,-2.573,-1.493,0,0,0,0,0.0,0.0,0.0,0.0,0.000,0
15,cylinder_soft,158,65.912,7.904,6.213,30.320,-4.567,2.568,10.159,-4.292,3.239,-13.857,-1.960,-4.699,-4.274,0.054,-2.867,-14.425,6.154,-8.061,-13.817,0,0,0,0,0.0,0.0,0.0,0.0,0.000,0
15,cylinder_soft,183,67.320,0.064,-7.311,15.468,-10.447,-2.724,6.367,-3.116,7.551,-21.125,4.116,3.729,-6.802,-0.730,6.737,-33.069,0.470,-5.513,-11.289,0,0,0,0,0.0,0.0,0.0,0.0,0.000,0
15,cylinder_soft,209,68.728,-4.052,5.429,32.848,-4.959,-2.528,9.527,-1.744,-1.465,-9.117,4.116,-1.759,-14.702,0.838,-2.867,-18.533,-3.058,-2.965,-13.817,0,0,0,0,0.0,0.0,0.0,0.0,0.000,0
15,cylinder_soft,234,70.224,0.064,-13.191,35.060,-3.979,-10.760,11.423,1.000,-2.249,-6.905,-2.548,-1.563,-5.854,-2.690,-2.279,-22.009,0.666,-13.941,-9.077,0,0,0,0,0.0,0.0,0.0,0.0,0.000,0
15,cylinder_soft,260,71.720,-2.680,-8.683,24.000,-2.411,0.412,15.215,4.724,4.023,-9.749,4.116,0.593,-7.434,3.974,-2.671,-20.745,-4.038,-11.001,-13.501,0,0,0,0,0.0,0.0,0.0,0.0,0.000,0
15,cylinder_soft,285,73.128,4.180,0.137,16.732,3.861,-2.920,14.267,-7.820,1.671,-22.389,-4.116,-7.247,1.414,0.054,6.149,-24.221,-0.902,-3.161,-1.177,0,0,0,0,0.0,0.0,0.0,0.0,0.000,0
15,cylinder_soft,310,74.624,4.376,6.409,27.792,1.509,-8.408,6.999,-0.960,1.083,-4.693,-2.940,-9.207,-15.650,1.034,3.405,-16.637,-5.214,-10.609,-13.185,0,0,0,0,0.0,0.0,0.0,0.0,0.000,0
15,cylinder_soft,335,76.120,4.768,-5.155,29.688,-2.411,-17.032,26.275,-9.976,-5.581,-12.909,-0.196,-7.835,-4.590,-2.298,6.933,-21.693,2.626,-10.021,-1.493,0,0,0,0,0.0,0.0,0.0,0.0,0.000,0
15,cylinder_soft,360,77.528,-0.720,-10.839,23.052,-9.075,-4.684,23.747,-3.704,8.139,1.311,4.116,-12.735,1.098,4.366,-5.415,-22.009,3.606,-19.821,-15.397,0,0,0,0,0.0,0.0,0.0,0.0,0.000,0
15,cylinder_soft,385,79.024,-7.972,-2.999,34.744,-11.623,-7.624,23.747,5.704,-3.817,-11.329,5.292,-8.423,-3.010,-7.198,-1.495,-21.377,-1.294,-1.397,-7.181,0,0,0,0,0.0,0.0,0.0,0.0,0.000,0
15,cylinder_soft,411,80.432,-3.072,4.057,36.956,-8.095,-14.092,33.227,-8.212,1.867,-1.849,-13.132,-3.915,-4.590,1.034,3.013,-29.909,4.978,-13.549,2.931,0,0,0,0,0.0,0.0,0.0,0.0,0.000,0
15,cylinder_soft,436,81.928,-7.580,-1.431,34.112,-8.879,-7.624,25.011,-1.744,0.103,-19.545,-3.136,2.161,-5.222,3.974,9.873,-23.905,1.842,-13.157,-8.761,0,0,0,0,0.0,0.0,0.0,0.0,0.000,0
15,cylinder_soft,461,83.248,-1.112,-6.919,41.696,-5.351,-12.132,25.959,-6.056,10.099,-8.801,-6.076,-15.871,-8.382,0.250,-2.083,-24.853,0.274,-19.625,-17.609,0,0,0,0,0.0,0.0,0.0,0.0,0.000,0
15,cylinder_soft,487,84.656,-3.660,-10.643,25.896,-2.215,-22.128,26.591,4.920,-0.877,-6.273,-0.980,-15.479,-3.642,-8.178,-7.963,-25.485,-2.862,-25.113,-4.021,0,0,0,0,0.0,0.0,0.0,0.0,0.000,0
15,cylinder_soft,512,86.064,-0.916,-1.627,45.172,-5.351,-10.564,21.535,0.804,-1.661,-15.121,-2.352,-13.519,-0.166,0.838,6.933,-5.577,-4.822,-21.389,-4.337,0,0,0,0,0.0,0.0,0.0,0.0,0.000,0
15,cylinder_soft,538,87.384,-4.640,-19.071,30.952,-8.683,-2.920,26.907,-2.136,4.807,-7.537,-9.212,-4.503,-9.330,4.366,-3.258,-3.049,-3.646,-24.721,-7.813,0,0,0,0,0.0,0.0,0.0,0.0,0.000,0
15,cylinder_soft,563,88.704,-6.012,-10.055,37.272,-6.135,-13.308,28.803,3.548,-2.641,-7.221,-9.800,-22.143,-9.014,-2.886,11.441,-22.957,0.862,-25.701,-5.601,0,0,0,0,0.0,0.0,0.0,0.0,0.000,0
15,cylinder_soft,589,90.024,0.456,-7.899,33.796,-14.759,-1.744,25.011,2.372,8.727,-14.489,0.392,-19.791,-11.858,0.838,1.837,-21.061,-4.038,-26.485,-18.873,0,0,0,0,0.0,0.0,0.0,0.0,0.000,0
15,cylinder_soft,614,91.256,-1.308,-5.351,32.532,-3.783,-8.016,33.543,-4.292,5.591,-9.433,-4.116,-25.083,-6.170,0.250,-2.671,-28.013,-4.234,-33.737,-10.025,0,0,0,0,0.0,0.0,0.0,0.0,0.000,0
15,cylinder_soft,639,92.488,-2.092,-6.527,28.424,-12.995,-8.408,34.175,-5.468,9.903,8.579,-0.980,-26.847,-15.334,4.562,-6.786,-2.101,-4.234,-25.309,-8.129,0,0,0,0,0.0,0.0,0.0,0.0,0.000,0
15,cylinder_soft,665,93.808,1.044,-9.859,45.488,-9.467,-8.800,43.023,-11.936,8.923,-3.429,-3.528,-25.083,-25.762,12.598,1.837,-24.221,1.842,-30.993,-11.921,0,0,0,0,0.0,0.0,0.0,0.0,0.000,0
15,cylinder_soft,690,95.128,-1.308,-10.643,35.692,-7.703,1.000,32.911,-6.252,3.239,-4.693,-5.880,-28.611,-28.606,5.150,7.129,-11.897,-4.822,-29.621,-22.981,0,0,0,0,0.0,0.0,0.0,0.0,0.000,0
15,cylinder_soft,715,96.360,-1.504,-5.351,43.908,-6.527,-8.408,33.543,-10.368,13.627,-4.693,-1.568,-30.375,-20.706,1.426,-2.671,-11.265,-7.174,-37.657,-22.981,0,0,0,0,0.0,0.0,0.0,0.0,0.000,0
15,cylinder_soft,742,97.504,2.024,-11.623,35.060,-0.059,-2.724,47.131,-3.508,2.455,2.259,-12.348,-25.867,-44.090,-3.278,-0.711,-33.385,-7.958,-36.285,-34.989,0,0,0,0,0.0,0.0,0.0,0.0,0.000,0
15,cylinder_soft,767,98.648,-4.640,-2.803,44.224,-3.195,-0.176,34.807,4.332,-0.093,-8.485,-2.156,-26.847,-35.558,-2.298,3.405,-25.801,-10.506,-32.169,-16.661,0,0,0,0,0.0,0.0,0.0,0.0,0.000,0
15,cylinder_soft,792,99.616,2.024,-16.523,35.376,-1.431,-6.448,39.547,2.568,-2.641,-10.065,-8.428,-16.851,-26.394,-0.338,3.405,-21.377,-0.118,-34.521,-24.245,0,0,0,0,0.0,0.0,0.0,0.0,0.000,0
15,cylinder_soft,818,100.584,-12.480,-7.507,21.472,-6.527,-9.780,44.603,-3.704,-7.345,-28.709,-17.640,-22.339,-30.818,-15.626,8.109,-17.901,2.430,-32.953,-22.349,0,0,0,0,0.0,0.0,0.0,0.0,0.000,0
15,cylinder_soft,843,101.728,6.532,-8.291,27.160,2.293,-8.016,43.971,-7.036,-2.837,-20.177,-15.288,-9.599,-30.818,-0.534,10.265,-42.233,-2.274,-32.561,-18.241,0,0,0,0,0.0,0.0,0.0,0.0,0.000,0
15,cylinder_soft,868,102.696,3.788,-16.327,44.224,-6.135,-4.488,45.867,-4.684,-10.285,-23.969,-15.288,-21.359,-28.922,-4.846,14.577,-28.013,-12.858,-36.677,-27.089,0,0,0,0,0.0,0.0,0.0,0.0,0.000,0
15,cylinder_soft,894,103.752,5.944,-12.995,42.012,2.881,-4.096,35.439,-14.288,-10.677,-35.977,-2.744,-15.675,-29.238,2.602,7.521,-31.805,-5.018,-38.637,-28.669,0,0,0,0,0.0,0.0,0.0,0.0,0.000,0
15,cylinder_soft,919,104.720,6.336,-4.763,59.392,-2.019,-1.548,47.131,-12.720,-14.009,-29.973,-8.624,-3.327,-31.134,-2.494,11.833,-34.333,0.078,-29.621,-27.089,0,0,0,0,0.0,0.0,0.0,0.0,0.000,0
15,cylinder_soft,944,105.600,13.196,-12.211,53.072,1.509,-11.544,43.655,-11.348,5.983,-43.561,-14.896,-9.599,-29.238,-6.218,4.777,-35.281,-7.762,-30.601,-54.581,0,0,0,0,0.0,0.0,0.0,0.0,0.000,0
15,cylinder_soft,970,106.216,5.944,-16.915,50.544,0.529,-3.900,39.863,-17.424,-9.305,-23.969,-7.448,-7.051,-31.134,-9.746,1.445,-25.169,-3.450,-25.701,-18.557,0,0,0,0,0.0,0.0,0.0,0.0,0.000,0
15,cylinder_soft,995,106.304,12.020,-22.599,66.660,1.509,-2.528,38.915,-17.032,-15.577,-40.401,-7.840,-19.007,-22.602,-14.450,1.641,-32.753,-8.546,-32.757,-24.877,0,0,0,0,0.0,0.0,0.0,0.0,0.000,0
15,cylinder_soft,1020,106.304,19.860,-15.543,72.348,-0.843,-0.176,46.499,-18.992,-11.853,-37.873,-12.740,-13.323,-18.494,-10.530,12.029,-24.853,-4.626,-34.325,-34.357,0,0,0,0,0.0,0.0,0.0,0.0,0.000,0
15,cylinder_soft,1046,106.216,16.332,-18.091,75.508,-5.743,-6.056,31.963,-8.016,-11.461,-32.501,-10.192,-20.183,-34.610,-7.590,-0.319,-34.017,-2.470,-36.089,-32.777,0,0,0,0,0.0,0.0,0.0,0.0,0.000,0
15,cylinder_soft,1071,106.216,24.368,-22.207,73.612,0.725,-12.328,45.867,-15.464,-16.753,-42.613,-9.212,-12.931,-2.694,-13.666,6.933,-37.493,-3.450,-29.621,-20.137,0,0,0,0,0.0,0.0,0.0,0.0,0.000,0
15,cylinder_soft,1096,106.304,22.996,-22.403,63.184,-6.723,-8.212,50.607,-25.852,-10.481,-37.241,-12.544,-13.715,-25.446,-7.982,6.933,-37.493,-3.254,-33.737,-36.569,0,0,0,0,0.0,0.0,0.0,0.0,0.000,0
15,cylinder_soft,1122,106.216,20.056,-18.287,53.072,0.725,-15.268,37.967,-15.660,-11.265,-39.137,-14.112,-9.991,-21.022,-15.430,6.149,-19.797,-5.410,-40.205,-26.457,0,0,0,0,0.0,0.0,0.0,0.0,0.000,0
15,cylinder_soft,1147,106.304,18.880,-11.623,73.928,-0.843,-12.916,45.235,-22.912,-6.169,-41.981,-13.132,-19.595,-29.554,-15.626,10.461,-35.281,0.078,-28.837,-35.621,0,0,0,0,0.0,0.0,0.0,0.0,0.000,0
15,cylinder_soft,1173,106.304,14.960,-12.015,61.288,-3.391,0.608,37.335,-15.660,-2.837,-41.981,-3.920,-11.167,-32.714,-9.942,7.717,-23.589,-0.902,-29.817,-38.781,0,0,0,0,0.0,0.0,0.0,0.0,0.000,0
15,cylinder_soft,1198,106.304,16.332,-11.623,58.444,-6.919,-13.308,39.863,-16.052,-5.385,-32.817,-9.996,-11.951,-36.506,-17.586,13.205,-38.757,-5.998,-35.893,-24.245,0,0,0,0,0.0,0.0,0.0,0.0,0.000,0
15,cylinder_soft,1223,106.304,14.960,-3.979,67.608,0.725,-6.252,34.491,-20.168,-8.717,-41.981,-2.744,-5.875,-19.126,-2.886,5.561,-34.649,-14.426,-38.049,-19.505,0,0,0,0,0.0,0.0,0.0,0.0,0.000,0
15,cylinder_soft,1248,106.304,15.744,-10.839,57.180,-3.195,-14.680,45.551,-13.504,-16.165,-31.869,-14.504,-20.183,-22.286,-1.122,7.717,-30.857,-8.350,-31.385,-19.189,0,0,0,0,0.0,0.0,0.0,0.0,0.000,0
15,cylinder_soft,1274,106.304,16.528,-6.919,67.608,-5.939,-10.368,34.807,-19.384,-12.049,-28.077,-7.644,-15.871,-22.286,-5.434,4.189,-28.329,-3.450,-33.933,-38.781,0,0,0,0,0.0,0.0,0.0,0.0,0.000,0
15,cylinder_soft,1300,106.304,17.312,-3.979,73.928,4.449,-2.332,40.811,-17.032,-13.421,-44.509,-12.740,-8.619,-21.970,-3.474,7.326,-38.441,-6.390,-19.625,-38.149,0,0,0,0,0.0,0.0,0.0,0.0,0.000,0
15,cylinder_soft,1325,106.304,11.040,-19.071,63.500,0.137,-8.996,35.439,-15.072,-15.773,-37.241,-5.684,-11.363,-28.922,0.838,-0.907,-26.433,-0.314,-33.345,-28.037,0,0,0,0,0.0,0.0,0.0,0.0,0.000,0
15,cylinder_soft,1351,106.304,12.216,-11.623,59.708,1.901,-6.644,48.395,-21.344,-6.757,-28.077,-9.016,-2.347,-15.966,-7.982,11.049,-19.165,-9.722,-29.033,-28.985,0,0,0,0,0.0,0.0,0.0,0.0,0.000,0
15,cylinder_soft,1376,106.304,13.588,-15.739,65.712,-0.255,-8.408,37.651,-22.520,-5.973,-36.925,-5.684,-12.147,-12.806,-18.370,5.953,-28.961,-7.370,-34.717,-27.721,0,0,0,0,0.0,0.0,0.0,0.0,0.000,0
15,cylinder_soft,1402,106.304,25.152,-15.347,50.860,-0.843,-10.368,35.123,-16.640,-10.089,-42.613,-10.780,-10.383,-24.182,-7.198,7.129,-25.485,-0.314,-26.485,-28.669,0,0,0,0,0.0,0.0,0.0,0.0,0.000,0
15,cylinder_soft,1427,106.304,21.036,-5.351,78.352,4.253,6.488,36.071,-8.016,-13.421,-47.037,-12.936,-14.891,-11.542,-6.414,16.145,-32.121,-2.862,-33.345,-28.037,0,0,0,0,0.0,0.0,0.0,0.0,0.000,0
15,cylinder_soft,1452,106.304,17.704,-9.075,60.024,3.273,-3.508,39.547,-13.308,-5.581,-31.237,-8.820,-17.047,-25.446,-8.374,12.813,-41.601,1.646,-28.249,-30.565,0,0,0,0,0.0,0.0,0.0,0.0,0.000,0
15,cylinder_soft,1477,106.304,19.468,-11.623,50.228,-5.351,-6.252,34.491,-24.088,-15.969,-34.397,-8.624,-12.147,-32.398,-15.626,11.245,-26.433,-2.078,-29.817,-26.773,0,0,0,0,0.0,0.0,0.0,0.0,0.000,0
15,cylinder_soft,1503,106.304,15.548,-10.447,64.448,-1.235,-7.624,50.923,-13.504,-7.149,-29.973,-6.664,-12.539,-27.026,-16.802,12.421,-28.013,-6.390,-33.737,-34.357,0,0,0,0,0.0,0.0,0.0,0.0,0.000,0
15,cylinder_soft,1528,106.304,16.136,-14.367,66.976,-4.959,-8.604,30.383,-17.424,-5.581,-32.501,-18.620,-9.795,-9.014,-7.198,13.989,-35.913,-5.410,-28.249,-49.841,0,0,0,0,0.0,0.0,0.0,0.0,0.000,0
15,cylinder_soft,1553,106.304,12.608,-10.055,71.716,-6.919,-7.036,44.287,-21.736,-0.289,-37.873,-11.956,-12.735,-9.646,-3.082,5.757,-35.597,0.274,-32.169,-22.665,0,0,0,0,0.0,0.0,0.0,0.0,0.000,0
15,cylinder_soft,1579,106.304,25.152,-14.955,65.396,0.137,-12.132,43.971,-7.624,-0.289,-47.669,-11.172,-8.619,-17.546,0.250,3.798,-26.433,-12.858,-31.973,-27.721,0,0,0,0,0.0,0.0,0.0,0.0,0.000,0
15,cylinder_soft,1605,106.304,12.412,-13.191,71.400,7.977,-5.468,42.707,-20.952,-6.757,-43.877,-6.076,-7.051,-24.498,-8.766,9.677,-40.653,0.078,-36.481,-22.665,0,0,0,0,0.0,0.0,0.0,0.0,0.000,0
15,cylinder_soft,1631,106.216,11.628,-16.327,55.284,-9.075,-11.152,49.027,-12.720,-0.681,-38.821,-12.348,-6.267,-34.610,-13.078,5.169,-31.173,-3.450,-29.229,-27.721,0,0,0,0,0.0,0.0,0.0,0.0,0.000,0
15,cylinder_soft,1656,106.304,20.252,-17.503,76.456,-2.999,-4.684,49.027,-18.600,-14.009,-38.505,-7.840,-2.543,-26.710,-5.238,10.854,-33.385,3.998,-37.461,-28.985,0,0,0,0,0.0,0.0,0.0,0.0,0.000,0
15,cylinder_soft,1683,106.304,18.684,-11.427,66.660,-1.431,-7.820,40.811,-13.700,-7.737,-52.093,-11.172,-2.543,-34.294,-14.842,4.385,-24.853,-6.978,-28.445,-25.509,0,0,0,0,0.0,0.0,0.0,0.0,0.000,0
15,cylinder_soft,1709,106.304,15.744,-10.251,54.652,2.097,-9.388,46.183,-18.992,-10.089,-29.657,-16.660,-5.875,-30.502,-1.514,14.382,-18.849,-1.882,-27.073,-21.717,0,0,0,0,0.0,0.0,0.0,0.0,0.000,0
15,cylinder_soft,1734,106.216,25.544,-17.503,65.396,-3.979,-6.252,43.971,-11.152,-14.205,-31.553,-5.096,-7.051,-22.602,-6.218,10.657,-41.917,-6.782,-25.113,-32.461,0,0,0,0,0.0,0.0,0.0,0.0,0.000,0
15,cylinder_soft,1759,106.304,15.352,-7.115,68.240,1.313,-14.092,38.283,-18.012,-8.521,-28.393,-11.368,-6.267,-32.082,-6.806,2.817,-26.117,-6.194,-28.445,-27.721,0,0,0,0,0.0,0.0,0.0,0.0,0.000,0
15,cylinder_soft,1784,106.304,16.136,-9.467,69.504,1.509,-4.096,44.919,-24.088,-1.465,-50.829,-11.172,-5.091,-16.598,-3.866,7.326,-30.225,-2.666,-30.993,-24.561,0,0,0,0,0.0,0.0,0.0,0.0,0.000,0
15,cylinder_soft,1810,106.304,16.920,-16.327,61.920,0.529,-1.156,43.655,-17.620,-8.129,-35.977,-6.664,-3.719,-25.130,-5.434,8.305,-23.273,-9.722,-25.309,-27.721,0,0,0,0,0.0,0.0,0.0,0.0,0.000,0
15,cylinder_soft,1835,106.216,12.216,-9.271,66.660,-1.627,-10.760,40.179,-14.288,-2.445,-46.405,-9.016,-7.051,-21.022,-16.802,7.717,-22.325,-10.310,-32.561,-32.145,0,0,0,0,0.0,0.0,0.0,0.0,0.000,0
15,cylinder_soft,1861,106.304,23.780,-0.451,68.872,0.333,-9.192,39.231,-12.720,-1.661,-44.193,-7.644,-10.971,-34.610,-15.234,8.697,-35.597,-6.586,-32.169,-27.405,0,0,0,0,0.0,0.0,0.0,0.0,0.000,0
15,cylinder_soft,1886,106.304,22.212,-11.427,74.876,-1.823,-5.664,41.127,-26.048,-5.581,-25.549,-5.684,-1.563,-40.298,-9.550,7.326,-35.597,-5.998,-39.029,-35.937,0,0,0,0,0.0,0.0,0.0,0.0,0.000,0
15,cylinder_soft,1912,106.304,13.784,-24.951,75.508,-0.451,-7.820,41.127,-15.856,-8.913,-50.829,-9.016,-7.051,-19.442,-6.218,16.145,-29.909,-9.526,-32.953,-28.985,0,0,0,0,0.0,0.0,0.0,0.0,0.000,0
15,cylinder_soft,1937,106.304,26.328,-6.723,71.400,-9.075,-7.820,42.391,-16.836,-10.089,-26.497,-10.584,-10.187,-23.550,-3.474,3.013,-16.953,-1.686,-29.425,-40.993,0,0,0,0,0.0,0.0,0.0,0.0,0.000,0
15,cylinder_soft,1963,106.304,14.764,-19.463,59.708,-4.371,2.568,31.015,-17.228,-8.325,-47.353,-9.212,-4.699,-30.818,-1.710,9.089,-37.493,-5.802,-31.973,-21.717,0,0,0,0,0.0,0.0,0.0,0.0,0.000,0
15,cylinder_soft,1988,106.304,20.448,-16.523,70.768,-7.115,-9.976,53.451,-20.168,-6.365,-27.129,-10.584,-15.871,-19.758,-7.982,6.737,-24.853,-0.902,-32.169,-39.097,0,0,0,0,0.0,0.0,0.0,0.0,0.000,0
15,cylinder_soft,2014,106.304,17.312,-10.839,59.708,3.665,-8.408,47.763,-17.816,-7.149,-30.605,-4.508,-11.167,-14.702,-6.414,19.085,-23.273,-8.742,-32.757,-36.569,0,0,0,0,0.0,0.0,0.0,0.0,0.000,0
15,cylinder_soft,2039,106.304,6.140,-10.643,70.768,-6.135,-12.328,46.499,-8.016,-9.893,-31.869,-9.996,-2.739,-27.974,-14.842,9.677,-24.537,-5.606,-33.737,-27.405,0,0,0,0,0.0,0.0,0.0,0.0,0.000,0
15,cylinder_soft,2065,106.304,17.312,-17.699,67.292,-5.547,-9.780,43.339,-15.660,-20.673,-30.605,-14.504,-10.775,-19.126,-9.746,5.953,-28.961,-1.882,-32.169,-31.197,0,0,0,0,0.0,0.0,0.0,0.0,0.000,0
15,cylinder_soft,2091,106.304,21.428,-11.231,61.920,-5.547,-10.172,46.499,-16.052,-8.325,-45.773,-4.116,-9.991,-38.402,-13.862,8.305,-33.069,-11.878,-34.913,-23.613,0,0,0,0,0.0,0.0,0.0,0.0,0.000,0
15,cylinder_soft,2116,106.304,11.040,-11.231,76.140,-5.155,-5.664,38.283,-11.740,-1.661,-29.341,-13.524,-7.639,-15.966,0.250,10.265,-15.057,-8.154,-30.797,-34.041,0,0,0,0,0.0,0.0,0.0,0.0,0.000,0
15,cylinder_soft,2142,106.304,19.664,-13.779,58.128,-0.255,0.608,38.283,-11.740,-5.777,-40.085,-11.564,-13.911,-32.398,-5.434,4.385,-40.653,-7.958,-36.285,-24.245,0,0,0,0,0.0,0.0,0.0,0.0,0.000,0
15,cylinder_soft,2167,106.304,21.820,-11.819,73.296,-2.019,-8.800,52.503,-14.680,-16.165,-39.769,-7.448,-6.855,-35.874,-10.138,6.149,-28.329,-9.134,-39.029,-27.405,0,0,0,0,0.0,0.0,0.0,0.0,0.000,0
15,cylinder_soft,2193,106.304,13.980,-17.699,75.508,3.469,-9.388,37.967,-12.720,-12.637,-41.349,-11.760,-8.227,-26.710,-9.550,11.245,-44.445,-14.622,-45.497,-25.509,1,0,2193,0,0.0,0.0,500.0,0.0,106.304,0
15,cylinder_soft,2226,106.304,15.352,-18.483,64.764,1.117,-7.820,46.499,-14.680,-7.737,-42.613,-13.132,-11.363,-16.598,-15.234,14.382,-28.013,-1.686,-21.781,-27.405,0,0,2193,0,0.0,0.0,500.0,0.0,106.304,0
15,cylinder_soft,2253,106.216,15.548,-6.723,79.300,1.117,0.804,30.699,-21.148,0.103,-30.921,-18.228,-8.031,-25.762,-5.630,6.933,-38.441,-13.446,-37.461,-27.405,0,0,2193,0,0.0,0.0,500.0,0.0,106.304,0
15,cylinder_soft,2279,106.304,28.876,-17.307,66.344,0.921,-13.504,38.599,-11.740,-13.029,-48.301,-9.016,-0.191,-19.442,1.622,11.049,-29.593,-5.214,-22.957,-29.617,0,0,2193,0,0.0,0.0,500.0,0.0,106.304,0
15,cylinder_soft,2305,106.304,13.196,-14.171,64.132,-2.803,-6.644,50.291,-23.108,-19.497,-34.397,-0.588,-4.503,-18.494,-6.022,17.713,-34.333,-2.274,-27.073,-36.253,0,0,2193,0,0.0,0.0,500.0,0.0,106.304,2305
15,cylinder_soft,2330,106.216,20.252,-18.091,66.344,-1.823,-6.840,47.447,-12.132,-7.149,-37.873,-10.780,-6.463,-24.498,0.838,10.657,-41.601,-4.038,-32.561,-23.297,0,0,2193,0,0.0,0.0,500.0,0.0,106.304,2305
15,cylinder_soft,2355,106.304,30.444,-16.327,68.240,1.509,-17.424,36.703,-13.112,-4.601,-24.601,-12.152,-15.675,-11.226,-10.530,9.089,-26.749,-5.018,-31.581,-29.617,0,0,2193,0,0.0,0.0,500.0,0.0,106.304,2305
15,cylinder_soft,2381,106.304,11.824,-8.879,65.080,2.097,-7.232,37.335,-18.208,-1.661,-31.237,-11.956,-14.303,-18.494,-17.390,13.205,-27.065,-2.862,-30.209,-40.045,0,0,2193,0,0.0,0.0,500.0,0.0,106.304,2305
15,cylinder_soft,2406,106.304,14.568,-11.819,74.244,-0.255,-5.860,50.607,-9.780,-0.877,-43.245,-7.448,-15.283,-24.498,-12.294,10.461,-35.597,-2.862,-45.301,-17.609,0,0,2193,0,0.0,0.0,500.0,0.0,106.304,2305
15,cylinder_soft,2432,106.304,18.880,-18.483,66.660,-0.255,-9.584,41.443,-17.620,-4.209,-38.821,-7.056,-19.399,-28.290,2.210,15.557,-41.285,-7.958,-34.129,-28.037,0,0,2193,0,0.0,0.0,500.0,0.0,106.304,2305
15,cylinder_soft,2458,106.216,13.588,-21.619,69.820,-7.507,-8.408,28.803,-30.164,0.887,-36.609,-14.308,-8.227,-15.650,-14.254,6.933,-18.849,-8.546,-31.777,-30.565,0,0,2193,0,0.0,0.0,500.0,0.0,106.304,2305
15,cylinder_soft,2483,106.304,21.624,-14.759,62.868,-0.059,-9.192,44.287,-27.812,-5.189,-51.777,-15.288,-10.383,-26.078,-11.118,5.757,-33.701,2.822,-35.305,-29.617,0,0,2193,0,0.0,0.0,500.0,0.0,106.304,2305
15,cylinder_soft,2509,106.304,15.548,-15.739,54.968,9.153,-3.508,59.455,-11.152,0.691,-33.133,-9.212,-7.443,-12.490,-2.102,4.189,-28.645,-12.858,-34.325,-32.461,0,0,2193,0,0.0,0.0,500.0,0.0,106.304,2305
15,cylinder_soft,2534,106.304,14.372,-18.091,58.128,-1.627,-0.372,43.339,-15.856,-5.581,-31.553,-14.112,-11.755,-23.550,-7.198,10.461,-33.701,-2.078,-28.445,-34.041,0,0,2193,0,0.0,0.0,500.0,0.0,106.304,2305
15,cylinder_soft,2559,106.304,9.668,-11.819,60.024,4.057,-14.288,32.595,-20.952,-13.617,-42.297,-11.760,-7.639,-17.862,-6.218,4.189,-22.325,-9.722,-31.189,-31.513,0,0,2193,0,0.0,0.0,500.0,0.0,106.304,2305
15,cylinder_soft,2584,106.304,22.800,-7.507,60.656,-0.451,-12.132,57.559,-5.860,-8.325,-36.293,-16.856,-1.563,-16.914,-7.786,5.365,-30.541,-5.018,-28.053,-19.821,0,0,2193,0,0.0,0.0,500.0,0.0,106.304,2305
15,cylinder_soft,2610,106.216,25.544,-19.267,66.028,-4.175,-9.584,42.707,-23.500,-3.817,-41.349,-12.348,-10.579,-15.018,-8.178,8.305,-33.069,-5.802,-25.309,-39.413,0,0,2193,0,0.0,0.0,500.0,0.0,106.304,2305
15,cylinder_soft,2635,106.304,15.744,-18.091,66.028,2.881,-3.312,37.967,-25.068,-7.737,-35.977,-11.956,-8.815,-33.030,0.250,6.541,-21.377,-2.470,-24.917,-30.881,0,0,2193,0,0.0,0.0,500.0,0.0,106.304,2305
15,cylinder_soft,2661,106.304,13.392,-9.467,56.548,-2.607,-8.996,42.075,-9.192,-11.853,-40.717,-1.568,-4.111,-33.978,0.642,13.793,-20.745,-5.606,-33.541,-20.453,0,0,2193,0,0.0,0.0,500.0,0.0,106.304,2305
15,cylinder_soft,2686,106.304,19.664,-9.663,69.188,-2.411,-9.192,42.391,-18.208,-10.481,-27.761,-11.956,-16.067,-12.490,-7.590,-0.319,-30.541,0.470,-25.701,-31.513,0,0,2193,0,0.0,0.0,500.0,0.0,106.304,2305
15,cylinder_soft,2712,106.304,16.528,-13.975,74.244,-8.879,-9.192,48.079,-16.640,-2.249,-41.033,-3.332,-9.011,-22.918,-8.570,-0.123,-29.909,-4.430,-25.701,-28.985,0,0,2193,0,0.0,0.0,500.0,0.0,106.304,2305
15,cylinder_soft,2737,106.304,14.568,-14.759,66.344,-3.587,-10.564,40.495,-13.896,-13.421,-43.561,-3.528,-15.283,-30.818,-7.982,15.557,-18.849,-6.586,-31.581,-8.445,0,0,2193,0,0.0,0.0,500.0,0.0,106.304,2305
15,cylinder_soft,2762,106.304,12.216,-9.859,62.236,-1.627,-4.684,48.711,-18.404,-10.089,-26.497,-13.132,-3.327,-30.818,-3.278,1.249,-27.697,-11.878,-26.485,-31.197,0,0,2193,0,0.0,0.0,500.0,0.0,106.304,2305
15,cylinder_soft,2788,106.304,9.080,-11.231,72.032,7.781,-8.408,56.611,-4.488,-8.521,-30.921,-12.152,-3.327,-17.546,-10.138,0.465,-26.433,0.078,-29.033,-19.821,0,0,2193,0,0.0,0.0,500.0,0.0,106.304,2305
15,cylinder_soft,2813,106.304,24.172,-8.291,62.868,-2.999,-5.664,36.387,-10.956,-7.737,-34.397,-6.076,-2.739,-20.390,-8.374,6.149,-24.853,-4.234,-26.681,-40.045,0,0,2193,0,0.0,0.0,500.0,0.0,106.304,2305
15,cylinder_soft,2839,106.304,12.608,-19.659,60.972,-0.451,-15.268,41.443,-13.896,-5.385,-34.713,-10.976,-9.403,-27.342,0.054,5.757,-26.117,-8.742,-32.561,-24.245,0,0,2193,0,0.0,0.0,500.0,0.0,106.304,2305
15,cylinder_soft,2864,106.304,5.748,-16.915,60.656,2.685,-6.644,44.919,-17.228,3.435,-30.289,-6.860,-11.559,-19.758,-3.474,8.305,-28.013,-3.646,-28.837,-22.981,0,0,2193,0,0.0,0.0,500.0,0.0,106.304,2305
15,cylinder_soft,2890,106.304,23.976,-13.779,62.236,-2.215,-9.584,40.495,-15.072,-9.893,-40.401,-10.780,-17.047,-24.814,-9.354,4.581,-37.493,-7.370,-33.149,-33.409,0,0,2193,0,0.0,0.0,500.0,0.0,106.304,2305
15,cylinder_soft,2915,106.216,21.428,-7.703,75.824,5.429,-13.700,45.867,-19.188,-5.189,-46.405,-7.448,-5.875,-28.606,-11.902,5.561,-12.213,2.234,-35.501,-36.885,0,0,2193,0,0.0,0.0,500.0,0.0,106.304,2305
15,cylinder_soft,2940,106.304,16.528,-10.251,80.248,-2.999,-4.096,46.499,-12.328,3.827,-36.293,-7.056,-8.227,-30.502,-11.118,14.577,-33.385,-4.626,-31.581,-22.033,0,0,2193,0,0.0,0.0,500.0,0.0,106.304,2305
15,cylinder_soft,2966,106.304,20.056,-16.719,71.400,-5.743,-7.624,42.075,-14.484,3.631,-46.089,-4.116,-12.343,-27.342,-8.374,1.445,-27.697,-1.490,-30.209,-27.089,0,0,2193,0,0.0,0.0,500.0,0.0,106.304,2305
15,cylinder_soft,2991,106.304,24.760,-13.583,58.444,-4.175,-5.860,36.071,-15.464,-8.129,-39.769,-0.588,-11.951,-18.494,-6.022,5.561,-45.393,-9.526,-24.329,-34.673,0,0,2193,0,0.0,0.0,500.0,0.0,106.304,2305
15,cylinder_soft,3017,106.304,17.508,-17.895,62.868,-1.235,-9.388,45.235,-11.544,-12.245,-46.721,-8.232,-1.759,-26.394,-13.274,10.265,-30.541,-4.822,-32.757,-34.041,0,0,2193,0,0.0,0.0,500.0,0.0,106.304,2305
15,cylinder_soft,3043,106.304,21.428,-21.423,63.184,4.449,6.488,30.067,-6.056,-5.189,-35.345,-13.720,-7.443,-28.922,-3.474,5.169,-36.229,-5.410,-26.681,-27.405,0,0,2193,0,0.0,0.0,500.0,0.0,106.304,2305
15,cylinder_soft,3068,106.304,21.624,-11.427,54.968,2.685,1.588,48.395,-18.992,-13.421,-38.821,-10.192,-12.931,-38.402,-2.102,6.149,-25.485,-2.274,-37.069,-32.461,0,0,2193,0,0.0,0.0,500.0,0.0,106.304,2305
15,cylinder_soft,3094,106.304,22.604,-1.627,67.608,-16.327,-13.112,24.695,-14.092,-8.325,-29.973,-12.740,-5.091,-28.290,-16.410,16.341,-45.709,-4.234,-23.349,-34.357,0,0,2193,0,0.0,0.0,500.0,0.0,106.304,2305
15,cylinder_soft,3120,106.304,17.312,-17.111,69.504,2.293,-6.840,40.495,-22.324,-2.837,-38.505,-3.724,-9.011,-20.074,-9.550,6.933,-30.857,-5.018,-36.481,-15.081,0,1,2193,3120,0.0,0.0,500.0,486.0,106.304,2305
16,cylinder_soft,6,60.368,10.060,-6.527,66.028,-7.115,-9.388,56.295,-13.504,-2.445,-49.565,-6.272,-14.499,-35.558,-4.650,3.405,-35.281,-8.350,-32.365,-29.301,0,0,0,0,0.0,0.0,0.0,0.0,0.000,0
16,cylinder_soft,31,60.456,1.044,-2.999,27.792,-0.059,-2.528,18.059,4.920,-4.405,-2.165,0.000,-4.111,-16.598,-2.886,10.657,-18.217,-7.174,3.699,-26.773,0,0,0,0,0.0,0.0,0.0,0.0,0.000,0
16,cylinder_soft,57,61.160,3.592,3.077,26.212,-0.059,6.488,20.903,-5.664,-11.265,-10.065,-2.744,-1.759,-8.382,-2.886,6.149,-30.225,0.274,4.483,-24.877,0,0,0,0,0.0,0.0,0.0,0.0,0.000,0
16,cylinder_soft,82,62.128,1.044,2.881,33.480,-5.155,11.388,18.375,-1.548,-4.405,-2.165,-1.568,5.885,-3.958,-3.278,3.798,-25.169,6.938,-0.613,-3.705,0,0,0,0,0.0,0.0,0.0,0.0,0.000,0
16,cylinder_soft,107,63.360,10.060,-4.567,27.160,-0.647,2.960,3.839,-7.232,2.651,-17.965,3.136,-1.367,-12.174,-11.902,13.597,-20.429,5.174,4.679,-24.245,0,0,0,0,0.0,0.0,0.0,0.0,0.000,0
16,cylinder_soft,133,64.592,8.296,1.117,36.640,-4.567,1.000,21.851,-3.116,3.239,-12.277,-8.232,-12.931,-0.482,-0.730,7.326,-16.953,-3.058,0.171,-9.393,0,0,0,0,0.0,0.0,0.0,0.0,0.000,0
16,cylinder_soft,158,65.824,-6.404,-0.059,21.156,-2.607,-8.016,23.115,-0.568,2.063,-12.593,9.408,-13.519,-15.334,2.406,3.993,-22.957,-3.842,-1.397,-9.393,0,0,0,0,0.0,0.0,0.0,0.0,0.000,0
16,cylinder_soft,184,67.320,8.296,-12.995,16.100,-5.155,-5.468,12.687,-1.940,-3.229,-6.905,3.724,-4.895,-4.274,1.818,4.777,-18.217,6.742,-5.905,-14.449,0,0,0,0,0.0,0.0,0.0,0.0,0.000,0
16,cylinder_soft,209,68.816,-0.132,-0.059,28.740,-3.391,-9.388,12.055,3.940,-7.933,-6.273,-5.488,-9.795,-19.442,-0.338,-3.258,-34.017,-2.470,-6.101,-1.809,0,0,0,0,0.0,0.0,0.0,0.0,0.000,0
16,cylinder_soft,234,70.224,-2.484,-2.411,20.840,-2.999,-13.700,20.271,-6.056,4.415,-10.697,-0.784,-7.247,-20.706,6.130,8.501,-12.213,5.566,-8.845,-8.445,0,0,0,0,0.0,0.0,0.0,0.0,0.000,0
16,cylinder_soft,260,71.720,8.688,-4.175,19.260,-6.527,-8.016,7.631,-3.900,-3.033,-14.173,5.488,1.573,-14.386,-2.886,-3.063,-28.329,-2.470,-10.413,0.403,0,0,0,0,0.0,0.0,0.0,0.0,0.000,0
16,cylinder_soft,285,73.128,-0.328,-6.331,22.104,-6.723,-6.252,15.215,-3.312,4.219,-14.489,-1.764,-0.387,-4.906,4.758,-5.023,-25.801,3.410,-13.353,-5.285,0,0,0,0,0.0,0.0,0.0,0.0,0.000,0
16,cylinder_soft,311,74.712,10.256,0.333,25.264,-6.919,-8.212,22.167,-2.724,0.691,-7.853,5.096,-6.463,-5.854,2.994,12.617,-18.533,-7.370,-8.649,-5.285,0,0,0,0,0.0,0.0,0.0,0.0,0.000,0
16,cylinder_soft,336,76.120,-0.720,-7.115,17.364,-14.563,-8.016,20.587,6.292,-0.485,-9.749,-4.900,-0.975,-9.330,4.758,3.601,-29.593,-6.586,-12.373,-1.177,0,0,0,0,0.0,0.0,0.0,0.0,0.000,0
16,cylinder_soft,361,77.528,-3.268,-4.959,33.796,-4.175,-10.368,13.635,4.136,6.179,2.891,3.332,-14.695,-17.230,0.250,11.049,-6.841,-1.882,-16.685,-4.969,0,0,0,0,0.0,0.0,0.0,0.0,0.000,0
16,cylinder_soft,387,79.112,-1.112,-4.371,35.376,-1.235,-14.876,24.379,-1.156,2.651,-1.533,0.588,-9.011,2.678,1.622,0.270,-24.537,6.938,-18.057,-3.705,0,0,0,0,0.0,0.0,0.0,0.0,0.000,0
16,cylinder_soft,412,80.520,-1.112,-2.215,21.472,-13.779,-20.560,13.003,-8.800,-0.877,3.207,1.176,-15.479,-7.750,0.642,0.073,-10.633,0.470,-10.021,0.403,0,0,0,0,0.0,0.0,0.0,0.0,0.000,0
16,cylinder_soft,437,81.928,-2.092,-6.527,27.792,0.333,-10.172,18.059,-6.840,8.139,12.687,-0.196,-11.167,-1.746,5.542,7.326,-24.221,-3.842,-11.393,1.351,0,0,0,0,0.0,0.0,0.0,0.0,0.000,0
16,cylinder_soft,464,83.424,-3.660,-11.035,22.104,-5.155,1.196,19.639,-2.136,-6.757,-6.905,8.232,-19.791,-12.806,6.522,-6.395,-8.737,-2.078,-18.645,10.515,0,0,0,0,0.0,0.0,0.0,0.0,0.000,0
16,cylinder_soft,490,84.832,2.612,-17.699,37.588,-11.231,-7.820,16.163,-7.428,-0.877,-19.229,-4.704,-16.459,-9.014,5.542,-0.123,-13.477,-3.646,-22.761,6.723,0,0,0,0,0.0,0.0,0.0,0.0,0.000,0
16,cylinder_soft,515,86.152,-1.308,-12.211,38.852,-11.427,-2.136,34.491,-3.704,6.179,-4.061,6.076,-15.283,4.574,2.994,3.013,-22.009,3.214,-24.917,-11.289,0,0,0,0,0.0,0.0,0.0,0.0,0.000,0
16,cylinder_soft,540,87.472,6.924,-11.623,38.536,-0.059,-9.584,24.695,-0.960,8.923,-3.429,-8.036,-23.319,1.414,5.738,-4.631,-11.897,6.742,-20.409,-7.497,0,0,0,0,0.0,0.0,0.0,0.0,0.000,0
16,cylinder_soft,566,88.792,-15.028,-15.151,38.220,5.233,-6.840,25.327,-0.176,6.375,-15.121,3.920,-24.887,-15.966,-4.454,-4.435,-24.221,-7.762,-21.781,2.931,0,0,0,0,0.0,0.0,0.0,0.0,0.000,0
16,cylinder_soft,591,90.112,-7.188,-12.211,41.696,-8.879,-8.016,42.707,-11.740,10.295,-11.013,-4.116,-17.439,-13.122,1.622,2.425,-17.585,7.918,-21.585,-7.813,0,0,0,0,0.0,0.0,0.0,0.0,0.000,0
16,cylinder_soft,617,91.432,-4.248,-7.507,27.476,-5.351,-7.428,22.483,1.000,1.671,-2.165,-7.448,-25.867,-10.278,-6.806,-7.963,-10.949,-1.882,-30.993,-6.233,0,0,0,0,0.0,0.0,0.0,0.0,0.000,0
16,cylinder_soft,642,92.576,-2.680,-11.231,38.852,0.333,-6.840,41.127,2.960,1.671,-15.437,-7.840,-18.615,-12.806,2.994,-3.651,-8.105,-8.938,-31.189,-4.021,0,0,0,0,0.0,0.0,0.0,0.0,0.000,0
16,cylinder_soft,667,93.896,0.064,-18.287,35.376,-6.919,-6.840,35.755,-11.740,8.335,-0.585,-8.036,-25.867,-14.070,5.150,-3.063,-1.469,-8.154,-30.013,-18.557,0,0,0,0,0.0,0.0,0.0,0.0,0.000,0
16,cylinder_soft,693,95.216,-3.856,-11.623,41.064,-0.843,-5.468,34.807,-5.076,7.943,-10.381,-9.800,-18.615,-15.334,-3.278,-4.435,-17.901,-6.782,-25.701,-12.237,0,0,0,0,0.0,0.0,0.0,0.0,0.000,0
16,cylinder_soft,718,96.536,-5.228,-8.095,29.056,-1.431,-10.760,43.971,-6.448,10.099,2.259,-13.132,-20.967,-16.914,-3.278,-5.023,-18.533,1.450,-28.053,-27.721,0,0,0,0,0.0,0.0,0.0,0.0,0.000,0
16,cylinder_soft,744,97.768,-2.876,-9.663,46.436,-11.231,-12.328,37.019,-13.112,-2.445,-2.797,-17.248,-26.651,-27.658,2.406,-5.023,-10.317,4.782,-38.833,-20.453,0,0,0,0,0.0,0.0,0.0,0.0,0.000,0
16,cylinder_soft,769,98.824,0.064,-15.935,43.592,-2.607,-2.528,38.283,-6.644,3.631,-7.537,-2.940,-16.655,-35.558,0.250,3.993,-21.061,-4.822,-23.545,-15.713,0,0,0,0,0.0,0.0,0.0,0.0,0.000,0
16,cylinder_soft,795,99.880,2.024,-11.231,33.480,1.509,1.980,37.335,-8.408,-8.521,-12.909,-12.740,-19.399,-34.926,-0.338,-0.515,-24.537,-18.346,-36.481,-17.293,0,0,0,0,0.0,0.0,0.0,0.0,0.000,0
16,cylinder_soft,820,101.024,-8.756,-7.899,47.384,-5.743,-6.840,51.871,-11.348,2.455,-13.541,-7.644,-21.359,-31.134,-8.374,-6.199,-21.061,-5.410,-28.837,-27.721,0,0,0,0,0.0,0.0,0.0,0.0,0.000,0
16,cylinder_soft,847,102.256,9.864,-23.383,34.744,-7.507,7.468,54.083,-5.860,-0.093,-18.597,-15.092,-28.023,-22.602,0.250,5.953,-31.173,-7.566,-38.833,-21.085,0,0,0,0,0.0,0.0,0.0,0.0,0.000,0
16,cylinder_soft,872,103.312,-1.112,-9.663,30.636,-5.351,-14.092,31.963,-18.796,4.023,-28.709,-12.348,-14.499,-16.598,-0.730,4.777,-25.485,-3.842,-40.793,-15.713,0,0,0,0,0.0,0.0,0.0,0.0,0.000,0
16,cylinder_soft,897,104.368,15.548,-19.267,36.008,2.489,-4.292,47.763,-14.876,-3.621,-18.281,-11.368,-10.383,-12.806,-4.454,7.717,-28.961,1.842,-33.149,-17.609,0,0,0,0,0.0,0.0,0.0,0.0,0.000,0
16,cylinder_soft,924,105.336,15.744,-10.643,43.908,-0.843,-5.860,42.707,-10.956,2.651,-36.609,-5.292,-9.795,-21.022,-9.354,3.601,-37.809,-12.466,-32.169,-37.201,0,0,0,0,0.0,0.0,0.0,0.0,0.000,0
16,cylinder_soft,949,106.392,12.020,-12.603,47.384,-8.683,0.608,31.963,-22.912,4.807,-41.665,-18.228,-13.715,-30.502,-9.942,15.165,-30.541,-0.902,-36.285,-29.933,0,0,0,0,0.0,0.0,0.0,0.0,0.000,0
16,cylinder_soft,974,106.832,12.020,-12.211,63.184,-2.215,-3.312,35.123,-15.268,2.847,-36.293,2.744,-8.227,-15.018,-7.786,-3.258,-22.325,-8.742,-27.857,-11.605,0,0,0,0,0.0,0.0,0.0,0.0,0.000,0
16,cylinder_soft,1000,106.832,12.608,-11.427,51.492,-10.643,-2.528,41.443,-17.620,7.159,-49.565,-3.528,-7.443,-30.818,-5.434,-2.671,-32.753,0.470,-26.681,-11.605,0,0,0,0,0.0,0.0,0.0,0.0,0.000,0
16,cylinder_soft,1031,106.832,9.864,-13.975,58.760,-5.743,-9.584,50.923,-19.972,1.867,-32.817,-10.780,-17.831,-10.594,-22.682,11.049,-29.277,-3.450,-37.657,-30.249,0,0,0,0,0.0,0.0,0.0,0.0,0.000,0
16,cylinder_soft,1057,106.832,10.060,-18.287,68.240,-5.743,-0.176,49.027,-11.152,13.431,-34.397,-12.740,-9.599,-19.442,-14.058,5.757,-30.225,2.822,-25.897,-23.613,0,0,0,0,0.0,0.0,0.0,0.0,0.000,0
16,cylinder_soft,1082,106.920,14.176,-22.403,43.276,2.685,-8.212,46.183,-22.912,4.219,-34.081,-7.448,-13.911,-34.294,-5.630,11.441,-29.277,-2.862,-23.937,-35.305,0,0,0,0,0.0,0.0,0.0,0.0,0.000,0
16,cylinder_soft,1108,106.832,7.120,-22.991,54.336,-13.191,-6.056,35.755,-11.348,3.043,-30.921,-5.684,-10.383,-15.334,-9.354,0.073,-22.325,-3.450,-34.521,-28.669,0,0,0,0,0.0,0.0,0.0,0.0,0.000,0
16,cylinder_soft,1133,106.832,14.372,-7.507,66.028,-7.899,-13.700,37.019,-12.132,0.103,-36.293,-2.156,-16.459,-19.758,-4.454,7.717,-29.277,-6.194,-40.597,-20.769,0,0,0,0,0.0,0.0,0.0,0.0,0.000,0
16,cylinder_soft,1159,106.832,16.724,-20.443,59.708,-8.683,1.588,54.715,-18.012,-0.289,-32.501,-2.744,-14.107,-30.186,-5.042,11.833,-29.909,-6.782,-42.165,-16.345,0,0,0,0,0.0,0.0,0.0,0.0,0.000,0
16,cylinder_soft,1184,106.832,17.116,-21.815,55.284,-0.451,2.372,40.811,-15.268,3.239,-35.029,-14.308,-21.947,-16.914,-1.906,7.913,-23.589,-5.214,-29.033,-7.813,0,0,0,0,0.0,0.0,0.0,0.0,0.000,0
16,cylinder_soft,1210,106.832,8.884,-15.935,60.024,-1.235,-10.956,37.019,-27.224,7.943,-27.129,-5.096,-19.399,-20.706,-4.258,11.049,-34.333,-2.078,-27.661,-12.869,0,0,0,0,0.0,0.0,0.0,0.0,0.000,0
16,cylinder_soft,1235,106.920,4.768,-25.147,51.176,-5.547,-8.016,35.439,-20.364,4.807,-35.029,-9.408,-8.423,-15.966,-6.022,7.717,-31.173,-6.782,-31.973,-22.033,0,0,0,0,0.0,0.0,0.0,0.0,0.000,0
16,cylinder_soft,1261,106.832,10.648,-12.603,70.768,-6.723,-3.704,40.179,-17.424,12.647,-31.869,-5.488,-14.107,-21.338,-14.842,5.561,-20.429,-3.058,-37.265,-11.289,0,0,0,0,0.0,0.0,0.0,0.0,0.000,0
16,cylinder_soft,1286,106.832,22.604,-17.699,61.604,4.057,-17.228,40.811,-13.504,11.079,-34.713,-15.092,-8.815,-23.866,-1.318,12.617,-28.961,-1.098,-31.581,-20.453,0,0,0,0,0.0,0.0,0.0,0.0,0.000,0
16,cylinder_soft,1311,106.920,13.588,-15.739,46.120,-7.507,-2.724,50.923,-11.348,12.059,-23.969,-2.940,-11.951,-5.222,-8.178,5.169,-33.701,-4.822,-26.289,-11.289,0,0,0,0,0.0,0.0,0.0,0.0,0.000,0
16,cylinder_soft,1337,106.832,12.608,-15.151,55.916,5.233,-15.072,47.131,-17.228,14.019,-25.865,1.568,-9.795,-17.862,-6.610,15.949,-31.489,-1.098,-25.505,-23.297,0,0,0,0,0.0,0.0,0.0,0.0,0.000,0
16,cylinder_soft,1362,106.920,11.432,-13.583,60.340,1.901,-9.780,42.707,-15.660,6.179,-17.965,-0.588,-21.359,-25.762,-8.962,7.129,-42.865,0.078,-35.109,-18.557,0,0,0,0,0.0,0.0,0.0,0.0,0.000,0
16,cylinder_soft,1388,106.920,11.040,-13.191,57.812,-2.411,-5.076,40.811,-14.876,3.043,-24.601,-9.800,-12.931,-8.698,-17.586,9.089,-34.333,-10.506,-32.561,-22.033,0,0,0,0,0.0,0.0,0.0,0.0,0.000,0
16,cylinder_soft,1413,106.832,6.532,-17.503,59.392,2.685,-6.644,43.023,-7.624,10.099,-25.865,-9.800,-17.635,-7.434,-14.646,10.461,-28.645,3.998,-36.089,-24.877,0,0,0,0,0.0,0.0,0.0,0.0,0.000,0
16,cylinder_soft,1439,106.832,10.452,-9.859,51.808,-1.235,-9.780,49.975,-7.624,-3.033,-27.445,-15.092,-16.067,-18.494,-8.766,13.597,-22.009,-6.390,-30.993,-20.137,0,0,0,0,0.0,0.0,0.0,0.0,0.000,0
16,cylinder_soft,1465,106.920,11.628,-13.387,45.804,-1.235,1.196,43.971,-16.444,0.495,-51.461,-8.036,-7.639,-10.910,-16.606,9.677,-25.169,-10.114,-33.541,-25.509,0,0,0,0,0.0,0.0,0.0,0.0,0.000,0
16,cylinder_soft,1492,106.832,11.824,-18.679,66.660,1.313,-9.192,31.963,-16.052,10.099,-31.869,-9.212,-15.479,-9.646,-6.022,10.265,-30.225,-1.882,-39.225,-22.033,0,0,0,0,0.0,0.0,0.0,0.0,0.000,0
16,cylinder_soft,1517,106.832,6.924,-7.311,61.604,0.725,-2.136,49.027,-6.252,5.983,-34.397,-16.660,-19.791,-11.226,-5.434,18.497,-24.221,3.802,-29.033,-15.713,0,0,0,0,0.0,0.0,0.0,0.0,0.000,0
16,cylinder_soft,1542,106.920,2.612,-11.427,69.504,-8.291,-10.956,48.395,-18.600,4.807,-32.501,-18.816,-9.011,-18.494,-5.042,4.581,-26.433,-10.114,-37.265,-18.241,0,0,0,0,0.0,0.0,0.0,0.0,0.000,0
16,cylinder_soft,1568,106.832,5.748,-14.171,68.240,1.509,-7.232,52.187,-23.304,5.787,-38.189,-7.448,-6.071,-23.234,-6.806,9.873,-30.225,-8.742,-23.741,-11.921,0,0,0,0,0.0,0.0,0.0,0.0,0.000,0
16,cylinder_soft,1594,106.920,11.824,-19.659,64.764,5.233,-9.388,51.555,-8.212,5.591,-29.973,-1.764,-17.243,-9.962,-10.530,8.109,-31.173,-2.666,-35.893,-22.981,0,0,0,0,0.0,0.0,0.0,0.0,0.000,0
16,cylinder_soft,1621,106.832,14.176,-15.935,64.764,-5.351,-5.468,33.859,-10.956,8.335,-31.237,-9.408,-7.247,-22.602,-5.630,1.445,-19.481,2.234,-36.285,-10.025,0,0,0,0,0.0,0.0,0.0,0.0,0.000,0
16,cylinder_soft,1647,106.832,15.548,-12.603,54.020,-3.391,-4.684,38.599,-15.268,1.867,-31.237,-4.116,-18.811,-20.074,-6.806,13.989,-26.433,-2.666,-32.365,-22.033,0,0,0,0,0.0,0.0,0.0,0.0,0.000,0
16,cylinder_soft,1673,106.832,16.136,-15.739,53.388,5.037,-8.604,49.343,-15.464,16.763,-39.137,-1.176,-6.267,-27.974,-9.746,15.557,-27.065,-5.998,-36.677,-9.393,0,0,0,0,0.0,0.0,0.0,0.0,0.000,0
16,cylinder_soft,1699,106.920,11.824,-17.699,53.072,1.901,-0.372,48.079,-12.132,8.531,-30.289,-11.956,-19.203,-11.542,-5.826,10.854,-38.125,-3.254,-35.893,-25.825,0,0,0,0,0.0,0.0,0.0,0.0,0.000,0
16,cylinder_soft,1724,106.920,14.764,-20.247,55.284,4.645,-3.508,43.971,-15.660,3.827,-28.393,-7.840,-8.619,-22.918,-2.886,8.501,-25.169,0.862,-33.149,-3.705,0,0,0,0,0.0,0.0,0.0,0.0,0.000,0
16,cylinder_soft,1750,106.920,14.568,-19.071,43.592,-4.175,-6.056,40.179,-16.248,6.375,-41.665,-4.900,-9.207,-10.910,-10.138,6.345,-34.333,-3.450,-29.817,-22.981,0,0,0,0,0.0,0.0,0.0,0.0,0.000,0
16,cylinder_soft,1776,106.920,8.296,-7.899,70.136,-0.647,0.608,37.967,-15.464,13.235,-33.133,-13.720,-13.911,1.730,-11.902,5.561,-50.765,-6.586,-34.521,-14.765,0,0,0,0,0.0,0.0,0.0,0.0,0.000,0
16,cylinder_soft,1801,106.832,17.704,-13.387,50.860,1.117,-7.624,43.655,-16.052,8.923,-28.393,-5.880,-19.399,-9.330,-7.198,9.481,-33.701,-9.918,-30.993,-19.189,0,0,0,0,0.0,0.0,0.0,0.0,0.000,0
16,cylinder_soft,1827,106.920,12.216,-9.467,68.556,-6.331,-10.564,52.503,-20.168,8.727,-38.505,-10.584,-15.479,-16.282,-9.354,13.989,-27.065,-6.390,-36.481,-22.981,0,0,0,0,0.0,0.0,0.0,0.0,0.000,0
16,cylinder_soft,1852,106.832,15.940,-18.679,60.656,-7.311,-5.468,30.383,-12.524,13.627,-39.137,-11.172,-13.519,-18.810,1.622,15.753,-33.385,-11.682,-24.329,-28.985,0,0,0,0,0.0,0.0,0.0,0.0,0.000,0
16,cylinder_soft,1878,106.920,8.296,-12.995,64.764,-2.215,-16.444,42.391,-13.700,12.451,-35.661,-13.132,-11.951,-10.594,-3.082,14.577,-23.273,-2.666,-33.737,-17.293,0,0,0,0,0.0,0.0,0.0,0.0,0.000,0
16,cylinder_soft,1903,106.832,15.940,-17.307,64.132,2.097,-4.684,50.291,-14.680,8.139,-41.665,-4.508,-25.279,-13.438,-6.218,10.069,-31.805,3.410,-37.069,-29.933,0,0,0,0,0.0,0.0,0.0,0.0,0.000,0
16,cylinder_soft,1930,106.832,20.056,-19.855,68.240,5.821,-5.664,41.443,-11.348,11.471,-35.661,-4.508,-16.851,-1.746,-1.710,11.833,-32.121,-12.270,-32.365,-11.921,0,0,0,0,0.0,0.0,0.0,0.0,0.000,0
16,cylinder_soft,1956,106.832,13.000,-13.191,51.808,-4.959,-14.876,41.759,-11.936,7.355,-30.605,-7.252,-10.775,-5.854,-4.062,8.697,-44.761,-3.058,-23.741,-9.709,0,0,0,0,0.0,0.0,0.0,0.0,0.000,0
16,cylinder_soft,1981,106.832,15.156,-15.543,58.444,-1.235,-13.700,52.819,-19.188,0.103,-32.817,-9.604,-16.067,-16.282,-11.510,18.693,-34.649,-7.566,-39.029,-26.457,0,0,0,0,0.0,0.0,0.0,0.0,0.000,0
16,cylinder_soft,2007,106.920,10.060,-16.327,54.336,4.449,-10.564,38.599,-20.560,2.847,-34.397,-6.860,-8.031,-12.490,-8.570,1.837,-16.953,-1.882,-33.345,-26.141,0,0,0,0,0.0,0.0,0.0,0.0,0.000,0
16,cylinder_soft,2032,106.832,15.352,-15.347,61.604,1.117,-10.368,50.607,-14.484,16.175,-45.773,-5.096,-15.675,-30.186,-10.922,9.873,-32.753,-7.958,-25.309,-19.821,0,0,0,0,0.0,0.0,0.0,0.0,0.000,0
16,cylinder_soft,2058,106.832,17.116,-15.739,67.924,-8.487,-8.408,37.967,-8.604,6.767,-24.601,-1.176,-11.559,-10.278,-10.922,2.229,-43.813,-8.154,-25.701,-17.609,0,0,0,0,0.0,0.0,0.0,0.0,0.000,0
16,cylinder_soft,2083,106.920,18.292,-16.327,77.720,-6.331,-6.056,44.919,-7.820,9.315,-26.181,-10.976,-8.619,-20.074,-8.178,7.521,-31.489,-0.902,-35.893,-17.609,0,0,0,0,0.0,0.0,0.0,0.0,0.000,0
16,cylinder_soft,2108,106.832,23.388,-16.719,48.964,2.881,-8.408,26.591,-9.780,11.863,-36.293,-6.272,-18.811,-9.014,-4.062,11.833,-37.493,-6.194,-30.209,-8.445,0,0,0,0,0.0,0.0,0.0,0.0,0.000,0
16,cylinder_soft,2133,106.920,13.784,-18.875,61.288,-3.391,-14.484,46.183,-11.740,5.003,-41.981,-16.268,-3.523,-12.806,-3.866,4.777,-26.117,0.274,-30.993,-17.925,0,0,0,0,0.0,0.0,0.0,0.0,0.000,0
16,cylinder_soft,2159,106.920,15.156,-11.819,58.444,-6.331,-14.288,39.547,-12.720,9.511,-29.657,-8.624,-7.443,-23.234,-10.922,14.577,-28.645,-10.702,-32.953,-25.193,0,0,0,0,0.0,0.0,0.0,0.0,0.000,0
16,cylinder_soft,2184,106.920,11.236,-14.367,58.128,-2.019,-0.764,35.439,-11.936,8.727,-22.073,-13.328,-13.127,-17.546,-14.450,11.245,-29.277,-0.902,-34.325,-15.713,0,0,0,0,0.0,0.0,0.0,0.0,0.000,0
16,cylinder_soft,2210,106.832,7.904,-13.387,59.708,5.429,-6.840,46.815,-11.544,2.259,-30.605,-4.312,-15.087,-7.750,-5.826,9.481,-31.805,-2.274,-28.837,-14.765,0,0,0,0,0.0,0.0,0.0,0.0,0.000,0
16,cylinder_soft,2235,106.920,24.564,-22.599,56.232,-1.823,-14.484,41.127,-12.720,8.335,-32.185,-7.252,-17.047,-18.178,-11.510,12.029,-31.805,-0.706,-25.309,-11.605,0,0,0,0,0.0,0.0,0.0,0.0,0.000,0
16,cylinder_soft,2260,106.920,20.840,-19.463,56.864,-0.451,-3.116,48.079,-12.720,8.139,-43.561,-6.076,-17.047,-8.382,-12.294,7.913,-18.217,-11.094,-25.897,-27.405,0,0,0,0,0.0,0.0,0.0,0.0,0.000,0
16,cylinder_soft,2286,106.832,12.412,-19.267,69.188,-6.331,-7.820,31.331,-20.168,10.295,-32.501,-2.156,-20.967,-14.070,-4.258,6.541,-28.329,-12.270,-31.385,-20.769,0,0,0,0,0.0,0.0,0.0,0.0,0.000,0
16,cylinder_soft,2311,106.920,15.156,-12.015,68.240,-1.823,-11.740,42.075,-16.052,4.415,-32.501,-3.528,-8.423,-18.178,-13.470,16.341,-33.701,-2.274,-27.465,-10.973,0,0,0,0,0.0,0.0,0.0,0.0,0.000,0
16,cylinder_soft,2336,106.920,11.432,-19.071,68.556,-9.663,-4.880,41.759,-10.564,11.079,-27.761,-9.996,-16.851,-15.334,-10.334,3.601,-13.793,3.606,-38.049,-18.557,0,0,0,0,0.0,0.0,0.0,0.0,0.000,0
16,cylinder_soft,2361,106.920,9.080,-15.543,60.340,-3.391,-11.740,37.967,-8.800,-2.053,-27.761,-19.404,-13.519,-16.598,-12.294,11.049,-23.589,-0.118,-25.113,-18.557,0,0,0,0,0.0,0.0,0.0,0.0,0.000,0
16,cylinder_soft,2387,106.832,10.060,-12.995,65.080,1.509,-2.724,52.187,-11.936,6.963,-24.601,-15.288,-17.047,-18.178,-6.806,8.697,-10.949,-9.918,-30.209,-8.445,0,0,0,0,0.0,0.0,0.0,0.0,0.000,0
16,cylinder_soft,2414,106.832,13.392,-13.387,68.240,-5.155,-9.192,37.967,-9.584,14.215,-34.397,-16.464,-9.011,-23.866,-9.746,11.049,-35.597,-6.390,-31.777,-31.197,0,0,0,0,0.0,0.0,0.0,0.0,0.000,0
16,cylinder_soft,2440,106.832,16.920,-9.663,64.132,-3.587,-9.388,48.079,-14.288,7.355,-29.025,-2.548,-16.067,-8.382,-14.058,11.833,-27.065,-8.742,-27.073,-14.449,0,0,0,0,0.0,0.0,0.0,0.0,0.000,0
16,cylinder_soft,2465,106.920,14.764,-9.859,66.344,-4.175,-0.372,42.391,-15.660,2.063,-48.617,-11.172,-10.775,-21.654,-6.610,15.165,-16.637,1.450,-31.777,-23.297,0,0,0,0,0.0,0.0,0.0,0.0,0.000,0
16,cylinder_soft,2491,106.832,15.744,-21.227,57.812,9.545,-7.820,55.663,-10.172,0.887,-27.445,-10.388,-7.443,-9.014,-6.414,14.577,-24.537,-5.018,-32.169,-22.349,0,0,0,0,0.0,0.0,0.0,0.0,0.000,0
16,cylinder_soft,2516,106.832,15.744,-20.443,44.540,-5.351,0.608,47.131,-22.912,9.315,-16.385,-0.784,-13.127,-19.758,-4.454,4.385,-25.169,-5.410,-28.053,-11.921,0,0,0,0,0.0,0.0,0.0,0.0,0.000,0
16,cylinder_soft,2543,106.920,14.176,-11.035,59.076,-8.683,-11.936,35.755,-23.500,10.491,-29.657,-6.664,-20.967,-15.018,-0.534,10.461,-20.113,-1.098,-35.305,-16.029,0,0,0,0,0.0,0.0,0.0,0.0,0.000,0
16,cylinder_soft,2568,106.920,21.232,-13.191,62.236,-6.331,-10.564,38.915,-21.932,9.119,-33.449,-9.212,-13.911,-22.918,-12.686,15.949,-15.689,2.822,-32.561,-25.825,0,0,0,0,0.0,0.0,0.0,0.0,0.000,0
16,cylinder_soft,2593,106.832,15.548,-17.503,60.024,-3.587,-10.368,21.851,-10.172,4.807,-20.177,-0.196,-18.223,-14.070,-6.414,7.521,-28.013,-0.902,-28.249,-23.613,0,0,0,0,0.0,0.0,0.0,0.0,0.000,0
16,cylinder_soft,2619,106.920,14.960,-21.815,69.188,-3.195,-7.428,54.715,-17.424,15.783,-21.757,-6.076,-15.283,-9.646,-4.062,12.421,-29.909,-8.350,-25.897,-32.145,0,0,0,0,0.0,0.0,0.0,0.0,0.000,0
16,cylinder_soft,2645,106.920,13.784,-14.955,58.444,-6.135,-6.840,49.659,-14.876,9.119,-34.081,-4.508,-15.087,-7.434,-6.610,2.621,-28.645,2.038,-37.853,-20.137,0,0,0,0,0.0,0.0,0.0,0.0,0.000,0
16,cylinder_soft,2670,106.920,10.060,-20.639,67.924,-3.391,-13.504,51.239,-20.168,22.643,-36.925,-4.900,-7.247,-15.650,-2.690,-2.867,-29.593,0.470,-30.993,-13.501,0,0,0,0,0.0,0.0,0.0,0.0,0.000,0
16,cylinder_soft,2696,106.832,11.628,-13.779,60.656,1.705,-8.800,43.023,-14.288,-1.857,-35.345,-3.920,-8.619,-9.330,-5.042,12.029,-28.013,4.194,-22.761,-23.613,0,0,0,0,0.0,0.0,0.0,0.0,0.000,0
16,cylinder_soft,2722,106.832,6.728,-9.467,62.236,-1.431,-5.076,39.863,-6.448,16.763,-28.709,2.548,-13.715,-14.702,-11.118,5.169,-29.593,0.078,-37.069,-22.033,0,0,0,0,0.0,0.0,0.0,0.0,0.000,0
16,cylinder_soft,2747,106.832,19.076,-14.759,72.664,1.901,-11.936,52.503,-11.348,9.511,-30.605,-9.996,-11.559,-19.758,-1.514,7.717,-33.069,-2.470,-31.189,-24.561,0,0,0,0,0.0,0.0,0.0,0.0,0.000,0
16,cylinder_soft,2773,106.832,9.276,-19.855,66.976,-1.431,-8.016,49.975,-18.012,11.863,-27.129,-10.780,-8.031,-6.802,-9.746,6.737,-21.693,0.862,-27.857,-18.557,0,0,0,0,0.0,0.0,0.0,0.0,0.000,0
16,cylinder_soft,2798,106.920,11.040,-16.719,72.348,-0.843,-20.952,50.291,-9.388,12.255,-32.501,-6.664,-19.595,-17.230,-3.278,12.029,-30.857,-8.742,-27.661,-17.925,0,0,0,0,0.0,0.0,0.0,0.0,0.000,0
16,cylinder_soft,2823,106.920,11.628,-15.739,55.916,-0.843,-7.036,34.175,-10.760,4.219,-29.025,-4.900,-15.283,-21.022,-12.490,-0.907,-26.117,-8.546,-28.445,-12.237,0,0,0,0,0.0,0.0,0.0,0.0,0.000,0
16,cylinder_soft,2849,106.832,14.568,-13.975,62.868,1.117,-4.880,51.239,-8.996,12.059,-30.921,-9.408,-13.715,-8.698,-11.510,14.382,-30.225,-13.054,-30.405,-25.509,0,0,0,0,0.0,0.0,0.0,0.0,0.000,0
16,cylinder_soft,2876,106.832,17.116,-13.191,52.440,-0.451,-7.232,47.447,-15.856,16.371,-29.341,-4.900,-12.539,-6.486,-6.022,6.541,-37.493,-3.646,-39.421,-12.869,0,0,0,0,0.0,0.0,0.0,0.0,0.000,0
16,cylinder_soft,2903,106.920,10.844,-12.407,64.448,-6.135,-8.212,46.815,-24.088,0.691,-38.505,-6.664,-13.911,-14.386,-6.414,7.913,-16.637,-4.626,-26.289,-15.713,0,0,0,0,0.0,0.0,0.0,0.0,0.000,0
16,cylinder_soft,2929,106.832,18.880,-18.679,64.764,-2.607,-4.096,37.335,-12.524,9.903,-25.549,-15.484,-19.203,-11.858,-7.394,9.089,-25.485,5.370,-21.977,-23.297,0,0,0,0,0.0,0.0,0.0,0.0,0.000,0
16,cylinder_soft,2956,106.920,11.040,-10.839,63.500,1.901,-7.820,40.495,-7.232,9.119,-30.289,-9.408,-12.931,-18.178,-14.842,15.557,-27.697,-4.430,-35.893,-20.453,0,0,0,0,0.0,0.0,0.0,0.0,0.000,0
16,cylinder_soft,2983,106.920,14.960,-11.035,64.448,2.293,-18.796,45.235,-20.168,5.003,-25.865,-8.624,-11.951,-14.070,-8.766,12.617,-18.217,-4.234,-29.621,-28.985,0,0,0,0,0.0,0.0,0.0,0.0,0.000,0
16,cylinder_soft,3009,106.832,17.116,-21.031,53.072,-7.899,3.352,40.179,-21.932,6.571,-34.713,-8.428,-4.895,-14.386,-5.630,3.601,-48.553,2.430,-28.053,-20.769,0,0,0,0,0.0,0.0,0.0,0.0,0.000,0
16,cylinder_soft,3035,106.832,18.292,-9.467,63.500,-8.095,-8.016,36.071,-16.444,1.279,-29.341,-3.528,-11.363,-10.594,-7.002,10.854,-16.953,1.254,-31.581,-23.929,0,0,0,0,0.0,0.0,0.0,0.0,0.000,0
16,cylinder_soft,3069,106.832,19.664,-15.935,61.920,9.349,-15.464,39.231,-9.388,10.295,-35.029,-3.332,-13.911,-16.914,-3.474,7.129,-25.169,0.274,-27.073,-16.661,0,0,0,0,0.0,0.0,0.0,0.0,0.000,0
16,cylinder_soft,3095,106.832,14.568,-23.579,48.648,-2.215,-1.156,28.487,-12.132,12.059,-37.557,-5.880,-16.067,-22.918,-5.434,15.165,-18.217,-0.510,-33.737,-16.977,0,0,0,0,0.0,0.0,0.0,0.0,0.000,0
16,cylinder_soft,3121,106.920,9.080,-13.975,62.552,-10.839,-6.056,46.499,-12.916,5.983,-29.657,-6.272,-16.851,-19.442,-9.354,10.265,-40.021,-4.822,-31.973,-13.185,0,0,0,0,0.0,0.0,0.0,0.0,0.000,0
16,cylinder_soft,3146,106.920,21.428,-25.735,61.604,-0.451,-6.056,48.395,-18.404,-1.073,-23.969,-6.272,-6.463,-25.130,-14.842,13.597,-23.273,-2.862,-35.501,-10.657,0,0,0,0,0.0,0.0,0.0,0.0,0.000,0
16,cylinder_soft,3172,106.920,13.588,-8.683,50.228,-6.331,-6.840,36.387,-17.816,10.883,-40.401,2.548,-16.655,-9.014,-6.218,1.641,-34.965,-1.882,-35.893,-30.565,0,0,0,0,0.0,0.0,0.0,0.0,0.000,0
16,cylinder_soft,3198,106.920,20.252,-10.447,72.348,-5.155,-8.800,43.971,-9.976,8.727,-31.553,-10.584,-10.383,-24.814,-13.470,13.009,-35.281,-4.234,-33.149,-6.549,0,0,0,0,0.0,0.0,0.0,0.0,0.000,0
16,cylinder_soft,3223,106.832,9.472,-19.071,67.292,0.333,-0.176,48.395,-13.700,10.883,-28.709,-13.132,-16.851,-9.014,-1.906,9.089,-16.321,-2.470,-35.109,-28.037,0,0,0,0,0.0,0.0,0.0,0.0,0.000,0
16,cylinder_soft,3249,106.920,21.820,-13.583,63.816,5.037,-8.212,41.127,-25.656,-0.485,-35.029,-2.744,-20.379,-20.706,-4.650,13.009,-19.165,-3.254,-38.637,-19.189,0,0,0,0,0.0,0.0,0.0,0.0,0.000,0
16,cylinder_soft,3274,106.920,9.472,-13.975,61.604,-2.215,-9.388,49.975,-15.660,5.591,-26.497,-0.196,-15.871,-13.122,-7.394,5.561,-39.705,-7.958,-34.913,-12.869,0,0,0,0,0.0,0.0,0.0,0.0,0.000,0
16,cylinder_soft,3300,106.832,12.216,-12.015,63.500,-4.371,-3.900,51.239,-13.896,10.099,-19.545,-3.136,-13.127,-7.750,-6.806,10.461,-35.597,-3.646,-29.621,-12.237,0,0,0,0,0.0,0.0,0.0,0.0,0.000,0
16,cylinder_soft,3325,106.920,14.372,-14.759,62.868,-5.155,-6.252,38.283,-13.504,3.827,-29.025,-10.780,-15.675,-8.066,-1.906,9.285,-43.181,-2.078,-39.813,-10.341,0,0,0,0,0.0,0.0,0.0,0.0,0.000,0
16,cylinder_soft,3350,106.832,10.844,-17.111,50.544,1.509,-13.112,33.227,-15.856,6.963,-38.189,-22.344,-10.579,-16.282,-10.334,5.757,-6.525,-2.666,-36.677,-16.029,0,0,0,0,0.0,0.0,0.0,0.0,0.000,0
16,cylinder_soft,3376,106.920,22.604,-11.231,66.028,-5.743,-9.584,43.339,-17.032,14.215,-24.601,-8.428,-9.991,-16.598,-3.670,8.501,-23.273,-5.606,-33.345,-17.609,0,0,0,0,0.0,0.0,0.0,0.0,0.000,0
16,cylinder_soft,3401,106.832,20.840,-14.367,62.552,-0.059,-3.312,37.019,-13.112,8.531,-23.021,-10.584,-14.107,-21.970,-11.118,-1.103,-31.173,-9.918,-36.677,-26.141,0,0,0,0,0.0,0.0,0.0,0.0,0.000,0
16,cylinder_soft,3427,106.832,17.900,-13.583,66.028,-4.175,-6.448,48.395,-6.252,8.139,-30.289,-16.856,-0.583,-7.750,-10.138,9.481,-29.277,-5.410,-21.389,-18.241,0,0,0,0,0.0,0.0,0.0,0.0,0.000,0
16,cylinder_soft,3452,106.832,14.568,-12.799,63.816,-7.703,-12.720,43.023,-18.012,2.063,-31.237,3.332,-15.871,-9.330,-4.062,12.421,-20.745,0.078,-29.621,-18.873,0,0,0,0,0.0,0.0,0.0,0.0,0.000,0
16,cylinder_soft,3478,106.920,17.704,-12.603,56.864,3.665,-10.760,37.335,-12.524,15.195,-30.605,3.136,-8.619,-23.866,-9.746,7.521,-24.221,-7.174,-32.169,-8.129,0,0,0,0,0.0,0.0,0.0,0.0,0.000,0
16,cylinder_soft,3504,106.832,12.804,-13.779,64.448,-10.643,-10.368,41.443,-9.780,10.687,-23.337,0.980,-7.443,-21.970,-1.514,8.697,-35.597,-4.822,-30.993,-23.613,0,0,0,0,0.0,0.0,0.0,0.0,0.000,0
16,cylinder_soft,3529,106.832,11.824,-16.131,63.184,-1.235,-6.644,42.391,-15.464,9.119,-42.297,1.176,-10.775,-16.282,-10.138,14.185,-33.701,-3.842,-22.173,-11.605,0,0,0,0,0.0,0.0,0.0,0.0,0.000,0
16,cylinder_soft,3555,106.832,10.648,-8.683,57.496,-10.643,-8.604,55.031,-12.328,8.335,-28.393,-8.428,-7.835,-16.914,-7.982,15.753,-17.901,-3.254,-38.245,-15.397,0,0,0,0,0.0,0.0,0.0,0.0,0.000,0
16,cylinder_soft,3580,106.832,10.060,-10.643,60.656,-0.647,-5.860,44.919,-10.760,-1.465,-20.493,-12.152,-9.991,-7.118,-8.570,11.245,-24.853,-1.882,-32.365,-22.349,0,0,0,0,0.0,0.0,0.0,0.0,0.000,0
16,cylinder_soft,3606,106.832,17.312,-16.523,59.392,-3.391,-8.800,45.235,-20.168,4.807,-38.821,-7.840,-15.087,-9.962,-5.630,4.777,-24.537,-0.902,-32.169,-15.081,0,0,0,0,0.0,0.0,0.0,0.0,0.000,0
16,cylinder_soft,3631,106.920,21.820,-4.763,64.448,9.349,1.784,47.763,-20.364,-2.053,-35.661,-0.784,-8.031,-22.918,-8.570,6.541,-21.377,-2.274,-34.325,-12.237,0,0,0,0,0.0,0.0,0.0,0.0,0.000,0
16,cylinder_soft,3657,106.920,8.884,-16.915,62.236,-8.291,-7.428,44.919,-10.368,10.099,-25.549,-1.764,-15.871,-9.646,-10.922,16.537,-35.281,-5.410,-37.853,-16.029,0,0,0,0,0.0,0.0,0.0,0.0,0.000,0
16,cylinder_soft,3682,106.920,22.016,-18.287,57.496,-0.255,-15.660,47.447,-8.996,11.667,-33.449,-1.960,-19.007,-13.754,0.250,14.382,-17.269,-6.586,-40.009,-25.193,0,0,0,0,0.0,0.0,0.0,0.0,0.000,0
16,cylinder_soft,3707,106.920,15.352,-13.387,66.976,0.529,-16.836,34.807,-19.972,11.275,-11.645,-6.468,-14.891,-15.334,-13.666,7.913,-28.013,-9.722,-29.817,-11.605,0,0,0,0,0.0,0.0,0.0,0.0,0.000,0
16,cylinder_soft,3732,106.920,15.352,-15.151,60.024,-0.843,-12.720,40.811,-10.564,6.375,-23.969,-9.016,-10.775,-9.646,0.054,12.617,-20.113,3.606,-29.033,-23.613,0,0,0,0,0.0,0.0,0.0,0.0,0.000,0
16,cylinder_soft,3758,106.920,19.860,-5.547,63.500,-2.215,-8.996,36.071,-14.680,4.807,-31.869,-12.348,-10.383,-23.866,-9.550,12.617,-22.009,-9.330,-30.601,-23.613,0,0,0,0,0.0,0.0,0.0,0.0,0.000,0
16,cylinder_soft,3783,106.920,17.116,-14.955,74.244,1.117,-9.780,34.807,-11.544,6.179,-18.597,-10.192,-18.223,-19.126,-7.786,4.385,-25.801,2.038,-27.073,-30.565,0,0,0,0,0.0,0.0,0.0,0.0,0.000,0
16,cylinder_soft,3808,106.832,10.648,-13.779,66.660,0.333,-9.976,50.923,-16.836,12.843,-35.977,-10.192,-4.111,-18.494,-6.806,10.069,-28.013,-0.706,-29.425,-17.925,0,0,0,0,0.0,0.0,0.0,0.0,0.000,0
16,cylinder_soft,3833,106.920,16.724,-13.779,50.544,-5.743,-8.996,45.867,-8.604,7.747,-25.549,-0.196,-16.655,-15.018,-11.706,13.401,-34.333,-7.370,-36.677,-12.237,0,0,0,0,0.0,0.0,0.0,0.0,0.000,0
16,cylinder_soft,3859,106.832,10.844,-16.915,59.708,-3.391,-16.444,44.919,-14.876,13.235,-35.661,1.176,-22.731,-18.494,-3.278,10.069,-26.117,-0.118,-33.933,-17.293,0,0,0,0,0.0,0.0,0.0,0.0,0.000,0
16,cylinder_soft,3885,106.832,15.352,-10.643,64.132,13.269,2.568,42.075,-12.720,10.491,-36.925,-4.116,-18.811,-24.814,-13.666,8.893,-26.749,-1.098,-36.285,-16.661,0,0,0,0,0.0,0.0,0.0,0.0,0.000,0
16,cylinder_soft,3911,106.920,16.724,-14.759,73.928,-3.587,-11.348,46.499,-2.724,9.315,-32.185,-11.956,-3.915,-14.070,-1.514,6.541,-25.169,-11.094,-25.701,-24.561,0,0,0,0,0.0,0.0,0.0,0.0,0.000,0
16,cylinder_soft,3936,106.920,18.292,-13.975,56.232,-10.643,-2.724,34.807,-10.564,5.199,-14.489,4.116,-9.403,-16.282,-5.238,5.365,-31.173,0.274,-22.565,-23.929,0,0,0,0,0.0,0.0,0.0,0.0,0.000,0
16,cylinder_soft,3962,106.920,15.744,-8.879,72.664,2.685,-1.744,48.395,-23.696,7.355,-18.913,-2.548,-22.535,-10.594,-9.550,5.365,-27.065,-7.174,-28.641,-10.025,0,0,0,0,0.0,0.0,0.0,0.0,0.000,0
16,cylinder_soft,3987,106.832,10.452,-12.603,64.764,-0.647,-4.880,56.611,-17.620,9.903,-26.497,-10.192,-16.459,-9.014,-4.258,4.581,-39.389,-5.998,-27.073,-20.769,0,0,0,0,0.0,0.0,0.0,0.0,0.000,0
16,cylinder_soft,4012,106.832,2.416,-15.935,51.492,-1.235,-12.132,44.919,-6.644,0.887,-18.281,-0.588,-6.267,-26.078,-5.826,5.561,-27.065,-12.662,-26.289,-21.717,0,0,0,0,0.0,0.0,0.0,0.0,0.000,0
16,cylinder_soft,4038,106.832,13.980,-17.307,49.596,2.685,-0.764,39.231,-18.992,17.351,-34.081,-1.764,-20.379,-22.602,-4.258,0.073,-29.909,-7.958,-31.385,-20.453,0,0,0,0,0.0,0.0,0.0,0.0,0.000,0
16,cylinder_soft,4064,106.832,11.432,-12.799,54.652,-2.999,0.020,41.127,-15.268,6.571,-24.285,-1.176,-9.991,-15.966,0.642,9.285,-28.961,-0.902,-33.149,-32.145,0,0,0,0,0.0,0.0,0.0,0.0,0.000,0
16,cylinder_soft,4089,106.832,17.116,-11.819,71.716,-1.235,0.020,35.439,-15.856,9.315,-14.173,-10.192,-11.167,-15.334,-3.866,13.597,-21.377,-2.666,-34.325,-34.357,0,0,0,0,0.0,0.0,0.0,0.0,0.000,0
16,cylinder_soft,4114,106.832,10.060,-19.855,61.920,-4.175,-4.292,38.283,-12.328,3.827,-32.185,-2.548,-20.379,-7.750,-3.670,13.597,-18.533,-13.054,-26.681,-10.025,0,0,0,0,0.0,0.0,0.0,0.0,0.000,0
16,cylinder_soft,4140,106.920,20.056,-14.955,65.396,0.921,-8.996,40.179,-8.212,4.611,-10.065,-4.900,-11.755,-24.814,-15.430,13.597,-34.649,-4.626,-31.581,-19.189,0,0,0,0,0.0,0.0,0.0,0.0,0.000,0
16,cylinder_soft,4165,106.920,8.492,-9.663,66.344,-2.215,-8.212,43.971,-11.936,12.255,-30.921,4.312,-15.087,-2.378,3.190,7.913,-17.585,-1.294,-32.953,-25.509,0,0,0,0,0.0,0.0,0.0,0.0,0.000,0
16,cylinder_soft,4190,106.920,24.956,-16.131,64.132,9.741,-10.172,38.283,-7.820,11.079,-39.453,-11.368,-19.987,-6.802,-7.394,6.737,-28.329,-1.098,-33.737,-13.817,0,0,0,0,0.0,0.0,0.0,0.0,0.000,0
16,cylinder_soft,4216,106.920,12.608,-13.779,55.284,1.509,-6.448,49.975,-12.916,11.667,-32.817,-2.156,-15.871,-11.858,-10.726,9.677,-31.489,8.702,-30.209,-12.237,0,0,0,0,0.0,0.0,0.0,0.0,0.000,0
16,cylinder_soft,4242,106.920,7.512,-20.639,60.340,-5.939,-10.172,53.451,-18.208,8.335,-31.237,-6.468,-10.579,-11.226,-4.846,8.893,-16.637,-9.330,-29.033,-24.245,0,0,0,0,0.0,0.0,0.0,0.0,0.000,0
16,cylinder_soft,4268,106.920,12.608,-17.111,62.552,7.781,-9.584,38.283,-6.448,9.119,-22.389,-18.228,-19.595,-6.802,6.130,2.033,-25.169,-5.606,-25.113,-18.557,0,0,0,0,0.0,0.0,0.0,0.0,0.000,0
16,cylinder_soft,4293,106.920,21.036,-17.307,65.712,-0.451,-16.640,43.655,-20.952,14.607,-25.865,-5.684,-8.423,-15.966,-9.158,15.557,-28.329,-9.330,-29.817,-24.877,0,0,0,0,0.0,0.0,0.0,0.0,0.000,0
16,cylinder_soft,4318,106.920,20.252,-17.895,63.816,-5.155,-8.800,37.967,-10.172,9.903,-35.029,-11.760,-21.751,-4.274,-4.846,11.833,-28.645,-3.842,-32.169,-14.765,0,0,0,0,0.0,0.0,0.0,0.0,0.000,0
16,cylinder_soft,4343,106.832,16.332,-8.291,58.128,0.137,-0.176,29.751,-11.348,9.707,-27.445,7.840,-23.907,-12.174,-19.154,6.737,-30.541,-6.194,-30.209,-21.717,0,0,0,0,0.0,0.0,0.0,0.0,0.000,0
16,cylinder_soft,4369,106.832,16.332,-7.703,63.184,-8.291,-14.092,43.023,-18.992,18.331,-25.865,-6.076,-12.539,-11.858,-13.470,8.501,-36.229,-4.430,-33.345,-16.661,0,0,0,0,0.0,0.0,0.0,0.0,0.000,0
16,cylinder_soft,4394,106.920,14.960,-6.723,74.560,-4.175,0.216,50.291,-18.012,10.295,-25.549,-8.232,-17.831,-9.330,-13.470,10.854,-27.381,-6.390,-37.853,-17.293,0,0,0,0,0.0,0.0,0.0,0.0,0.000,0
16,cylinder_soft,4420,106.920,14.176,-14.171,54.020,-0.059,-5.076,38.599,-20.168,8.923,-16.385,-6.076,-14.695,-24.814,-8.962,13.009,-23.273,-10.898,-30.797,-17.609,0,0,0,0,0.0,0.0,0.0,0.0,0.000,0
16,cylinder_soft,4446,106.920,14.764,-17.111,49.912,-3.391,-12.524,37.651,-19.776,10.099,-37.557,-15.876,-10.775,-11.858,-5.434,11.637,-27.381,-4.822,-28.053,-8.129,0,0,0,0,0.0,0.0,0.0,0.0,0.000,0
16,cylinder_soft,4471,106.920,18.880,-16.327,64.132,-5.939,-10.564,47.447,-16.052,4.415,-47.669,-7.840,-4.895,-17.230,-7.786,4.973,-29.593,-12.074,-22.565,-15.713,0,0,0,0,0.0,0.0,0.0,0.0,0.000,0
16,cylinder_soft,4497,106.832,19.272,-19.463,60.340,-2.411,-1.548,29.751,-20.952,13.039,-36.609,-9.016,-3.523,-17.862,-5.434,12.225,-41.601,-5.018,-38.245,-17.609,0,0,0,0,0.0,0.0,0.0,0.0,0.000,0
16,cylinder_soft,4523,106.920,13.000,-19.659,63.500,-6.919,-10.760,44.919,-17.816,9.511,-34.081,-7.056,-15.087,-21.654,-5.238,2.817,-29.909,2.822,-29.425,-16.977,0,0,0,0,0.0,0.0,0.0,0.0,0.000,0
16,cylinder_soft,4549,106.832,5.748,-11.231,52.756,-10.839,-7.036,33.859,-14.092,8.139,-40.401,-10.584,-10.383,-18.494,-12.098,4.385,-33.069,-17.758,-36.873,-20.137,0,0,0,0,0.0,0.0,0.0,0.0,0.000,0
16,cylinder_soft,4574,106.920,5.552,-15.543,66.344,-10.643,-12.132,27.223,-10.564,13.823,-14.489,-3.332,-6.463,-10.278,-6.806,10.069,-26.117,2.234,-37.069,-21.401,0,0,0,0,0.0,0.0,0.0,0.0,0.000,0
16,cylinder_soft,4600,106.920,12.608,-20.443,63.500,-6.331,1.784,25.011,-14.876,15.587,-34.397,-9.604,-14.499,-14.386,-8.178,5.169,-26.749,-11.486,-30.405,-18.241,0,0,0,0,0.0,0.0,0.0,0.0,0.000,0
16,cylinder_soft,4625,106.832,7.120,-14.367,58.760,-6.331,-16.836,41.443,-10.564,8.923,-29.973,-9.800,-7.247,-12.174,-9.942,4.189,-35.281,0.078,-33.737,-24.561,0,0,0,0,0.0,0.0,0.0,0.0,0.000,0
16,cylinder_soft,4651,106.832,14.372,-9.467,58.760,-4.371,-5.076,47.447,-14.484,13.039,-42.297,-11.760,-1.367,-21.022,-2.102,8.109,-40.969,-11.486,-30.209,-19.505,0,0,0,0,0.0,0.0,0.0,0.0,0.000,0
16,cylinder_soft,4676,106.920,13.196,-6.723,59.392,3.665,-10.956,43.655,-9.388,6.375,-33.133,-15.680,-18.811,-12.174,-11.118,-0.711,-25.801,-5.998,-34.521,-15.397,0,0,0,0,0.0,0.0,0.0,0.0,0.000,0
16,cylinder_soft,4701,106.832,11.628,-16.719,52.440,-14.563,-6.448,46.815,-11.348,9.511,-28.077,-11.956,-16.851,2.678,-1.514,5.953,-37.493,-8.350,-26.093,-18.241,0,0,0,0,0.0,0.0,0.0,0.0,0.000,0
16,cylinder_soft,4727,106.832,22.604,-9.075,62.236,-5.939,-10.564,35.755,-8.212,4.023,-30.921,-6.272,-13.715,-15.334,-3.866,8.109,-33.701,-16.190,-28.249,-15.713,0,0,0,0,0.0,0.0,0.0,0.0,0.000,0
16,cylinder_soft,4752,106.832,11.628,-8.879,60.656,-2.607,-12.720,44.287,-3.116,3.827,-22.073,-10.780,-21.163,-12.174,-7.786,7.913,-33.069,-7.174,-29.033,-11.605,0,0,0,0,0.0,0.0,0.0,0.0,0.000,0
16,cylinder_soft,4777,106.832,11.432,-13.583,65.396,0.137,-8.800,42.707,-11.348,15.195,-39.769,-20.188,-13.911,-15.650,-12.490,11.245,-30.541,3.018,-30.405,-8.445,0,0,0,0,0.0,0.0,0.0,0.0,0.000,0
16,cylinder_soft,4803,106.920,13.392,-12.407,54.968,-9.271,-19.188,47.763,-9.780,17.547,-31.237,-8.820,-9.207,-15.966,-7.786,9.481,-45.393,-10.702,-28.837,-16.661,0,0,0,0,0.0,0.0,0.0,0.0,0.000,0
16,cylinder_soft,4828,106.920,16.724,-11.819,64.764,4.645,-3.312,39.863,-3.116,5.003,-29.657,-18.228,-14.891,-15.018,2.210,1.249,-28.329,-4.822,-32.561,-17.925,0,0,0,0,0.0,0.0,0.0,0.0,0.000,0
16,cylinder_soft,4853,106.920,18.880,-9.663,57.180,-4.763,-6.448,33.227,-12.916,5.787,-30.289,-8.232,-5.091,-17.230,-2.494,9.873,-18.849,-6.194,-31.973,-21.717,0,0,0,0,0.0,0.0,0.0,0.0,0.000,0
16,cylinder_soft,4879,106.920,15.352,-12.603,70.136,-8.487,-11.740,45.551,-13.896,13.823,-34.081,-17.248,-14.695,-1.746,-4.258,6.345,-34.333,-15.602,-35.305,-17.293,0,0,0,0,0.0,0.0,0.0,0.0,0.000,0
16,cylinder_soft,4904,106.920,18.292,-13.191,67.292,-1.627,-4.488,41.127,-9.192,16.567,-38.505,-8.820,-4.503,-18.494,-14.842,18.105,-29.909,2.038,-40.597,-15.081,0,0,0,0,0.0,0.0,0.0,0.0,0.000,0
16,cylinder_soft,4929,106.920,8.492,-10.055,67.924,-2.803,-7.036,50.923,-12.524,8.727,-41.349,-11.172,-10.579,-16.282,-7.198,11.833,-23.905,-3.646,-37.265,-30.565,1,0,4929,0,0.0,0.0,442.0,0.0,106.920,0
16,cylinder_soft,4962,106.920,12.412,-16.327,68.240,-1.235,-13.112,31.647,-9.780,7.551,-32.501,-3.332,-17.831,-30.502,1.622,14.969,-22.957,2.626,-29.621,-22.981,0,0,4929,0,0.0,0.0,442.0,0.0,106.920,0
16,cylinder_soft,4987,106.832,23.976,-19.855,66.660,0.333,-1.744,41.127,-14.680,14.411,-32.817,-6.860,-14.107,-10.278,-7.394,10.461,-31.173,-14.622,-24.917,-13.817,0,0,4929,0,0.0,0.0,442.0,0.0,106.920,0
17,cylinder_soft,6,60.368,17.704,-23.383,66.028,-0.255,-18.600,41.127,-16.640,17.547,-23.653,-4.312,-8.619,-13.754,-9.746,6.541,-27.697,-2.078,-34.521,-27.721,0,0,0,0,0.0,0.0,0.0,0.0,0.000,0
17,cylinder_soft,32,60.632,5.944,-2.019,28.424,-12.995,-6.252,6.999,-1.744,-5.385,-12.277,5.488,-5.091,-9.014,2.406,-1.887,-22.641,-4.038,-4.533,-9.709,0,0,0,0,0.0,0.0,0.0,0.0,0.000,0
17,cylinder_soft,58,61.160,7.512,-2.999,29.372,4.841,1.196,20.587,2.372,-0.877,-18.913,1.960,-11.363,-3.642,-0.142,6.933,-34.017,-10.310,2.327,-6.549,0,0,0,0,0.0,0.0,0.0,0.0,0.000,0
17,cylinder_soft,83,62.128,4.180,-2.215,31.268,0.333,-7.820,16.795,3.352,-1.857,-18.281,-4.116,-9.011,-26.710,-11.314,8.109,-27.697,-8.546,-2.573,-17.293,0,0,0,0,0.0,0.0,0.0,0.0,0.000,0
17,cylinder_soft,114,63.624,-2.092,1.117,30.320,-6.723,-4.684,27.539,12.956,-1.073,-9.433,10.976,-6.855,-3.642,-0.730,0.270,-30.857,-3.842,1.347,5.775,0,0,0,0,0.0,0.0,0.0,0.0,0.000,0
17,cylinder_soft,139,64.768,0.260,6.213,23.368,-2.803,-2.136,18.375,-1.156,-3.817,-6.905,-6.860,-13.323,-6.486,0.838,0.857,-19.797,-4.038,-13.745,-10.973,0,0,0,0,0.0,0.0,0.0,0.0,0.000,0
17,cylinder_soft,164,66.176,-2.876,0.529,13.888,3.469,1.196,21.535,-5.664,-1.465,-20.809,1.568,-11.559,-1.430,3.386,10.069,-24.537,-1.490,-13.549,-16.029,0,0,0,0,0.0,0.0,0.0,0.0,0.000,0
17,cylinder_soft,190,67.584,0.652,-3.979,36.640,-1.235,-6.448,19.639,0.216,-2.053,-12.909,-2.744,-2.739,-3.326,4.170,6.541,-17.901,-1.294,-10.805,-19.821,0,0,0,0,0.0,0.0,0.0,0.0,0.000,0
17,cylinder_soft,215,69.080,5.552,-7.115,29.688,-5.155,-2.332,15.215,10.996,3.631,-3.429,2.940,-1.367,-8.698,4.562,12.421,-18.217,8.114,-10.021,-8.445,0,0,0,0,0.0,0.0,0.0,0.0,0.000,0
17,cylinder_soft,240,70.576,7.120,-5.155,34.112,2.293,0.412,19.323,1.000,3.631,-9.749,2.744,-0.191,-7.118,-0.730,3.209,-16.637,-1.882,-7.277,-4.337,0,0,0,0,0.0,0.0,0.0,0.0,0.000,0
17,cylinder_soft,265,71.984,-0.132,-1.627,34.744,2.489,-11.152,30.067,-0.568,-1.661,-23.021,4.116,1.965,8.366,6.914,6.149,-18.533,-1.686,4.091,-1.177,0,0,0,0,0.0,0.0,0.0,0.0,0.000,0
17,cylinder_soft,290,73.392,0.652,-6.723,30.952,-1.627,-5.272,29.435,-3.116,3.043,-7.221,-1.764,-4.503,-18.178,-7.982,-2.279,-21.377,-4.038,-8.257,-7.497,0,0,0,0,0.0,0.0,0.0,0.0,0.000,0
17,cylinder_soft,315,74.888,-10.716,-9.467,26.844,-5.939,-4.292,18.059,-1.940,3.631,-14.489,-3.920,3.533,-10.594,2.602,-3.847,-13.477,-5.606,-9.629,1.035,0,0,0,0,0.0,0.0,0.0,0.0,0.000,0
17,cylinder_soft,341,76.384,-2.876,-7.703,29.372,1.705,-7.232,25.643,-0.960,6.179,-10.697,3.724,-14.695,-12.490,-4.650,-5.611,-12.213,0.666,-19.233,-4.653,0,0,0,0,0.0,0.0,0.0,0.0,0.000,0
17,cylinder_soft,366,77.880,-1.112,-7.703,25.896,-6.331,-8.016,27.223,-5.468,-3.621,-10.381,-5.684,-9.599,-9.646,10.246,-2.279,-26.433,-4.038,-10.021,-5.601,0,0,0,0,0.0,0.0,0.0,0.0,0.000,0
17,cylinder_soft,391,79.288,-1.896,-8.879,24.948,-6.135,-16.248,19.323,-3.116,10.883,-5.641,-2.940,-14.107,-9.962,10.638,4.189,-12.213,5.762,-14.137,-3.073,0,0,0,0,0.0,0.0,0.0,0.0,0.000,0
17,cylinder_soft,417,80.784,-0.132,-1.823,45.804,-1.431,-8.996,29.435,0.020,-3.817,-7.537,-8.232,-4.111,-8.382,9.266,0.465,-2.733,0.862,-11.785,-9.709,0,0,0,0,0.0,0.0,0.0,0.0,0.000,0
17,cylinder_soft,442,82.192,-2.876,2.293,30.952,1.901,-7.232,25.327,10.212,5.787,-2.165,-0.980,-5.483,-9.330,0.642,-1.103,-22.957,-8.938,-20.213,-14.765,0,0,0,0,0.0,0.0,0.0,0.0,0.000,0
17,cylinder_soft,467,83.600,3.788,1.705,39.168,6.997,-4.880,36.071,-10.760,5.003,2.259,-12.152,-8.423,5.522,2.406,3.798,-18.533,-3.646,-14.137,-0.545,0,0,0,0,0.0,0.0,0.0,0.0,0.000,0
17,cylinder_soft,493,85.008,-4.836,-3.587,36.640,-0.451,-8.996,31.647,-2.332,8.139,-7.537,2.744,-17.439,-7.434,2.014,-3.455,-16.005,-5.410,-19.233,-10.025,0,0,0,0,0.0,0.0,0.0,0.0,0.000,0
17,cylinder_soft,518,86.328,-6.796,-8.487,30.320,-2.607,-7.232,30.699,0.412,7.551,-6.273,-3.724,-13.323,-9.330,-1.906,1.249,-16.953,-3.842,-19.429,-4.337,0,0,0,0,0.0,0.0,0.0,0.0,0.000,0
17,cylinder_soft,543,87.648,-2.680,-6.527,38.220,-10.447,-2.528,31.015,-6.644,8.335,-12.277,-3.724,-16.655,-11.542,4.170,1.053,-22.325,-7.958,-20.997,1.667,0,0,0,0,0.0,0.0,0.0,0.0,0.000,0
17,cylinder_soft,569,88.968,-5.228,-11.623,42.960,-0.451,-10.564,22.167,-4.292,4.611,-6.273,4.704,-12.539,-1.430,-3.866,1.837,-22.641,-5.998,-24.917,-6.233,0,0,0,0,0.0,0.0,0.0,0.0,0.000,0
17,cylinder_soft,594,90.288,1.044,-12.799,36.640,-4.371,-5.468,26.591,-6.840,6.571,12.687,-4.116,-24.495,-14.386,4.562,2.621,-8.421,-3.842,-31.973,-10.341,0,0,0,0,0.0,0.0,0.0,0.0,0.000,0
17,cylinder_soft,619,91.608,3.788,-6.135,45.172,12.485,-5.272,33.543,-7.232,-3.425,-11.013,-4.704,-27.435,-14.070,7.698,2.425,-3.365,-4.234,-21.977,-11.605,0,0,0,0,0.0,0.0,0.0,0.0,0.000,0
17,cylinder_soft,645,92.840,2.416,-3.979,36.640,-7.899,-7.232,40.179,2.764,-2.641,0.679,-0.196,-27.043,-2.694,1.818,3.209,-9.369,-7.958,-21.585,-10.341,0,0,0,0,0.0,0.0,0.0,0.0,0.000,0
17,cylinder_soft,670,94.160,3.396,-15.543,39.800,-8.291,-2.136,27.223,-11.348,10.295,-7.221,-5.684,-29.591,-23.866,-5.434,-5.023,-3.049,-10.506,-30.209,-30.249,0,0,0,0,0.0,0.0,0.0,0.0,0.000,0
17,cylinder_soft,695,95.480,-7.972,-6.135,45.488,-1.823,-2.528,31.963,-2.528,4.219,0.679,-3.136,-22.339,-25.446,0.446,0.857,-21.061,-7.762,-25.309,-28.037,0,0,0,0,0.0,0.0,0.0,0.0,0.000,0
17,cylinder_soft,721,96.712,-10.324,-14.759,25.580,-2.411,-6.252,35.755,-3.900,2.651,-2.481,-0.392,-25.475,-26.710,-2.886,-5.023,-28.329,1.842,-29.425,-8.761,0,0,0,0,0.0,0.0,0.0,0.0,0.000,0
17,cylinder_soft,746,97.856,-0.132,-8.683,40.116,-4.371,2.176,32.279,-5.664,4.611,-20.177,-7.252,-25.671,-13.122,-1.710,7.717,-18.849,-4.430,-32.953,-18.241,0,0,0,0,0.0,0.0,0.0,0.0,0.000,0
17,cylinder_soft,772,99.000,-5.816,-6.135,35.376,-6.331,-15.660,38.599,-4.488,0.887,-6.905,5.096,-26.259,-35.558,3.190,6.933,-15.373,3.998,-29.817,-20.453,0,0,0,0,0.0,0.0,0.0,0.0,0.000,0
17,cylinder_soft,797,99.968,3.396,-13.387,49.280,-1.039,-11.936,25.011,-1.940,1.475,-18.913,-15.288,-21.359,-18.810,-0.338,7.913,-31.173,-3.450,-24.917,-18.241,0,0,0,0,0.0,0.0,0.0,0.0,0.000,0
17,cylinder_soft,823,101.024,-11.696,-6.919,33.164,-2.999,-4.488,49.343,-4.684,-9.501,-29.341,-14.700,-21.163,-17.230,-0.142,7.913,-21.061,-0.314,-31.581,-34.989,0,0,0,0,0.0,0.0,0.0,0.0,0.000,0
17,cylinder_soft,848,102.168,0.260,-5.939,31.900,-3.783,-1.940,46.183,-1.940,5.003,-25.549,-2.352,-19.791,-9.962,-0.142,11.637,-23.905,-9.722,-36.089,-21.401,0,0,0,0,0.0,0.0,0.0,0.0,0.000,0
17,cylinder_soft,874,103.224,5.356,-12.995,28.424,-11.231,-12.328,35.755,2.568,-2.445,-27.761,-8.232,-5.091,-19.758,-2.690,12.813,-30.225,-1.098,-29.621,-41.941,0,0,0,0,0.0,0.0,0.0,0.0,0.000,0
17,cylinder_soft,899,104.280,-3.072,-13.191,33.480,-1.627,3.156,45.551,-10.368,7.159,-29.025,-2.548,-17.047,-5.538,-1.710,3.798,-23.589,-3.254,-31.777,-14.133,0,0,0,0,0.0,0.0,0.0,0.0,0.000,0
17,cylinder_soft,925,105.160,-4.444,-16.719,45.172,-1.823,-12.916,33.859,-19.580,5.983,-36.925,-12.740,-20.183,-19.126,-5.434,7.326,-31.173,2.234,-27.661,-15.081,0,0,0,0,0.0,0.0,0.0,0.0,0.000,0
17,cylinder_soft,951,106.216,1.632,-7.703,55.284,3.077,4.528,46.499,-15.268,3.239,-46.405,-7.840,-8.619,-15.018,-2.298,17.125,-26.749,5.566,-27.269,-28.037,0,0,0,0,0.0,0.0,0.0,0.0,0.000,0
17,cylinder_soft,977,106.744,4.572,-10.055,46.752,-10.055,-4.684,41.127,-17.816,-2.053,-35.345,-6.860,-18.223,-21.970,-2.886,15.753,-29.593,-12.662,-30.993,-19.189,0,0,0,0,0.0,0.0,0.0,0.0,0.000,0
17,cylinder_soft,1002,106.744,2.416,-22.403,38.536,-7.115,-14.680,40.179,-13.308,7.943,-51.777,10.388,-20.771,-33.346,-3.082,13.009,-18.533,-5.606,-30.797,-35.305,0,0,0,0,0.0,0.0,0.0,0.0,0.000,0
17,cylinder_soft,1028,106.744,12.608,-15.543,47.384,3.469,-10.172,39.231,-11.544,4.023,-31.869,1.960,-18.027,-14.702,9.266,10.069,-32.121,-4.626,-21.781,-8.129,0,0,0,0,0.0,0.0,0.0,0.0,0.000,0
17,cylinder_soft,1054,106.744,2.220,-8.879,39.800,-12.015,-8.800,37.335,-15.268,6.571,-35.977,-4.508,-27.631,-21.022,-12.882,12.421,-26.117,-0.706,-33.149,-12.553,0,0,0,0,0.0,0.0,0.0,0.0,0.000,0
17,cylinder_soft,1079,106.744,4.376,-11.819,44.540,-7.311,-18.404,50.607,-25.656,8.139,-41.665,-4.704,-16.655,-20.390,-2.886,17.517,-32.753,-0.314,-32.561,-19.821,0,0,0,0,0.0,0.0,0.0,0.0,0.000,0
17,cylinder_soft,1105,106.744,9.276,-1.039,62.868,1.901,-6.840,39.231,-25.068,7.159,-33.133,-8.820,-16.067,-20.706,0.054,14.773,-26.117,2.626,-37.657,-15.397,0,0,0,0,0.0,0.0,0.0,0.0,0.000,0
17,cylinder_soft,1130,106.744,8.100,-7.507,62.868,-1.235,-7.428,33.227,-22.128,10.687,-38.821,-8.428,-8.619,-19.442,-0.338,13.793,-14.425,-1.294,-36.481,-19.189,0,0,0,0,0.0,0.0,0.0,0.0,0.000,0
17,cylinder_soft,1156,106.744,3.788,-4.567,52.756,-15.543,-0.960,44.919,-29.968,2.259,-40.085,-4.312,-15.479,-21.022,1.426,9.873,-18.533,-5.214,-30.601,-23.613,0,0,0,0,0.0,0.0,0.0,0.0,0.000,0
17,cylinder_soft,1182,106.744,6.924,-2.411,43.908,-11.035,-0.568,42.707,-17.032,-1.073,-34.713,-16.268,-16.851,-22.602,3.582,16.537,-25.169,-0.706,-21.781,-25.509,0,0,0,0,0.0,0.0,0.0,0.0,0.000,0
17,cylinder_soft,1207,106.744,-1.308,-6.527,32.216,-3.979,-11.152,46.815,-15.072,5.199,-36.925,-6.468,-10.579,-14.070,1.230,7.521,-10.317,2.038,-30.209,-21.085,0,0,0,0,0.0,0.0,0.0,0.0,0.000,0
17,cylinder_soft,1232,106.744,0.652,-6.723,53.704,-7.311,-7.036,35.755,-21.148,9.119,-34.713,-12.936,-19.399,-13.754,-3.474,2.425,-38.757,-3.058,-26.289,-24.561,0,0,0,0,0.0,0.0,0.0,0.0,0.000,0
17,cylinder_soft,1258,106.744,6.140,-15.543,42.960,-0.451,-8.996,39.547,-7.820,9.315,-30.605,-9.408,-17.635,-22.286,1.230,7.129,-21.693,2.430,-33.149,-22.665,0,0,0,0,0.0,0.0,0.0,0.0,0.000,0
17,cylinder_soft,1283,106.744,6.140,-15.347,44.856,-7.311,-16.052,46.499,-9.976,5.983,-21.125,-6.272,-13.519,-18.810,4.170,8.109,-14.741,-4.626,-22.761,-24.877,0,0,0,0,0.0,0.0,0.0,0.0,0.000,0
17,cylinder_soft,1308,106.744,8.492,-10.251,39.484,0.725,-11.740,31.015,-15.072,2.847,-22.389,-7.840,-5.287,-12.490,-1.514,16.733,-22.641,-11.878,-37.461,-15.081,0,0,0,0,0.0,0.0,0.0,0.0,0.000,0
17,cylinder_soft,1333,106.744,3.984,-13.387,50.544,-4.371,-1.940,43.971,-14.876,-1.661,-40.401,-4.508,-14.891,-8.382,-1.710,6.933,-32.437,-2.862,-33.541,-39.097,0,0,0,0,0.0,0.0,0.0,0.0,0.000,0
17,cylinder_soft,1359,106.744,9.080,-14.759,55.916,-1.823,1.000,43.339,-4.880,7.943,-41.665,-11.760,-15.871,-8.066,-2.690,11.441,-34.965,-4.234,-28.053,-17.609,0,0,0,0,0.0,0.0,0.0,0.0,0.000,0
17,cylinder_soft,1385,106.744,-0.132,-15.543,53.704,-3.587,-4.880,44.287,-18.600,5.003,-35.661,0.392,-13.911,-21.654,3.190,12.813,-18.849,-2.862,-25.701,-16.661,0,0,0,0,0.0,0.0,0.0,0.0,0.000,0
17,cylinder_soft,1410,106.744,-0.524,-11.231,48.964,-15.347,-18.600,42.075,-20.168,6.571,-28.393,-7.252,-14.107,-17.230,-4.062,16.929,-20.745,1.842,-32.169,-16.345,0,0,0,0,0.0,0.0,0.0,0.0,0.000,0
17,cylinder_soft,1436,106.744,6.336,-14.171,57.496,-0.843,-1.352,32.911,-15.660,10.687,-35.977,-7.056,-24.691,-11.226,-3.474,13.597,-23.905,5.762,-30.797,-16.661,0,0,0,0,0.0,0.0,0.0,0.0,0.000,0
17,cylinder_soft,1461,106.744,6.532,-7.703,36.956,-10.643,-7.036,53.451,-20.952,-3.817,-35.345,0.000,-11.559,-24.814,2.210,18.889,-26.117,-2.274,-32.953,-24.877,0,0,0,0,0.0,0.0,0.0,0.0,0.000,0
17,cylinder_soft,1487,106.744,-0.132,-12.211,41.064,-9.271,-11.348,43.339,-2.136,9.903,-46.405,-0.980,-16.067,-1.114,-7.394,7.913,-20.745,-5.410,-36.089,-15.397,0,0,0,0,0.0,0.0,0.0,0.0,0.000,0
17,cylinder_soft,1512,106.744,1.240,-13.191,46.436,-6.331,-12.328,35.439,-21.148,1.279,-30.921,-12.544,-8.619,-16.282,5.934,5.953,-30.225,-10.114,-28.249,-31.513,0,0,0,0,0.0,0.0,0.0,0.0,0.000,0
17,cylinder_soft,1538,106.744,1.828,-7.115,60.024,-5.155,-7.232,30.067,-8.800,6.767,-31.553,-7.448,-16.263,-11.858,-5.434,15.949,-27.065,-2.470,-29.425,-23.613,0,0,0,0,0.0,0.0,0.0,0.0,0.000,0
17,cylinder_soft,1563,106.744,15.548,-9.271,61.604,-0.255,-6.056,37.651,-14.092,2.063,-39.453,-6.272,-18.223,-21.970,5.934,13.401,-19.481,-2.078,-27.073,-20.769,0,0,0,0,0.0,0.0,0.0,0.0,0.000,0
17,cylinder_soft,1588,106.744,5.944,-14.563,46.120,-12.211,-13.112,51.871,-20.364,5.003,-35.661,-6.664,-8.619,-28.922,2.210,14.577,-20.429,-0.314,-27.073,-20.769,0,0,0,0,0.0,0.0,0.0,0.0,0.000,0
17,cylinder_soft,1614,106.744,2.024,-13.975,47.700,0.333,-17.424,55.347,-9.584,7.943,-21.757,0.196,-18.223,-10.910,6.718,17.517,-34.649,2.038,-23.545,-11.921,0,0,0,0,0.0,0.0,0.0,0.0,0.000,0
17,cylinder_soft,1639,106.744,2.416,-13.191,59.708,-8.683,-11.348,29.435,-16.052,-1.661,-23.021,-8.624,-16.655,-22.286,9.266,8.697,-18.849,4.586,-30.209,-16.029,0,0,0,0,0.0,0.0,0.0,0.0,0.000,0
17,cylinder_soft,1664,106.744,10.844,-14.367,53.704,-4.567,-8.016,54.399,-21.932,6.963,-27.445,-12.152,-13.715,-16.914,-1.318,10.265,-19.797,-2.078,-37.461,-34.989,0,0,0,0,0.0,0.0,0.0,0.0,0.000,0
17,cylinder_soft,1690,106.744,0.456,-16.719,48.648,-9.859,-6.644,33.859,-14.680,7.943,-52.409,-7.644,-15.087,-9.330,0.642,7.129,-21.377,-4.626,-37.265,-20.769,0,0,0,0,0.0,0.0,0.0,0.0,0.000,0
17,cylinder_soft,1715,106.744,5.748,-6.331,45.488,-5.939,-11.740,40.179,-17.620,5.199,-37.873,-4.900,-15.479,-16.282,2.406,8.305,-19.797,2.822,-29.425,-5.917,0,0,0,0,0.0,0.0,0.0,0.0,0.000,0
17,cylinder_soft,1741,106.744,7.512,-15.151,57.180,-3.587,-8.212,54.083,-15.856,5.787,-42.929,0.784,-21.947,-9.646,-0.338,5.757,-29.909,-6.978,-31.581,-13.817,0,0,0,0,0.0,0.0,0.0,0.0,0.000,0
17,cylinder_soft,1766,106.744,2.220,-0.843,40.432,1.313,1.980,28.803,-17.032,9.903,-31.237,-3.920,-8.423,-9.014,-6.414,13.009,-18.217,1.254,-23.349,-25.509,0,0,0,0,0.0,0.0,0.0,0.0,0.000,0
17,cylinder_soft,1791,106.744,4.964,-12.995,46.752,-2.019,-10.760,39.547,-18.012,2.063,-40.717,-10.388,-15.479,-13.754,0.642,9.285,-31.173,0.274,-32.757,-17.609,0,0,0,0,0.0,0.0,0.0,0.0,0.000,0
17,cylinder_soft,1817,106.744,14.568,-2.411,50.860,-7.899,-1.744,53.767,-10.956,-1.465,-29.973,-12.152,-14.695,-26.078,-11.314,21.241,-32.437,1.450,-39.617,-15.713,0,0,0,0,0.0,0.0,0.0,0.0,0.000,0
17,cylinder_soft,1842,106.744,4.572,-16.523,54.336,2.293,1.588,36.703,-13.896,1.867,-37.873,-4.900,-24.495,-20.074,2.406,12.421,-22.641,8.310,-26.681,-16.661,0,0,0,0,0.0,0.0,0.0,0.0,0.000,0
17,cylinder_soft,1868,106.744,3.592,-13.975,47.700,0.529,-3.704,42.391,-16.248,5.983,-30.921,-12.936,-8.227,-15.966,3.778,16.145,-26.433,0.666,-31.777,-19.821,0,0,0,0,0.0,0.0,0.0,0.0,0.000,0
17,cylinder_soft,1894,106.744,3.984,-19.071,46.436,-4.371,-5.076,39.231,-14.876,9.315,-38.821,-10.976,-14.891,-26.710,-3.474,10.657,-27.697,-2.078,-29.033,-12.553,0,0,0,0,0.0,0.0,0.0,0.0,0.000,0
17,cylinder_soft,1919,106.744,12.020,-10.447,54.020,-0.647,-12.524,42.707,-20.168,11.079,-34.081,-13.524,-21.359,-16.914,4.170,11.637,-23.589,-0.510,-33.933,-26.457,0,0,0,0,0.0,0.0,0.0,0.0,0.000,0
17,cylinder_soft,1944,106.744,14.764,-21.619,49.912,6.213,4.136,43.655,-7.624,6.375,-43.245,-1.960,-14.695,-18.494,1.622,8.501,-22.641,-7.762,-31.581,-10.341,0,0,0,0,0.0,0.0,0.0,0.0,0.000,0
17,cylinder_soft,1970,106.744,-0.328,-12.015,62.552,-8.291,-2.724,52.503,-14.484,7.159,-31.237,-12.936,-12.931,-13.754,-0.142,12.029,-26.749,-1.098,-22.369,-1.809,0,0,0,0,0.0,0.0,0.0,0.0,0.000,0
17,cylinder_soft,1996,106.744,10.060,-9.663,51.492,2.685,2.372,48.711,-3.312,2.847,-16.385,-2.548,-9.991,-14.702,-3.670,15.165,-26.117,-1.490,-25.897,-16.345,0,0,0,0,0.0,0.0,0.0,0.0,0.000,0
17,cylinder_soft,2021,106.744,1.828,-0.059,42.012,-2.803,-3.312,47.447,-13.112,4.611,-28.393,-15.680,-9.207,-17.862,-2.102,17.321,-27.697,3.998,-32.169,-22.981,0,0,0,0,0.0,0.0,0.0,0.0,0.000,0
17,cylinder_soft,2048,106.744,11.824,-8.291,42.328,0.137,-2.528,53.451,-10.760,0.495,-36.925,-0.196,-9.599,-17.546,-7.590,10.461,-25.485,-0.118,-31.581,-13.817,0,0,0,0,0.0,0.0,0.0,0.0,0.000,0
17,cylinder_soft,2073,106.744,5.944,-12.995,51.808,1.117,-5.076,42.075,-9.976,4.023,-30.605,-8.820,-13.127,-19.758,8.286,13.793,-30.857,-4.626,-19.429,-19.821,0,0,0,0,0.0,0.0,0.0,0.0,0.000,0
17,cylinder_soft,2099,106.744,9.472,-18.875,35.376,-4.763,-14.092,31.963,-24.480,5.983,-37.241,-8.036,-17.635,-22.602,2.798,14.577,-20.745,-3.058,-35.305,-30.881,0,0,0,0,0.0,0.0,0.0,0.0,0.000,0
17,cylinder_soft,2124,106.744,14.176,-7.311,58.128,-5.939,-11.936,40.495,-18.796,11.667,-46.089,-3.528,-9.011,-8.698,-3.082,12.813,-17.585,-2.666,-29.817,-25.509,0,0,0,0,0.0,0.0,0.0,0.0,0.000,0
17,cylinder_soft,2150,106.744,3.592,-7.703,48.648,4.645,-4.880,48.711,-17.620,-1.269,-23.969,-4.508,-18.615,-30.818,1.230,10.265,-22.325,1.450,-27.857,-19.821,0,0,0,0,0.0,0.0,0.0,0.0,0.000,0
17,cylinder_soft,2175,106.744,4.768,-6.135,49.280,-5.939,-11.152,45.235,-17.228,-0.093,-53.673,-5.880,-16.263,-25.130,0.054,7.717,-22.009,-0.314,-24.917,-22.981,0,0,0,0,0.0,0.0,0.0,0.0,0.000,0
17,cylinder_soft,2200,106.744,8.296,-16.523,45.804,-14.563,-7.820,47.447,-22.128,4.415,-47.037,-12.348,-17.831,-7.434,8.874,11.245,-21.377,-2.862,-28.837,-19.189,0,0,0,0,0.0,0.0,0.0,0.0,0.000,0
17,cylinder_soft,2226,106.744,5.552,-3.391,50.860,-2.411,-7.820,47.763,-22.324,-0.093,-32.817,-2.940,-9.207,-10.278,1.230,14.185,-18.849,4.978,-34.521,-18.241,0,0,0,0,0.0,0.0,0.0,0.0,0.000,0
17,cylinder_soft,2252,106.744,6.728,-11.035,46.120,-4.959,-16.444,46.815,-20.364,3.827,-33.449,1.372,-13.323,-18.494,8.482,8.109,-21.061,3.214,-29.033,-9.393,0,0,0,0,0.0,0.0,0.0,0.0,0.000,0
17,cylinder_soft,2277,106.744,8.492,-9.075,54.336,-2.999,-18.012,50.291,-18.796,19.899,-27.761,-2.548,-17.439,-19.758,-2.298,8.305,-35.913,3.802,-24.917,-10.341,0,0,0,0,0.0,0.0,0.0,0.0,0.000,0
17,cylinder_soft,2302,106.744,1.240,-3.587,60.656,-11.819,-8.408,44.919,-13.700,5.395,-28.709,-0.980,-13.323,-12.490,7.502,5.757,-16.005,-7.566,-29.621,-6.865,0,0,0,0,0.0,0.0,0.0,0.0,0.000,0
17,cylinder_soft,2328,106.744,3.004,-10.643,51.808,-1.627,-12.328,50.923,-27.812,10.883,-35.977,-6.860,-21.359,-10.910,3.974,10.854,-30.857,-0.118,-31.189,-20.769,0,0,0,0,0.0,0.0,0.0,0.0,0.000,0
17,cylinder_soft,2354,106.744,3.200,-11.427,52.124,0.333,-8.604,34.491,-10.368,18.331,-32.501,-9.016,-17.243,-1.746,5.738,14.773,-33.069,-1.098,-26.289,-19.189,0,0,0,0,0.0,0.0,0.0,0.0,0.000,0
17,cylinder_soft,2379,106.744,7.904,-12.015,41.380,3.861,-7.036,34.175,-20.364,6.179,-37.557,-0.980,-12.735,-15.650,7.698,12.813,-3.049,-5.410,-29.621,-4.969,0,0,0,0,0.0,0.0,0.0,0.0,0.000,0
17,cylinder_soft,2404,106.744,0.064,-17.503,59.392,-8.487,-10.172,48.079,-16.444,10.099,-32.817,-5.292,-8.619,-4.590,0.642,13.989,-29.593,-4.822,-26.289,-14.765,0,0,0,0,0.0,0.0,0.0,0.0,0.000,0
17,cylinder_soft,2430,106.744,3.396,-15.151,45.488,5.429,-12.720,52.187,-9.192,3.827,-36.925,0.784,-18.811,-13.438,-6.022,7.326,-26.117,0.862,-35.501,-25.193,0,0,0,0,0.0,0.0,0.0,0.0,0.000,0
17,cylinder_soft,2455,106.744,2.220,-6.723,48.964,-13.387,-8.212,45.867,-18.600,2.259,-32.501,-6.076,-14.107,-6.170,-6.022,6.541,-20.113,-8.546,-36.481,-13.501,0,0,0,0,0.0,0.0,0.0,0.0,0.000,0
17,cylinder_soft,2480,106.744,6.336,-12.015,59.076,-10.839,-7.820,32.279,-11.740,11.471,-27.761,-5.292,-14.303,-18.494,5.542,15.753,-17.585,-6.978,-36.089,-28.037,1,0,2480,0,0.0,0.0,464.0,0.0,106.744,0
17,cylinder_soft,2513,106.744,7.904,-12.211,43.592,-6.135,-11.936,57.559,-16.640,12.255,-51.461,-12.152,-6.267,-8.698,-0.534,16.733,-27.697,6.742,-22.761,-26.773,0,0,2480,0,0.0,0.0,464.0,0.0,106.744,0
17,cylinder_soft,2538,106.744,2.612,-13.779,48.332,3.273,-11.348,34.491,-14.288,12.843,-30.921,-17.248,-17.439,-15.018,-1.514,11.637,-14.425,-7.370,-19.233,-28.985,0,0,2480,0,0.0,0.0,464.0,0.0,106.744,0
17,cylinder_soft,2563,106.744,9.472,-5.351,29.372,5.233,-8.212,41.759,-13.504,9.315,-26.497,-8.232,-11.559,-11.858,-1.318,15.165,-22.009,-4.430,-33.737,-22.033,0,0,2480,0,0.0,0.0,464.0,0.0,106.744,0
17,cylinder_soft,2589,106.744,3.788,-7.115,54.020,3.273,-15.072,37.651,-13.308,4.219,-33.133,-5.684,-13.323,-22.918,3.778,9.677,-30.541,4.390,-22.369,-22.981,0,0,2480,0,0.0,0.0,464.0,0.0,106.744,2589
17,cylinder_soft,2615,106.744,10.648,-10.447,65.712,-7.311,-11.936,38.599,-10.368,4.023,-29.657,-9.016,-18.811,-27.026,0.250,13.009,-17.269,-4.038,-33.737,-31.197,0,0,2480,0,0.0,0.0,464.0,0.0,106.744,2589
17,cylinder_soft,2640,106.744,6.728,-12.603,48.332,-4.763,-12.916,32.595,-19.580,-3.621,-37.873,-6.664,-18.811,-9.962,2.014,13.009,-25.801,-0.510,-30.601,-16.029,0,0,2480,0,0.0,0.0,464.0,0.0,106.744,2589
17,cylinder_soft,2665,106.744,15.548,-1.627,44.856,0.333,0.804,40.495,-17.816,14.411,-38.189,-8.624,-15.675,-16.914,7.502,18.889,-16.953,4.978,-30.405,-18.557,0,0,2480,0,0.0,0.0,464.0,0.0,106.744,2589
17,cylinder_soft,2692,106.744,4.964,-4.763,60.024,-8.487,-7.820,49.027,-12.524,5.787,-45.141,-6.664,-13.715,-7.434,-0.926,18.301,-28.961,3.802,-21.781,-22.033,0,0,2480,0,0.0,0.0,464.0,0.0,106.744,2589
17,cylinder_soft,2718,106.744,5.944,-10.643,51.176,-13.583,-9.976,48.711,-19.384,3.043,-37.557,-8.820,-15.479,-14.386,7.894,18.693,-35.913,-0.902,-30.797,-20.137,0,0,2480,0,0.0,0.0,464.0,0.0,106.744,2589
17,cylinder_soft,2743,106.744,5.944,-15.543,39.800,-4.763,-10.172,43.655,-13.504,3.239,-38.821,-3.136,-6.463,-5.538,-8.374,13.793,-13.793,-0.902,-40.401,-18.557,0,0,2480,0,0.0,0.0,464.0,0.0,106.744,2589
17,cylinder_soft,2769,106.744,-3.268,-11.427,50.860,6.213,-7.036,54.083,-15.856,2.259,-29.025,-1.960,-9.403,-24.814,3.190,15.361,-36.545,-7.370,-28.249,-21.717,0,0,2480,0,0.0,0.0,464.0,0.0,106.744,2589
17,cylinder_soft,2794,106.744,4.376,-13.191,35.376,-0.843,-14.092,44.603,-17.620,10.883,-42.929,-4.704,-15.087,-1.746,3.778,13.009,-15.689,-8.938,-26.681,-11.289,0,0,2480,0,0.0,0.0,464.0,0.0,106.744,2589
17,cylinder_soft,2819,106.744,15.352,-6.331,50.228,2.685,-4.880,37.967,-18.404,17.939,-30.921,3.332,-8.031,-11.226,-2.102,12.225,-29.593,-5.606,-29.033,-14.133,0,0,2480,0,0.0,0.0,464.0,0.0,106.744,2589
17,cylinder_soft,2845,106.744,3.004,-10.447,41.064,5.429,-8.016,38.915,-16.444,0.495,-30.921,-5.292,-9.599,-16.282,5.150,5.953,-25.169,-5.606,-28.837,-18.241,0,0,2480,0,0.0,0.0,464.0,0.0,106.744,2589
17,cylinder_soft,2870,106.744,2.808,-5.743,45.172,-6.919,-15.268,46.183,-16.444,15.979,-28.393,-3.136,-6.855,-11.858,1.426,10.069,-24.221,-2.470,-29.425,-23.613,0,0,2480,0,0.0,0.0,464.0,0.0,106.744,2589
17,cylinder_soft,2896,106.744,-3.856,-9.859,53.704,-9.467,-6.252,37.967,-16.052,6.963,-35.977,-6.860,-15.283,-9.962,6.718,7.521,-31.489,-1.490,-34.913,-15.081,0,0,2480,0,0.0,0.0,464.0,0.0,106.744,2589
17,cylinder_soft,2921,106.744,11.432,-14.171,47.700,9.741,-8.016,44.603,-27.812,-0.093,-29.025,3.332,-10.187,-17.862,-1.318,15.361,-31.173,-0.706,-37.069,-21.717,0,0,2480,0,0.0,0.0,464.0,0.0,106.744,2589
17,cylinder_soft,2947,106.744,8.296,-11.231,44.224,-6.723,-4.292,40.811,-16.836,11.863,-36.293,-11.172,-9.795,-21.338,-2.102,6.933,-33.069,-2.274,-33.737,-24.245,0,0,2480,0,0.0,0.0,464.0,0.0,106.744,2589
17,cylinder_soft,2972,106.744,3.004,-13.779,40.748,-4.567,-9.976,44.603,-13.700,3.435,-44.193,-5.684,-17.831,-15.334,-1.710,13.989,-19.797,-2.666,-24.917,-28.985,0,0,2480,0,0.0,0.0,464.0,0.0,106.744,2589
17,cylinder_soft,2997,106.744,7.904,-14.759,61.288,-10.251,-13.308,43.023,-18.796,-1.857,-37.557,-2.156,-11.755,-14.386,-0.730,16.929,-29.909,2.430,-19.821,-20.453,0,0,2480,0,0.0,0.0,464.0,0.0,106.744,2589
17,cylinder_soft,3023,106.744,8.100,-13.975,55.284,-4.567,-4.488,39.231,-13.112,-2.837,-35.661,-11.368,-23.907,-12.174,0.642,8.697,-16.637,-3.058,-35.697,-25.193,0,0,2480,0,0.0,0.0,464.0,0.0,106.744,2589
17,cylinder_soft,3048,106.744,4.964,-12.799,43.908,-12.407,-11.544,40.179,-8.800,1.475,-34.397,-5.096,-11.363,-7.750,-6.806,8.501,-22.009,-3.450,-35.697,-14.133,0,0,2480,0,0.0,0.0,464.0,0.0,106.744,2589
17,cylinder_soft,3074,106.744,14.372,-6.919,51.176,-1.235,-8.408,36.071,-8.800,3.827,-40.401,-14.700,-16.459,-14.702,-2.298,4.581,-20.745,-7.174,-27.857,-14.765,0,0,2480,0,0.0,0.0,464.0,0.0,106.744,2589
17,cylinder_soft,3099,106.744,9.864,-16.719,45.488,2.685,-5.076,53.135,-28.204,6.571,-29.657,-4.508,-16.851,-7.434,-3.866,12.029,-25.801,-0.706,-32.365,-20.137,0,0,2480,0,0.0,0.0,464.0,0.0,106.744,2589
17,cylinder_soft,3125,106.744,4.180,-20.443,44.224,-2.019,-1.548,42.075,-16.052,14.803,-39.769,-1.372,-16.459,-21.654,1.034,9.873,-30.225,5.566,-30.601,-28.353,0,0,2480,0,0.0,0.0,464.0,0.0,106.744,2589
17,cylinder_soft,3151,106.744,6.924,-9.859,47.384,9.937,-11.348,42.707,-9.780,9.511,-28.393,-9.800,-19.203,-12.490,0.250,9.677,-21.693,4.978,-28.249,-20.453,0,0,2480,0,0.0,0.0,464.0,0.0,106.744,2589
17,cylinder_soft,3177,106.744,1.828,-19.659,49.912,-8.291,-6.644,45.235,-18.600,7.943,-32.501,-12.152,-7.835,-36.506,5.150,13.989,-16.005,11.642,-25.701,-12.237,0,0,2480,0,0.0,0.0,464.0,0.0,106.744,2589
17,cylinder_soft,3202,106.744,8.100,-11.231,63.184,0.137,-12.132,43.023,-17.032,-2.445,-27.445,-12.152,-13.127,-24.814,-3.082,16.341,-32.121,-3.450,-27.857,-14.765,0,0,2480,0,0.0,0.0,464.0,0.0,106.744,2589
17,cylinder_soft,3227,106.744,6.532,-17.699,32.532,-0.843,-14.288,45.867,-15.856,10.295,-32.817,-16.072,-19.987,-17.230,5.150,19.477,-23.589,-2.078,-22.957,-22.981,0,0,2480,0,0.0,0.0,464.0,0.0,106.744,2589
17,cylinder_soft,3253,106.744,14.568,-16.327,51.492,-5.939,-7.624,42.707,-13.504,8.923,-39.453,-4.508,-13.911,-15.018,7.502,6.933,-23.273,0.862,-28.053,-10.657,0,0,2480,0,0.0,0.0,464.0,0.0,106.744,2589
17,cylinder_soft,3278,106.744,5.356,-14.759,42.960,-2.215,-3.508,24.695,-14.876,10.883,-42.297,-6.076,-8.423,-20.390,2.798,10.069,-19.797,-2.666,-29.229,-18.241,0,0,2480,0,0.0,0.0,464.0,0.0,106.744,2589
17,cylinder_soft,3304,106.744,6.336,-13.779,54.020,0.137,6.096,53.767,-12.916,3.827,-31.869,-5.684,-13.911,-24.814,-3.278,13.989,-15.057,6.154,-23.545,-17.925,0,0,2480,0,0.0,0.0,464.0,0.0,106.744,2589
17,cylinder_soft,3329,106.744,4.376,-13.387,29.688,-10.055,-16.836,31.963,-18.208,13.039,-27.129,-3.920,-22.143,-12.806,3.190,13.793,-22.641,1.646,-28.641,-6.865,0,0,2480,0,0.0,0.0,464.0,0.0,106.744,2589
17,cylinder_soft,3355,106.744,8.296,-12.407,47.384,2.097,-6.644,19.639,-16.248,21.075,-36.609,0.588,-17.439,-18.494,-1.318,10.069,-28.013,-10.114,-28.053,-8.761,0,0,2480,0,0.0,0.0,464.0,0.0,106.744,2589
17,cylinder_soft,3380,106.744,2.808,-3.391,60.972,-1.431,-8.996,40.179,-13.112,4.219,-35.661,-6.272,-8.815,-16.282,2.014,10.069,-20.429,-0.510,-24.329,-15.397,0,0,2480,0,0.0,0.0,464.0,0.0,106.744,2589
17,cylinder_soft,3406,106.744,5.356,-7.703,42.328,-0.451,-5.076,43.971,-19.776,-1.269,-35.029,-3.528,-18.419,-13.438,1.818,11.245,-27.697,-3.254,-30.405,-16.345,0,1,2480,3406,0.0,0.0,464.0,455.0,106.744,2589
18,cylinder_soft,6,60.368,3.592,-6.135,49.280,-1.235,-12.916,42.707,-21.344,8.727,-37.873,4.508,-17.243,-18.810,16.714,9.873,-18.533,-9.526,-34.717,-29.301,0,0,0,0,0.0,0.0,0.0,0.0,0.000,0
18,cylinder_soft,32,60.544,-3.072,4.057,37.272,-11.231,-0.764,22.167,-1.548,12.647,-22.073,-0.196,-11.951,-8.698,1.034,2.033,-22.009,-3.058,-2.965,-8.761,0,0,0,0,0.0,0.0,0.0,0.0,0.000,0
18,cylinder_soft,57,61.160,8.884,1.117,37.904,1.313,-4.488,15.215,-1.940,-2.641,-15.437,-2.352,-11.951,-13.122,-0.926,21.437,-30.541,-4.430,-7.081,-8.129,0,0,0,0,0.0,0.0,0.0,0.0,0.000,0
18,cylinder_soft,83,62.128,-1.700,9.153,36.008,6.801,1.588,24.063,-5.272,3.239,-6.905,-1.568,-6.855,-12.490,5.738,4.777,-21.377,-14.622,-2.377,-10.973,0,0,0,0,0.0,0.0,0.0,0.0,0.000,0
18,cylinder_soft,108,63.360,1.044,0.137,16.732,-3.391,1.000,20.271,-9.780,5.003,0.047,-2.548,2.357,-10.278,-10.726,9.285,-34.649,-5.998,0.955,-6.549,0,0,0,0,0.0,0.0,0.0,0.0,0.000,0
18,cylinder_soft,133,64.592,-4.052,-4.371,23.684,-3.391,8.644,16.163,-4.880,-5.973,-11.645,-2.352,-10.775,-9.646,-0.730,6.933,-24.221,-0.510,-2.965,-11.289,0,0,0,0,0.0,0.0,0.0,0.0,0.000,0
18,cylinder_soft,158,65.912,6.140,0.921,19.892,-0.255,4.724,28.487,1.980,-0.485,-8.801,-1.960,-2.543,0.150,3.778,4.385,-30.225,0.470,0.955,-28.985,0,0,0,0,0.0,0.0,0.0,0.0,0.000,0
18,cylinder_soft,183,67.320,4.572,9.349,25.580,2.293,-4.292,18.375,6.488,-2.445,-6.273,5.684,-11.167,-5.222,-0.730,4.581,-11.265,0.862,-8.845,6.091,0,0,0,0,0.0,0.0,0.0,0.0,0.000,0
18,cylinder_soft,209,68.816,3.788,-1.431,29.372,-4.567,-8.016,11.739,2.764,6.179,6.999,-1.568,7.649,9.314,-0.142,-0.123,-31.805,5.762,4.679,-0.545,0,0,0,0,0.0,0.0,0.0,0.0,0.000,0
18,cylinder_soft,234,70.224,-3.856,-9.663,23.052,-5.351,-1.744,17.427,-2.920,9.511,-8.485,-6.468,-14.891,-6.486,10.638,-5.023,-23.273,-3.058,-1.005,-10.657,0,0,0,0,0.0,0.0,0.0,0.0,0.000,0
18,cylinder_soft,259,71.632,1.240,-4.567,27.792,1.705,-8.996,25.011,-3.704,0.691,-16.701,0.784,-8.227,-15.334,-1.318,3.209,-16.953,-7.566,-14.529,-8.129,0,0,0,0,0.0,0.0,0.0,0.0,0.000,0
18,cylinder_soft,285,73.128,-4.444,0.529,23.684,-0.843,-9.976,19.323,-10.172,-5.385,-3.745,7.644,-2.935,-10.910,8.678,-6.590,-14.109,-4.234,-12.961,-5.285,0,0,0,0,0.0,0.0,0.0,0.0,0.000,0
18,cylinder_soft,310,74.624,-8.952,-7.311,17.364,1.117,-15.464,19.955,1.588,-2.837,-19.545,-1.568,-5.679,-11.858,-3.670,0.270,-15.057,-0.510,-16.489,-15.081,0,0,0,0,0.0,0.0,0.0,0.0,0.000,0
18,cylinder_soft,335,76.032,-10.520,6.801,24.632,-8.291,-15.268,21.851,-1.548,-4.797,-15.753,10.192,-3.523,-1.430,1.426,4.777,-24.537,-5.410,-13.941,5.775,0,0,0,0,0.0,0.0,0.0,0.0,0.000,0
18,cylinder_soft,361,77.528,-3.268,-6.527,18.312,-4.371,-8.408,16.795,-3.116,9.707,-4.377,-1.372,-11.363,-2.378,10.246,4.581,-11.897,-0.118,-23.349,5.459,0,0,0,0,0.0,0.0,0.0,0.0,0.000,0
18,cylinder_soft,386,79.024,-0.524,-7.507,31.268,-2.803,-10.760,28.487,-4.880,2.847,-5.957,-5.292,-7.051,-17.862,10.638,2.033,-4.313,-13.642,-13.157,-15.081,0,0,0,0,0.0,0.0,0.0,0.0,0.000,0
18,cylinder_soft,412,80.520,6.924,4.253,40.432,-3.195,-13.700,13.003,0.216,5.003,-8.485,-7.252,-14.303,-2.694,2.014,-5.807,-26.117,-4.234,-23.741,-1.809,0,0,0,0,0.0,0.0,0.0,0.0,0.000,0
18,cylinder_soft,437,81.928,-12.676,-8.095,31.584,-5.547,-15.660,28.487,-4.880,2.455,2.259,-9.212,-15.675,1.098,-0.142,3.013,-20.745,-4.430,-10.805,-8.761,0,0,0,0,0.0,0.0,0.0,0.0,0.000,0
18,cylinder_soft,462,83.336,4.768,-1.235,31.268,-3.391,-13.308,25.011,-10.368,2.651,-3.429,-0.196,-10.187,-9.962,-8.374,-0.123,-18.533,-6.782,-22.369,-2.441,0,0,0,0,0.0,0.0,0.0,0.0,0.000,0
18,cylinder_soft,488,84.744,1.632,-2.019,49.596,-3.587,-10.368,32.595,-0.764,11.667,-9.117,-4.312,-18.811,-13.438,-0.338,3.993,-13.477,-10.898,-21.193,-1.493,0,0,0,0,0.0,0.0,0.0,0.0,0.000,0
18,cylinder_soft,513,86.064,-10.520,-5.743,28.740,-1.431,-13.112,17.111,-0.372,7.747,-5.009,-0.784,-25.475,-3.958,-3.670,7.521,-14.741,-1.294,-27.857,9.567,0,0,0,0,0.0,0.0,0.0,0.0,0.000,0
18,cylinder_soft,539,87.472,-2.680,-7.311,30.636,1.509,1.000,25.327,6.488,6.571,1.943,-4.116,-14.695,1.098,5.150,0.857,-9.685,-9.330,-20.605,-16.661,0,0,0,0,0.0,0.0,0.0,0.0,0.000,0
18,cylinder_soft,564,88.704,-1.700,-1.039,40.748,-6.919,-3.704,31.647,-4.684,7.943,1.311,-2.548,-26.455,-25.446,5.738,9.089,3.903,-6.978,-17.273,-10.341,0,0,0,0,0.0,0.0,0.0,0.0,0.000,0
18,cylinder_soft,590,90.024,-4.052,-14.367,26.844,-4.567,-13.308,27.223,3.744,4.807,3.839,-1.176,-19.399,-10.910,0.250,4.581,-13.477,1.058,-29.033,-1.177,0,0,0,0,0.0,0.0,0.0,0.0,0.000,0
18,cylinder_soft,615,91.256,-9.540,-17.503,37.272,-5.743,-10.956,25.327,0.608,0.299,-10.065,-7.644,-24.299,3.626,-2.690,-1.299,-16.953,-7.958,-23.937,-15.713,0,0,0,0,0.0,0.0,0.0,0.0,0.000,0
18,cylinder_soft,640,92.576,4.376,-7.507,46.752,-5.155,-3.900,31.331,2.568,11.863,-0.901,-13.524,-23.319,-9.962,8.482,0.661,-3.997,0.078,-14.921,-12.237,0,0,0,0,0.0,0.0,0.0,0.0,0.000,0
18,cylinder_soft,666,93.808,0.064,-9.859,36.640,0.725,-17.620,29.435,-6.840,-0.485,-8.485,-11.760,-34.295,-19.126,0.642,3.013,8.011,-3.450,-25.505,-10.025,0,0,0,0,0.0,0.0,0.0,0.0,0.000,0
18,cylinder_soft,691,95.128,-5.816,-7.703,29.056,7.585,-5.468,29.751,-3.508,3.239,-0.901,6.468,-23.907,-17.546,-4.846,-3.063,2.007,-10.702,-27.661,-27.721,0,0,0,0,0.0,0.0,0.0,0.0,0.000,0
18,cylinder_soft,717,96.448,-9.344,-5.547,42.328,-11.819,-7.036,30.383,-0.372,9.119,-1.217,-6.272,-25.867,-27.974,-6.610,0.661,-26.117,-8.742,-25.505,-16.029,0,0,0,0,0.0,0.0,0.0,0.0,0.000,0
18,cylinder_soft,743,97.592,-3.856,-12.407,33.796,-5.547,0.020,48.395,-4.292,2.651,-4.693,-1.568,-28.023,-25.762,1.034,9.873,-25.485,-1.686,-34.325,-18.557,0,0,0,0,0.0,0.0,0.0,0.0,0.000,0
18,cylinder_soft,768,98.648,0.064,-8.095,35.692,-4.371,-5.468,50.291,-5.860,-0.877,6.999,-20.580,-31.551,-29.238,-6.022,1.249,-19.797,-4.822,-32.953,-23.613,0,0,0,0,0.0,0.0,0.0,0.0,0.000,0
18,cylinder_soft,795,99.704,0.064,-3.391,36.008,2.881,-1.548,38.599,-1.352,3.631,0.047,-8.036,-26.847,-30.186,5.346,9.873,-24.221,-9.526,-34.325,-3.389,0,0,0,0,0.0,0.0,0.0,0.0,0.000,0
18,cylinder_soft,820,100.672,0.456,-6.527,39.800,6.213,1.588,36.071,-0.176,8.335,-9.433,-16.464,-28.219,-14.386,-2.102,8.893,-17.269,1.058,-27.465,-25.509,0,0,0,0,0.0,0.0,0.0,0.0,0.000,0
18,cylinder_soft,846,101.816,5.552,-16.915,39.168,-5.743,-8.996,42.075,-6.252,3.043,0.047,6.860,-29.199,-29.238,-7.198,4.385,-34.333,3.606,-34.129,-20.137,0,0,0,0,0.0,0.0,0.0,0.0,0.000,0
18,cylinder_soft,872,102.960,11.628,-17.503,60.024,-5.939,-7.820,33.227,-1.744,1.279,3.523,-11.760,-30.179,-20.074,-6.414,11.833,-25.485,-13.250,-27.857,-15.397,0,0,0,0,0.0,0.0,0.0,0.0,0.000,0
18,cylinder_soft,898,103.928,9.864,-14.367,60.972,-2.411,-4.880,43.971,-9.976,0.691,-24.285,-3.136,-14.303,-26.710,-2.690,5.757,-18.217,-3.842,-27.465,-18.557,0,0,0,0,0.0,0.0,0.0,0.0,0.000,0
18,cylinder_soft,923,104.808,5.552,-19.267,50.228,-8.291,-7.428,32.911,-9.192,-1.465,-18.597,-5.684,-13.127,-40.614,-8.962,20.065,-24.221,-3.058,-36.285,-29.617,0,0,0,0,0.0,0.0,0.0,0.0,0.000,0
18,cylinder_soft,952,105.864,16.332,-20.639,62.868,2.685,-8.408,50.607,-19.384,-5.777,-23.969,-7.840,-15.283,-23.550,-0.926,7.521,-29.593,-2.274,-28.053,-31.513,0,0,0,0,0.0,0.0,0.0,0.0,0.000,0
18,cylinder_soft,978,106.216,7.120,-13.583,52.756,-1.627,-13.700,40.495,-15.464,3.631,-5.957,-14.700,-10.775,-24.498,1.622,13.205,-29.277,4.782,-30.405,-25.193,0,0,0,0,0.0,0.0,0.0,0.0,0.000,0
18,cylinder_soft,1003,106.216,11.236,-25.147,69.820,2.489,-4.880,49.343,-6.840,2.259,-7.537,-3.332,-10.971,-28.606,-11.510,21.045,-39.073,-7.566,-30.209,-34.357,0,0,0,0,0.0,0.0,0.0,0.0,0.000,0
18,cylinder_soft,1028,106.216,23.192,-32.203,60.656,1.705,-0.176,45.867,-9.388,2.063,-13.225,-7.840,-14.107,-28.606,5.542,1.641,-32.437,-15.798,-34.129,-24.561,0,0,0,0,0.0,0.0,0.0,0.0,0.000,0
18,cylinder_soft,1054,106.216,17.312,-16.915,51.808,-2.019,-4.880,53.767,-9.780,-1.465,-23.021,-12.936,-20.379,-26.710,4.170,12.225,-24.853,-14.230,-30.405,-23.297,0,0,0,0,0.0,0.0,0.0,0.0,0.000,0
18,cylinder_soft,1079,106.216,15.548,-16.327,57.496,-5.351,-6.644,43.655,-12.720,3.043,-22.705,-2.156,-10.187,-29.554,-3.866,13.009,-10.949,-5.998,-38.833,-19.821,0,0,0,0,0.0,0.0,0.0,0.0,0.000,0
18,cylinder_soft,1105,106.304,15.352,-12.995,62.868,-9.075,-6.840,45.867,-22.324,0.887,-23.969,-5.684,-8.031,-31.766,0.446,9.481,-14.741,-4.038,-31.777,-33.409,0,0,0,0,0.0,0.0,0.0,0.0,0.000,0
18,cylinder_soft,1131,106.304,7.904,-13.975,69.504,2.881,-1.940,38.599,-13.896,-6.169,-5.325,-10.584,-8.815,-29.238,-5.630,13.205,-10.633,2.234,-30.993,-29.617,0,0,0,0,0.0,0.0,0.0,0.0,0.000,0
18,cylinder_soft,1157,106.216,20.644,-19.463,67.292,-4.763,-7.036,48.711,-14.876,-0.093,-22.705,-4.508,-19.203,-19.126,-8.766,15.557,-22.957,-5.410,-29.229,-18.873,0,0,0,0,0.0,0.0,0.0,0.0,0.000,0
18,cylinder_soft,1183,106.216,14.960,-12.211,63.816,-3.391,-1.156,41.443,-15.268,2.455,-20.177,-14.504,-12.147,-36.822,-3.474,12.421,-30.541,-5.802,-25.897,-16.345,0,0,0,0,0.0,0.0,0.0,0.0,0.000,0
18,cylinder_soft,1208,106.304,14.372,-13.975,69.188,-10.447,5.508,51.239,-12.328,-2.641,-22.073,-10.780,-14.499,-31.450,-4.846,15.361,-37.809,-8.546,-25.897,-22.981,0,0,0,0,0.0,0.0,0.0,0.0,0.000,0
18,cylinder_soft,1233,106.304,14.568,-16.131,71.716,5.625,-7.624,43.655,-14.288,-6.169,-14.489,-6.272,-16.067,-38.086,-9.158,7.717,-27.065,3.998,-30.797,-14.765,0,0,0,0,0.0,0.0,0.0,0.0,0.000,0
18,cylinder_soft,1258,106.304,14.764,-26.911,75.824,-0.059,-10.956,49.027,-12.720,2.063,-13.541,-8.232,-15.283,-26.710,-6.022,-2.083,-39.073,1.842,-29.229,-28.037,0,0,0,0,0.0,0.0,0.0,0.0,0.000,0
18,cylinder_soft,1284,106.216,19.076,-19.659,54.336,-4.763,-14.876,32.595,1.000,-5.777,-14.805,-8.232,-13.127,-31.450,-5.434,6.541,-26.433,4.978,-33.933,-34.041,0,0,0,0,0.0,0.0,0.0,0.0,0.000,0
18,cylinder_soft,1309,106.216,21.624,-14.759,51.808,-0.647,-13.504,46.183,-0.176,5.591,-17.649,-9.800,-10.187,-29.554,-6.806,18.301,-20.745,-12.858,-29.621,-23.929,0,0,0,0,0.0,0.0,0.0,0.0,0.000,0
18,cylinder_soft,1336,106.216,14.764,-24.559,61.920,-0.647,-7.820,39.863,-15.856,-6.757,-13.541,-10.976,-11.755,-33.978,-4.258,10.069,-23.905,1.450,-21.977,-20.769,0,0,0,0,0.0,0.0,0.0,0.0,0.000,0
18,cylinder_soft,1361,106.216,16.332,-15.543,59.392,-6.919,-9.584,32.279,-10.564,-3.817,-10.065,-12.936,-15.871,-24.498,-7.786,10.657,-22.009,-7.958,-34.325,-17.293,0,0,0,0,0.0,0.0,0.0,0.0,0.000,0
18,cylinder_soft,1387,106.304,13.392,-11.623,65.712,-2.215,-8.212,42.391,-1.352,-5.385,-23.021,-1.176,-10.383,-24.182,-2.690,17.321,-26.433,-6.586,-31.777,-18.241,0,0,0,0,0.0,0.0,0.0,0.0,0.000,0
18,cylinder_soft,1412,106.216,9.864,-15.935,70.768,-1.431,-2.528,44.919,-13.896,-2.053,-19.861,-11.760,-13.519,-17.546,-5.630,17.517,-32.753,-4.234,-24.133,-26.141,0,0,0,0,0.0,0.0,0.0,0.0,0.000,0
18,cylinder_soft,1437,106.304,12.412,-12.603,58.760,2.489,-4.292,43.339,-12.524,0.495,-33.133,-3.136,-12.931,-29.238,0.054,7.129,-29.593,-8.742,-25.701,-27.405,0,0,0,0,0.0,0.0,0.0,0.0,0.000,0
18,cylinder_soft,1463,106.216,9.864,-7.899,66.976,5.429,-0.960,50.291,-5.664,1.867,-29.025,-9.800,-2.347,-31.134,-6.022,8.305,-20.113,-3.646,-28.053,-14.765,0,0,0,0,0.0,0.0,0.0,0.0,0.000,0
18,cylinder_soft,1488,106.304,17.704,-25.539,58.128,4.057,-7.036,47.131,-8.800,-3.817,-12.277,-16.072,-14.499,-23.550,-2.298,12.813,-34.333,-1.882,-32.169,-19.189,0,0,0,0,0.0,0.0,0.0,0.0,0.000,0
18,cylinder_soft,1513,106.216,15.940,-22.011,58.760,-7.507,-2.136,34.807,-15.856,-0.681,-34.713,-11.172,-14.107,-20.390,-2.102,19.477,-32.753,-7.566,-27.857,-19.505,0,0,0,0,0.0,0.0,0.0,0.0,0.000,0
18,cylinder_soft,1539,106.304,19.860,-10.447,60.656,3.273,-0.372,43.023,-7.232,1.867,-23.337,-10.388,-12.147,-33.346,3.778,22.025,-35.281,6.350,-29.033,-22.033,0,0,0,0,0.0,0.0,0.0,0.0,0.000,0
18,cylinder_soft,1564,106.304,25.740,-14.367,65.396,-5.743,-6.056,43.339,-2.332,-1.269,-9.433,-6.076,-11.951,-25.762,-3.082,15.949,-19.481,3.018,-24.329,-23.613,0,0,0,0,0.0,0.0,0.0,0.0,0.000,0
18,cylinder_soft,1589,106.216,21.428,-18.091,73.928,1.313,-13.896,42.707,-16.444,0.691,-27.129,-12.152,-11.167,-31.450,2.210,6.149,-20.745,-7.958,-20.997,-22.033,0,0,0,0,0.0,0.0,0.0,0.0,0.000,0
18,cylinder_soft,1615,106.304,19.272,-24.363,53.072,-1.823,-7.428,36.071,-11.740,-5.385,-16.701,-19.208,-7.247,-32.398,1.034,15.949,-26.433,-4.626,-21.585,-23.297,0,0,0,0,0.0,0.0,0.0,0.0,0.000,0
18,cylinder_soft,1640,106.216,21.232,-9.271,50.860,1.901,-11.152,43.655,-12.524,1.279,-21.757,-15.680,-15.675,-19.758,2.798,10.657,-18.849,-1.686,-27.661,-19.189,0,0,0,0,0.0,0.0,0.0,0.0,0.000,0
18,cylinder_soft,1666,106.304,8.296,-18.483,71.400,2.881,-5.664,42.391,-8.996,-4.993,-17.017,-5.096,-10.971,-22.918,6.130,9.285,-47.605,-4.430,-32.169,-22.349,0,0,0,0,0.0,0.0,0.0,0.0,0.000,0
18,cylinder_soft,1691,106.304,16.724,-17.699,54.020,-0.843,2.176,37.335,0.804,1.083,-22.073,5.488,-21.751,-20.706,-7.394,17.713,-28.329,-8.154,-30.601,-19.189,0,0,0,0,0.0,0.0,0.0,0.0,0.000,0
18,cylinder_soft,1716,106.304,20.448,-15.347,75.192,-2.999,-7.428,41.759,-12.328,6.571,-15.437,-9.800,-15.479,-29.554,1.818,17.910,-30.857,-1.882,-26.877,-15.397,0,0,0,0,0.0,0.0,0.0,0.0,0.000,0
18,cylinder_soft,1742,106.304,13.196,-15.935,63.816,-3.783,-4.292,31.331,-4.292,4.023,-22.705,-5.880,-18.615,-25.130,-8.766,11.441,-27.381,-1.490,-30.013,-20.453,0,0,0,0,0.0,0.0,0.0,0.0,0.000,0
18,cylinder_soft,1767,106.304,13.392,-10.839,48.648,-4.567,-9.976,43.339,-16.640,-4.601,-9.117,-4.704,-3.719,-23.234,1.622,9.089,-14.425,-2.078,-29.817,-11.921,0,0,0,0,0.0,0.0,0.0,0.0,0.000,0
18,cylinder_soft,1793,106.216,12.020,-15.347,58.444,-1.627,-8.996,50.607,-6.056,-7.345,-27.445,-16.660,-18.027,-33.346,5.150,18.497,-29.909,-1.686,-28.445,-34.357,0,0,0,0,0.0,0.0,0.0,0.0,0.000,0
18,cylinder_soft,1819,106.304,16.528,-19.855,57.812,-6.331,-8.016,40.179,-11.740,6.963,-19.545,-13.720,-15.087,-31.134,-2.690,10.657,-24.221,-7.370,-27.269,-22.349,0,0,0,0,0.0,0.0,0.0,0.0,0.000,0
18,cylinder_soft,1844,106.304,14.960,-13.975,77.404,4.645,-3.900,32.595,-12.328,6.767,-18.597,-14.700,-13.911,-19.442,-7.786,18.693,-26.433,4.782,-30.209,-19.821,0,0,0,0,0.0,0.0,0.0,0.0,0.000,0
18,cylinder_soft,1871,106.216,5.160,-13.583,56.548,5.037,-5.076,61.035,-14.092,-2.053,-20.809,-12.152,-11.559,-27.342,-5.630,6.737,-30.857,6.546,-19.037,-17.293,0,0,0,0,0.0,0.0,0.0,0.0,0.000,0
18,cylinder_soft,1898,106.304,14.176,-13.191,62.552,-2.019,-8.800,32.595,-13.896,-1.465,-26.181,-15.092,-15.871,-12.174,-0.926,14.185,-25.485,0.470,-28.445,-24.245,0,0,0,0,0.0,0.0,0.0,0.0,0.000,0
18,cylinder_soft,1923,106.304,15.940,-10.447,70.452,-4.175,-12.328,41.443,-12.524,-6.953,-6.905,-13.720,-11.559,-26.394,-0.338,17.517,-20.429,-10.114,-24.721,-21.085,0,0,0,0,0.0,0.0,0.0,0.0,0.000,0
18,cylinder_soft,1949,106.304,14.764,-13.975,64.764,-1.823,-7.624,44.287,-6.056,-0.681,-20.809,-10.388,-12.539,-22.286,0.250,24.769,-26.433,-7.762,-27.073,-27.721,0,0,0,0,0.0,0.0,0.0,0.0,0.000,0
18,cylinder_soft,1974,106.216,7.316,-12.211,55.916,-7.899,-6.840,27.539,-7.036,1.279,-16.385,-5.684,-7.247,-24.814,-6.218,17.321,-32.437,-8.350,-27.269,-29.933,0,0,0,0,0.0,0.0,0.0,0.0,0.000,0
18,cylinder_soft,2000,106.216,15.940,-14.171,62.236,-7.311,-4.488,40.811,-18.208,-0.681,-14.489,-8.624,-16.655,-10.910,-8.178,14.969,-22.325,-5.802,-35.501,-23.613,0,0,0,0,0.0,0.0,0.0,0.0,0.000,0
18,cylinder_soft,2026,106.304,17.116,-10.839,66.344,0.333,-4.096,49.027,-16.052,-4.013,-3.745,-9.212,-11.755,-27.658,-1.710,17.713,-37.493,-2.862,-31.581,-18.241,0,0,0,0,0.0,0.0,0.0,0.0,0.000,0
18,cylinder_soft,2052,106.304,20.252,-16.131,65.712,-7.899,-16.248,36.387,-15.660,1.279,-22.705,-14.700,-14.303,-26.710,-7.198,8.501,-27.065,-4.234,-30.405,-24.877,0,0,0,0,0.0,0.0,0.0,0.0,0.000,0
18,cylinder_soft,2078,106.216,11.824,-23.187,66.344,-7.115,-5.076,43.971,-10.760,-0.093,-19.545,-10.780,-19.595,-23.234,2.602,16.145,-27.697,-3.450,-23.937,-21.085,0,0,0,0,0.0,0.0,0.0,0.0,0.000,0
18,cylinder_soft,2103,106.216,17.900,-21.423,66.028,-1.823,-2.528,48.711,-14.876,2.455,-15.437,-6.272,-20.379,-19.442,1.034,15.949,-39.073,-4.038,-40.205,-23.297,0,0,0,0,0.0,0.0,0.0,0.0,0.000,0
18,cylinder_soft,2128,106.216,16.920,-11.035,70.136,3.273,-9.780,38.915,-19.776,1.671,-21.441,-13.524,-14.499,-22.918,2.210,15.949,-21.061,-2.470,-27.073,-20.769,0,0,0,0,0.0,0.0,0.0,0.0,0.000,0
18,cylinder_soft,2154,106.304,13.980,-15.935,61.604,0.725,-10.760,45.235,-8.996,0.495,-29.025,-0.784,-13.911,-28.290,0.054,20.457,-19.797,-6.782,-27.073,-21.717,0,0,0,0,0.0,0.0,0.0,0.0,0.000,0
18,cylinder_soft,2180,106.216,12.216,-24.559,64.132,-3.587,-14.092,39.231,-9.388,0.691,-23.021,-9.604,-8.423,-21.654,0.446,14.185,-32.121,1.254,-28.249,-14.765,0,0,0,0,0.0,0.0,0.0,0.0,0.000,0
18,cylinder_soft,2205,106.304,14.764,-7.311,60.340,-1.627,-12.132,46.183,-19.580,-4.013,-22.705,-8.428,-21.751,-21.654,-5.238,6.933,-20.745,-9.722,-23.349,-26.457,0,0,0,0,0.0,0.0,0.0,0.0,0.000,0
18,cylinder_soft,2232,106.216,8.492,-16.719,64.764,-0.451,-5.468,30.699,-3.704,8.923,-31.869,-8.232,-11.755,-45.986,4.366,13.989,-29.277,-7.174,-41.773,-17.925,0,0,0,0,0.0,0.0,0.0,0.0,0.000,0
18,cylinder_soft,2257,106.304,20.252,-21.815,66.344,-6.135,0.804,36.071,-15.856,-5.189,-19.545,-11.368,-11.363,-26.394,2.798,-1.299,-36.545,1.450,-31.777,-27.721,0,0,0,0,0.0,0.0,0.0,0.0,0.000,0
18,cylinder_soft,2283,106.216,20.252,-25.539,67.292,-1.235,0.020,41.127,-16.444,5.787,-19.229,-7.644,-13.519,-9.646,-3.866,9.481,-34.017,5.762,-28.053,-26.773,0,0,0,0,0.0,0.0,0.0,0.0,0.000,0
18,cylinder_soft,2309,106.216,18.096,-16.131,70.136,-0.843,-9.584,37.019,-10.956,1.083,-22.389,-7.252,-10.187,-24.182,-3.082,18.301,-27.381,-3.842,-29.425,-22.349,0,0,0,0,0.0,0.0,0.0,0.0,0.000,0
18,cylinder_soft,2334,106.304,10.452,-15.347,58.128,-9.859,-3.116,33.227,-6.840,-2.445,-24.285,-7.840,-13.715,-6.170,-0.730,19.869,-22.957,-6.586,-39.813,-28.669,0,0,0,0,0.0,0.0,0.0,0.0,0.000,0
18,cylinder_soft,2359,106.304,6.924,-18.875,72.032,-1.627,-7.820,44.919,-12.524,-2.837,-12.277,-21.168,-20.771,-28.606,-1.710,18.105,-38.757,-0.314,-24.917,-30.565,0,0,0,0,0.0,0.0,0.0,0.0,0.000,0
18,cylinder_soft,2385,106.216,23.584,-7.507,77.088,-6.723,-10.760,29.435,-11.740,1.279,-17.333,-0.784,-14.499,-23.550,5.150,13.793,-31.805,3.018,-30.209,-26.457,0,0,0,0,0.0,0.0,0.0,0.0,0.000,0
18,cylinder_soft,2410,106.216,12.216,-21.031,62.236,-8.291,-11.740,50.923,-5.664,-2.837,-28.077,-3.920,-13.127,-25.130,-1.514,14.969,-19.797,-9.722,-24.721,-31.513,0,0,0,0,0.0,0.0,0.0,0.0,0.000,0
18,cylinder_soft,2436,106.304,13.784,-10.643,60.024,-5.155,-1.352,41.443,-7.624,-1.269,-19.861,-11.760,-18.615,-20.074,3.190,4.385,-27.381,6.938,-24.133,-26.141,0,0,0,0,0.0,0.0,0.0,0.0,0.000,0
18,cylinder_soft,2461,106.216,17.312,-26.519,70.136,5.821,-7.820,43.971,-14.092,2.063,-14.173,-7.252,-15.675,-12.174,-2.494,12.225,-12.213,-2.862,-23.741,-18.873,0,0,0,0,0.0,0.0,0.0,0.0,0.000,0
18,cylinder_soft,2486,106.304,14.372,-12.407,66.028,-8.095,-13.308,31.015,-13.112,-0.485,-18.913,-11.564,-5.091,-31.766,-3.082,13.009,-16.005,-0.314,-28.053,-10.973,0,0,0,0,0.0,0.0,0.0,0.0,0.000,0
18,cylinder_soft,2512,106.216,12.804,-10.839,60.656,0.529,-6.644,44.603,-14.876,-3.425,-19.545,-4.900,-12.147,-26.078,-0.142,12.225,-30.225,-1.294,-22.761,-13.817,0,0,0,0,0.0,0.0,0.0,0.0,0.000,0
18,cylinder_soft,2537,106.304,12.608,-12.799,65.080,-3.587,-4.292,43.023,-7.820,2.455,-15.437,1.176,-10.187,-32.082,-1.514,17.713,-41.917,-0.314,-30.601,-17.925,0,0,0,0,0.0,0.0,0.0,0.0,0.000,0
18,cylinder_soft,2563,106.216,8.688,-26.519,60.656,-1.823,-9.976,37.967,-11.740,0.691,-26.497,-0.784,-13.127,-15.334,-6.414,14.577,-13.477,3.606,-31.189,-29.301,0,0,0,0,0.0,0.0,0.0,0.0,0.000,0
18,cylinder_soft,2588,106.304,16.724,-11.623,77.088,-2.607,3.156,41.127,-23.108,1.083,-18.913,-12.152,-6.855,-31.134,-0.926,11.833,-28.961,-7.174,-30.993,-32.777,0,0,0,0,0.0,0.0,0.0,0.0,0.000,0
18,cylinder_soft,2613,106.304,19.076,-16.327,58.128,-10.447,-6.840,39.231,-11.740,-2.445,-18.281,-8.820,-13.127,-18.810,-2.102,5.561,-22.325,4.194,-37.265,-21.085,0,0,0,0,0.0,0.0,0.0,0.0,0.000,0
18,cylinder_soft,2639,106.304,12.020,-17.503,55.600,-6.527,-6.448,50.607,-7.036,-5.385,-14.173,-13.524,-12.147,-27.974,-0.142,20.849,-21.377,-5.998,-16.685,-17.925,0,0,0,0,0.0,0.0,0.0,0.0,0.000,0
18,cylinder_soft,2664,106.216,14.764,-21.423,72.664,-0.059,-6.644,40.179,-8.016,5.003,-23.969,-17.444,-16.263,-17.862,-18.762,14.969,-32.121,-12.270,-29.425,-22.981,0,0,0,0,0.0,0.0,0.0,0.0,0.000,0
18,cylinder_soft,2689,106.304,15.156,-23.971,69.820,6.801,-4.880,52.503,-4.096,-1.073,-28.077,-7.252,-11.951,-19.442,-3.474,4.777,-18.217,-10.310,-31.973,-14.133,0,0,0,0,0.0,0.0,0.0,0.0,0.000,0
18,cylinder_soft,2715,106.216,16.724,-16.327,66.976,-3.195,0.412,41.443,-7.820,-4.601,-16.701,-0.980,-13.127,-15.966,2.602,11.833,-15.689,2.430,-20.801,-14.449,0,0,0,0,0.0,0.0,0.0,0.0,0.000,0
18,cylinder_soft,2740,106.304,12.804,-20.247,61.920,0.333,-8.996,32.911,-22.520,-2.445,-31.553,-0.196,-4.307,-21.022,3.778,0.661,-26.749,-6.978,-24.329,-38.465,0,0,0,0,0.0,0.0,0.0,0.0,0.000,0
18,cylinder_soft,2766,106.216,15.940,-23.383,64.132,-4.371,-6.056,60.403,-14.484,-8.129,-19.545,-12.348,-19.987,-16.598,-2.102,10.657,-24.221,-12.466,-32.953,-31.829,0,0,0,0,0.0,0.0,0.0,0.0,0.000,0
18,cylinder_soft,2791,106.304,11.824,-19.267,69.504,8.565,-4.684,36.387,-10.956,-5.581,-15.753,-18.032,-8.423,-24.182,-3.670,17.321,-27.697,-5.018,-32.953,-18.873,0,0,0,0,0.0,0.0,0.0,0.0,0.000,0
18,cylinder_soft,2816,106.216,16.724,-21.031,63.816,-0.843,-4.684,54.083,-2.136,-2.445,-22.073,-17.052,-14.695,-17.862,0.446,22.613,-22.957,-1.882,-40.205,-27.721,0,0,0,0,0.0,0.0,0.0,0.0,0.000,0
18,cylinder_soft,2842,106.216,14.372,-4.371,61.288,-2.019,-4.292,55.347,-9.192,-0.093,-23.653,-11.564,-10.579,-21.022,-4.454,20.261,-25.485,-3.450,-31.777,-12.553,0,0,0,0,0.0,0.0,0.0,0.0,0.000,0
18,cylinder_soft,2867,106.216,16.724,-18.875,70.136,-7.115,1.000,37.967,-11.740,-8.717,-20.493,-4.116,-9.599,-35.558,3.386,2.817,-31.805,4.782,-27.661,-18.557,0,0,0,0,0.0,0.0,0.0,0.0,0.000,0
18,cylinder_soft,2892,106.304,18.684,-18.875,67.292,-5.939,-7.036,43.971,-6.056,3.435,-22.073,-9.800,-13.911,-25.446,-0.142,12.029,-32.121,-5.410,-27.661,-29.933,0,0,0,0,0.0,0.0,0.0,0.0,0.000,0
18,cylinder_soft,2918,106.216,17.508,-16.327,60.972,-3.979,-11.544,33.543,-11.740,-0.681,-21.441,-13.916,-14.303,-16.282,-2.886,9.089,-19.797,-0.510,-23.349,-28.037,0,0,0,0,0.0,0.0,0.0,0.0,0.000,0
18,cylinder_soft,2943,106.304,15.940,-17.503,63.184,-6.723,-3.508,43.339,-6.840,-5.581,-17.017,-11.760,-6.855,-18.178,-0.730,14.382,-18.533,-6.194,-27.269,-20.769,0,0,0,0,0.0,0.0,0.0,0.0,0.000,0
18,cylinder_soft,2969,106.304,10.256,-10.447,68.240,-7.899,-16.444,40.179,-18.796,-2.445,-22.073,-10.780,-15.871,-31.134,-4.454,14.185,-23.273,-5.018,-27.269,-18.241,0,0,0,0,0.0,0.0,0.0,0.0,0.000,0
18,cylinder_soft,2994,106.304,14.960,-27.499,69.188,-10.839,-10.956,41.127,-2.136,-4.013,-11.645,4.116,-5.483,-37.138,-8.178,7.129,-17.269,-8.546,-27.661,-31.513,0,0,0,0,0.0,0.0,0.0,0.0,0.000,0
18,cylinder_soft,3020,106.304,22.408,-11.819,66.660,-2.411,2.176,46.183,-13.896,2.259,-29.341,-15.484,-11.755,-19.442,-7.002,18.889,-12.529,7.330,-31.189,-10.025,0,0,0,0,0.0,0.0,0.0,0.0,0.000,0
18,cylinder_soft,3046,106.304,16.920,-20.051,64.132,-2.215,-14.484,47.763,-13.112,4.807,-22.389,-7.448,-17.439,-5.222,0.642,10.265,-18.849,-5.802,-29.425,-15.713,0,0,0,0,0.0,0.0,0.0,0.0,0.000,0
18,cylinder_soft,3071,106.304,12.608,-17.111,65.712,2.293,-4.488,62.615,-11.348,-2.053,-14.489,-9.408,-16.655,-20.390,-1.122,16.145,-17.901,2.822,-25.505,-13.185,0,0,0,0,0.0,0.0,0.0,0.0,0.000,0
18,cylinder_soft,3097,106.216,8.296,-14.367,63.500,-3.195,-8.996,39.863,-9.780,6.375,-6.589,-14.504,-11.559,-22.918,-7.786,11.637,-16.321,-7.174,-34.521,-17.609,0,0,0,0,0.0,0.0,0.0,0.0,0.000,0
18,cylinder_soft,3123,106.216,16.724,-13.387,54.652,-6.723,-15.268,33.859,-15.464,2.259,-10.381,-16.464,-7.639,-21.022,3.582,16.145,-26.433,-0.706,-37.265,-17.293,0,0,0,0,0.0,0.0,0.0,0.0,0.000,0
18,cylinder_soft,3148,106.216,13.588,-15.347,57.812,-12.799,-10.172,43.339,-20.560,2.847,-13.541,-2.352,-16.851,-21.022,-0.926,13.989,-27.381,-9.722,-28.249,-24.245,0,0,0,0,0.0,0.0,0.0,0.0,0.000,0
18,cylinder_soft,3174,106.304,15.352,-10.839,64.764,-7.311,-5.076,32.911,-18.796,0.887,-23.969,-9.016,-14.499,-22.918,1.622,5.365,-21.377,-3.254,-36.285,-20.453,0,0,0,0,0.0,0.0,0.0,0.0,0.000,0
18,cylinder_soft,3199,106.304,22.800,-22.403,61.604,-3.979,-7.428,47.763,-13.112,2.847,-23.653,-7.056,-12.343,-33.346,-1.906,18.889,-28.961,1.254,-29.229,-28.985,0,0,0,0,0.0,0.0,0.0,0.0,0.000,0
18,cylinder_soft,3224,106.216,16.724,-22.207,55.284,6.409,-7.428,39.547,-3.508,1.279,-19.229,-4.312,-14.891,-13.438,-0.142,15.361,-29.277,-2.274,-31.777,-27.405,0,0,0,0,0.0,0.0,0.0,0.0,0.000,0
18,cylinder_soft,3250,106.304,10.060,-17.699,72.664,-10.055,-9.584,38.915,-5.664,-1.269,-34.713,-10.976,-16.655,-23.234,-3.670,10.069,-30.857,0.274,-32.365,-8.761,0,0,0,0,0.0,0.0,0.0,0.0,0.000,0
18,cylinder_soft,3275,106.216,13.392,-15.739,61.288,2.685,-10.368,55.347,-11.152,2.455,-29.025,-8.820,-19.791,-21.022,-2.886,7.717,-30.541,-3.450,-30.013,-26.773,0,0,0,0,0.0,0.0,0.0,0.0,0.000,0
18,cylinder_soft,3301,106.304,24.172,-6.527,61.288,-3.979,-9.192,48.079,-16.052,4.415,-15.121,-10.388,-13.715,-21.022,2.406,3.993,-26.749,-5.018,-27.661,-19.189,0,0,0,0,0.0,0.0,0.0,0.0,0.000,0
18,cylinder_soft,3326,106.216,23.388,-19.463,60.656,0.137,-1.548,36.071,-9.976,-4.797,-20.809,-7.252,-13.519,-28.290,-1.514,16.733,-34.333,-5.998,-26.093,-19.505,0,0,0,0,0.0,0.0,0.0,0.0,0.000,0
18,cylinder_soft,3351,106.304,11.236,-21.815,67.608,4.253,-8.212,36.703,-14.092,1.279,-23.337,-3.724,-12.539,-17.862,-8.766,13.009,-22.641,-0.314,-25.897,-17.293,0,0,0,0,0.0,0.0,0.0,0.0,0.000,0
18,cylinder_soft,3378,106.304,20.448,-18.287,58.760,-4.567,-19.188,39.863,-6.056,0.691,-30.289,-16.856,-17.047,-25.446,1.818,8.501,-22.325,-0.706,-26.093,-20.137,0,0,0,0,0.0,0.0,0.0,0.0,0.000,0
18,cylinder_soft,3404,106.304,19.076,-10.055,60.972,-3.783,0.020,39.547,-9.388,3.043,-14.805,-7.252,-12.931,-27.342,9.854,19.477,-18.533,1.450,-22.957,-18.241,0,0,0,0,0.0,0.0,0.0,0.0,0.000,0
18,cylinder_soft,3430,106.304,0.260,-10.839,64.448,5.821,-5.468,33.227,-4.292,9.707,-18.281,-12.936,-11.167,-21.970,-0.730,17.910,-22.325,-1.098,-27.661,-12.869,0,0,0,0,0.0,0.0,0.0,0.0,0.000,0
18,cylinder_soft,3455,106.304,10.060,-17.895,63.816,0.921,-1.744,38.599,-4.488,-2.837,-23.337,-12.152,-9.991,-18.494,-8.962,13.401,-25.485,4.782,-29.621,-26.773,0,0,0,0,0.0,0.0,0.0,0.0,0.000,0
18,cylinder_soft,3482,106.216,23.584,-20.639,74.244,4.645,-3.704,38.915,-8.408,7.355,-19.229,-10.976,-7.051,-21.970,-3.278,10.265,-31.173,-5.606,-28.053,-19.189,0,0,0,0,0.0,0.0,0.0,0.0,0.000,0
18,cylinder_soft,3507,106.304,15.548,-15.347,63.500,-1.039,-7.820,36.703,-13.896,-0.485,-22.073,-15.484,-17.831,-33.662,-4.062,9.481,-37.177,-0.902,-29.425,-35.305,0,0,0,0,0.0,0.0,0.0,0.0,0.000,0
18,cylinder_soft,3533,106.304,17.312,-12.995,53.072,-4.959,-7.232,34.491,-12.132,-2.249,-15.437,-14.308,-3.523,-27.974,5.150,8.501,-17.269,-1.686,-25.309,-26.141,0,0,0,0,0.0,0.0,0.0,0.0,0.000,0
18,cylinder_soft,3558,106.304,17.312,-14.563,75.508,-9.663,-4.292,43.971,-11.152,-3.033,-19.545,1.372,-9.795,-27.342,-5.630,9.677,-19.481,-5.018,-31.581,-16.661,0,0,0,0,0.0,0.0,0.0,0.0,0.000,0
18,cylinder_soft,3584,106.304,12.216,-16.327,76.456,-2.019,-11.152,67.039,-13.308,-9.893,-22.389,7.056,-5.091,-14.070,-1.906,13.793,-17.269,-4.822,-31.385,-15.081,0,0,0,0,0.0,0.0,0.0,0.0,0.000,0
18,cylinder_soft,3610,106.304,14.176,-19.071,59.708,-2.607,-8.408,33.227,-13.112,-4.013,-17.017,1.176,-9.207,-26.394,-4.062,13.597,-32.753,-2.078,-32.953,-31.513,0,0,0,0,0.0,0.0,0.0,0.0,0.000,0
18,cylinder_soft,3635,106.304,9.472,-20.639,70.452,4.841,4.528,37.335,-13.504,4.219,-3.429,-9.408,-2.739,-25.446,-6.218,13.597,-13.477,1.058,-32.757,-14.765,0,0,0,0,0.0,0.0,0.0,0.0,0.000,0
18,cylinder_soft,3660,106.304,18.488,-12.603,73.296,-3.783,-10.760,34.491,-14.288,-3.033,-22.705,3.528,-19.203,-15.650,-2.886,12.617,-26.749,-3.254,-30.601,-12.869,0,0,0,0,0.0,0.0,0.0,0.0,0.000,0
18,cylinder_soft,3686,106.216,18.292,-11.035,71.400,-3.195,-1.940,44.603,-11.936,9.119,-29.341,-15.288,-11.363,-21.338,5.934,9.873,-28.645,0.470,-25.897,-19.505,0,0,0,0,0.0,0.0,0.0,0.0,0.000,0
18,cylinder_soft,3711,106.304,8.100,-16.523,66.028,-2.215,-3.704,33.227,-5.272,-2.053,-17.649,-9.800,-11.167,-20.390,1.426,14.773,-23.589,-4.234,-25.309,-28.037,0,0,0,0,0.0,0.0,0.0,0.0,0.000,0
18,cylinder_soft,3737,106.304,14.960,-27.107,56.232,-0.059,-6.056,33.227,-11.936,-6.757,-29.025,-19.796,-8.423,-29.870,-2.102,3.405,-24.537,-1.686,-31.973,-10.025,0,0,0,0,0.0,0.0,0.0,0.0,0.000,0
18,cylinder_soft,3762,106.216,15.548,-7.311,71.716,-10.447,-12.132,44.287,-11.936,-2.053,-12.593,-12.936,-12.735,-31.450,-3.278,11.833,-22.957,1.058,-33.933,-25.509,0,0,0,0,0.0,0.0,0.0,0.0,0.000,0
18,cylinder_soft,3787,106.304,16.136,-14.955,56.232,0.725,-7.624,38.915,-16.248,-9.501,-12.909,-9.800,-14.499,-33.662,-4.062,12.617,-29.277,2.038,-28.053,-34.673,0,0,0,0,0.0,0.0,0.0,0.0,0.000,0
18,cylinder_soft,3813,106.216,21.624,-18.875,65.080,-2.215,-7.624,38.283,-17.032,2.259,-11.645,-11.564,-9.991,-24.814,-0.730,10.854,-31.805,4.782,-23.741,-22.349,0,0,0,0,0.0,0.0,0.0,0.0,0.000,0
18,cylinder_soft,3838,106.304,9.276,-8.879,74.244,-5.743,-5.272,32.911,-15.268,-2.641,-24.285,-0.588,-5.287,-27.342,-8.962,0.661,-32.753,-7.566,-26.877,-26.457,0,0,0,0,0.0,0.0,0.0,0.0,0.000,0
18,cylinder_soft,3863,106.304,16.920,-17.503,61.920,-1.431,-1.940,34.807,-7.624,1.867,-34.081,-9.800,-11.559,-30.818,-0.926,13.793,-19.481,4.194,-27.269,-14.133,0,0,0,0,0.0,0.0,0.0,0.0,0.000,0
18,cylinder_soft,3889,106.216,17.508,-23.971,74.244,-1.039,-13.504,39.863,-15.072,3.239,-7.853,-7.056,-15.087,-23.234,-5.042,3.209,-26.433,-4.038,-31.385,-18.873,0,0,0,0,0.0,0.0,0.0,0.0,0.000,0
18,cylinder_soft,3914,106.304,14.960,-13.975,63.500,-9.075,-12.720,33.543,-12.916,6.375,-19.545,-7.840,-9.599,-18.494,-6.806,21.829,-22.009,-4.626,-25.113,-22.033,0,0,0,0,0.0,0.0,0.0,0.0,0.000,0
18,cylinder_soft,3939,106.304,16.136,-5.939,61.920,-1.823,-2.920,47.447,-4.880,2.847,-20.493,-9.408,-19.987,-35.558,-1.906,7.326,-23.273,-3.646,-23.349,-19.189,0,0,0,0,0.0,0.0,0.0,0.0,0.000,0
18,cylinder_soft,3965,106.304,20.644,-18.287,65.712,-4.959,2.568,38.283,-10.760,7.159,-21.125,-6.076,-11.559,-20.706,-6.022,8.501,-22.009,-1.686,-23.741,-13.501,0,0,0,0,0.0,0.0,0.0,0.0,0.000,0
18,cylinder_soft,3997,106.304,17.116,-5.743,69.820,-7.703,-4.292,45.867,-10.760,5.395,-20.493,-12.348,-13.715,-31.450,-2.298,13.205,-28.645,-1.882,-29.425,-22.349,0,0,0,0,0.0,0.0,0.0,0.0,0.000,0
18,cylinder_soft,4023,106.304,10.256,-17.895,58.128,-5.743,-4.488,40.495,-13.700,-0.681,-18.281,-10.976,-18.027,-6.802,-2.298,11.637,-26.433,-6.978,-32.169,-25.509,0,0,0,0,0.0,0.0,0.0,0.0,0.000,0
18,cylinder_soft,4048,106.304,12.216,-26.323,66.660,-4.175,-3.312,51.555,0.804,-1.857,-9.433,-6.860,-13.323,-21.970,0.642,8.501,-32.753,2.430,-29.425,-7.497,0,0,0,0,0.0,0.0,0.0,0.0,0.000,0
18,cylinder_soft,4073,106.216,26.328,-22.599,64.132,-4.371,-13.896,37.651,-11.544,0.887,-13.225,-4.900,-11.167,-13.438,2.406,19.085,-26.117,0.862,-34.129,-16.977,0,0,0,0,0.0,0.0,0.0,0.0,0.000,0
18,cylinder_soft,4099,106.304,15.940,-23.187,69.820,-5.155,-11.152,40.495,-15.660,1.279,-17.649,-7.448,-20.771,-32.398,-3.474,12.029,-24.221,-6.782,-21.389,-22.349,0,0,0,0,0.0,0.0,0.0,0.0,0.000,0
18,cylinder_soft,4124,106.304,13.196,-17.307,55.600,-12.603,-4.488,42.075,-15.072,0.299,-20.177,-7.448,-16.459,-27.658,2.994,13.989,-18.533,-4.626,-30.405,-22.665,0,0,0,0,0.0,0.0,0.0,0.0,0.000,0
18,cylinder_soft,4150,106.304,12.216,-14.955,67.292,-2.607,-7.428,44.919,-20.364,-2.641,-11.961,-6.272,-17.635,-15.966,-2.494,13.793,-13.477,-12.662,-34.129,-20.453,0,0,0,0,0.0,0.0,0.0,0.0,0.000,0
18,cylinder_soft,4175,106.304,11.236,-14.955,67.292,-8.095,-9.388,41.127,-7.036,2.455,-22.073,-8.232,-18.027,-24.182,-2.494,12.813,-15.373,1.254,-30.797,-18.873,0,0,0,0,0.0,0.0,0.0,0.0,0.000,0
18,cylinder_soft,4201,106.304,27.308,-12.407,59.392,-3.783,-2.528,29.435,2.176,0.299,-19.545,-10.976,-6.659,-27.026,-9.550,11.049,-30.541,1.842,-27.269,-11.605,0,0,0,0,0.0,0.0,0.0,0.0,0.000,0
18,cylinder_soft,4226,106.304,23.192,-18.875,67.292,-8.291,-5.664,45.235,-13.504,-12.049,-12.593,-13.328,-7.443,-2.062,-9.942,14.577,-31.489,-0.314,-21.781,-18.873,0,0,0,0,0.0,0.0,0.0,0.0,0.000,0
18,cylinder_soft,4252,106.216,20.252,-21.227,61.604,-0.647,6.684,33.543,1.392,-6.169,-13.541,-9.604,-15.479,-21.022,-6.414,15.753,-39.389,-9.134,-36.677,-23.297,0,0,0,0,0.0,0.0,0.0,0.0,0.000,0
18,cylinder_soft,4277,106.216,17.900,-13.387,61.288,2.685,-2.136,45.235,-10.368,-8.913,-19.229,-18.816,-23.907,-20.706,-8.178,18.497,-18.533,-1.882,-29.033,-16.345,0,0,0,0,0.0,0.0,0.0,0.0,0.000,0
18,cylinder_soft,4303,106.216,15.156,-22.991,63.500,-3.587,-9.976,48.395,-10.760,-1.073,-18.597,-6.076,-5.483,-28.290,-4.650,11.637,-28.013,1.646,-33.737,-27.405,0,0,0,0,0.0,0.0,0.0,0.0,0.000,0
18,cylinder_soft,4329,106.216,18.096,-20.639,55.600,-5.743,-14.288,47.763,-6.448,1.671,-29.973,-8.036,-8.031,-29.238,-3.278,12.029,-27.697,-1.294,-29.229,-22.665,0,0,0,0,0.0,0.0,0.0,0.0,0.000,0
18,cylinder_soft,4354,106.304,16.136,-19.855,77.088,-7.311,-7.232,48.711,-10.760,3.435,-21.125,-7.840,-12.931,-24.182,-4.846,18.497,-23.273,1.646,-26.289,-32.461,0,0,0,0,0.0,0.0,0.0,0.0,0.000,0
18,cylinder_soft,4379,106.304,17.116,-19.071,69.504,-7.311,-6.448,49.343,-4.096,-2.837,-18.913,-16.856,-6.855,-36.506,4.758,13.989,-22.957,-0.902,-19.625,-13.185,0,0,0,0,0.0,0.0,0.0,0.0,0.000,0
18,cylinder_soft,4406,106.304,24.956,-21.423,72.980,3.469,-2.136,42.075,-4.488,-2.445,-18.281,-6.272,-20.183,-23.866,-10.138,9.089,-11.897,3.606,-33.933,-16.661,0,0,0,0,0.0,0.0,0.0,0.0,0.000,0
18,cylinder_soft,4432,106.304,5.356,-17.307,66.976,3.469,-13.700,36.071,-7.036,2.063,-9.749,-5.096,-10.579,-28.606,6.522,12.225,-23.273,4.782,-33.541,-32.461,0,0,0,0,0.0,0.0,0.0,0.0,0.000,0
18,cylinder_soft,4457,106.304,16.528,-17.307,68.240,-6.919,-10.368,35.123,-7.820,5.787,-26.497,-4.508,-11.755,-30.186,-4.846,14.185,-30.541,-4.234,-30.797,-37.833,0,0,0,0,0.0,0.0,0.0,0.0,0.000,0
18,cylinder_soft,4483,106.304,18.096,-15.543,59.076,-1.431,-12.916,39.863,-13.504,-4.993,-20.809,-12.936,-8.815,-16.914,-4.846,17.910,-34.017,3.410,-26.289,-15.713,0,0,0,0,0.0,0.0,0.0,0.0,0.000,0
18,cylinder_soft,4508,106.304,14.176,-19.267,53.388,4.057,-3.116,47.131,-8.996,6.571,-25.865,-19.796,-14.891,-26.394,-2.886,6.541,-25.801,1.842,-28.641,-10.341,0,0,0,0,0.0,0.0,0.0,0.0,0.000,0
18,cylinder_soft,4534,106.304,16.920,-11.035,51.808,-1.823,-13.112,47.763,-0.372,-2.249,-13.541,-12.348,-8.815,-18.178,-3.670,13.989,-24.853,2.234,-23.545,-30.249,0,0,0,0,0.0,0.0,0.0,0.0,0.000,0
18,cylinder_soft,4559,106.304,8.492,-22.207,61.920,3.469,-1.744,51.239,-2.332,-3.621,-31.553,-12.152,-16.851,-19.126,-0.730,19.281,-34.965,-3.450,-40.009,-16.029,0,0,0,0,0.0,0.0,0.0,0.0,0.000,0
18,cylinder_soft,4585,106.304,24.564,-9.663,59.708,-5.743,-9.780,55.979,-16.248,2.259,-23.021,-10.976,-14.107,-20.074,-11.510,13.009,-17.901,-1.882,-32.561,-27.089,0,0,0,0,0.0,0.0,0.0,0.0,0.000,0
18,cylinder_soft,4611,106.304,10.060,-17.503,67.608,3.469,-5.076,51.555,-10.956,7.747,-30.289,-11.172,-12.343,-13.122,5.346,12.813,-26.117,-5.606,-24.525,-25.509,0,0,0,0,0.0,0.0,0.0,0.0,0.000,0
18,cylinder_soft,4636,106.216,16.332,-17.111,61.604,-4.763,-8.604,41.127,-12.328,-5.581,-21.757,-12.544,-17.831,-16.914,3.582,14.382,-28.645,-2.470,-24.329,-26.773,0,0,0,0,0.0,0.0,0.0,0.0,0.000,0
18,cylinder_soft,4662,106.216,19.468,-17.699,56.864,-8.291,-6.056,36.387,-9.388,-2.837,-14.173,-11.564,-15.675,-27.342,-4.062,13.401,-18.533,-1.490,-25.897,-23.929,0,0,0,0,0.0,0.0,0.0,0.0,0.000,0
18,cylinder_soft,4688,106.304,11.236,-26.519,79.932,-2.215,-6.644,33.227,-14.876,10.295,-30.605,-12.740,-9.599,-34.926,0.446,15.361,-21.693,-0.510,-28.445,-24.561,0,0,0,0,0.0,0.0,0.0,0.0,0.000,0
18,cylinder_soft,4713,106.304,16.528,-23.579,57.812,-2.215,-2.332,55.979,-7.624,-6.169,-23.021,-6.272,-18.615,-15.966,0.250,8.305,-21.061,-4.430,-43.145,-29.301,0,0,0,0,0.0,0.0,0.0,0.0,0.000,0
18,cylinder_soft,4739,106.304,15.156,-19.071,54.968,-0.059,-15.464,50.923,-8.016,-6.169,-19.229,-6.468,-9.991,-20.390,0.054,9.285,-21.693,-2.274,-32.169,-27.405,0,0,0,0,0.0,0.0,0.0,0.0,0.000,0
18,cylinder_soft,4764,106.304,15.940,-16.327,67.924,-4.959,-15.856,31.015,-10.760,5.787,-31.553,-11.172,-22.535,-11.542,4.170,12.617,-25.485,-8.546,-31.581,-9.393,0,0,0,0,0.0,0.0,0.0,0.0,0.000,0
18,cylinder_soft,4790,106.304,24.760,-22.403,56.864,-0.451,-6.448,49.027,-8.212,-5.385,-22.073,-12.152,-10.579,-12.806,-8.374,17.125,-10.633,-16.386,-23.153,-12.237,0,0,0,0,0.0,0.0,0.0,0.0,0.000,0
18,cylinder_soft,4815,106.304,12.412,-19.267,59.392,-4.371,-12.916,44.603,-17.228,-6.169,-22.389,-4.900,-5.483,-20.074,1.230,3.993,-24.221,-0.706,-31.973,-24.877,0,0,0,0,0.0,0.0,0.0,0.0,0.000,0
18,cylinder_soft,4840,106.216,12.804,-24.755,62.868,-0.255,-12.132,31.331,-10.564,-1.465,-7.537,-13.132,-7.835,-18.810,-7.198,15.753,-25.801,3.410,-36.481,-15.713,0,0,0,0,0.0,0.0,0.0,0.0,0.000,0
18,cylinder_soft,4866,106.304,13.980,-15.151,59.076,-5.155,-9.780,43.655,-1.352,-9.501,-20.809,-12.348,-9.403,-24.814,-2.690,11.441,-32.437,-2.470,-31.581,-31.197,0,0,0,0,0.0,0.0,0.0,0.0,0.000,0
18,cylinder_soft,4891,106.216,20.644,-10.055,62.868,-0.451,-13.112,41.443,-10.172,-0.093,-23.653,0.980,-8.619,-32.082,-4.650,11.245,-31.489,-13.054,-24.525,-24.877,0,0,0,0,0.0,0.0,0.0,0.0,0.000,0
18,cylinder_soft,4917,106.304,14.764,-26.911,64.448,-5.351,-11.544,30.067,-19.776,1.279,-18.597,-2.352,-9.991,-27.026,-6.022,18.105,-34.333,-2.078,-19.233,-18.873,0,0,0,0,0.0,0.0,0.0,0.0,0.000,0
18,cylinder_soft,4943,106.304,12.804,-20.639,61.920,1.117,1.588,37.019,-2.332,-4.405,-20.177,-9.800,-2.151,-13.754,-0.926,15.165,-25.169,-8.742,-33.345,-18.557,0,0,0,0,0.0,0.0,0.0,0.0,0.000,0
18,cylinder_soft,4968,106.216,23.976,-17.895,67.924,-7.507,-20.560,35.123,-8.408,-3.621,-24.285,-14.308,-5.875,-17.230,-2.886,15.361,-9.685,-8.742,-28.445,-32.777,0,0,0,0,0.0,0.0,0.0,0.0,0.000,0
18,cylinder_soft,4994,106.216,15.744,-17.111,70.136,-6.331,-8.604,39.863,-15.660,0.691,-34.081,-11.172,-14.891,-19.442,-2.298,8.893,-25.169,-6.978,-31.385,-16.345,0,0,0,0,0.0,0.0,0.0,0.0,0.000,0
