grasp_id,label,timestamp_ms,enc_deg,s0_dx,s0_dy,s0_dz,s1_dx,s1_dy,s1_dz,s2_dx,s2_dy,s2_dz,s3_dx,s3_dy,s3_dz,t1_flag,t2_flag,t1_ms,t2_ms,load_t1,load_t2,current_t1,current_t2,enc_t1,time_to_stall_ms,t1_source
1,no_object,6,60.896,-0.300,-1.200,4.355,-1.050,-0.600,2.422,8.551,8.100,10.406,-0.749,-4.500,-0.242,0,0,0,0,0.0,0.0,0.0,0.0,0.000,0,0
1,no_object,56,61.424,-3.375,-7.650,-13.430,4.050,-0.676,-0.002,-12.375,-8.324,-11.254,-5.400,-9.450,-10.891,0,0,0,0,0.0,0.0,0.0,0.0,0.000,0,0
1,no_object,107,63.360,-12.149,-12.375,-15.973,9.900,10.575,20.691,-8.775,-5.851,-12.705,4.726,-1.800,4.355,0,0,0,0,0.0,0.0,0.0,0.0,0.000,0,0
1,no_object,157,65.648,12.375,8.550,13.432,-7.875,-11.475,-14.518,13.500,6.975,9.438,11.699,12.601,17.424,0,0,0,0,0.0,0.0,0.0,0.0,0.000,0,0
1,no_object,208,68.640,-10.576,-7.875,-3.268,-0.225,0.226,3.633,19.574,17.550,23.957,-4.275,3.826,2.180,0,0,0,0,0.0,0.0,0.0,0.0,0.000,0,0
1,no_object,259,71.544,-16.201,-21.150,-29.768,8.551,9.900,15.246,0.450,-0.900,5.807,1.351,-0.450,-1.453,0,0,0,0,0.0,0.0,0.0,0.0,0.000,0,0
1,no_object,310,74.448,-5.850,-2.925,-4.717,9.001,12.600,11.252,-22.274,-22.275,-33.035,-6.075,-5.175,-6.898,0,0,0,0,0.0,0.0,0.0,0.0,0.000,0,0
1,no_object,361,77.440,13.949,13.950,25.410,-21.600,-22.949,-42.107,29.250,30.601,47.918,-12.600,-14.399,-18.877,0,0,0,0,0.0,0.0,0.0,0.0,0.000,0,0
1,no_object,413,80.432,-1.575,-4.274,-3.994,17.774,11.700,26.500,-16.426,-12.375,-15.971,11.925,9.449,11.617,0,0,0,0,0.0,0.0,0.0,0.0,0.000,0,0
1,no_object,464,83.512,5.850,7.649,13.795,-13.500,-16.200,-18.875,12.150,6.750,13.793,-11.250,-6.299,-17.424,0,0,0,0,0.0,0.0,0.0,0.0,0.000,0,0
1,no_object,521,86.856,4.499,-0.450,0.002,-2.699,0.675,-10.166,12.601,11.475,20.691,4.725,10.574,10.164,0,0,0,0,0.0,0.0,0.0,0.0,0.000,0,0
1,no_object,572,89.848,5.850,-1.350,10.164,2.699,3.149,10.889,9.000,8.550,14.521,2.250,-1.800,-2.904,0,0,0,0,0.0,0.0,0.0,0.0,0.000,0,0
1,no_object,622,92.840,4.275,1.800,12.705,13.275,11.925,19.965,5.175,3.150,4.719,-4.500,-5.175,-7.260,0,0,0,0,0.0,0.0,0.0,0.0,0.000,0,0
1,no_object,673,95.832,-20.250,-22.500,-34.850,13.050,18.900,27.586,-1.350,-1.801,-4.354,13.051,6.750,21.779,0,0,0,0,0.0,0.0,0.0,0.0,0.000,0,0
1,no_object,723,98.824,-8.549,-5.176,-10.889,-0.900,2.024,6.533,-13.500,-12.824,-11.254,-12.374,-13.275,-13.068,0,0,0,0,0.0,0.0,0.0,0.0,0.000,0,0
1,no_object,775,101.728,2.700,0.899,2.178,9.899,9.450,21.053,-21.600,-19.351,-29.766,3.150,8.100,5.807,0,0,0,0,0.0,0.0,0.0,0.0,0.000,0,0
1,no_object,825,104.808,-19.350,-18.000,-30.492,12.600,9.000,21.779,9.450,4.500,13.795,-4.950,-2.699,3.631,0,0,0,0,0.0,0.0,0.0,0.0,0.000,0,0
1,no_object,875,107.712,17.100,24.300,39.205,-3.150,-4.051,-11.617,-4.500,-4.950,-7.262,7.650,5.399,18.150,0,0,0,0,0.0,0.0,0.0,0.0,0.000,0,0
1,no_object,925,109.120,-5.103,-4.359,-8.010,13.316,14.260,20.512,-9.179,-8.119,-9.934,-7.014,-7.361,-7.805,0,0,0,0,0.0,0.0,0.0,0.0,0.000,0,0
1,no_object,976,109.472,0.748,3.741,4.334,9.267,11.110,21.238,-6.929,-5.869,1.682,-4.313,-4.661,-7.080,0,0,0,0,0.0,0.0,0.0,0.0,0.000,0,0
1,no_object,1026,109.472,5.248,3.291,10.143,-14.133,-14.091,-20.145,-16.828,-15.770,-19.373,6.036,6.139,12.523,0,0,0,0,0.0,0.0,0.0,0.0,0.000,0,0
1,no_object,1077,109.472,-6.901,-3.459,-5.104,11.066,12.460,21.965,3.871,-0.020,6.764,-8.813,-12.312,-18.693,0,0,0,0,0.0,0.0,0.0,0.0,0.000,0,0
1,no_object,1127,109.472,11.099,12.741,23.936,-18.633,-15.440,-30.307,-14.578,-13.969,-20.824,-20.964,-22.212,-33.215,0,0,0,0,0.0,0.0,0.0,0.0,0.000,0,0
1,no_object,1177,109.472,4.798,3.291,14.498,-21.334,-19.940,-36.115,-6.929,-7.669,-9.207,-1.163,-1.962,-1.996,1,0,1177,0,0.0,0.0,41.0,0.0,109.472,0,2
1,no_object,1235,109.472,-12.752,-10.658,-23.980,2.066,3.010,3.088,-17.279,-22.520,-28.084,3.786,3.889,-1.996,0,0,1177,0,0.0,0.0,41.0,0.0,109.472,0,2
1,no_object,1286,109.472,-23.552,-25.959,-34.145,4.316,-2.841,-1.992,3.422,3.131,5.312,5.136,5.239,3.813,0,0,1177,0,0.0,0.0,41.0,0.0,109.472,0,2
1,no_object,1336,109.472,-9.603,-9.309,-15.270,-1.084,-0.140,-0.541,12.871,15.281,24.187,18.187,14.239,27.043,0,0,1177,0,0.0,0.0,41.0,0.0,109.472,0,2
1,no_object,1386,109.472,-10.952,-13.359,-18.172,-11.434,-14.540,-21.596,16.922,18.881,27.090,7.837,6.589,11.797,0,0,1177,0,0.0,0.0,41.0,0.0,109.472,1386,2
1,no_object,1438,109.472,-3.302,-0.309,-2.201,-8.733,-12.290,-18.691,1.621,1.781,6.039,-5.663,-4.212,-4.174,0,0,1177,0,0.0,0.0,41.0,0.0,109.472,1386,2
1,no_object,1489,109.472,-1.052,0.592,3.607,-11.883,-7.341,-17.238,-3.779,-6.770,-9.207,-2.514,-0.161,-2.723,0,0,1177,0,0.0,0.0,41.0,0.0,109.472,1386,2
1,no_object,1540,109.472,7.048,5.991,8.689,-7.383,-6.890,-17.238,-13.229,-11.270,-12.838,-1.614,-1.511,-5.627,0,0,1177,0,0.0,0.0,41.0,0.0,109.472,1386,2
1,no_object,1591,109.472,9.298,7.791,16.674,-3.783,-5.990,-11.432,-11.429,-15.770,-25.180,9.187,10.639,10.346,0,0,1177,0,0.0,0.0,41.0,0.0,109.472,1386,2
1,no_object,1642,109.472,-12.752,-10.209,-16.721,-22.684,-23.990,-36.115,-3.328,-5.869,-3.400,1.087,1.639,2.359,0,0,1177,0,0.0,0.0,41.0,0.0,109.472,1386,2
1,no_object,1693,109.472,-7.353,-9.309,-13.816,-10.084,-10.490,-19.418,19.621,17.081,26.365,-11.514,-14.111,-18.693,0,0,1177,0,0.0,0.0,41.0,0.0,109.472,1386,2
1,no_object,1744,109.472,-6.002,-5.709,-7.283,-11.434,-10.490,-20.145,7.471,4.031,9.668,-6.114,-8.712,-3.447,0,0,1177,0,0.0,0.0,41.0,0.0,109.472,1386,2
1,no_object,1796,109.472,-4.651,-4.359,-6.557,16.467,13.810,20.512,16.471,13.480,19.105,-19.163,-18.161,-31.037,0,0,1177,0,0.0,0.0,41.0,0.0,109.472,1386,2
1,no_object,1847,109.472,-5.103,-3.908,-6.557,-10.533,-10.490,-17.965,-7.828,-4.969,-9.934,-7.913,-10.962,-18.693,0,0,1177,0,0.0,0.0,41.0,0.0,109.472,1386,2
1,no_object,1898,109.472,-6.901,-7.509,-15.994,4.767,3.909,5.266,6.121,6.281,15.477,1.536,1.639,7.441,0,0,1177,0,0.0,0.0,41.0,0.0,109.472,1386,2
1,no_object,1949,109.472,-4.202,-7.059,-3.652,4.316,2.560,7.445,-2.429,-1.369,-1.223,1.536,0.739,-0.545,0,0,1177,0,0.0,0.0,41.0,0.0,109.472,1386,2
1,no_object,2000,109.472,3.448,-0.759,0.703,7.467,5.710,8.896,-6.479,-5.419,-6.305,-13.313,-11.861,-21.600,0,0,1177,0,0.0,0.0,41.0,0.0,109.472,1386,2
1,no_object,2051,109.472,-11.401,-11.559,-16.721,10.617,6.610,12.527,-19.078,-20.719,-26.633,-2.063,-1.062,-2.723,0,0,1177,0,0.0,0.0,41.0,0.0,109.472,1386,2
1,no_object,2101,109.472,0.298,0.592,1.428,-1.983,-3.290,-3.445,-17.279,-17.119,-19.373,-10.614,-11.411,-14.338,0,0,1177,0,0.0,0.0,41.0,0.0,109.472,1386,2
1,no_object,2151,109.472,-7.353,-6.609,-8.734,1.617,-4.640,-5.623,4.321,0.881,3.859,-3.864,-2.861,-0.545,0,0,1177,0,0.0,0.0,41.0,0.0,109.472,1386,2
1,no_object,2202,109.472,-4.202,-3.908,-6.557,-7.834,-4.190,-13.609,3.871,3.581,5.312,-8.364,-12.761,-18.693,0,1,1177,2202,0.0,0.0,41.0,41.0,109.472,1386,2
2,no_object,6,60.896,1.950,1.950,4.355,-1.950,-7.350,-7.744,19.350,22.950,30.008,0.601,2.250,6.291,0,0,0,0,0.0,0.0,0.0,0.0,0.000,0,0
2,no_object,56,61.424,12.824,15.750,24.322,-3.601,-5.625,-5.084,-4.726,0.676,4.717,5.400,-0.899,2.904,0,0,0,0,0.0,0.0,0.0,0.0,0.000,0,0
2,no_object,106,63.360,-22.500,-19.125,-34.123,2.251,1.125,3.992,17.775,18.000,29.402,-4.274,-14.851,-15.246,0,0,0,0,0.0,0.0,0.0,0.0,0.000,0,0
2,no_object,157,65.648,7.425,1.350,8.350,-5.174,-6.975,-7.984,4.500,-5.175,0.000,6.750,3.601,19.602,0,0,0,0,0.0,0.0,0.0,0.0,0.000,0,0
2,no_object,209,68.640,2.475,-2.025,7.623,-2.925,-1.575,0.727,2.925,4.500,7.986,1.125,1.125,2.180,0,0,0,0,0.0,0.0,0.0,0.0,0.000,0,0
2,no_object,259,71.456,6.750,5.850,11.615,9.451,13.949,21.055,-3.150,-5.400,-1.453,-25.199,-23.851,-42.109,0,0,0,0,0.0,0.0,0.0,0.0,0.000,0,0
2,no_object,309,74.360,-5.400,-2.475,-0.363,7.650,9.900,12.703,-17.774,-20.475,-17.062,-12.825,-12.375,-15.611,0,0,0,0,0.0,0.0,0.0,0.0,0.000,0,0
2,no_object,360,77.352,7.649,14.400,11.617,-18.000,-14.400,-28.312,5.399,10.801,12.344,-25.650,-26.101,-40.658,0,0,0,0,0.0,0.0,0.0,0.0,0.000,0,0
2,no_object,411,80.344,-14.625,-18.675,-30.855,2.925,5.399,2.539,1.125,4.274,6.533,4.726,0.900,-0.725,0,0,0,0,0.0,0.0,0.0,0.0,0.000,0,0
2,no_object,462,83.336,7.650,11.700,26.863,-19.351,-23.399,-34.848,-1.350,-5.400,-7.986,-13.949,-14.850,-22.506,0,0,0,0,0.0,0.0,0.0,0.0,0.000,0,0
2,no_object,513,86.416,12.600,8.101,19.602,-5.850,-5.176,-13.795,17.101,17.775,25.047,4.274,4.725,5.809,0,0,0,0,0.0,0.0,0.0,0.0,0.000,0,0
2,no_object,564,89.408,-26.551,-29.250,-37.025,6.750,11.699,14.520,17.551,17.101,29.768,-10.350,-7.650,-13.793,0,0,0,0,0.0,0.0,0.0,0.0,0.000,0,0
2,no_object,616,92.400,14.625,15.300,27.951,-25.425,-25.875,-49.730,17.774,13.950,20.691,0.449,-2.024,0.000,0,0,0,0,0.0,0.0,0.0,0.0,0.000,0,0
2,no_object,667,95.480,-25.649,-22.049,-33.398,6.750,10.351,21.053,0.000,-0.450,-3.629,-12.600,-14.850,-18.148,0,0,0,0,0.0,0.0,0.0,0.0,0.000,0,0
2,no_object,718,98.472,1.801,6.524,5.809,-1.350,2.924,7.984,-3.150,-7.424,0.361,-3.374,-7.875,-5.080,0,0,0,0,0.0,0.0,0.0,0.0,0.000,0,0
2,no_object,769,101.376,-8.101,-7.649,-12.342,5.850,3.150,15.246,-9.449,-5.400,0.000,-2.250,-0.449,-5.082,0,0,0,0,0.0,0.0,0.0,0.0,0.000,0,0
2,no_object,820,104.456,-14.850,-16.199,-23.230,11.699,5.851,17.424,0.900,3.150,2.178,-10.350,-4.949,-18.150,0,0,0,0,0.0,0.0,0.0,0.0,0.000,0,0
2,no_object,871,107.536,22.950,27.899,36.301,9.900,8.100,2.178,28.800,25.199,51.545,-1.800,-0.451,7.260,0,0,0,0,0.0,0.0,0.0,0.0,0.000,0,0
2,no_object,923,109.032,0.748,0.141,5.061,-3.783,-4.190,0.186,-6.929,-9.469,-13.564,-7.464,-9.611,-10.709,0,0,0,0,0.0,0.0,0.0,0.0,0.000,0,0
2,no_object,973,109.384,-13.651,-12.009,-17.447,-6.483,-6.890,-12.158,2.521,0.881,4.586,-10.163,-10.962,-7.080,0,0,0,0,0.0,0.0,0.0,0.0,0.000,0,0
2,no_object,1025,109.472,7.048,5.991,10.143,-17.733,-23.540,-31.758,23.221,26.081,43.063,-7.913,-6.462,-7.080,0,0,0,0,0.0,0.0,0.0,0.0,0.000,0,0
2,no_object,1076,109.472,-2.853,-3.009,-5.830,-8.733,-9.591,-18.691,-1.979,-0.020,-3.400,-5.214,-4.212,-12.160,0,0,0,0,0.0,0.0,0.0,0.0,0.000,0,0
2,no_object,1126,109.472,1.198,-2.109,-0.748,-16.834,-11.841,-28.855,11.071,11.682,19.105,-1.614,-5.111,-1.996,0,0,0,0,0.0,0.0,0.0,0.0,0.000,0,0
2,no_object,1176,109.472,2.998,4.641,5.785,-6.483,-8.690,-11.432,7.021,6.730,11.846,-18.714,-15.911,-35.393,1,0,1176,0,0.0,0.0,41.0,0.0,109.472,0,2
2,no_object,1234,109.472,-19.502,-14.709,-28.338,2.066,0.760,-4.172,-11.879,-12.619,-23.002,-8.364,-6.911,-7.805,0,0,1176,0,0.0,0.0,41.0,0.0,109.472,0,2
2,no_object,1284,109.472,-12.302,-12.009,-18.898,-6.483,-9.591,-15.061,-8.729,-8.119,-13.564,-10.163,-6.462,-20.873,0,0,1176,0,0.0,0.0,41.0,0.0,109.472,0,2
2,no_object,1335,109.472,-14.552,-14.709,-20.350,-7.383,-9.591,-20.869,4.321,8.081,7.490,-1.163,-4.212,-4.174,0,0,1176,0,0.0,0.0,41.0,0.0,109.472,0,2
2,no_object,1386,109.472,-4.202,-7.959,-4.377,-17.283,-18.591,-28.855,11.521,4.932,12.570,-11.063,-13.661,-19.420,0,0,1176,0,0.0,0.0,41.0,0.0,109.472,1386,2
2,no_object,1437,109.472,2.548,2.842,3.607,-17.283,-17.240,-32.484,0.271,2.682,10.393,-15.114,-14.111,-23.051,0,0,1176,0,0.0,0.0,41.0,0.0,109.472,1386,2
2,no_object,1488,109.472,5.248,5.991,6.512,0.267,-0.591,5.992,21.422,20.230,32.898,-6.563,-4.661,-9.982,0,0,1176,0,0.0,0.0,41.0,0.0,109.472,1386,2
2,no_object,1539,109.560,-4.202,-3.459,0.703,2.517,7.060,8.170,11.521,14.381,22.010,-4.764,-4.661,-14.338,0,0,1176,0,0.0,0.0,41.0,0.0,109.472,1386,2
2,no_object,1590,109.472,-3.752,-3.459,-6.557,-10.084,-6.440,-15.787,4.321,8.081,14.023,-7.464,-8.712,-11.434,0,0,1176,0,0.0,0.0,41.0,0.0,109.472,1386,2
2,no_object,1641,109.472,-0.151,1.941,-3.652,-10.533,-10.040,-15.061,10.621,10.781,14.750,-15.114,-15.911,-22.324,0,0,1176,0,0.0,0.0,41.0,0.0,109.472,1386,2
2,no_object,1692,109.472,2.099,1.041,-0.748,-16.834,-18.591,-28.855,-0.179,1.781,-4.127,6.486,6.139,17.605,0,0,1176,0,0.0,0.0,41.0,0.0,109.472,1386,2
2,no_object,1743,109.472,-2.401,1.491,-4.377,-2.883,-3.740,-7.801,6.571,7.182,11.119,-19.163,-13.212,-21.600,0,0,1176,0,0.0,0.0,41.0,0.0,109.472,1386,2
2,no_object,1794,109.472,12.448,11.391,15.223,2.517,5.710,9.623,11.071,9.432,15.477,2.437,0.288,0.182,0,0,1176,0,0.0,0.0,41.0,0.0,109.472,1386,2
2,no_object,1844,109.472,-0.603,-1.658,-0.748,-0.633,-0.140,2.361,2.521,4.932,0.955,-6.563,-6.911,-12.885,0,0,1176,0,0.0,0.0,41.0,0.0,109.472,1386,2
2,no_object,1896,109.472,-6.452,-7.059,-5.830,-5.584,-5.540,-12.158,-7.379,-9.469,-10.660,9.187,8.389,14.701,0,0,1176,0,0.0,0.0,41.0,0.0,109.472,1386,2
2,no_object,1947,109.472,-5.103,-3.908,-7.283,-7.834,-12.290,-17.238,6.571,8.081,11.119,-6.114,-2.861,-6.354,0,0,1176,0,0.0,0.0,41.0,0.0,109.472,1386,2
2,no_object,1998,109.472,-7.802,-6.158,-8.010,4.316,6.159,9.623,6.571,6.730,11.119,2.437,-0.161,1.635,0,0,1176,0,0.0,0.0,41.0,0.0,109.472,1386,2
2,no_object,2049,109.472,-14.103,-13.359,-17.447,16.017,19.659,29.225,-6.029,-2.270,-2.676,1.986,-1.062,0.908,0,0,1176,0,0.0,0.0,41.0,0.0,109.472,1386,2
2,no_object,2100,109.472,-13.651,-14.709,-31.240,-12.334,-14.091,-20.145,5.221,1.781,4.586,6.937,4.339,6.715,0,0,1176,0,0.0,0.0,41.0,0.0,109.472,1386,2
2,no_object,2150,109.472,-15.452,-13.809,-25.432,-12.334,-11.390,-12.883,10.621,11.230,21.285,-2.063,-0.611,0.908,0,0,1176,0,0.0,0.0,41.0,0.0,109.472,1386,2
2,no_object,2201,109.472,0.298,0.592,3.607,-7.834,-3.740,-12.158,7.922,2.230,6.764,9.636,8.839,9.619,0,1,1176,2201,0.0,0.0,41.0,41.0,109.472,1386,2
3,no_object,5,60.896,13.200,15.900,26.135,5.250,3.900,13.311,11.250,8.550,14.035,-19.649,-16.200,-28.555,0,0,0,0,0.0,0.0,0.0,0.0,0.000,0,0
3,no_object,57,61.512,15.975,13.050,22.871,-4.500,-4.275,-2.906,-0.226,3.825,-1.816,-3.600,-8.550,-10.891,0,0,0,0,0.0,0.0,0.0,0.0,0.000,0,0
3,no_object,108,63.448,-9.899,-3.825,-15.973,4.950,6.075,12.707,14.175,14.850,27.225,0.226,-5.400,4.355,0,0,0,0,0.0,0.0,0.0,0.0,0.000,0,0
3,no_object,158,65.736,-2.925,-4.051,-4.719,-13.725,-15.975,-26.861,1.350,-2.475,-9.439,-8.551,-9.000,-18.877,0,0,0,0,0.0,0.0,0.0,0.0,0.000,0,0
3,no_object,209,68.728,8.774,2.024,12.705,5.625,0.675,7.986,38.925,39.150,59.531,-19.125,-14.625,-28.312,0,0,0,0,0.0,0.0,0.0,0.0,0.000,0,0
3,no_object,260,71.544,-6.301,-8.101,-6.533,-4.049,-2.250,-2.902,-13.500,-13.500,-25.412,-16.199,-15.300,-23.232,0,0,0,0,0.0,0.0,0.0,0.0,0.000,0,0
3,no_object,310,74.536,1.801,2.476,0.363,-1.350,-3.150,-2.543,4.726,4.275,4.717,-16.425,-19.125,-21.418,0,0,0,0,0.0,0.0,0.0,0.0,0.000,0,0
3,no_object,362,77.440,-3.150,2.700,0.000,-15.750,-17.100,-27.588,6.299,11.250,19.604,-21.600,-23.399,-31.219,0,0,0,0,0.0,0.0,0.0,0.0,0.000,0,0
3,no_object,413,80.520,7.875,10.575,17.787,-1.126,-5.399,-3.992,2.475,6.524,9.438,10.575,4.050,4.355,0,0,0,0,0.0,0.0,0.0,0.0,0.000,0,0
3,no_object,464,83.512,3.600,2.700,11.617,-29.250,-32.399,-45.736,-1.350,-4.950,-11.615,-25.199,-22.949,-37.025,0,0,0,0,0.0,0.0,0.0,0.0,0.000,0,0
3,no_object,516,86.592,-11.251,-12.601,-26.137,-3.150,-2.926,-13.795,13.501,10.574,9.801,4.725,2.925,7.986,0,0,0,0,0.0,0.0,0.0,0.0,0.000,0,0
3,no_object,568,89.672,-18.900,-21.600,-26.135,-1.350,-0.451,-2.906,13.500,13.050,23.961,-17.100,-17.550,-29.039,0,0,0,0,0.0,0.0,0.0,0.0,0.000,0,0
3,no_object,620,92.752,24.975,29.250,49.732,1.125,-4.274,2.541,31.726,35.551,50.457,-4.950,-3.825,0.727,0,0,0,0,0.0,0.0,0.0,0.0,0.000,0,0
3,no_object,671,95.744,1.351,4.051,0.000,-0.899,-3.149,3.629,9.900,6.300,15.973,-21.600,-24.300,-32.670,0,0,0,0,0.0,0.0,0.0,0.0,0.000,0,0
3,no_object,723,98.824,3.150,5.625,13.068,8.100,9.674,14.520,-11.250,-9.225,-10.529,-25.874,-28.125,-40.654,0,0,0,0,0.0,0.0,0.0,0.0,0.000,0,0
3,no_object,774,101.728,-13.500,-8.550,-13.068,1.350,-0.900,7.260,-2.699,-2.250,2.904,-16.199,-8.100,-18.877,0,0,0,0,0.0,0.0,0.0,0.0,0.000,0,0
3,no_object,825,104.896,-10.801,-10.799,-13.793,-3.600,-11.250,-13.068,5.850,10.801,15.246,-28.350,-25.649,-42.834,0,0,0,0,0.0,0.0,0.0,0.0,0.000,0,0
3,no_object,876,107.800,8.551,13.050,8.713,10.800,6.300,3.629,21.150,20.699,34.123,-0.900,0.449,3.631,0,0,0,0,0.0,0.0,0.0,0.0,0.000,0,0
3,no_object,926,109.120,4.798,5.541,8.689,-3.334,-1.040,-4.898,14.672,11.682,24.914,-9.264,-6.462,-13.611,0,0,0,0,0.0,0.0,0.0,0.0,0.000,0,0
3,no_object,977,109.472,1.647,-2.109,-1.475,-1.533,-7.790,-1.268,-9.179,-1.818,-0.496,-0.714,-0.611,2.359,0,0,0,0,0.0,0.0,0.0,0.0,0.000,0,0
3,no_object,1029,109.472,-5.552,-4.359,-5.830,-1.084,-2.841,0.910,-19.529,-20.270,-32.441,-10.614,-10.511,-15.791,0,0,0,0,0.0,0.0,0.0,0.0,0.000,0,0
3,no_object,1080,109.472,-12.302,-17.408,-16.721,-3.783,-3.740,-4.898,-2.429,-2.719,-4.854,-16.464,-15.462,-23.777,0,0,0,0,0.0,0.0,0.0,0.0,0.000,0,0
3,no_object,1132,109.472,-19.052,-16.509,-31.967,-1.983,-4.190,-4.172,5.221,6.281,9.668,-1.163,0.288,-7.805,0,0,0,0,0.0,0.0,0.0,0.0,0.000,0,0
3,no_object,1183,109.472,-6.901,-7.059,-16.721,-17.733,-18.591,-29.582,12.871,11.682,19.832,-5.663,-3.761,-8.531,1,0,1183,0,0.0,0.0,41.0,0.0,109.472,0,2
3,no_object,1240,109.472,-4.651,-3.908,-15.270,-16.834,-16.790,-32.484,11.971,12.131,19.105,-3.413,-8.712,-11.434,0,0,1183,0,0.0,0.0,41.0,0.0,109.472,0,2
3,no_object,1292,109.472,-11.401,-8.408,-15.270,-1.084,3.460,0.186,-7.379,-7.219,-9.934,14.136,10.639,18.332,0,0,1183,0,0.0,0.0,41.0,0.0,109.472,0,2
3,no_object,1343,109.472,-12.375,-12.375,-20.328,6.524,5.850,5.807,-2.926,3.824,-2.906,-24.975,-20.475,-34.121,0,0,1183,0,0.0,0.0,41.0,0.0,109.472,0,2
3,no_object,1394,109.472,-4.651,1.941,-2.201,-20.883,-18.591,-27.404,13.321,12.131,19.832,14.136,14.688,27.043,0,0,1183,0,0.0,0.0,41.0,0.0,109.472,1394,2
3,no_object,1444,109.472,-8.702,-9.309,-13.092,2.517,-1.040,2.361,-10.078,-11.270,-19.373,-10.614,-7.812,-13.611,0,0,1183,0,0.0,0.0,41.0,0.0,109.472,1394,2
3,no_object,1496,109.472,4.349,6.441,6.512,-2.883,-1.490,-5.623,-10.529,-12.619,-17.195,-6.563,-6.911,-9.982,0,0,1183,0,0.0,0.0,41.0,0.0,109.472,1394,2
3,no_object,1547,109.472,3.448,3.291,9.416,7.467,6.159,11.801,2.521,2.230,5.312,-18.714,-20.861,-34.666,0,0,1183,0,0.0,0.0,41.0,0.0,109.472,1394,2
3,no_object,1597,109.472,-0.603,0.592,-1.475,4.316,3.460,3.088,1.172,4.480,3.133,3.786,4.339,7.441,0,0,1183,0,0.0,0.0,41.0,0.0,109.472,1394,2
3,no_object,1648,109.472,-6.901,-9.309,-13.816,11.517,12.010,15.432,2.971,-2.719,-2.676,-1.163,-1.062,-0.545,0,0,1183,0,0.0,0.0,41.0,0.0,109.472,1394,2
3,no_object,1699,109.472,1.198,3.741,3.607,-11.883,-10.490,-20.145,-2.429,-0.469,0.230,-11.964,-12.761,-19.420,0,0,1183,0,0.0,0.0,41.0,0.0,109.472,1394,2
3,no_object,1750,109.472,-6.002,-7.509,-10.912,-26.733,-25.790,-44.102,-10.529,-12.619,-12.838,-8.813,-8.261,-9.982,0,0,1183,0,0.0,0.0,41.0,0.0,109.472,1394,2
3,no_object,1802,109.472,-17.252,-22.359,-34.869,-15.483,-15.440,-25.953,-6.479,-3.169,-2.676,-14.663,-14.111,-23.777,0,0,1183,0,0.0,0.0,41.0,0.0,109.472,1394,2
3,no_object,1853,109.472,2.998,2.842,6.512,-8.283,-3.740,-7.801,-3.779,-1.818,0.230,9.636,7.489,16.154,0,0,1183,0,0.0,0.0,41.0,0.0,109.472,1394,2
3,no_object,1904,109.472,-17.252,-13.809,-27.611,4.767,6.610,7.445,8.371,8.980,9.668,-7.464,-10.511,-15.791,0,0,1183,0,0.0,0.0,41.0,0.0,109.472,1394,2
3,no_object,1955,109.472,3.897,1.041,2.881,8.367,6.159,9.623,20.071,22.031,35.805,5.587,1.639,3.813,0,0,1183,0,0.0,0.0,41.0,0.0,109.472,1394,2
3,no_object,2006,109.472,8.397,10.041,12.320,6.117,0.760,8.170,-9.629,-7.669,-15.016,11.437,11.089,20.510,0,0,1183,0,0.0,0.0,41.0,0.0,109.472,1394,2
3,no_object,2057,109.472,-16.353,-15.158,-25.432,2.066,4.360,5.992,0.721,-1.369,-0.496,8.286,7.489,11.797,0,0,1183,0,0.0,0.0,41.0,0.0,109.472,1394,2
3,no_object,2109,109.472,6.599,6.441,7.236,-4.684,-9.140,-8.527,-2.429,-5.869,-7.031,-2.514,-3.761,-9.982,0,0,1183,0,0.0,0.0,41.0,0.0,109.472,1394,2
3,no_object,2159,109.472,-4.651,-2.559,-6.557,8.367,8.860,12.527,6.571,6.730,11.119,1.087,2.089,5.990,0,0,1183,0,0.0,0.0,41.0,0.0,109.472,1394,2
3,no_object,2210,109.472,-2.401,0.141,2.154,-5.133,-3.290,-6.350,-14.129,-8.568,-23.002,-2.964,1.188,-4.900,0,1,1183,2210,0.0,0.0,41.0,42.0,109.472,1394,2
4,no_object,6,60.896,7.350,7.351,13.793,-2.851,-1.949,-0.482,-8.100,-10.351,-19.361,-23.700,-17.101,-28.555,0,0,0,0,0.0,0.0,0.0,0.0,0.000,0,0
4,no_object,57,61.512,7.424,9.449,6.898,-6.300,-9.676,-14.521,-9.675,-9.675,-8.352,-14.400,-22.500,-32.670,0,0,0,0,0.0,0.0,0.0,0.0,0.000,0,0
4,no_object,108,63.360,2.250,6.075,5.807,11.251,11.926,25.773,11.925,12.600,25.047,-2.924,-7.200,-6.535,0,0,0,0,0.0,0.0,0.0,0.0,0.000,0,0
4,no_object,159,65.736,-8.774,-9.450,-13.430,-9.225,-9.225,-15.244,2.700,-2.925,1.451,1.799,1.800,5.082,0,0,0,0,0.0,0.0,0.0,0.0,0.000,0,0
4,no_object,210,68.728,5.625,3.824,13.432,-9.225,-5.175,-9.438,20.475,19.350,28.312,8.775,10.125,10.164,0,0,0,0,0.0,0.0,0.0,0.0,0.000,0,0
4,no_object,261,71.632,8.100,1.799,12.342,19.801,18.449,36.301,-18.000,-20.700,-26.863,-19.799,-22.500,-36.301,0,0,0,0,0.0,0.0,0.0,0.0,0.000,0,0
4,no_object,311,74.448,13.950,16.876,28.678,-3.149,-0.450,-5.445,1.125,1.574,5.443,-1.125,0.225,4.719,0,0,0,0,0.0,0.0,0.0,0.0,0.000,0,0
4,no_object,363,77.440,2.250,3.600,6.535,5.400,4.950,5.809,8.549,7.650,7.986,-29.700,-28.351,-44.287,0,0,0,0,0.0,0.0,0.0,0.0,0.000,0,0
4,no_object,414,80.520,15.074,11.925,15.609,2.024,5.399,3.266,4.274,5.175,13.795,11.025,12.600,15.246,0,0,0,0,0.0,0.0,0.0,0.0,0.000,0,0
4,no_object,465,83.512,-13.050,-11.700,-17.422,-31.500,-33.750,-54.449,-3.150,-11.250,-6.535,-22.949,-22.949,-31.943,0,0,0,0,0.0,0.0,0.0,0.0,0.000,0,0
4,no_object,516,86.592,12.600,11.250,15.248,20.250,26.324,31.217,26.101,26.775,44.648,-10.125,-2.926,-16.697,0,0,0,0,0.0,0.0,0.0,0.0,0.000,0,0
4,no_object,567,89.496,4.500,2.250,6.535,9.000,7.199,21.779,15.750,15.750,24.686,4.050,5.400,2.904,0,0,0,0,0.0,0.0,0.0,0.0,0.000,0,0
4,no_object,617,92.488,7.426,8.550,16.336,6.075,2.024,10.527,26.325,26.551,42.469,-6.750,-7.875,-10.889,0,0,0,0,0.0,0.0,0.0,0.0,0.000,0,0
4,no_object,668,95.480,-9.449,-10.799,-16.699,-7.200,-7.649,-3.633,-24.750,-24.301,-38.477,-28.350,-33.300,-43.561,0,0,0,0,0.0,0.0,0.0,0.0,0.000,0,0
4,no_object,719,98.472,-17.549,-11.476,-24.684,-1.350,0.225,7.260,11.700,11.926,22.143,-12.825,-8.775,-15.971,0,0,0,0,0.0,0.0,0.0,0.0,0.000,0,0
4,no_object,770,101.464,-4.500,0.000,0.000,-3.150,-0.900,5.082,-1.799,-4.500,3.631,-4.500,-3.150,-7.262,0,0,0,0,0.0,0.0,0.0,0.0,0.000,0,0
4,no_object,820,104.544,-17.551,-17.549,-24.684,18.900,17.101,29.041,-0.900,-1.800,-7.260,-7.200,-4.500,-12.342,0,0,0,0,0.0,0.0,0.0,0.0,0.000,0,0
4,no_object,871,107.536,13.051,17.550,18.877,1.350,0.449,-10.891,11.250,8.550,15.246,-5.850,-4.500,-2.178,0,0,0,0,0.0,0.0,0.0,0.0,0.000,0,0
4,no_object,922,109.032,4.349,3.741,10.143,6.117,7.510,9.623,-2.879,-6.770,-7.031,-0.264,0.739,3.813,0,0,0,0,0.0,0.0,0.0,0.0,0.000,0,0
4,no_object,972,109.472,9.748,9.592,18.854,-3.783,-1.040,-1.992,-14.578,-13.068,-23.729,-11.514,-15.011,-20.146,0,0,0,0,0.0,0.0,0.0,0.0,0.000,0,0
4,no_object,1024,109.472,0.298,-3.009,-0.023,-21.783,-23.091,-32.484,-4.679,-1.818,-2.676,-12.413,-10.511,-15.064,0,0,0,0,0.0,0.0,0.0,0.0,0.000,0,0
4,no_object,1075,109.472,-6.901,-5.709,-10.912,-14.584,-13.640,-20.869,-11.429,-12.619,-17.922,-11.063,-9.161,-14.338,0,0,0,0,0.0,0.0,0.0,0.0,0.000,0,0
4,no_object,1126,109.472,-1.052,1.041,-3.652,-5.584,-5.990,-12.883,9.721,5.831,8.941,-26.813,-28.511,-44.830,0,0,0,0,0.0,0.0,0.0,0.0,0.000,0,0
4,no_object,1177,109.472,-14.552,-15.158,-24.707,14.666,16.510,21.965,18.721,20.682,32.174,-8.813,-12.761,-21.600,1,0,1177,0,0.0,0.0,41.0,0.0,109.472,0,2
4,no_object,1235,109.472,-17.252,-19.209,-32.693,-12.334,-14.091,-22.320,-17.729,-16.219,-20.100,-14.663,-19.062,-32.488,0,0,1177,0,0.0,0.0,41.0,0.0,109.472,0,2
4,no_object,1285,109.472,-0.151,-0.759,6.512,3.416,2.560,0.186,-9.179,-9.020,-22.275,5.587,2.989,2.359,0,0,1177,0,0.0,0.0,41.0,0.0,109.472,0,2
4,no_object,1336,109.472,-6.452,-4.359,-6.557,4.316,4.810,7.445,-2.429,0.881,3.133,-11.964,-15.011,-15.791,0,0,1177,0,0.0,0.0,41.0,0.0,109.472,0,2
4,no_object,1388,109.472,-4.651,-8.408,-13.816,0.717,0.310,-1.268,3.871,1.781,5.312,-18.714,-21.312,-28.857,0,0,1177,0,0.0,0.0,41.0,0.0,109.472,1388,2
4,no_object,1439,109.472,11.548,15.441,24.662,-7.383,-5.091,-6.350,-7.828,-5.419,-7.756,-16.913,-19.062,-27.406,0,0,1177,0,0.0,0.0,41.0,0.0,109.472,1388,2
4,no_object,1490,109.472,-4.202,-3.908,-10.186,16.017,16.510,25.594,7.021,6.730,12.570,-5.663,-5.111,-4.174,0,0,1177,0,0.0,0.0,41.0,0.0,109.472,1388,2
4,no_object,1541,109.472,5.698,7.342,9.416,-4.684,-8.240,-11.432,-5.129,-7.219,-11.387,-19.163,-22.212,-28.857,0,0,1177,0,0.0,0.0,41.0,0.0,109.472,1388,2
4,no_object,1592,109.472,12.897,13.641,22.482,6.566,8.860,13.979,-8.729,-6.770,-4.127,-6.563,-7.361,-10.709,0,0,1177,0,0.0,0.0,41.0,0.0,109.472,1388,2
4,no_object,1643,109.472,-7.802,-7.059,-17.447,4.316,3.010,10.348,17.371,19.781,29.270,-14.663,-15.011,-25.955,0,0,1177,0,0.0,0.0,41.0,0.0,109.472,1388,2
4,no_object,1694,109.472,-3.752,-7.509,-6.557,4.316,7.060,3.814,3.871,3.581,2.408,8.736,2.989,13.250,0,0,1177,0,0.0,0.0,41.0,0.0,109.472,1388,2
4,no_object,1745,109.472,-6.002,-4.359,-4.377,7.916,9.310,10.348,23.672,20.230,33.625,-2.514,3.438,0.182,0,0,1177,0,0.0,0.0,41.0,0.0,109.472,1388,2
4,no_object,1796,109.472,-7.353,-3.908,-9.461,-8.283,-11.390,-17.965,2.971,2.230,7.490,-12.864,-19.062,-31.762,0,0,1177,0,0.0,0.0,41.0,0.0,109.472,1388,2
4,no_object,1847,109.472,-5.103,-3.908,-6.557,-11.883,-9.591,-20.869,1.621,4.031,0.955,-6.563,-4.661,-12.160,0,0,1177,0,0.0,0.0,41.0,0.0,109.472,1388,2
4,no_object,1898,109.472,-15.002,-16.059,-21.803,-7.383,-9.591,-10.707,2.521,4.031,5.312,-8.813,-12.312,-17.242,0,0,1177,0,0.0,0.0,41.0,0.0,109.472,1388,2
4,no_object,1949,109.472,-14.552,-10.658,-18.898,2.066,1.659,0.186,-2.429,-1.369,-11.387,-5.663,-8.261,-5.627,0,0,1177,0,0.0,0.0,41.0,0.0,109.472,1388,2
4,no_object,2000,109.472,6.147,9.141,10.867,-2.883,-1.490,-4.898,23.221,24.730,43.789,-11.964,-16.812,-20.873,0,0,1177,0,0.0,0.0,41.0,0.0,109.472,1388,2
4,no_object,2051,109.472,6.599,0.141,8.689,-4.233,-5.091,-1.992,-6.929,-7.219,-10.660,-12.413,-14.562,-20.146,0,0,1177,0,0.0,0.0,41.0,0.0,109.472,1388,2
4,no_object,2101,109.472,1.198,-0.759,4.334,-14.133,-14.540,-22.320,-6.929,-6.318,-10.660,-19.163,-19.062,-27.406,0,0,1177,0,0.0,0.0,41.0,0.0,109.472,1388,2
4,no_object,2152,109.472,4.798,4.191,10.867,4.316,3.909,5.266,3.422,1.781,3.133,-4.764,-7.361,-8.531,0,0,1177,0,0.0,0.0,41.0,0.0,109.472,1388,2
4,no_object,2202,109.472,3.897,3.741,10.143,10.166,10.659,21.965,-8.729,-5.869,-9.207,-2.514,-2.411,-4.900,0,1,1177,2202,0.0,0.0,41.0,41.0,109.472,1388,2
5,no_object,6,60.896,-10.200,-11.550,-14.520,6.149,5.250,8.229,5.400,4.050,6.775,7.800,10.351,16.457,0,0,0,0,0.0,0.0,0.0,0.0,0.000,0,0
5,no_object,56,61.424,5.174,8.550,8.350,-5.851,-7.426,-15.248,-20.476,-16.875,-22.871,-27.900,-31.500,-44.287,0,0,0,0,0.0,0.0,0.0,0.0,0.000,0,0
5,no_object,107,63.360,-0.450,4.274,2.176,9.001,9.676,19.965,22.725,21.600,41.018,16.875,11.249,20.328,0,0,0,0,0.0,0.0,0.0,0.0,0.000,0,0
5,no_object,158,65.736,4.274,2.250,7.623,-3.824,-3.825,-7.258,15.301,8.325,16.697,0.449,2.250,1.453,0,0,0,0,0.0,0.0,0.0,0.0,0.000,0,0
5,no_object,209,68.640,18.674,22.274,32.307,3.825,6.525,13.795,5.175,8.100,11.615,6.525,10.576,16.699,0,0,0,0,0.0,0.0,0.0,0.0,0.000,0,0
5,no_object,260,71.544,1.350,-0.451,8.713,9.000,8.100,17.424,0.900,-1.350,1.451,-27.000,-26.101,-39.930,0,0,0,0,0.0,0.0,0.0,0.0,0.000,0,0
5,no_object,311,74.448,-5.400,-11.024,-9.801,26.101,26.550,43.195,-17.324,-12.375,-23.598,12.375,11.475,18.512,0,0,0,0,0.0,0.0,0.0,0.0,0.000,0,0
5,no_object,361,77.440,19.799,22.950,40.656,-17.100,-15.300,-29.039,0.000,0.900,4.357,-18.450,-18.899,-23.961,0,0,0,0,0.0,0.0,0.0,0.0,0.000,0,0
5,no_object,412,80.432,0.225,3.825,1.814,12.825,11.250,18.512,5.174,7.875,15.246,-5.175,-7.650,-15.971,0,0,0,0,0.0,0.0,0.0,0.0,0.000,0,0
5,no_object,463,83.424,-8.550,-3.601,-9.438,-7.649,-15.300,-21.055,6.750,2.699,5.082,-17.100,-16.199,-25.410,0,0,0,0,0.0,0.0,0.0,0.0,0.000,0,0
5,no_object,513,86.328,4.499,3.601,3.631,-12.150,-11.025,-26.863,5.851,7.425,5.445,9.225,7.425,10.164,0,0,0,0,0.0,0.0,0.0,0.0,0.000,0,0
5,no_object,565,89.408,-14.851,-14.400,-13.793,6.300,9.449,18.148,12.150,11.250,20.330,10.350,11.250,13.068,0,0,0,0,0.0,0.0,0.0,0.0,0.000,0,0
5,no_object,616,92.400,15.975,19.350,30.131,0.225,2.925,5.445,8.325,4.500,4.719,-14.850,-15.075,-21.053,0,0,0,0,0.0,0.0,0.0,0.0,0.000,0,0
5,no_object,668,95.480,-19.350,-19.350,-29.768,-1.800,-0.449,-2.906,-9.000,-7.200,-7.984,-5.850,-4.500,-10.164,0,0,0,0,0.0,0.0,0.0,0.0,0.000,0,0
5,no_object,718,98.472,-10.799,-5.176,-13.793,-3.150,-1.576,0.725,-7.650,-8.324,-2.541,9.675,8.324,16.697,0,0,0,0,0.0,0.0,0.0,0.0,0.000,0,0
5,no_object,768,101.288,18.000,19.800,33.396,-8.551,-12.600,-13.068,8.101,9.000,13.068,17.551,22.500,31.943,0,0,0,0,0.0,0.0,0.0,0.0,0.000,0,0
5,no_object,818,104.368,-4.051,-4.049,-5.809,-10.350,-14.399,-23.959,24.301,26.100,34.123,-5.400,-3.149,-5.809,0,0,0,0,0.0,0.0,0.0,0.0,0.000,0,0
5,no_object,869,107.360,14.400,18.000,18.150,-5.850,-6.750,-21.055,0.900,-4.051,4.355,-2.699,-4.500,0.000,0,0,0,0,0.0,0.0,0.0,0.0,0.000,0,0
5,no_object,920,109.032,13.798,16.342,21.758,-4.233,-1.040,1.637,-10.078,-5.419,-15.016,-26.813,-27.611,-45.557,0,0,0,0,0.0,0.0,0.0,0.0,0.000,0,0
5,no_object,971,109.472,-15.452,-12.459,-29.062,-5.584,-8.690,-5.623,9.721,9.881,16.201,-25.014,-26.261,-40.475,0,0,0,0,0.0,0.0,0.0,0.0,0.000,0,0
5,no_object,1021,109.472,-12.302,-11.559,-15.994,-9.184,-7.790,-14.336,-4.679,-5.419,-6.305,5.136,2.538,6.715,0,0,0,0,0.0,0.0,0.0,0.0,0.000,0,0
5,no_object,1072,109.472,-6.002,-2.559,-5.104,-14.584,-11.841,-21.596,-4.679,-5.869,-7.756,4.687,5.688,2.359,0,0,0,0,0.0,0.0,0.0,0.0,0.000,0,0
5,no_object,1122,109.472,-2.401,-4.359,-7.283,-14.584,-13.190,-25.953,-6.929,-4.520,-4.854,-5.663,-1.511,0.182,0,0,0,0,0.0,0.0,0.0,0.0,0.000,0,0
5,no_object,1173,109.472,8.397,6.891,11.594,-11.883,-14.540,-24.500,9.721,7.631,8.215,-14.663,-15.462,-22.324,1,0,1173,0,0.0,0.0,41.0,0.0,109.472,0,2
5,no_object,1232,109.472,6.147,7.342,6.512,9.717,12.909,17.607,18.721,17.531,22.010,-15.114,-14.562,-20.873,0,0,1173,0,0.0,0.0,41.0,0.0,109.472,0,2
5,no_object,1283,109.472,8.397,7.791,15.223,-10.084,-7.341,-11.432,3.422,5.831,-0.496,-10.163,-10.511,-15.064,0,0,1173,0,0.0,0.0,41.0,0.0,109.472,0,2
5,no_object,1333,109.472,-8.252,-5.709,-15.270,2.066,2.560,-0.541,10.621,12.581,14.023,-5.663,-2.861,-9.982,0,0,1173,0,0.0,0.0,41.0,0.0,109.472,0,2
5,no_object,1385,109.472,-5.552,-3.009,-5.104,2.517,5.260,5.992,7.021,4.932,11.846,5.587,5.688,8.893,0,0,1173,0,0.0,0.0,41.0,0.0,109.472,1385,2
5,no_object,1435,109.472,-8.252,-8.408,-15.270,3.867,2.560,6.719,11.521,8.980,19.105,3.337,1.639,1.635,0,0,1173,0,0.0,0.0,41.0,0.0,109.472,1385,2
5,no_object,1485,109.472,-3.302,-4.809,-7.283,2.517,3.909,-0.541,-1.529,-2.719,-4.127,14.587,9.288,20.510,0,0,1173,0,0.0,0.0,41.0,0.0,109.472,1385,2
5,no_object,1537,109.472,-10.952,-10.658,-20.350,-6.483,-3.740,-13.609,-0.629,-2.270,-7.031,-23.214,-24.462,-38.297,0,0,1173,0,0.0,0.0,41.0,0.0,109.472,1385,2
5,no_object,1588,109.472,-17.252,-16.059,-21.803,3.867,5.260,7.445,-8.729,-6.770,-9.934,-4.764,-3.312,-6.354,0,0,1173,0,0.0,0.0,41.0,0.0,109.472,1385,2
5,no_object,1640,109.472,-1.952,0.592,-2.201,0.717,0.760,2.361,-17.729,-15.318,-20.100,-12.413,-7.812,-14.338,0,0,1173,0,0.0,0.0,41.0,0.0,109.472,1385,2
5,no_object,1691,109.472,-10.502,-6.158,-15.994,-2.883,-8.690,-15.061,13.771,13.480,19.832,2.437,1.188,2.359,0,0,1173,0,0.0,0.0,41.0,0.0,109.472,1385,2
5,no_object,1742,109.472,-1.502,-0.759,0.703,0.717,0.760,-3.445,-7.379,-6.770,-13.564,9.636,9.739,15.428,0,0,1173,0,0.0,0.0,41.0,0.0,109.472,1385,2
5,no_object,1793,109.472,12.448,14.092,21.758,-1.533,0.760,-0.541,-10.529,-11.719,-12.838,-20.514,-23.562,-39.748,0,0,1173,0,0.0,0.0,41.0,0.0,109.472,1385,2
5,no_object,1844,109.472,11.099,14.991,23.936,-3.334,-2.390,-6.350,5.221,7.182,0.955,0.187,4.339,1.635,0,0,1173,0,0.0,0.0,41.0,0.0,109.472,1385,2
5,no_object,1895,109.472,0.748,2.391,1.428,-13.684,-12.740,-22.320,-1.979,-3.169,-3.400,9.636,6.139,14.701,0,0,1173,0,0.0,0.0,41.0,0.0,109.472,1385,2
5,no_object,1946,109.472,4.349,1.491,-0.023,-6.483,-8.240,-10.707,1.172,3.581,-1.223,-2.964,-2.861,-8.531,0,0,1173,0,0.0,0.0,41.0,0.0,109.472,1385,2
5,no_object,1999,109.472,12.448,14.092,23.936,-8.283,-6.440,-12.158,2.971,1.331,-1.223,-20.514,-24.462,-28.857,0,0,1173,0,0.0,0.0,41.0,0.0,109.472,1385,2
5,no_object,2051,109.472,-12.302,-11.559,-18.898,2.967,2.110,3.088,12.422,10.781,18.379,2.437,2.538,0.182,0,0,1173,0,0.0,0.0,41.0,0.0,109.472,1385,2
5,no_object,2102,109.472,-3.752,-5.259,-8.010,-7.834,-5.091,-7.076,-19.529,-17.568,-26.633,-6.114,-3.312,-14.338,0,0,1173,0,0.0,0.0,41.0,0.0,109.472,1385,2
5,no_object,2153,109.472,-3.302,-6.158,-5.104,12.416,11.560,14.705,15.571,17.081,29.996,2.437,2.538,1.635,0,0,1173,0,0.0,0.0,41.0,0.0,109.472,1385,2
5,no_object,2204,109.472,6.147,4.641,11.594,11.517,9.310,21.238,-11.429,-9.020,-19.373,5.136,6.589,11.797,0,1,1173,2204,0.0,0.0,41.0,41.0,109.472,1385,2
6,no_object,6,60.896,18.149,22.650,34.848,-6.899,-7.350,-11.373,9.900,8.550,10.406,-9.300,-7.200,-11.133,0,0,0,0,0.0,0.0,0.0,0.0,0.000,0,0
6,no_object,58,61.512,6.074,9.900,11.979,-10.351,-11.926,-15.248,-8.774,-7.875,-13.434,4.950,-0.899,6.533,0,0,0,0,0.0,0.0,0.0,0.0,0.000,0,0
6,no_object,108,63.448,9.450,10.125,22.504,-5.399,-5.625,-9.801,3.375,4.049,6.172,4.726,1.350,7.258,0,0,0,0,0.0,0.0,0.0,0.0,0.000,0,0
6,no_object,159,65.736,-8.325,-10.801,-15.607,-21.375,-24.975,-34.846,-6.300,-14.175,-18.877,-11.250,-5.851,-11.615,0,0,0,0,0.0,0.0,0.0,0.0,0.000,0,0
6,no_object,210,68.728,16.424,12.375,27.951,-12.824,-10.575,-10.889,5.175,10.350,15.971,-16.875,-11.924,-23.232,0,0,0,0,0.0,0.0,0.0,0.0,0.000,0,0
6,no_object,261,71.544,-0.451,-4.951,-3.629,9.900,7.650,14.521,6.750,3.600,17.422,-32.850,-31.950,-50.820,0,0,0,0,0.0,0.0,0.0,0.0,0.000,0,0
6,no_object,312,74.448,3.150,2.476,0.363,6.300,7.650,11.252,-24.074,-24.075,-37.391,-5.175,-3.824,2.539,0,0,0,0,0.0,0.0,0.0,0.0,0.000,0,0
6,no_object,363,77.528,10.799,15.301,24.686,-6.750,-6.300,-12.342,-8.101,-1.799,-2.902,-18.450,-20.700,-26.863,0,0,0,0,0.0,0.0,0.0,0.0,0.000,0,0
6,no_object,413,80.432,9.675,8.775,5.443,-2.925,-2.250,3.266,8.324,10.125,18.150,-6.975,-13.950,-22.506,0,0,0,0,0.0,0.0,0.0,0.0,0.000,0,0
6,no_object,465,83.600,-4.949,-2.250,0.000,-27.000,-31.950,-48.641,26.550,23.400,31.945,-13.500,-15.299,-22.506,0,0,0,0,0.0,0.0,0.0,0.0,0.000,0,0
6,no_object,515,86.504,-0.001,0.000,5.809,8.551,11.475,14.520,16.650,18.675,24.320,11.475,12.375,20.330,0,0,0,0,0.0,0.0,0.0,0.0,0.000,0,0
6,no_object,566,89.496,-9.900,-13.051,-20.328,-6.750,-5.851,-8.711,5.850,2.250,6.535,-4.500,-4.949,-2.178,0,0,0,0,0.0,0.0,0.0,0.0,0.000,0,0
6,no_object,617,92.488,4.725,6.300,7.623,-22.725,-23.175,-38.842,23.175,25.650,29.402,1.800,-0.226,2.906,0,0,0,0,0.0,0.0,0.0,0.0,0.000,0,0
6,no_object,668,95.568,2.250,-0.899,-2.906,-12.601,-10.350,-13.070,-4.051,-1.801,-1.451,-1.800,-3.150,2.178,0,0,0,0,0.0,0.0,0.0,0.0,0.000,0,0
6,no_object,720,98.560,1.801,3.824,7.986,-15.300,-15.525,-28.314,-12.150,-16.424,-12.707,6.075,6.524,14.521,0,0,0,0,0.0,0.0,0.0,0.0,0.000,0,0
6,no_object,771,101.464,1.351,7.649,9.438,12.149,14.850,22.506,-12.600,-14.400,-22.504,11.700,8.100,15.246,0,0,0,0,0.0,0.0,0.0,0.0,0.000,0,0
6,no_object,822,104.632,-9.900,-9.899,-20.328,3.150,-0.899,5.082,9.900,8.551,14.521,-8.100,-1.799,-0.727,0,0,0,0,0.0,0.0,0.0,0.0,0.000,0,0
6,no_object,873,107.624,33.301,36.899,51.547,8.100,2.699,-0.727,-8.551,-10.801,-14.521,-9.000,-2.250,-10.164,0,0,0,0,0.0,0.0,0.0,0.0,0.000,0,0
6,no_object,924,109.032,8.849,7.342,19.580,-16.383,-17.240,-25.953,2.071,2.682,2.408,2.437,-1.962,0.908,0,0,0,0,0.0,0.0,0.0,0.0,0.000,0,0
6,no_object,974,109.384,15.147,14.541,23.936,-12.334,-15.440,-19.418,-1.078,-0.469,-0.496,-20.063,-21.761,-30.311,0,0,0,0,0.0,0.0,0.0,0.0,0.000,0,0
6,no_object,1025,109.472,2.998,0.141,-0.748,7.467,11.110,13.979,1.172,3.131,6.039,2.886,1.188,0.908,0,0,0,0,0.0,0.0,0.0,0.0,0.000,0,0
6,no_object,1075,109.472,-0.603,2.391,4.334,-10.533,-10.490,-15.061,13.321,9.881,18.379,0.187,4.339,-0.545,0,0,0,0,0.0,0.0,0.0,0.0,0.000,0,0
6,no_object,1125,109.472,16.498,15.441,29.742,15.566,18.760,32.854,-13.679,-14.869,-23.002,-3.413,-0.161,-4.174,0,0,0,0,0.0,0.0,0.0,0.0,0.000,0,0
6,no_object,1175,109.472,9.748,10.941,19.580,-12.334,-10.940,-20.869,-6.479,-2.270,-4.854,10.087,8.839,12.523,1,0,1175,0,0.0,0.0,41.0,0.0,109.472,0,2
6,no_object,1233,109.472,19.198,14.092,28.291,2.967,1.659,0.910,6.121,13.480,19.832,5.587,6.589,5.990,0,0,1175,0,0.0,0.0,41.0,0.0,109.472,0,2
6,no_object,1285,109.472,5.248,4.641,8.689,-3.783,-1.490,-8.527,15.571,18.881,19.832,-5.663,-1.962,-9.256,0,0,1175,0,0.0,0.0,41.0,0.0,109.472,0,2
6,no_object,1336,109.472,-1.052,2.391,-2.201,-5.584,-9.591,-10.707,10.621,9.432,16.928,1.536,-0.611,3.086,0,0,1175,0,0.0,0.0,41.0,0.0,109.472,0,2
6,no_object,1387,109.472,-14.103,-14.259,-26.158,-11.434,-10.940,-14.336,-2.879,-5.869,-0.496,-8.813,-10.511,-18.693,0,0,1175,0,0.0,0.0,41.0,0.0,109.472,1387,2
6,no_object,1439,109.472,12.448,9.592,23.936,15.117,16.960,27.047,-4.229,-0.020,-9.934,-0.264,-1.962,0.182,0,0,1175,0,0.0,0.0,41.0,0.0,109.472,1387,2
6,no_object,1490,109.472,10.647,12.291,20.305,-22.233,-22.190,-33.938,0.271,0.432,-1.223,-5.214,-5.562,-10.709,0,0,1175,0,0.0,0.0,41.0,0.0,109.472,1387,2
6,no_object,1540,109.472,11.998,7.791,18.127,0.267,0.760,4.539,9.721,9.881,16.928,-10.163,-8.261,-12.160,0,0,1175,0,0.0,0.0,41.0,0.0,109.472,1387,2
6,no_object,1591,109.472,-4.202,-4.809,-11.639,-6.934,-6.890,-8.527,-2.429,-0.020,-6.305,-2.514,-0.611,-1.271,0,0,1175,0,0.0,0.0,41.0,0.0,109.472,1387,2
6,no_object,1643,109.472,5.698,5.991,6.512,15.117,17.860,34.307,-1.529,1.781,-2.676,-27.714,-27.611,-44.104,0,0,1175,0,0.0,0.0,41.0,0.0,109.472,1387,2
6,no_object,1693,109.472,-7.802,-5.709,-5.830,4.767,4.810,10.348,5.672,6.281,13.297,-0.264,0.739,-2.723,0,0,1175,0,0.0,0.0,41.0,0.0,109.472,1387,2
6,no_object,1744,109.472,3.448,2.391,2.881,-16.834,-15.890,-25.953,0.721,-0.020,-3.400,-8.813,-3.761,-4.900,0,0,1175,0,0.0,0.0,41.0,0.0,109.472,1387,2
6,no_object,1795,109.472,-13.651,-9.759,-18.172,9.717,11.110,19.785,-11.429,-6.318,-9.207,-11.063,-10.962,-15.791,0,0,1175,0,0.0,0.0,41.0,0.0,109.472,1387,2
6,no_object,1846,109.472,-9.151,-11.559,-21.076,1.617,-1.940,-7.076,-6.479,-9.469,-9.207,8.736,9.288,11.797,0,0,1175,0,0.0,0.0,41.0,0.0,109.472,1387,2
6,no_object,1897,109.472,10.647,10.041,17.400,4.767,2.560,8.896,-0.629,0.432,-2.676,-15.563,-10.511,-24.502,0,0,1175,0,0.0,0.0,41.0,0.0,109.472,1387,2
6,no_object,1949,109.472,-9.151,-7.059,-17.447,1.166,1.210,3.814,-8.729,-4.969,-17.195,-27.264,-22.212,-36.119,0,0,1175,0,0.0,0.0,41.0,0.0,109.472,1387,2
6,no_object,2000,109.472,2.548,2.391,0.703,4.316,6.159,5.266,5.672,4.480,11.846,-13.313,-6.462,-12.885,0,0,1175,0,0.0,0.0,41.0,0.0,109.472,1387,2
6,no_object,2051,109.472,-4.651,-6.158,-8.734,-10.533,-12.290,-12.158,9.721,11.230,14.023,-3.413,-10.062,-9.256,0,0,1175,0,0.0,0.0,41.0,0.0,109.472,1387,2
6,no_object,2102,109.472,8.397,12.741,17.400,-6.033,-5.091,-1.992,3.422,3.131,5.312,1.986,1.639,0.182,0,0,1175,0,0.0,0.0,41.0,0.0,109.472,1387,2
6,no_object,2154,109.472,6.599,6.441,20.305,-16.834,-13.190,-22.320,-2.429,-5.419,-4.854,-6.114,-5.562,-11.434,0,0,1175,0,0.0,0.0,41.0,0.0,109.472,1387,2
6,no_object,2204,109.472,-5.552,-7.959,-4.377,-5.584,-8.240,-9.980,-2.429,-1.369,-3.400,-9.714,-8.712,-12.160,0,1,1175,2204,0.0,0.0,41.0,41.0,109.472,1387,2
7,no_object,5,60.896,1.050,2.400,8.711,-6.000,-5.550,-7.018,-0.900,0.450,-5.566,-7.499,-2.250,-6.051,0,0,0,0,0.0,0.0,0.0,0.0,0.000,0,0
7,no_object,56,61.424,4.274,9.000,4.719,4.500,2.924,2.902,-16.425,-13.275,-25.775,-27.900,-29.250,-44.287,0,0,0,0,0.0,0.0,0.0,0.0,0.000,0,0
7,no_object,107,63.448,-15.750,-8.774,-17.426,-11.700,-13.275,-22.869,-11.475,-13.951,-17.787,5.625,7.649,11.615,0,0,0,0,0.0,0.0,0.0,0.0,0.000,0,0
7,no_object,159,65.736,0.226,0.900,-2.539,-1.125,-0.676,-5.080,-1.350,-4.275,-4.357,-6.750,-4.500,-11.615,0,0,0,0,0.0,0.0,0.0,0.0,0.000,0,0
7,no_object,210,68.816,31.725,29.024,48.279,2.926,3.825,9.438,4.725,4.500,4.355,-4.275,-5.625,-10.164,0,0,0,0,0.0,0.0,0.0,0.0,0.000,0,0
7,no_object,261,71.632,-8.101,-11.701,-12.342,-3.149,-4.051,2.178,-3.600,-7.650,-8.713,-26.100,-24.300,-39.203,0,0,0,0,0.0,0.0,0.0,0.0,0.000,0,0
7,no_object,311,74.448,2.250,0.675,4.721,0.001,0.449,2.539,-14.625,-15.975,-19.967,-6.976,-8.324,-9.076,0,0,0,0,0.0,0.0,0.0,0.0,0.000,0,0
7,no_object,363,77.528,11.250,16.650,24.686,-14.850,-15.750,-34.848,-1.801,2.701,-1.451,-51.750,-52.649,-74.779,0,0,0,0,0.0,0.0,0.0,0.0,0.000,0,0
7,no_object,414,80.520,12.824,12.825,21.416,0.675,-1.800,1.814,-3.375,-0.675,0.727,-13.725,-16.650,-29.039,0,0,0,0,0.0,0.0,0.0,0.0,0.000,0,0
7,no_object,465,83.600,-14.850,-14.851,-13.793,-24.750,-28.800,-40.654,2.250,-3.600,-5.809,11.700,12.150,17.426,0,0,0,0,0.0,0.0,0.0,0.0,0.000,0,0
7,no_object,517,86.680,18.899,16.649,20.328,4.051,7.425,7.258,18.900,16.425,27.951,-21.375,-17.325,-34.121,0,0,0,0,0.0,0.0,0.0,0.0,0.000,0,0
7,no_object,567,89.584,3.149,-3.150,11.617,-2.250,-3.601,-3.631,-0.449,3.601,8.715,-11.700,-12.600,-23.232,0,0,0,0,0.0,0.0,0.0,0.0,0.000,0,0
7,no_object,618,92.576,19.575,22.949,41.020,-6.074,-6.976,-2.541,6.524,5.850,6.896,-14.850,-18.226,-22.506,0,0,0,0,0.0,0.0,0.0,0.0,0.000,0,0
7,no_object,669,95.568,-0.449,-0.449,5.805,8.101,9.900,19.602,4.949,6.750,10.166,-22.949,-25.650,-41.383,0,0,0,0,0.0,0.0,0.0,0.0,0.000,0,0
7,no_object,720,98.648,-1.350,5.625,4.357,-15.300,-12.826,-15.973,-6.300,-6.524,-6.172,1.126,0.674,5.809,0,0,0,0,0.0,0.0,0.0,0.0,0.000,0,0
7,no_object,771,101.552,7.200,6.750,14.521,12.600,13.051,22.506,-26.549,-22.051,-34.121,1.350,2.700,3.629,0,0,0,0,0.0,0.0,0.0,0.0,0.000,0,0
7,no_object,822,104.720,-12.600,-16.199,-24.684,14.400,9.000,15.246,-15.750,-11.699,-21.779,-13.051,-9.899,-19.604,0,0,0,0,0.0,0.0,0.0,0.0,0.000,0,0
7,no_object,873,107.624,27.000,33.300,46.463,3.600,1.800,-2.180,-2.250,-4.500,-2.904,-9.449,-4.951,-2.902,0,0,0,0,0.0,0.0,0.0,0.0,0.000,0,0
7,no_object,924,109.032,-7.802,-3.908,-10.912,-9.633,-10.040,-9.980,5.221,2.230,7.490,-16.913,-17.712,-22.324,0,0,0,0,0.0,0.0,0.0,0.0,0.000,0,0
7,no_object,975,109.384,-11.401,-10.658,-15.994,-17.733,-23.091,-33.211,-7.379,-6.318,-19.373,-18.714,-17.261,-26.680,0,0,0,0,0.0,0.0,0.0,0.0,0.000,0,0
7,no_object,1027,109.472,4.798,0.592,2.881,-3.334,-0.591,-6.350,-12.328,-11.270,-14.291,-1.163,-1.062,-4.174,0,0,0,0,0.0,0.0,0.0,0.0,0.000,0,0
7,no_object,1078,109.472,-6.002,-4.359,-7.283,-5.584,-7.341,-10.707,7.021,8.081,14.023,-11.964,-9.161,-12.160,0,0,0,0,0.0,0.0,0.0,0.0,0.000,0,0
7,no_object,1129,109.472,-6.901,-10.209,-13.092,3.867,7.060,7.445,-6.929,-5.869,-7.756,-4.313,-7.361,-12.885,0,0,0,0,0.0,0.0,0.0,0.0,0.000,0,0
7,no_object,1180,109.472,-12.302,-15.609,-17.447,-1.084,3.460,3.814,7.021,6.281,11.119,-10.614,-8.712,-15.791,1,0,1180,0,0.0,0.0,41.0,0.0,109.472,0,2
7,no_object,1238,109.472,0.298,0.141,0.703,-5.584,-8.240,-13.609,-3.328,-2.719,-2.676,-11.514,-15.462,-19.420,0,0,1180,0,0.0,0.0,41.0,0.0,109.472,0,2
7,no_object,1289,109.472,-4.651,-2.559,-7.283,3.867,6.610,8.896,19.621,20.682,37.256,-2.514,-6.011,-14.338,0,0,1180,0,0.0,0.0,41.0,0.0,109.472,0,2
7,no_object,1340,109.472,-10.052,-12.908,-20.350,-3.334,-3.740,-13.609,-5.578,-4.969,-4.127,-11.514,-10.962,-15.064,0,0,1180,0,0.0,0.0,41.0,0.0,109.472,0,2
7,no_object,1392,109.472,4.349,7.791,10.867,0.717,3.909,2.361,-17.729,-13.520,-23.729,3.786,7.038,4.537,0,0,1180,0,0.0,0.0,41.0,0.0,109.472,1392,2
7,no_object,1447,109.472,-8.252,-7.959,-18.172,11.066,10.659,16.883,-9.179,-9.020,-12.838,-20.964,-19.962,-33.215,0,0,1180,0,0.0,0.0,41.0,0.0,109.472,1392,2
7,no_object,1498,109.472,-7.802,-5.709,-2.201,19.617,16.960,33.580,14.672,13.480,19.105,-23.214,-22.212,-39.023,0,0,1180,0,0.0,0.0,41.0,0.0,109.472,1392,2
7,no_object,1549,109.472,0.298,1.041,0.703,-7.383,-3.740,-8.527,5.672,7.631,12.570,7.386,2.089,12.523,0,0,1180,0,0.0,0.0,41.0,0.0,109.472,1392,2
7,no_object,1600,109.472,-7.353,-10.658,-15.994,-10.533,-10.940,-17.965,-0.179,-0.020,0.955,-19.163,-22.661,-32.488,0,0,1180,0,0.0,0.0,41.0,0.0,109.472,1392,2
7,no_object,1652,109.472,-12.302,-13.359,-20.350,3.867,7.060,7.445,6.121,8.531,12.570,-21.864,-17.261,-33.215,0,0,1180,0,0.0,0.0,41.0,0.0,109.472,1392,2
7,no_object,1703,109.472,-8.702,-7.059,-17.447,6.117,2.560,8.170,-1.078,-0.469,0.955,-10.614,-10.062,-12.885,0,0,1180,0,0.0,0.0,41.0,0.0,109.472,1392,2
7,no_object,1753,109.472,-4.651,-4.359,-4.377,9.267,7.510,11.074,0.721,-1.818,0.230,7.386,3.889,8.893,0,0,1180,0,0.0,0.0,41.0,0.0,109.472,1392,2
7,no_object,1804,109.472,-4.202,-4.809,-9.461,5.666,2.560,7.445,0.721,0.432,-1.949,-10.614,-8.712,-15.791,0,0,1180,0,0.0,0.0,41.0,0.0,109.472,1392,2
7,no_object,1855,109.472,8.397,11.842,13.045,15.117,11.560,24.143,-4.679,-9.020,-10.660,13.236,8.839,15.428,0,0,1180,0,0.0,0.0,41.0,0.0,109.472,1392,2
7,no_object,1906,109.472,9.748,9.141,19.580,2.517,-1.040,0.186,-6.029,-6.770,-9.934,8.736,8.839,11.797,0,0,1180,0,0.0,0.0,41.0,0.0,109.472,1392,2
7,no_object,1957,109.472,-5.103,-3.009,-10.186,-4.233,-7.341,-11.432,-10.979,-7.669,-17.922,2.437,2.089,10.346,0,0,1180,0,0.0,0.0,41.0,0.0,109.472,1392,2
7,no_object,2009,109.472,9.298,7.342,18.127,-19.084,-18.140,-25.953,-16.379,-14.419,-23.729,4.236,2.538,3.086,0,0,1180,0,0.0,0.0,41.0,0.0,109.472,1392,2
7,no_object,2060,109.472,6.147,5.092,13.045,10.617,11.560,20.512,9.721,7.631,11.119,1.986,1.188,1.635,0,0,1180,0,0.0,0.0,41.0,0.0,109.472,1392,2
7,no_object,2110,109.472,7.498,6.891,9.416,-11.883,-14.540,-21.596,-2.429,-1.818,-0.496,1.536,1.188,5.264,0,0,1180,0,0.0,0.0,41.0,0.0,109.472,1392,2
7,no_object,2161,109.472,-15.901,-12.009,-23.256,7.916,7.960,9.623,-14.129,-13.969,-26.633,-5.214,-5.111,-9.982,0,0,1180,0,0.0,0.0,41.0,0.0,109.472,1392,2
7,no_object,2212,109.472,-7.353,-6.609,-5.830,8.367,11.110,23.416,-0.629,-2.719,-6.305,-3.413,-6.011,-2.723,0,1,1180,2212,0.0,0.0,41.0,40.0,109.472,1392,2
8,no_object,5,60.896,1.499,3.751,2.178,5.700,6.150,16.217,9.000,5.850,8.227,8.251,9.450,18.635,0,0,0,0,0.0,0.0,0.0,0.0,0.000,0,0
8,no_object,56,61.424,7.875,11.699,14.883,-3.601,-5.176,-8.713,-3.375,-1.574,-9.076,-5.400,-8.101,-11.615,0,0,0,0,0.0,0.0,0.0,0.0,0.000,0,0
8,no_object,106,63.360,9.000,12.825,16.697,-8.550,-6.525,-16.334,-16.426,-17.551,-29.404,4.275,2.249,7.258,0,0,0,0,0.0,0.0,0.0,0.0,0.000,0,0
8,no_object,157,65.648,11.925,9.449,14.883,-10.125,-7.426,-14.518,-4.949,-8.324,-15.246,15.750,15.300,23.232,0,0,0,0,0.0,0.0,0.0,0.0,0.000,0,0
8,no_object,207,68.552,23.625,26.324,40.293,-10.574,-9.675,-11.613,16.425,18.449,31.943,5.176,5.625,7.984,0,0,0,0,0.0,0.0,0.0,0.0,0.000,0,0
8,no_object,256,71.368,7.199,5.399,11.615,15.750,18.449,33.396,10.801,12.600,26.861,-3.149,-4.500,-7.986,0,0,0,0,0.0,0.0,0.0,0.0,0.000,0,0
8,no_object,306,74.184,-1.800,-0.225,-1.088,17.101,21.600,31.580,-17.324,-12.825,-25.049,5.175,3.375,10.527,0,0,0,0,0.0,0.0,0.0,0.0,0.000,0,0
8,no_object,358,77.264,-1.801,0.450,-2.904,-17.100,-13.500,-30.492,12.149,14.400,21.055,-32.850,-35.101,-49.369,0,0,0,0,0.0,0.0,0.0,0.0,0.000,0,0
8,no_object,408,80.168,8.775,8.775,11.252,-5.175,-2.250,-6.898,7.424,7.875,17.424,-2.475,-3.150,-10.891,0,0,0,0,0.0,0.0,0.0,0.0,0.000,0,0
8,no_object,458,83.160,-13.050,-9.000,-15.971,-16.649,-21.601,-34.848,23.400,18.000,29.039,-8.550,-6.299,-14.520,0,0,0,0,0.0,0.0,0.0,0.0,0.000,0,0
8,no_object,508,86.152,-6.300,-6.300,-18.150,-1.350,1.125,-4.357,36.001,33.074,52.635,-20.926,-17.775,-29.039,0,0,0,0,0.0,0.0,0.0,0.0,0.000,0,0
8,no_object,559,89.144,-9.676,-6.750,-12.707,11.926,10.124,25.773,0.226,-4.274,-4.355,-17.325,-19.351,-29.041,0,0,0,0,0.0,0.0,0.0,0.0,0.000,0,0
8,no_object,609,92.048,6.750,4.050,4.355,-14.850,-22.500,-35.574,14.399,16.649,35.574,-3.601,-2.699,-4.355,0,0,0,0,0.0,0.0,0.0,0.0,0.000,0,0
8,no_object,659,95.040,-7.425,-8.100,-9.074,4.500,2.250,4.355,5.175,7.200,14.156,-19.350,-22.500,-30.129,0,0,0,0,0.0,0.0,0.0,0.0,0.000,0,0
8,no_object,709,97.944,-10.350,-11.250,-22.506,5.400,7.200,7.260,-17.101,-19.801,-30.492,-26.100,-18.899,-32.670,0,0,0,0,0.0,0.0,0.0,0.0,0.000,0,0
8,no_object,759,100.848,-18.226,-15.750,-30.129,-0.900,1.350,3.268,6.525,5.625,10.162,-6.750,-3.825,-7.986,0,0,0,0,0.0,0.0,0.0,0.0,0.000,0,0
8,no_object,811,104.016,-1.350,1.350,-7.262,-6.301,-6.299,-10.889,-10.350,-8.551,-6.533,-2.700,2.250,0.727,0,0,0,0,0.0,0.0,0.0,0.0,0.000,0,0
8,no_object,862,107.096,5.625,4.949,7.623,-22.500,-19.801,-39.203,5.625,6.975,6.172,-33.525,-30.601,-46.102,0,0,0,0,0.0,0.0,0.0,0.0,0.000,0,0
8,no_object,912,108.856,-15.452,-17.859,-27.611,-9.633,-7.341,-14.336,4.321,4.480,6.039,-1.163,-1.962,-7.080,0,0,0,0,0.0,0.0,0.0,0.0,0.000,0,0
8,no_object,962,109.384,3.448,2.842,6.512,-14.584,-13.190,-18.691,1.172,2.682,0.955,-11.063,-8.261,-14.338,0,0,0,0,0.0,0.0,0.0,0.0,0.000,0,0
8,no_object,1013,109.472,8.397,10.941,17.400,-2.434,-1.040,-4.898,7.021,7.182,10.393,-7.913,-10.511,-9.982,0,0,0,0,0.0,0.0,0.0,0.0,0.000,0,0
8,no_object,1065,109.472,-8.702,-3.908,-13.816,-10.084,-12.290,-18.691,2.521,1.781,-1.223,-23.214,-22.212,-36.119,0,0,0,0,0.0,0.0,0.0,0.0,0.000,0,0
8,no_object,1115,109.472,2.099,1.491,0.703,-6.033,-5.540,-8.527,-8.729,-6.318,-10.660,-22.313,-25.361,-40.475,0,0,0,0,0.0,0.0,0.0,0.0,0.000,0,0
8,no_object,1166,109.472,2.998,3.291,1.428,-3.783,-5.540,-0.541,8.821,9.881,14.023,-13.313,-14.562,-19.420,1,0,1166,0,0.0,0.0,41.0,0.0,109.472,0,2
8,no_object,1224,109.472,0.298,-2.559,-2.201,-7.834,-5.540,-14.336,1.172,2.230,3.859,-12.413,-12.761,-20.146,0,0,1166,0,0.0,0.0,41.0,0.0,109.472,0,2
8,no_object,1276,109.472,13.349,17.691,30.469,-13.233,-13.190,-22.320,-2.429,0.432,-1.949,-1.163,-1.511,-1.271,0,0,1166,0,0.0,0.0,41.0,0.0,109.472,0,2
8,no_object,1327,109.472,11.998,9.141,12.320,1.617,1.659,5.266,8.371,10.781,18.379,-2.964,0.739,-2.723,0,0,1166,0,0.0,0.0,41.0,0.0,109.472,0,2
8,no_object,1378,109.472,-6.901,-9.759,-13.092,-8.283,-6.890,-11.432,-11.879,-9.020,-19.373,-9.714,-8.261,-15.791,0,0,1166,0,0.0,0.0,41.0,0.0,109.472,1378,2
8,no_object,1428,109.472,11.099,13.641,23.209,-0.184,3.010,0.186,-4.679,-4.068,0.955,-2.514,-3.312,-11.434,0,0,1166,0,0.0,0.0,41.0,0.0,109.472,1378,2
8,no_object,1478,109.472,-6.452,-5.709,-13.816,-6.033,-6.440,-9.254,7.471,1.781,8.941,-5.214,-2.861,-8.531,0,0,1166,0,0.0,0.0,41.0,0.0,109.472,1378,2
8,no_object,1528,109.472,-8.252,-7.509,-13.816,-9.184,-4.190,-9.980,14.221,11.230,23.461,-26.364,-26.261,-39.023,0,0,1166,0,0.0,0.0,41.0,0.0,109.472,1378,2
8,no_object,1578,109.472,7.498,9.141,19.580,5.666,5.710,13.979,-12.779,-9.469,-12.838,3.337,2.089,7.441,0,0,1166,0,0.0,0.0,41.0,0.0,109.472,1378,2
8,no_object,1629,109.472,-4.202,-3.908,-13.092,-6.483,-8.690,-9.254,14.221,15.730,19.105,-5.663,-9.611,-12.885,0,0,1166,0,0.0,0.0,41.0,0.0,109.472,1378,2
8,no_object,1681,109.472,13.349,15.891,28.291,14.666,14.710,22.691,-13.229,-13.520,-23.002,-9.714,-10.962,-17.242,0,0,1166,0,0.0,0.0,41.0,0.0,109.472,1378,2
8,no_object,1731,109.472,-6.901,-9.759,-12.365,-12.334,-16.790,-22.320,2.071,-1.818,4.586,-13.764,-11.861,-15.064,0,0,1166,0,0.0,0.0,41.0,0.0,109.472,1378,2
8,no_object,1782,109.472,13.798,13.641,22.482,5.666,6.159,13.254,-2.429,0.432,-7.031,-24.563,-22.661,-37.570,0,0,1166,0,0.0,0.0,41.0,0.0,109.472,1378,2
8,no_object,1833,109.472,-6.452,-1.658,-6.557,-14.133,-14.990,-20.145,3.871,4.932,11.846,-1.163,-1.062,1.635,0,0,1166,0,0.0,0.0,41.0,0.0,109.472,1378,2
8,no_object,1884,109.472,7.948,8.691,10.867,5.217,7.960,11.801,-5.129,-5.869,-10.660,-5.663,-4.212,-9.982,0,0,1166,0,0.0,0.0,41.0,0.0,109.472,1378,2
8,no_object,1935,109.472,-3.302,-3.908,-2.201,-6.934,-5.540,-3.445,-6.929,-9.469,-12.113,9.636,11.089,13.250,0,0,1166,0,0.0,0.0,41.0,0.0,109.472,1378,2
8,no_object,1986,109.472,11.998,13.191,21.758,13.767,15.159,25.594,-3.779,-2.719,-5.578,-9.714,-11.861,-20.146,0,0,1166,0,0.0,0.0,41.0,0.0,109.472,1378,2
8,no_object,2036,109.472,13.798,12.291,19.580,-18.633,-18.591,-27.404,13.771,15.730,26.365,-13.764,-11.411,-21.600,0,0,1166,0,0.0,0.0,41.0,0.0,109.472,1378,2
8,no_object,2088,109.472,-1.952,0.141,6.512,-5.584,-4.190,-8.527,3.422,-1.818,-3.400,-0.714,2.538,1.635,0,0,1166,0,0.0,0.0,41.0,0.0,109.472,1378,2
8,no_object,2138,109.472,6.147,3.291,12.320,-5.584,-5.990,-11.432,-24.929,-26.119,-36.070,-10.163,-9.611,-15.791,0,0,1166,0,0.0,0.0,41.0,0.0,109.472,1378,2
8,no_object,2188,109.472,0.748,1.941,-1.475,-7.383,-11.841,-10.707,2.971,2.230,2.408,-10.163,-8.261,-11.434,0,1,1166,2188,0.0,0.0,41.0,41.0,109.472,1378,2
9,no_object,6,60.896,15.450,15.001,26.861,-4.200,-4.199,-2.660,-4.500,-3.601,-14.277,-4.800,-4.050,-1.695,0,0,0,0,0.0,0.0,0.0,0.0,0.000,0,0
9,no_object,56,61.424,5.625,11.699,14.156,24.300,20.475,35.572,-11.476,-10.125,-21.418,-1.800,-7.200,-7.260,0,0,0,0,0.0,0.0,0.0,0.0,0.000,0,0
9,no_object,106,63.360,-2.250,-0.226,0.000,24.300,22.725,42.473,-2.025,-2.701,-1.090,-15.074,-17.550,-22.508,0,0,0,0,0.0,0.0,0.0,0.0,0.000,0,0
9,no_object,157,65.736,-0.226,-2.700,-6.170,15.976,16.875,27.590,-12.150,-18.225,-23.232,-11.701,-9.450,-13.068,0,0,0,0,0.0,0.0,0.0,0.0,0.000,0,0
9,no_object,208,68.640,2.024,2.475,4.721,-6.525,-5.624,-9.438,10.574,11.699,13.793,-20.925,-20.475,-33.396,0,0,0,0,0.0,0.0,0.0,0.0,0.000,0,0
9,no_object,259,71.544,14.850,6.750,26.137,21.601,18.000,39.932,-3.600,-2.700,5.080,-0.899,-1.800,-5.082,0,0,0,0,0.0,0.0,0.0,0.0,0.000,0,0
9,no_object,310,74.448,0.900,1.575,7.625,6.751,9.449,14.883,-13.725,-15.975,-23.598,4.726,3.375,10.527,0,0,0,0,0.0,0.0,0.0,0.0,0.000,0,0
9,no_object,362,77.528,5.850,9.000,10.891,-28.350,-24.300,-42.834,-1.801,-1.799,0.000,-31.051,-31.950,-52.273,0,0,0,0,0.0,0.0,0.0,0.0,0.000,0,0
9,no_object,413,80.432,24.074,27.226,40.293,-20.925,-21.601,-30.855,2.924,9.226,21.053,-5.624,-3.600,-8.711,0,0,0,0,0.0,0.0,0.0,0.0,0.000,0,0
9,no_object,464,83.512,9.000,11.250,26.137,-14.399,-14.399,-19.602,24.300,18.900,35.574,-26.550,-23.850,-36.301,0,0,0,0,0.0,0.0,0.0,0.0,0.000,0,0
9,no_object,515,86.504,-3.150,-3.601,-8.713,5.400,4.275,-2.180,17.550,16.425,21.416,2.024,3.375,9.438,0,0,0,0,0.0,0.0,0.0,0.0,0.000,0,0
9,no_object,566,89.584,-0.451,-9.450,9.439,-9.000,-8.101,-9.438,-6.300,-4.500,-5.080,2.699,4.500,1.453,0,0,0,0,0.0,0.0,0.0,0.0,0.000,0,0
9,no_object,618,92.576,0.676,-2.250,-0.361,-9.675,-12.825,-15.609,11.024,9.900,22.143,3.600,0.226,7.262,0,0,0,0,0.0,0.0,0.0,0.0,0.000,0,0
9,no_object,668,95.568,-16.649,-16.649,-23.961,15.300,16.201,31.217,-2.250,3.150,3.631,-3.150,-9.449,-7.260,0,0,0,0,0.0,0.0,0.0,0.0,0.000,0,0
9,no_object,718,98.472,0.900,6.975,6.535,-19.800,-15.525,-21.055,0.000,-1.125,3.266,-25.874,-25.426,-39.203,0,0,0,0,0.0,0.0,0.0,0.0,0.000,0,0
9,no_object,769,101.376,0.899,-0.899,2.904,-13.500,-11.250,-18.150,-15.750,-16.650,-18.875,-2.250,0.000,-2.904,0,0,0,0,0.0,0.0,0.0,0.0,0.000,0,0
9,no_object,819,104.456,3.150,4.500,7.986,0.000,-7.199,-1.451,-2.250,-2.250,-5.809,-20.250,-14.399,-34.850,0,0,0,0,0.0,0.0,0.0,0.0,0.000,0,0
9,no_object,870,107.448,34.650,40.950,60.258,13.050,16.199,15.971,10.800,8.100,23.230,-14.850,-13.951,-18.148,0,0,0,0,0.0,0.0,0.0,0.0,0.000,0,0
9,no_object,921,109.032,-4.202,-2.559,-6.557,0.267,1.659,-1.992,-17.729,-17.568,-28.084,-11.964,-15.462,-23.051,0,0,0,0,0.0,0.0,0.0,0.0,0.000,0,0
9,no_object,972,109.384,1.198,-0.309,7.236,-5.584,-10.490,-21.596,21.422,18.881,30.723,9.636,14.239,20.510,0,0,0,0,0.0,0.0,0.0,0.0,0.000,0,0
9,no_object,1022,109.472,8.849,10.491,12.320,10.166,8.409,13.254,-12.779,-11.270,-25.180,-2.063,-1.962,-12.885,0,0,0,0,0.0,0.0,0.0,0.0,0.000,0,0
9,no_object,1072,109.472,-11.853,-13.359,-26.885,-19.983,-18.591,-33.211,-3.779,-2.719,-11.387,3.786,3.889,8.893,0,0,0,0,0.0,0.0,0.0,0.0,0.000,0,0
9,no_object,1123,109.472,2.998,4.191,1.428,-8.283,-10.040,-18.691,-1.078,1.331,-3.400,-21.864,-19.962,-32.488,0,0,0,0,0.0,0.0,0.0,0.0,0.000,0,0
9,no_object,1174,109.472,-16.353,-16.509,-28.338,2.066,1.210,-1.268,-13.679,-11.719,-19.373,15.486,16.489,25.592,1,0,1174,0,0.0,0.0,41.0,0.0,109.472,0,2
9,no_object,1232,109.472,1.198,1.491,1.428,11.517,11.110,19.061,1.621,-1.818,1.682,2.886,0.288,0.182,0,0,1174,0,0.0,0.0,41.0,0.0,109.472,0,2
9,no_object,1282,109.472,-3.302,-4.359,-10.912,-13.684,-10.940,-13.609,3.422,-0.469,-2.676,-0.714,0.288,-2.723,0,0,1174,0,0.0,0.0,41.0,0.0,109.472,0,2
9,no_object,1333,109.472,-6.002,-4.809,-9.461,-19.533,-18.591,-31.758,-12.328,-13.068,-15.742,-8.813,-9.611,-15.791,0,0,1174,0,0.0,0.0,41.0,0.0,109.472,0,2
9,no_object,1385,109.472,7.498,8.241,4.334,1.617,1.210,0.186,9.721,10.781,14.750,-11.514,-11.411,-23.777,0,0,1174,0,0.0,0.0,41.0,0.0,109.472,1385,2
9,no_object,1435,109.472,4.798,6.441,7.963,0.267,-1.490,-6.350,0.721,-0.469,3.133,-11.514,-11.411,-21.600,0,0,1174,0,0.0,0.0,41.0,0.0,109.472,1385,2
9,no_object,1487,109.472,14.698,16.342,23.936,12.416,10.659,19.061,-5.129,-8.568,-12.838,8.286,8.389,17.605,0,0,1174,0,0.0,0.0,41.0,0.0,109.472,1385,2
9,no_object,1538,109.472,0.748,0.141,-1.475,-3.783,-4.640,-1.992,-1.529,2.682,-1.949,-1.163,-2.861,-2.723,0,0,1174,0,0.0,0.0,41.0,0.0,109.472,1385,2
9,no_object,1588,109.472,-12.302,-13.359,-22.529,2.517,-0.140,-1.268,3.422,3.581,6.039,2.437,-2.411,5.264,0,0,1174,0,0.0,0.0,41.0,0.0,109.472,1385,2
9,no_object,1639,109.472,-13.202,-13.359,-26.158,-23.584,-26.240,-44.828,10.172,12.131,11.846,-22.313,-21.761,-34.666,0,0,1174,0,0.0,0.0,41.0,0.0,109.472,1385,2
9,no_object,1692,109.472,2.998,-2.109,6.512,13.767,10.210,21.238,15.571,16.182,29.996,-9.714,-9.611,-19.420,0,0,1174,0,0.0,0.0,41.0,0.0,109.472,1385,2
9,no_object,1743,109.472,-12.752,-12.459,-18.898,10.166,5.710,14.705,-5.129,-4.969,-4.854,-13.764,-12.761,-15.791,0,0,1174,0,0.0,0.0,41.0,0.0,109.472,1385,2
9,no_object,1794,109.472,-6.002,-5.709,-12.365,4.316,5.710,6.719,0.271,6.281,0.955,-14.663,-13.661,-21.600,0,0,1174,0,0.0,0.0,41.0,0.0,109.472,1385,2
9,no_object,1845,109.472,-11.853,-7.509,-15.994,-4.233,-3.290,-4.898,-6.929,-8.119,-7.031,-10.614,-12.761,-15.791,0,0,1174,0,0.0,0.0,41.0,0.0,109.472,1385,2
9,no_object,1897,109.472,7.048,9.592,19.580,-5.133,-8.690,-10.707,-2.879,0.881,3.133,-26.813,-26.261,-42.652,0,0,1174,0,0.0,0.0,41.0,0.0,109.472,1385,2
9,no_object,1947,109.472,-6.452,-4.359,-8.010,-1.983,-1.940,0.186,-20.429,-20.270,-27.359,-1.614,0.739,-6.354,0,0,1174,0,0.0,0.0,41.0,0.0,109.472,1385,2
9,no_object,1998,109.472,3.448,2.842,-0.023,-3.334,-4.640,-4.172,-1.078,-3.169,0.955,-10.163,-11.411,-13.611,0,0,1174,0,0.0,0.0,41.0,0.0,109.472,1385,2
9,no_object,2049,109.472,17.849,14.991,28.291,1.166,-1.490,0.186,-1.529,-5.869,-9.207,-9.714,-10.511,-15.064,0,0,1174,0,0.0,0.0,41.0,0.0,109.472,1385,2
9,no_object,2100,109.472,12.448,14.092,21.758,-10.084,-9.591,-14.336,9.721,9.881,15.477,16.386,17.839,24.865,0,0,1174,0,0.0,0.0,41.0,0.0,109.472,1385,2
9,no_object,2150,109.472,-1.502,2.391,9.416,-12.334,-16.341,-34.664,-3.779,-2.719,-9.207,-11.514,-11.861,-19.420,0,0,1174,0,0.0,0.0,41.0,0.0,109.472,1385,2
9,no_object,2200,109.472,9.748,8.241,8.689,-7.383,-8.690,-7.801,-7.379,-10.369,-7.031,-11.063,-13.212,-22.324,0,1,1174,2200,0.0,0.0,41.0,41.0,109.472,1385,2
10,no_object,5,60.896,2.399,3.300,3.629,16.500,18.750,30.010,5.850,6.749,6.049,-0.749,4.500,6.291,0,0,0,0,0.0,0.0,0.0,0.0,0.000,0,0
10,no_object,57,61.424,36.225,38.250,57.717,0.000,-0.676,-5.084,-2.476,0.676,2.539,-23.400,-29.700,-43.561,0,0,0,0,0.0,0.0,0.0,0.0,0.000,0,0
10,no_object,108,63.360,-7.649,-6.976,-6.535,-7.200,-7.425,-15.609,-16.426,-13.951,-19.240,-10.574,-15.751,-18.877,0,0,0,0,0.0,0.0,0.0,0.0,0.000,0,0
10,no_object,159,65.824,5.175,2.250,6.898,-16.424,-15.975,-23.957,-11.699,-16.875,-26.863,0.449,4.050,6.535,0,0,0,0,0.0,0.0,0.0,0.0,0.000,0,0
10,no_object,210,68.728,-0.226,1.125,2.541,-4.275,-2.475,-3.629,6.525,9.000,16.697,-13.275,-9.225,-18.150,0,0,0,0,0.0,0.0,0.0,0.0,0.000,0,0
10,no_object,261,71.632,11.699,12.149,27.588,16.650,16.650,29.768,-17.550,-20.250,-25.412,-18.000,-20.250,-29.766,0,0,0,0,0.0,0.0,0.0,0.0,0.000,0,0
10,no_object,313,74.536,-1.800,-1.575,-1.814,4.050,4.500,7.621,-0.225,-2.025,1.812,-4.726,1.575,10.527,0,0,0,0,0.0,0.0,0.0,0.0,0.000,0,0
10,no_object,364,77.528,0.449,9.000,3.631,-16.200,-9.000,-24.684,-3.150,2.250,-4.355,-25.650,-23.399,-29.041,0,0,0,0,0.0,0.0,0.0,0.0,0.000,0,0
10,no_object,415,80.520,15.074,15.525,27.949,-0.226,0.450,-1.814,-11.476,-9.675,-14.520,4.275,0.449,0.000,0,0,0,0,0.0,0.0,0.0,0.0,0.000,0,0
10,no_object,466,83.600,-4.050,-4.500,-2.176,-9.000,-11.250,-15.246,20.699,17.100,26.137,-10.800,-8.549,-16.697,0,0,0,0,0.0,0.0,0.0,0.0,0.000,0,0
10,no_object,516,86.592,4.499,2.700,4.355,3.150,2.925,-1.453,13.050,7.425,16.334,-24.076,-21.375,-28.312,0,0,0,0,0.0,0.0,0.0,0.0,0.000,0,0
10,no_object,567,89.584,3.149,0.449,8.713,0.900,-4.051,0.727,3.600,4.500,7.988,-9.900,-11.699,-20.328,0,0,0,0,0.0,0.0,0.0,0.0,0.000,0,0
10,no_object,618,92.576,2.926,5.400,11.254,-8.775,-11.476,-11.979,14.175,17.100,17.061,-7.650,-8.325,-13.066,0,0,0,0,0.0,0.0,0.0,0.0,0.000,0,0
10,no_object,668,95.568,-0.899,-2.699,1.451,1.351,1.351,9.438,-1.350,1.350,0.000,-8.550,-10.350,-9.438,0,0,0,0,0.0,0.0,0.0,0.0,0.000,0,0
10,no_object,720,98.648,1.351,8.324,9.438,-22.949,-20.476,-29.041,-19.350,-20.024,-24.322,-10.124,-14.625,-13.793,0,0,0,0,0.0,0.0,0.0,0.0,0.000,0,0
10,no_object,771,101.552,11.250,9.899,17.424,4.949,3.600,16.697,2.250,2.250,8.713,-4.949,-0.449,-2.180,0,0,0,0,0.0,0.0,0.0,0.0,0.000,0,0
10,no_object,822,104.720,-10.801,-8.549,-14.520,-4.051,-9.899,-5.082,16.650,14.850,25.410,-9.900,-6.299,-5.809,0,0,0,0,0.0,0.0,0.0,0.0,0.000,0,0
10,no_object,873,107.624,18.000,27.450,29.766,-0.450,-6.301,-10.891,18.000,18.900,40.654,4.051,3.600,6.535,0,0,0,0,0.0,0.0,0.0,0.0,0.000,0,0
10,no_object,924,109.032,0.748,-3.459,-5.104,-6.033,-5.540,-8.527,3.422,5.381,5.312,3.337,5.688,-1.271,0,0,0,0,0.0,0.0,0.0,0.0,0.000,0,0
10,no_object,974,109.472,7.048,4.641,9.416,5.217,3.909,8.170,11.071,11.682,22.010,-24.114,-23.111,-35.393,0,0,0,0,0.0,0.0,0.0,0.0,0.000,0,0
10,no_object,1026,109.472,-0.151,5.991,5.061,4.316,3.010,8.896,1.621,2.230,1.682,-10.163,-6.011,-15.064,0,0,0,0,0.0,0.0,0.0,0.0,0.000,0,0
10,no_object,1076,109.472,0.298,3.741,7.236,-17.283,-14.990,-27.404,-11.879,-9.469,-17.922,-1.614,-0.611,8.893,0,0,0,0,0.0,0.0,0.0,0.0,0.000,0,0
10,no_object,1128,109.472,0.748,4.191,6.512,-3.334,-3.290,-5.623,-12.779,-8.568,-18.646,-20.514,-22.661,-31.037,0,0,0,0,0.0,0.0,0.0,0.0,0.000,0,0
10,no_object,1179,109.472,2.998,5.991,1.428,-22.233,-20.390,-34.664,-8.279,-7.219,-9.207,6.036,7.938,5.990,1,0,1179,0,0.0,0.0,41.0,0.0,109.472,0,2
10,no_object,1236,109.472,6.147,5.092,13.045,-9.184,-9.591,-8.527,-6.479,-6.770,-4.854,-14.214,-14.562,-17.242,0,0,1179,0,0.0,0.0,41.0,0.0,109.472,0,2
10,no_object,1287,109.472,9.298,9.592,13.045,-4.233,-4.190,-5.623,-2.879,-4.520,-8.482,-9.264,-6.462,-20.146,0,0,1179,0,0.0,0.0,41.0,0.0,109.472,0,2
10,no_object,1338,109.472,6.147,7.342,10.867,-3.783,-8.690,-9.980,-17.279,-16.669,-30.262,1.087,-0.611,3.086,0,0,1179,0,0.0,0.0,41.0,0.0,109.472,0,2
10,no_object,1389,109.472,14.698,12.741,20.305,4.316,2.110,8.896,11.071,13.031,21.285,-16.913,-21.761,-33.215,0,0,1179,0,0.0,0.0,41.0,0.0,109.472,1389,2
10,no_object,1440,109.472,7.948,9.592,23.209,2.517,2.110,7.445,-8.279,-7.669,-13.564,10.087,11.989,19.783,0,0,1179,0,0.0,0.0,41.0,0.0,109.472,1389,2
10,no_object,1491,109.472,-5.103,-3.459,-9.461,-10.533,-10.940,-17.238,6.571,7.182,14.023,0.187,-2.861,0.182,0,0,1179,0,0.0,0.0,41.0,0.0,109.472,1389,2
10,no_object,1542,109.472,9.298,10.041,23.209,10.617,13.360,21.238,-2.879,-2.270,-1.223,-20.063,-21.312,-31.762,0,0,1179,0,0.0,0.0,41.0,0.0,109.472,1389,2
10,no_object,1593,109.472,2.998,-0.759,3.607,-11.434,-14.091,-22.320,9.721,9.881,12.570,-11.063,-10.062,-15.791,0,0,1179,0,0.0,0.0,41.0,0.0,109.472,1389,2
10,no_object,1644,109.472,21.897,24.441,37.004,-4.233,-1.040,-6.350,7.021,6.730,11.119,-2.063,-2.861,4.537,0,0,1179,0,0.0,0.0,41.0,0.0,109.472,1389,2
10,no_object,1695,109.472,-4.651,-5.259,-7.283,-10.084,-10.040,-16.514,-9.179,-11.719,-21.551,-16.913,-16.812,-28.857,0,0,1179,0,0.0,0.0,41.0,0.0,109.472,1389,2
10,no_object,1747,109.472,11.548,12.741,20.305,-8.733,-10.490,-17.238,4.771,9.881,9.668,-0.714,-0.161,4.537,0,0,1179,0,0.0,0.0,41.0,0.0,109.472,1389,2
10,no_object,1797,109.472,15.599,16.791,27.566,-2.434,-1.940,-6.350,4.321,1.781,3.859,-16.913,-12.312,-23.777,0,0,1179,0,0.0,0.0,41.0,0.0,109.472,1389,2
10,no_object,1848,109.472,9.748,9.141,13.771,-11.883,-14.990,-25.227,3.871,2.230,0.955,-10.163,-7.361,-15.064,0,0,1179,0,0.0,0.0,41.0,0.0,109.472,1389,2
10,no_object,1900,109.472,11.998,14.541,21.758,-17.283,-18.591,-28.129,-18.629,-16.219,-29.537,-4.764,-2.411,-1.996,0,0,1179,0,0.0,0.0,41.0,0.0,109.472,1389,2
10,no_object,1951,109.472,-3.752,-6.158,-6.557,16.017,16.960,22.691,-1.078,1.781,3.133,-13.764,-14.562,-20.873,0,0,1179,0,0.0,0.0,41.0,0.0,109.472,1389,2
10,no_object,2002,109.472,5.698,6.441,10.143,6.566,3.010,9.623,-4.229,-2.719,-4.127,-6.563,-7.812,-9.982,0,0,1179,0,0.0,0.0,41.0,0.0,109.472,1389,2
10,no_object,2052,109.472,2.099,3.291,9.416,-19.983,-22.640,-33.938,-5.129,-6.318,-12.838,-27.714,-28.511,-45.557,0,0,1179,0,0.0,0.0,41.0,0.0,109.472,1389,2
10,no_object,2103,109.472,20.548,20.391,39.908,-14.133,-14.990,-27.404,-5.578,-5.419,-8.482,-18.264,-19.511,-28.131,0,0,1179,0,0.0,0.0,41.0,0.0,109.472,1389,2
10,no_object,2153,109.472,6.599,9.141,7.963,-6.483,-6.890,-9.254,3.871,2.230,5.312,-7.014,-5.111,-3.447,0,0,1179,0,0.0,0.0,41.0,0.0,109.472,1389,2
10,no_object,2203,109.472,-13.651,-16.059,-22.529,-8.283,-6.890,-13.609,-7.379,-7.669,-9.934,9.187,9.288,11.072,0,1,1179,2203,0.0,0.0,41.0,41.0,109.472,1389,2
11,no_object,5,60.896,10.499,7.800,16.697,10.200,8.400,16.941,5.400,7.649,5.322,-10.649,-6.750,-11.133,0,0,0,0,0.0,0.0,0.0,0.0,0.000,0,0
11,no_object,56,61.512,5.625,10.800,8.350,4.950,2.924,5.807,-20.024,-19.574,-30.857,-21.600,-25.200,-34.123,0,0,0,0,0.0,0.0,0.0,0.0,0.000,0,0
11,no_object,108,63.360,-17.101,-14.625,-29.768,-9.450,-7.875,-11.979,-3.825,-3.601,-1.090,-0.225,-9.450,-3.631,0,0,0,0,0.0,0.0,0.0,0.0,0.000,0,0
11,no_object,159,65.824,21.375,16.650,26.500,-1.125,1.574,0.729,-9.000,-15.525,-20.328,0.000,2.250,0.727,0,0,0,0,0.0,0.0,0.0,0.0,0.000,0,0
11,no_object,210,68.728,15.975,12.375,21.418,28.125,32.175,51.547,-4.725,0.900,-2.906,-13.725,-11.924,-21.781,0,0,0,0,0.0,0.0,0.0,0.0,0.000,0,0
11,no_object,261,71.544,21.149,18.449,38.479,6.301,2.250,11.617,14.850,14.400,23.957,-40.949,-41.399,-65.342,0,0,0,0,0.0,0.0,0.0,0.0,0.000,0,0
11,no_object,311,74.448,16.200,15.525,28.678,6.300,9.449,12.703,-17.324,-16.426,-20.691,-6.976,-2.025,-1.090,0,0,0,0,0.0,0.0,0.0,0.0,0.000,0,0
11,no_object,361,77.440,24.750,32.400,47.918,-5.850,-4.500,-8.711,4.049,8.101,10.164,-19.801,-19.800,-21.055,0,0,0,0,0.0,0.0,0.0,0.0,0.000,0,0
11,no_object,411,80.344,22.275,21.376,35.211,13.274,13.950,29.402,-2.476,-7.425,1.453,-16.874,-19.801,-28.314,0,0,0,0,0.0,0.0,0.0,0.0,0.000,0,0
11,no_object,462,83.336,9.450,11.700,21.055,-16.200,-22.050,-27.586,-1.801,-4.950,-11.615,-6.750,-4.949,-5.809,0,0,0,0,0.0,0.0,0.0,0.0,0.000,0,0
11,no_object,513,86.328,19.350,20.700,26.861,14.400,19.125,21.777,-0.899,-0.676,0.361,-6.976,-5.625,-10.162,0,0,0,0,0.0,0.0,0.0,0.0,0.000,0,0
11,no_object,564,89.320,9.449,9.000,23.959,-0.900,0.449,4.355,14.400,17.101,21.781,0.000,-0.900,-2.904,0,0,0,0,0.0,0.0,0.0,0.0,0.000,0,0
11,no_object,614,92.400,21.825,24.750,38.115,-14.625,-16.425,-24.320,16.425,9.450,19.238,-3.150,-6.524,-0.725,0,0,0,0,0.0,0.0,0.0,0.0,0.000,0,0
11,no_object,665,95.392,5.851,5.851,12.340,13.500,12.601,26.859,-6.750,-1.350,-5.080,-15.750,-19.800,-29.766,0,0,0,0,0.0,0.0,0.0,0.0,0.000,0,0
11,no_object,716,98.384,1.351,6.074,7.986,-23.850,-24.525,-39.930,-2.699,-1.125,1.088,-7.425,-11.025,-13.068,0,0,0,0,0.0,0.0,0.0,0.0,0.000,0,0
11,no_object,767,101.288,12.601,15.750,30.492,21.600,20.700,37.025,-4.049,0.899,-1.451,4.051,3.600,2.178,0,0,0,0,0.0,0.0,0.0,0.0,0.000,0,0
11,no_object,818,104.368,-3.150,-4.949,-6.533,10.800,9.900,20.328,-0.900,-1.800,-2.904,-2.250,1.351,2.178,0,0,0,0,0.0,0.0,0.0,0.0,0.000,0,0
11,no_object,868,107.448,30.150,29.250,44.287,4.949,5.400,-1.453,0.449,-4.500,2.904,-17.550,-16.201,-16.697,0,0,0,0,0.0,0.0,0.0,0.0,0.000,0,0
11,no_object,918,108.944,14.698,18.592,33.373,-5.133,-2.841,-6.350,2.071,4.031,8.215,-15.114,-14.111,-18.693,0,0,0,0,0.0,0.0,0.0,0.0,0.000,0,0
11,no_object,970,109.384,2.998,3.291,2.881,8.367,9.760,11.074,7.922,5.831,11.119,6.036,2.989,8.893,0,0,0,0,0.0,0.0,0.0,0.0,0.000,0,0
11,no_object,1020,109.472,10.198,6.891,20.305,-4.233,-2.841,-5.623,3.871,2.230,3.859,-5.214,-3.761,-4.900,0,0,0,0,0.0,0.0,0.0,0.0,0.000,0,0
11,no_object,1071,109.472,8.849,8.241,21.031,0.267,4.360,7.445,-18.179,-14.869,-22.275,-7.913,-8.261,-11.434,0,0,0,0,0.0,0.0,0.0,0.0,0.000,0,0
11,no_object,1122,109.472,0.748,4.191,5.785,-1.084,-1.040,0.910,20.971,22.031,35.078,-20.063,-19.511,-33.215,0,0,0,0,0.0,0.0,0.0,0.0,0.000,0,0
11,no_object,1172,109.472,2.099,3.741,5.785,6.566,8.860,13.979,-14.129,-12.619,-23.729,-7.913,-8.712,-16.518,1,0,1172,0,0.0,0.0,41.0,0.0,109.472,0,2
11,no_object,1229,109.472,0.298,0.592,-3.652,10.617,11.560,18.334,16.922,12.581,19.105,3.337,-1.062,-1.271,0,0,1172,0,0.0,0.0,41.0,0.0,109.472,0,2
11,no_object,1281,109.472,6.599,5.092,7.236,0.267,-2.841,-0.541,-12.779,-16.219,-23.002,4.236,2.089,10.346,0,0,1172,0,0.0,0.0,41.0,0.0,109.472,0,2
11,no_object,1331,109.472,-3.302,-2.109,-0.748,-11.434,-13.190,-17.965,2.071,5.831,6.764,-12.864,-13.661,-19.420,0,0,1172,0,0.0,0.0,41.0,0.0,109.472,0,2
11,no_object,1382,109.472,11.548,12.741,12.320,-1.084,-2.390,-0.541,3.422,3.581,8.941,-14.663,-14.111,-22.324,0,0,1172,0,0.0,0.0,41.0,0.0,109.472,1382,2
11,no_object,1432,109.472,7.048,8.691,7.236,3.416,5.260,3.814,6.571,5.381,6.764,-1.163,-0.161,-4.174,0,0,1172,0,0.0,0.0,41.0,0.0,109.472,1382,2
11,no_object,1483,109.472,7.498,3.741,10.867,11.066,13.360,20.512,11.971,6.281,14.023,-11.964,-8.712,-15.064,0,0,1172,0,0.0,0.0,41.0,0.0,109.472,1382,2
11,no_object,1533,109.472,-7.353,-4.809,-3.652,-6.483,-8.690,-9.980,-6.479,-10.369,-10.660,-11.514,-15.462,-20.146,0,0,1172,0,0.0,0.0,41.0,0.0,109.472,1382,2
11,no_object,1584,109.472,2.099,4.191,7.236,-4.233,-5.990,-15.061,-5.578,-7.219,-11.387,-24.563,-26.261,-34.666,0,0,1172,0,0.0,0.0,41.0,0.0,109.472,1382,2
11,no_object,1634,109.472,8.397,12.741,16.674,-4.233,-1.040,-5.623,-0.179,-0.919,-0.496,-22.764,-22.661,-39.023,0,0,1172,0,0.0,0.0,41.0,0.0,109.472,1382,2
11,no_object,1684,109.472,7.498,6.891,9.416,-1.084,-1.490,-2.719,-10.979,-8.119,-12.113,-13.313,-19.062,-28.131,0,0,1172,0,0.0,0.0,41.0,0.0,109.472,1382,2
11,no_object,1735,109.472,-10.502,-8.408,-15.270,17.816,16.960,24.143,12.871,10.331,16.201,-16.014,-16.812,-24.502,0,0,1172,0,0.0,0.0,41.0,0.0,109.472,1382,2
11,no_object,1785,109.472,-6.452,-7.059,-8.734,-1.084,-3.290,-6.350,10.172,10.331,19.832,-3.864,-3.761,-0.545,0,0,1172,0,0.0,0.0,41.0,0.0,109.472,1382,2
11,no_object,1835,109.472,2.998,4.641,-0.748,-0.633,2.110,6.719,-8.279,-9.919,-14.291,-10.614,-10.511,-11.434,0,0,1172,0,0.0,0.0,41.0,0.0,109.472,1382,2
11,no_object,1885,109.560,4.349,4.191,15.949,5.217,5.260,2.361,0.271,1.331,0.230,-3.864,-5.111,-12.160,0,0,1172,0,0.0,0.0,41.0,0.0,109.472,1382,2
11,no_object,1935,109.472,2.099,1.941,7.963,-8.283,-8.240,-13.609,0.721,1.781,-4.854,-21.413,-20.861,-31.762,0,0,1172,0,0.0,0.0,41.0,0.0,109.472,1382,2
11,no_object,1986,109.472,14.248,16.791,19.580,5.666,3.909,7.445,-1.078,0.432,-3.400,-25.014,-30.761,-42.652,0,0,1172,0,0.0,0.0,41.0,0.0,109.472,1382,2
11,no_object,2035,109.472,12.897,15.891,20.305,-4.233,0.760,-4.172,16.471,13.480,29.270,-20.063,-21.312,-33.939,0,0,1172,0,0.0,0.0,41.0,0.0,109.472,1382,2
11,no_object,2085,109.472,1.647,5.541,4.334,0.717,0.760,2.361,-8.279,-11.270,-18.646,-26.813,-24.462,-31.037,0,0,1172,0,0.0,0.0,41.0,0.0,109.472,1382,2
11,no_object,2135,109.472,-12.302,-12.459,-15.270,4.767,4.810,6.719,4.321,4.480,6.039,-7.913,-7.812,-10.709,0,0,1172,0,0.0,0.0,41.0,0.0,109.472,1382,2
11,no_object,2185,109.472,-5.103,-5.259,-10.186,13.316,16.960,24.143,-8.279,-6.318,-4.854,2.886,0.739,7.441,0,1,1172,2185,0.0,0.0,41.0,41.0,109.472,1382,2
12,no_object,6,60.896,12.300,9.601,18.875,8.851,10.650,21.297,-16.199,-15.751,-30.250,-4.350,-5.851,-3.146,0,0,0,0,0.0,0.0,0.0,0.0,0.000,0,0
12,no_object,56,61.424,24.074,28.800,39.568,6.750,1.125,4.354,1.575,2.475,7.621,6.301,8.550,11.615,0,0,0,0,0.0,0.0,0.0,0.0,0.000,0,0
12,no_object,106,63.360,7.200,8.325,8.711,-13.050,-9.225,-18.512,7.875,6.750,11.979,-3.824,-7.650,-5.809,0,0,0,0,0.0,0.0,0.0,0.0,0.000,0,0
12,no_object,156,65.560,8.774,3.600,10.527,-2.475,-5.625,-9.438,-3.150,-7.425,-13.795,-3.150,-1.800,-3.631,0,0,0,0,0.0,0.0,0.0,0.0,0.000,0,0
12,no_object,206,68.464,5.625,7.424,4.721,5.625,9.675,15.246,9.225,13.050,12.340,-25.425,-28.125,-37.027,0,0,0,0,0.0,0.0,0.0,0.0,0.000,0,0
12,no_object,256,71.368,4.500,0.449,7.986,23.400,23.400,39.932,-9.000,-11.250,-8.713,-22.949,-24.300,-39.930,0,0,0,0,0.0,0.0,0.0,0.0,0.000,0,0
12,no_object,306,74.184,15.301,12.376,20.691,3.601,4.949,6.170,0.676,0.225,7.621,-3.825,-4.275,5.443,0,0,0,0,0.0,0.0,0.0,0.0,0.000,0,0
12,no_object,356,77.088,11.924,14.175,25.049,3.826,6.076,1.814,-13.500,-13.050,-19.602,-23.851,-24.074,-41.018,0,0,0,0,0.0,0.0,0.0,0.0,0.000,0,0
12,no_object,407,80.080,4.725,2.925,0.363,-1.575,-5.851,-9.801,11.924,15.075,31.219,-21.825,-23.400,-35.574,0,0,0,0,0.0,0.0,0.0,0.0,0.000,0,0
12,no_object,458,83.160,1.801,6.750,15.246,8.550,1.800,5.084,5.850,1.800,1.453,-10.350,-7.199,-19.602,0,0,0,0,0.0,0.0,0.0,0.0,0.000,0,0
12,no_object,509,86.152,19.800,16.649,23.232,7.650,9.675,13.793,10.351,15.525,22.143,-12.375,-11.025,-13.066,0,0,0,0,0.0,0.0,0.0,0.0,0.000,0,0
12,no_object,560,89.144,3.375,5.399,10.525,4.275,7.874,14.158,-13.726,-15.075,-20.328,-13.274,-12.601,-16.697,0,0,0,0,0.0,0.0,0.0,0.0,0.000,0,0
12,no_object,610,92.136,22.051,19.350,34.848,-1.801,-1.800,-0.725,-10.800,-6.301,0.000,-17.550,-21.600,-30.490,0,0,0,0,0.0,0.0,0.0,0.0,0.000,0,0
12,no_object,661,95.040,15.975,18.900,27.949,-1.800,-1.350,2.902,1.125,1.800,9.074,-0.450,-1.800,-0.363,0,0,0,0,0.0,0.0,0.0,0.0,0.000,0,0
12,no_object,711,98.032,-0.450,-8.101,-9.438,2.250,2.250,-3.629,-5.399,-4.500,-6.535,-32.400,-28.799,-41.381,0,0,0,0,0.0,0.0,0.0,0.0,0.000,0,0
12,no_object,761,100.936,-5.175,-4.500,-14.883,14.399,15.750,25.773,5.626,2.025,2.176,-9.000,-4.725,-5.809,0,0,0,0,0.0,0.0,0.0,0.0,0.000,0,0
12,no_object,811,103.928,29.700,28.350,50.092,-4.500,-4.949,-8.711,2.701,1.350,4.355,6.750,9.000,17.426,0,0,0,0,0.0,0.0,0.0,0.0,0.000,0,0
12,no_object,861,107.008,7.426,2.250,4.719,-6.750,-1.801,-9.438,-2.024,-4.725,-10.527,-18.225,-15.750,-24.320,0,0,0,0,0.0,0.0,0.0,0.0,0.000,0,0
12,no_object,912,108.856,14.698,14.541,18.854,-9.633,-7.341,-9.980,-22.679,-27.919,-35.346,-7.913,-8.261,-15.791,0,0,0,0,0.0,0.0,0.0,0.0,0.000,0,0
12,no_object,962,109.384,-6.901,-4.809,-10.186,5.217,9.760,8.896,-11.879,-11.719,-19.373,-19.614,-23.562,-30.311,0,0,0,0,0.0,0.0,0.0,0.0,0.000,0,0
12,no_object,1013,109.472,-12.302,-12.459,-18.898,-0.184,-1.940,-2.719,3.871,4.480,7.490,-8.364,-10.962,-15.064,0,0,0,0,0.0,0.0,0.0,0.0,0.000,0,0
12,no_object,1063,109.472,2.548,4.641,7.236,5.666,1.659,4.539,-4.679,-1.369,-8.482,-25.014,-24.462,-39.023,0,0,0,0,0.0,0.0,0.0,0.0,0.000,0,0
12,no_object,1113,109.472,0.748,-3.009,-1.475,-10.084,-8.690,-15.061,-8.279,-8.568,-7.031,-10.614,-10.062,-12.160,0,0,0,0,0.0,0.0,0.0,0.0,0.000,0,0
12,no_object,1163,109.472,7.948,11.391,18.127,2.967,5.260,11.074,4.771,2.682,6.039,-11.964,-11.411,-20.873,1,0,1163,0,0.0,0.0,40.0,0.0,109.472,0,2
12,no_object,1220,109.472,10.647,14.092,22.482,-1.533,2.110,1.637,7.021,6.730,14.750,-29.514,-28.962,-41.201,0,0,1163,0,0.0,0.0,40.0,0.0,109.472,0,2
12,no_object,1270,109.472,-9.151,-7.059,-17.447,10.166,9.760,18.334,-4.229,-5.419,-4.854,-11.514,-16.812,-23.777,0,0,1163,0,0.0,0.0,40.0,0.0,109.472,0,2
12,no_object,1322,109.472,5.248,5.092,7.236,-6.483,-5.990,-7.076,3.871,6.730,12.570,-20.964,-22.212,-30.311,0,0,1163,0,0.0,0.0,40.0,0.0,109.472,0,2
12,no_object,1372,109.472,-1.952,-1.209,1.428,9.267,12.010,15.432,-12.328,-13.068,-20.824,-11.964,-10.962,-23.777,0,0,1163,0,0.0,0.0,40.0,0.0,109.472,1372,2
12,no_object,1424,109.472,6.599,6.441,8.689,-0.184,-1.490,0.186,-15.479,-13.520,-22.275,-4.764,-6.011,-7.805,0,0,1163,0,0.0,0.0,40.0,0.0,109.472,1372,2
12,no_object,1474,109.472,-6.901,-8.859,-15.994,-4.684,-6.890,-9.980,0.721,-0.469,0.955,-10.614,-12.312,-12.160,0,0,1163,0,0.0,0.0,40.0,0.0,109.472,1372,2
12,no_object,1524,109.472,5.698,9.592,7.963,1.166,2.110,5.992,0.271,-0.020,-3.400,-11.514,-15.462,-20.146,0,0,1163,0,0.0,0.0,40.0,0.0,109.472,1372,2
12,no_object,1576,109.472,13.798,13.641,18.127,5.666,7.960,11.801,-11.429,-9.919,-16.469,-15.563,-19.062,-25.229,0,0,1163,0,0.0,0.0,40.0,0.0,109.472,1372,2
12,no_object,1627,109.472,5.248,5.541,4.334,-14.133,-18.140,-26.678,-12.779,-15.318,-22.275,-10.163,-10.511,-10.709,0,0,1163,0,0.0,0.0,40.0,0.0,109.472,1372,2
12,no_object,1678,109.472,15.599,14.541,23.209,-10.533,-13.190,-14.336,-4.229,-2.270,0.230,-24.114,-25.812,-34.666,0,0,1163,0,0.0,0.0,40.0,0.0,109.472,1372,2
12,no_object,1728,109.472,2.998,4.641,2.881,-12.783,-14.540,-24.500,-17.729,-18.020,-29.537,-25.913,-26.712,-41.926,0,0,1163,0,0.0,0.0,40.0,0.0,109.472,1372,2
12,no_object,1778,109.472,-7.353,-4.359,-8.734,-14.584,-16.341,-20.145,5.221,4.932,8.941,-8.813,-11.861,-10.709,0,0,1163,0,0.0,0.0,40.0,0.0,109.472,1372,2
12,no_object,1829,109.472,9.298,9.592,15.223,-3.783,-2.841,-1.992,-1.078,-1.818,2.408,-26.364,-29.411,-41.201,0,0,1163,0,0.0,0.0,40.0,0.0,109.472,1372,2
12,no_object,1880,109.472,19.647,22.191,34.100,-15.033,-16.790,-25.953,-13.679,-15.318,-16.469,-7.014,-4.661,-1.996,0,0,1163,0,0.0,0.0,40.0,0.0,109.472,1372,2
12,no_object,1931,109.472,8.397,7.791,22.482,1.166,-1.040,-1.992,15.121,14.831,18.379,-2.514,-9.611,-10.709,0,0,1163,0,0.0,0.0,40.0,0.0,109.472,1372,2
12,no_object,1982,109.472,12.897,11.391,23.209,-2.883,-4.640,-5.623,12.422,13.031,20.559,-16.014,-16.361,-27.406,0,0,1163,0,0.0,0.0,40.0,0.0,109.472,1372,2
12,no_object,2033,109.472,10.647,12.741,23.936,-1.983,-3.290,-0.541,-3.328,-1.369,-2.676,10.536,11.989,17.605,0,0,1163,0,0.0,0.0,40.0,0.0,109.472,1372,2
12,no_object,2083,109.472,9.748,10.491,13.771,-21.334,-20.841,-33.211,-0.629,1.781,-0.496,-17.813,-17.261,-33.215,0,0,1163,0,0.0,0.0,40.0,0.0,109.472,1372,2
12,no_object,2135,109.472,-3.302,-4.359,-10.186,-9.633,-11.390,-13.609,-11.879,-10.818,-17.922,2.886,2.089,9.619,0,0,1163,0,0.0,0.0,40.0,0.0,109.472,1372,2
12,no_object,2185,109.472,-12.752,-9.759,-13.092,-6.934,-6.890,-12.158,4.771,1.331,10.393,-2.964,-4.661,-7.805,0,1,1163,2185,0.0,0.0,40.0,41.0,109.472,1372,2
13,no_object,5,60.896,19.050,18.601,28.312,7.050,5.250,11.133,-6.300,-5.400,-8.471,-11.100,-7.649,-12.584,0,0,0,0,0.0,0.0,0.0,0.0,0.000,0,0
13,no_object,56,61.424,-0.676,1.350,3.994,8.101,6.524,11.615,-10.125,-9.675,-11.980,-12.600,-16.649,-21.053,0,0,0,0,0.0,0.0,0.0,0.0,0.000,0,0
13,no_object,106,63.360,-20.700,-19.125,-29.041,-2.700,-1.125,-2.539,-1.575,-7.201,-3.268,-15.524,-21.150,-30.492,0,0,0,0,0.0,0.0,0.0,0.0,0.000,0,0
13,no_object,157,65.736,-6.524,-13.051,-21.416,-0.225,-0.676,-2.176,22.500,16.875,27.588,-1.351,-5.399,-7.984,0,0,0,0,0.0,0.0,0.0,0.0,0.000,0,0
13,no_object,208,68.728,19.574,19.574,31.580,3.825,6.525,16.699,16.425,16.650,26.135,-5.625,-2.475,1.453,0,0,0,0,0.0,0.0,0.0,0.0,0.000,0,0
13,no_object,260,71.544,19.799,19.350,39.205,34.201,34.650,56.629,-6.300,-4.950,2.176,-33.750,-32.399,-52.998,0,0,0,0,0.0,0.0,0.0,0.0,0.000,0,0
13,no_object,311,74.536,23.400,21.825,42.473,2.700,2.699,-0.363,-8.774,-12.375,-19.240,11.476,11.926,22.867,0,0,0,0,0.0,0.0,0.0,0.0,0.000,0,0
13,no_object,361,77.440,15.299,20.700,26.863,-26.100,-19.350,-42.834,7.199,9.451,13.068,-27.900,-30.601,-43.561,0,0,0,0,0.0,0.0,0.0,0.0,0.000,0,0
13,no_object,413,80.432,12.375,13.275,15.609,3.374,8.101,11.979,18.674,24.976,31.943,-7.874,-4.950,-14.520,0,0,0,0,0.0,0.0,0.0,0.0,0.000,0,0
13,no_object,464,83.512,-19.350,-14.399,-21.053,5.851,1.351,9.438,14.400,13.050,19.602,-14.850,-8.549,-16.697,0,0,0,0,0.0,0.0,0.0,0.0,0.000,0,0
13,no_object,515,86.504,18.899,16.200,28.314,10.801,11.025,13.066,12.150,13.725,18.512,15.074,15.975,26.137,0,0,0,0,0.0,0.0,0.0,0.0,0.000,0,0
13,no_object,566,89.496,-14.400,-17.551,-22.504,-13.500,-13.051,-12.344,8.100,6.750,13.795,1.350,1.801,-2.178,0,0,0,0,0.0,0.0,0.0,0.0,0.000,0,0
13,no_object,617,92.488,-0.675,2.250,-0.361,-10.125,-15.524,-17.787,11.476,12.150,12.703,-9.450,-6.075,-8.711,0,0,0,0,0.0,0.0,0.0,0.0,0.000,0,0
13,no_object,668,95.568,1.351,4.051,3.629,1.351,2.250,7.260,-9.450,-12.150,-17.422,-5.850,-13.050,-6.535,0,0,0,0,0.0,0.0,0.0,0.0,0.000,0,0
13,no_object,719,98.560,-14.399,-6.976,-18.148,13.051,8.774,17.424,-11.250,-7.424,-14.158,-17.325,-15.076,-21.053,0,0,0,0,0.0,0.0,0.0,0.0,0.000,0,0
13,no_object,770,101.552,-10.351,-4.050,-10.164,-0.900,-2.250,2.176,-3.149,-0.451,5.809,-18.900,-19.350,-29.766,0,0,0,0,0.0,0.0,0.0,0.0,0.000,0,0
13,no_object,821,104.632,-9.900,-8.100,-10.164,13.050,4.500,17.424,-7.199,-5.400,-12.342,-9.000,-0.449,-13.795,0,0,0,0,0.0,0.0,0.0,0.0,0.000,0,0
13,no_object,873,107.624,21.600,30.149,38.479,11.250,11.250,10.889,6.300,3.150,13.068,-19.800,-20.250,-21.055,0,0,0,0,0.0,0.0,0.0,0.0,0.000,0,0
13,no_object,923,109.032,5.698,1.941,2.154,-0.633,-0.591,-1.268,1.172,-0.020,3.133,-20.964,-22.661,-31.037,0,0,0,0,0.0,0.0,0.0,0.0,0.000,0,0
13,no_object,974,109.384,2.998,1.041,8.689,-15.483,-10.490,-12.883,-8.279,-10.818,-15.742,-5.214,-7.361,-12.160,0,0,0,0,0.0,0.0,0.0,0.0,0.000,0,0
13,no_object,1025,109.472,8.397,6.441,16.674,-5.584,-5.540,-4.172,-13.679,-14.419,-17.922,10.087,8.389,20.510,0,0,0,0,0.0,0.0,0.0,0.0,0.000,0,0
13,no_object,1076,109.472,4.798,9.592,10.867,1.617,0.760,0.186,-2.879,-0.919,1.682,-13.764,-11.861,-22.324,0,0,0,0,0.0,0.0,0.0,0.0,0.000,0,0
13,no_object,1127,109.472,2.998,1.491,0.703,16.916,16.510,24.869,-20.879,-20.270,-33.893,-7.913,-11.861,-14.338,0,0,0,0,0.0,0.0,0.0,0.0,0.000,0,0
13,no_object,1178,109.472,4.349,4.191,13.045,4.767,6.610,7.445,-10.078,-4.520,-9.207,-10.614,-15.011,-20.146,1,0,1178,0,0.0,0.0,40.0,0.0,109.472,0,2
13,no_object,1235,109.472,7.948,8.691,15.223,10.166,13.810,16.883,-8.279,-7.219,-9.207,-12.413,-9.611,-15.064,0,0,1178,0,0.0,0.0,40.0,0.0,109.472,0,2
13,no_object,1286,109.472,-10.052,-11.559,-19.623,-3.334,-4.190,-6.350,-9.629,-7.669,-12.838,6.036,5.688,12.523,0,0,1178,0,0.0,0.0,40.0,0.0,109.472,0,2
13,no_object,1337,109.472,18.298,18.592,27.566,-1.084,-3.290,1.637,-1.979,-3.619,-1.949,-7.464,-10.962,-16.518,0,0,1178,0,0.0,0.0,40.0,0.0,109.472,0,2
13,no_object,1388,109.472,11.998,15.441,20.305,-2.883,0.310,3.088,0.721,2.230,9.668,0.636,-0.611,5.990,0,0,1178,0,0.0,0.0,40.0,0.0,109.472,1388,2
13,no_object,1438,109.472,3.897,0.141,-0.023,0.267,-7.341,-9.980,4.771,3.131,0.955,-22.764,-21.312,-29.584,0,0,1178,0,0.0,0.0,40.0,0.0,109.472,1388,2
13,no_object,1489,109.472,14.698,9.141,21.758,5.217,0.310,0.910,11.071,10.331,17.652,-7.913,-6.911,-9.982,0,0,1178,0,0.0,0.0,40.0,0.0,109.472,1388,2
13,no_object,1540,109.472,7.948,10.041,17.400,-1.084,-2.390,-5.623,3.422,4.480,-1.223,-15.114,-17.261,-20.146,0,0,1178,0,0.0,0.0,40.0,0.0,109.472,1388,2
13,no_object,1591,109.472,17.397,16.342,28.291,-6.483,-8.240,-11.432,9.721,11.230,18.379,-11.063,-10.062,-20.873,0,0,1178,0,0.0,0.0,40.0,0.0,109.472,1388,2
13,no_object,1643,109.472,13.798,13.191,18.854,22.767,21.909,34.307,-2.429,-3.169,-7.031,1.986,3.889,3.086,0,0,1178,0,0.0,0.0,40.0,0.0,109.472,1388,2
13,no_object,1694,109.472,20.099,21.741,35.551,10.617,12.909,21.238,-1.979,-1.369,2.408,-21.413,-20.411,-35.393,0,0,1178,0,0.0,0.0,40.0,0.0,109.472,1388,2
13,no_object,1745,109.472,-5.103,-4.809,-5.830,9.717,10.659,14.705,13.321,7.631,14.750,-10.163,-10.062,-12.160,0,0,1178,0,0.0,0.0,40.0,0.0,109.472,1388,2
13,no_object,1794,109.472,-5.103,-4.359,-9.461,0.267,-0.591,0.910,-10.529,-13.068,-16.469,0.187,-1.062,-3.447,0,0,1178,0,0.0,0.0,40.0,0.0,109.472,1388,2
13,no_object,1846,109.472,2.998,1.491,0.703,23.217,23.260,35.758,11.071,7.631,8.941,0.636,0.739,-1.996,0,0,1178,0,0.0,0.0,40.0,0.0,109.472,1388,2
13,no_object,1897,109.472,3.897,2.391,1.428,4.767,2.110,11.801,0.271,0.432,2.408,-11.063,-11.411,-22.324,0,0,1178,0,0.0,0.0,40.0,0.0,109.472,1388,2
13,no_object,1947,109.472,4.349,5.541,13.771,-5.584,-8.690,-8.527,4.321,5.381,8.215,-12.864,-14.562,-17.969,0,0,1178,0,0.0,0.0,40.0,0.0,109.472,1388,2
13,no_object,1998,109.472,3.448,0.141,7.236,2.066,3.909,7.445,-5.578,-8.119,-9.207,-6.114,-7.812,-8.531,0,0,1178,0,0.0,0.0,40.0,0.0,109.472,1388,2
13,no_object,2049,109.472,10.198,12.741,15.223,-13.233,-10.040,-19.418,11.521,9.432,16.201,-29.964,-27.161,-42.652,0,0,1178,0,0.0,0.0,40.0,0.0,109.472,1388,2
13,no_object,2099,109.472,3.897,1.491,1.428,-6.033,-3.290,-4.898,-10.529,-2.270,-11.387,5.136,7.938,11.797,0,0,1178,0,0.0,0.0,40.0,0.0,109.472,1388,2
13,no_object,2149,109.472,3.897,5.541,3.607,4.316,8.860,7.445,9.721,11.230,16.201,-17.813,-18.611,-24.502,0,0,1178,0,0.0,0.0,40.0,0.0,109.472,1388,2
13,no_object,2199,109.472,-10.952,-12.009,-21.803,-7.383,-9.140,-12.883,-1.078,0.432,3.859,-20.964,-21.312,-31.037,0,1,1178,2199,0.0,0.0,40.0,40.0,109.472,1388,2
14,no_object,5,60.896,11.850,16.800,23.957,6.149,3.000,8.955,7.650,7.200,7.500,1.050,5.851,10.648,0,0,0,0,0.0,0.0,0.0,0.0,0.000,0,0
14,no_object,56,61.424,2.924,3.600,4.719,9.000,5.174,11.615,-11.925,-6.525,-11.980,-22.050,-23.399,-25.410,0,0,0,0,0.0,0.0,0.0,0.0,0.000,0,0
14,no_object,106,63.360,0.000,1.575,5.080,-9.450,-1.574,-9.074,3.824,3.149,14.156,-3.824,-8.101,-7.986,0,0,0,0,0.0,0.0,0.0,0.0,0.000,0,0
14,no_object,158,65.736,4.274,-0.900,1.816,2.025,2.025,5.082,4.051,-6.074,0.000,-4.500,-4.050,-4.355,0,0,0,0,0.0,0.0,0.0,0.0,0.000,0,0
14,no_object,209,68.728,20.024,19.125,36.664,4.275,2.025,7.986,15.074,15.750,26.135,-3.375,-3.824,-6.535,0,0,0,0,0.0,0.0,0.0,0.0,0.000,0,0
14,no_object,260,71.544,7.199,2.250,10.891,16.201,13.500,33.396,0.450,-0.450,11.615,-4.049,-1.800,-7.986,0,0,0,0,0.0,0.0,0.0,0.0,0.000,0,0
14,no_object,310,74.360,12.600,14.175,16.336,18.450,15.750,26.498,-22.725,-20.025,-36.664,-6.075,-6.525,0.361,0,0,0,0,0.0,0.0,0.0,0.0,0.000,0,0
14,no_object,361,77.440,13.049,14.400,20.328,-3.150,-3.150,-4.355,13.500,18.900,29.768,-11.700,-18.000,-18.877,0,0,0,0,0.0,0.0,0.0,0.0,0.000,0,0
14,no_object,412,80.432,2.025,1.575,-2.541,14.175,14.399,25.773,11.475,12.375,26.861,-2.475,-3.600,-10.164,0,0,0,0,0.0,0.0,0.0,0.0,0.000,0,0
14,no_object,463,83.424,-4.949,-0.450,1.453,-18.000,-23.399,-31.217,0.449,-3.600,-2.178,-9.000,-11.250,-19.602,0,0,0,0,0.0,0.0,0.0,0.0,0.000,0,0
14,no_object,513,86.328,15.300,14.399,31.219,-4.050,-0.676,-6.535,-4.950,-1.575,-11.254,-0.676,0.225,0.727,0,0,0,0,0.0,0.0,0.0,0.0,0.000,0,0
14,no_object,564,89.408,6.299,4.500,11.617,-4.950,-7.201,-5.809,15.750,20.700,31.945,7.650,3.600,11.617,0,0,0,0,0.0,0.0,0.0,0.0,0.000,0,0
14,no_object,615,92.400,21.825,22.500,39.568,3.375,1.125,4.719,10.125,10.350,9.074,-15.750,-16.425,-16.697,0,0,0,0,0.0,0.0,0.0,0.0,0.000,0,0
14,no_object,666,95.392,-2.699,-1.350,0.000,-10.351,-11.250,-11.617,14.850,16.199,29.768,5.400,-1.350,8.711,0,0,0,0,0.0,0.0,0.0,0.0,0.000,0,0
14,no_object,717,98.472,3.601,5.625,4.357,-6.300,-6.976,-7.260,4.500,-0.225,6.896,-20.475,-20.926,-26.861,0,0,0,0,0.0,0.0,0.0,0.0,0.000,0,0
14,no_object,769,101.376,-15.300,-6.750,-19.602,22.049,17.100,31.217,2.250,6.750,14.520,0.450,2.250,5.807,0,0,0,0,0.0,0.0,0.0,0.0,0.000,0,0
14,no_object,819,104.544,-4.950,-4.049,-6.533,1.800,-2.699,2.904,2.250,4.051,4.357,-9.900,-7.199,-14.521,0,0,0,0,0.0,0.0,0.0,0.0,0.000,0,0
14,no_object,870,107.448,12.600,16.649,19.604,8.550,1.350,-5.084,19.800,19.350,31.217,-11.699,-16.650,-19.602,0,0,0,0,0.0,0.0,0.0,0.0,0.000,0,0
14,no_object,921,109.032,6.599,9.592,15.949,4.316,6.159,8.896,6.571,5.831,13.297,-1.163,0.739,4.537,0,0,0,0,0.0,0.0,0.0,0.0,0.000,0,0
14,no_object,972,109.472,1.647,2.842,5.061,7.017,7.960,13.254,-0.629,2.682,4.586,17.736,13.339,27.043,0,0,0,0,0.0,0.0,0.0,0.0,0.000,0,0
14,no_object,1022,109.472,8.397,10.041,15.223,1.166,1.210,1.637,20.071,15.730,27.816,21.337,18.288,29.221,0,0,0,0,0.0,0.0,0.0,0.0,0.000,0,0
14,no_object,1073,109.472,9.298,6.891,18.854,-4.684,-4.640,-9.254,-15.029,-16.219,-25.180,-19.614,-21.312,-31.037,0,0,0,0,0.0,0.0,0.0,0.0,0.000,0,0
14,no_object,1123,109.472,-1.952,0.141,-0.748,-1.983,-1.490,-6.350,0.721,-1.818,-4.127,-4.313,-9.611,-13.611,0,0,0,0,0.0,0.0,0.0,0.0,0.000,0,0
14,no_object,1174,109.472,-4.651,-4.809,-10.186,-1.084,1.210,3.088,-4.679,-8.568,-9.207,-7.913,-9.611,-12.160,1,0,1174,0,0.0,0.0,41.0,0.0,109.472,0,2
14,no_object,1231,109.472,-0.603,2.842,5.061,-8.283,-5.990,-15.061,20.971,21.131,29.996,-2.514,-1.962,-0.545,0,0,1174,0,0.0,0.0,41.0,0.0,109.472,0,2
14,no_object,1281,109.472,-4.651,-6.609,-2.926,-17.283,-23.091,-39.020,-2.429,0.881,3.133,-8.813,-9.611,-11.434,0,0,1174,0,0.0,0.0,41.0,0.0,109.472,0,2
14,no_object,1332,109.472,10.647,10.041,17.400,13.316,12.909,21.238,-17.729,-11.719,-21.551,-3.413,-3.761,-14.338,0,0,1174,0,0.0,0.0,41.0,0.0,109.472,0,2
14,no_object,1382,109.472,7.048,9.141,7.236,-14.584,-11.841,-22.320,22.321,17.980,29.270,-5.663,-8.712,-9.982,0,0,1174,0,0.0,0.0,41.0,0.0,109.472,1382,2
14,no_object,1439,109.472,10.198,8.241,12.320,-13.684,-13.640,-21.596,-6.929,-7.669,-10.660,-10.614,-6.911,-19.420,0,0,1174,0,0.0,0.0,41.0,0.0,109.472,1382,2
14,no_object,1490,109.472,16.048,19.491,25.389,-11.883,-12.740,-17.965,-7.379,-8.568,-13.564,-5.663,-6.011,-10.709,0,0,1174,0,0.0,0.0,41.0,0.0,109.472,1382,2
14,no_object,1542,109.472,2.099,7.342,11.594,-10.533,-12.290,-19.418,6.121,7.182,11.846,5.136,2.538,12.523,0,0,1174,0,0.0,0.0,41.0,0.0,109.472,1382,2
14,no_object,1593,109.472,8.849,10.491,15.223,10.166,11.110,19.785,-6.929,-4.969,-12.838,-7.913,-10.962,-15.064,0,0,1174,0,0.0,0.0,41.0,0.0,109.472,1382,2
14,no_object,1644,109.472,-3.752,-1.658,-5.104,6.117,7.060,9.623,13.321,15.281,23.461,1.986,0.288,2.359,0,0,1174,0,0.0,0.0,41.0,0.0,109.472,1382,2
14,no_object,1694,109.472,10.647,7.791,13.045,1.166,2.110,7.445,-9.629,-7.669,-12.838,7.386,6.139,14.701,0,0,1174,0,0.0,0.0,41.0,0.0,109.472,1382,2
14,no_object,1745,109.472,-1.502,-1.209,-3.652,-13.684,-14.091,-24.500,1.172,-0.919,4.586,-6.563,-7.812,-10.709,0,0,1174,0,0.0,0.0,41.0,0.0,109.472,1382,2
14,no_object,1797,109.472,0.298,3.741,5.785,-6.033,-1.040,-4.898,-1.529,-1.369,0.230,-13.313,-12.312,-17.242,0,0,1174,0,0.0,0.0,41.0,0.0,109.472,1382,2
14,no_object,1848,109.472,-4.651,-2.559,-7.283,-3.783,-3.290,-6.350,13.321,13.480,24.187,-11.964,-14.111,-22.324,0,0,1174,0,0.0,0.0,41.0,0.0,109.472,1382,2
14,no_object,1899,109.472,7.048,9.141,18.127,-13.233,-12.290,-12.883,-2.429,-1.818,-5.578,7.386,9.739,13.975,0,0,1174,0,0.0,0.0,41.0,0.0,109.472,1382,2
14,no_object,1950,109.472,3.448,5.541,8.689,10.166,13.360,16.156,2.971,-1.369,5.312,-16.464,-12.312,-20.873,0,0,1174,0,0.0,0.0,41.0,0.0,109.472,1382,2
14,no_object,2001,109.472,-3.302,-2.559,-2.926,9.267,6.610,11.801,5.221,4.031,13.297,-7.464,-10.062,-18.693,0,0,1174,0,0.0,0.0,41.0,0.0,109.472,1382,2
14,no_object,2052,109.472,18.298,17.691,32.646,7.916,6.159,14.705,25.922,27.881,35.805,6.036,5.688,12.523,0,0,1174,0,0.0,0.0,41.0,0.0,109.472,1382,2
14,no_object,2104,109.472,-0.151,4.641,2.881,-10.084,-7.790,-14.336,6.571,3.131,8.215,-1.163,-2.411,3.813,0,0,1174,0,0.0,0.0,41.0,0.0,109.472,1382,2
14,no_object,2154,109.472,-0.151,-4.809,3.607,5.217,4.360,6.719,-13.679,-12.169,-18.646,-30.413,-25.812,-48.461,0,0,1174,0,0.0,0.0,41.0,0.0,109.472,1382,2
14,no_object,2204,109.472,-3.302,-2.109,-8.734,5.666,7.960,11.074,2.521,1.331,2.408,-17.813,-20.861,-30.311,0,1,1174,2204,0.0,0.0,41.0,41.0,109.472,1382,2
15,no_object,6,60.896,2.399,7.800,10.164,27.300,32.250,43.803,-11.250,-12.150,-20.086,-23.700,-22.500,-29.281,0,0,0,0,0.0,0.0,0.0,0.0,0.000,0,0
15,no_object,56,61.424,6.975,8.550,9.076,9.899,8.324,16.697,-11.925,-11.025,-13.434,-27.900,-31.050,-46.465,0,0,0,0,0.0,0.0,0.0,0.0,0.000,0,0
15,no_object,106,63.272,-1.351,1.125,2.176,-9.450,-9.225,-17.785,2.025,4.500,3.994,2.476,-4.950,4.355,0,0,0,0,0.0,0.0,0.0,0.0,0.000,0,0
15,no_object,158,65.648,12.375,9.000,13.432,-2.924,-6.075,-7.984,12.150,8.775,14.520,-4.951,-10.351,-10.891,0,0,0,0,0.0,0.0,0.0,0.0,0.000,0,0
15,no_object,209,68.640,13.274,18.674,27.951,6.525,7.876,10.164,22.275,22.500,33.395,-0.675,3.375,-1.453,0,0,0,0,0.0,0.0,0.0,0.0,0.000,0,0
15,no_object,259,71.456,13.500,11.250,25.410,5.400,5.400,13.795,12.150,10.350,25.408,-21.149,-23.399,-39.203,0,0,0,0,0.0,0.0,0.0,0.0,0.000,0,0
15,no_object,310,74.360,14.400,11.025,19.965,16.650,18.449,22.141,-6.074,-8.775,-10.529,-20.925,-26.324,-25.049,0,0,0,0,0.0,0.0,0.0,0.0,0.000,0,0
15,no_object,362,77.440,2.699,9.450,14.520,-7.200,-5.400,-9.438,17.549,18.900,31.945,-41.850,-45.000,-57.355,0,0,0,0,0.0,0.0,0.0,0.0,0.000,0,0
15,no_object,413,80.432,17.775,20.025,25.047,12.374,14.399,18.512,8.324,12.825,23.959,-11.925,-16.650,-22.506,0,0,0,0,0.0,0.0,0.0,0.0,0.000,0,0
15,no_object,463,83.336,8.100,10.351,19.602,-13.500,-18.000,-26.859,0.000,-3.150,-2.904,-13.050,-8.549,-16.697,0,0,0,0,0.0,0.0,0.0,0.0,0.000,0,0
15,no_object,514,86.416,26.100,21.601,39.205,25.200,25.425,34.119,17.101,14.175,25.047,-0.676,-0.225,-2.902,0,0,0,0,0.0,0.0,0.0,0.0,0.000,0,0
15,no_object,565,89.408,-11.250,-10.350,-8.711,4.949,6.750,15.246,34.200,34.649,63.891,-3.600,-5.400,-2.178,0,0,0,0,0.0,0.0,0.0,0.0,0.000,0,0
15,no_object,617,92.488,17.775,23.850,42.471,5.625,4.274,10.527,5.625,5.400,4.719,-1.350,0.675,-0.725,0,0,0,0,0.0,0.0,0.0,0.0,0.000,0,0
15,no_object,668,95.480,-4.049,-4.949,-6.535,6.300,4.051,17.422,-6.301,-2.700,-8.711,-0.449,-9.449,-12.342,0,0,0,0,0.0,0.0,0.0,0.0,0.000,0,0
15,no_object,718,98.472,4.500,10.125,18.150,-1.350,-2.025,2.904,-13.050,-15.074,-6.172,6.976,6.074,15.973,0,0,0,0,0.0,0.0,0.0,0.0,0.000,0,0
15,no_object,770,101.376,-1.800,3.601,13.068,15.750,15.301,28.314,12.150,7.649,21.781,8.100,5.400,5.807,0,0,0,0,0.0,0.0,0.0,0.0,0.000,0,0
15,no_object,821,104.544,-1.801,5.400,11.615,10.800,8.101,12.342,7.200,7.650,13.795,-6.750,-3.149,-7.260,0,0,0,0,0.0,0.0,0.0,0.0,0.000,0,0
15,no_object,872,107.536,8.100,15.300,7.986,14.850,13.050,11.615,9.000,8.550,15.246,12.150,13.500,19.604,0,0,0,0,0.0,0.0,0.0,0.0,0.000,0,0
15,no_object,923,109.032,2.548,7.342,10.143,-11.883,-13.190,-24.500,7.471,5.831,11.119,6.486,6.589,8.166,0,0,0,0,0.0,0.0,0.0,0.0,0.000,0,0
15,no_object,974,109.384,-0.603,4.191,0.703,-1.533,-5.091,-9.980,-14.578,-8.568,-24.453,0.636,-1.962,-5.627,0,0,0,0,0.0,0.0,0.0,0.0,0.000,0,0
15,no_object,1026,109.472,2.099,4.191,2.881,16.017,15.159,27.773,-4.229,-1.818,-7.031,-11.514,-10.962,-20.873,0,0,0,0,0.0,0.0,0.0,0.0,0.000,0,0
15,no_object,1077,109.472,11.099,12.741,26.113,5.217,8.860,9.623,-5.129,-5.869,-2.676,9.636,11.089,12.523,0,0,0,0,0.0,0.0,0.0,0.0,0.000,0,0
15,no_object,1127,109.472,3.897,5.541,12.320,-14.584,-15.440,-22.320,9.721,9.881,22.010,-7.913,-10.062,-14.338,0,0,0,0,0.0,0.0,0.0,0.0,0.000,0,0
15,no_object,1177,109.472,10.198,10.941,15.223,7.017,6.159,14.705,11.971,11.682,21.285,-25.913,-25.361,-41.926,1,0,1177,0,0.0,0.0,40.0,0.0,109.472,0,2
15,no_object,1234,109.472,11.998,13.641,22.482,-1.084,0.310,0.186,-7.828,-4.068,-12.838,-28.614,-26.712,-35.393,0,0,1177,0,0.0,0.0,40.0,0.0,109.472,0,2
15,no_object,1285,109.472,4.349,4.191,12.320,12.867,13.810,24.143,1.621,-4.068,-0.496,13.687,8.389,18.332,0,0,1177,0,0.0,0.0,40.0,0.0,109.472,0,2
15,no_object,1336,109.472,2.998,1.491,6.512,6.117,6.610,7.445,-5.578,-8.568,-15.742,0.636,-1.511,-0.545,0,0,1177,0,0.0,0.0,40.0,0.0,109.472,0,2
15,no_object,1386,109.472,13.798,17.691,33.373,-3.334,-3.290,-1.992,-5.578,-4.969,-7.031,-7.464,-9.611,-10.709,0,0,1177,0,0.0,0.0,40.0,0.0,109.472,1386,2
15,no_object,1437,109.472,5.248,4.641,9.416,19.166,20.110,27.773,9.721,10.331,14.750,-18.264,-19.062,-28.131,0,0,1177,0,0.0,0.0,40.0,0.0,109.472,1386,2
15,no_object,1488,109.472,8.397,8.241,18.854,2.517,5.260,10.348,0.271,-0.469,0.230,-4.764,-3.312,-11.434,0,0,1177,0,0.0,0.0,40.0,0.0,109.472,1386,2
15,no_object,1539,109.472,6.599,6.441,9.416,-11.883,-9.591,-17.238,-10.529,-7.219,-12.838,5.136,2.538,5.990,0,0,1177,0,0.0,0.0,40.0,0.0,109.472,1386,2
15,no_object,1590,109.472,6.599,11.842,17.400,-13.684,-13.640,-24.500,16.021,16.182,27.816,6.486,3.889,8.893,0,0,1177,0,0.0,0.0,40.0,0.0,109.472,1386,2
15,no_object,1641,109.472,-6.002,-7.509,-7.283,11.967,11.560,22.691,12.871,13.031,15.477,-3.864,-0.611,-0.545,0,0,1177,0,0.0,0.0,40.0,0.0,109.472,1386,2
15,no_object,1692,109.472,7.498,7.791,12.320,3.867,4.360,5.992,6.571,6.281,12.570,3.786,-1.962,3.813,0,0,1177,0,0.0,0.0,40.0,0.0,109.472,1386,2
15,no_object,1742,109.472,8.849,12.741,18.854,4.316,-3.290,0.910,11.521,9.432,13.297,-2.964,-6.911,-10.709,0,0,1177,0,0.0,0.0,40.0,0.0,109.472,1386,2
15,no_object,1793,109.472,-1.052,-0.759,-1.475,16.017,16.510,21.238,12.422,18.881,21.285,-11.514,-15.011,-15.064,0,0,1177,0,0.0,0.0,40.0,0.0,109.472,1386,2
15,no_object,1843,109.472,5.248,12.741,12.320,10.166,8.860,19.061,-1.078,-2.270,-4.127,-27.714,-27.611,-48.461,0,0,1177,0,0.0,0.0,40.0,0.0,109.472,1386,2
15,no_object,1900,109.472,-5.103,-3.908,-5.104,13.316,16.510,19.785,15.121,13.031,20.559,-7.913,-9.611,-13.611,0,0,1177,0,0.0,0.0,40.0,0.0,109.472,1386,2
15,no_object,1951,109.472,18.298,15.441,26.840,9.267,11.110,16.156,-15.479,-13.068,-22.275,-1.163,-3.761,-7.080,0,0,1177,0,0.0,0.0,40.0,0.0,109.472,1386,2
15,no_object,2002,109.472,-5.103,-2.109,-5.830,15.117,13.810,26.320,-5.578,-3.169,-12.838,11.886,10.188,19.059,0,0,1177,0,0.0,0.0,40.0,0.0,109.472,1386,2
15,no_object,2054,109.472,-14.103,-12.009,-18.898,22.767,21.909,37.938,11.971,8.531,17.652,-8.364,-6.911,-8.531,0,0,1177,0,0.0,0.0,40.0,0.0,109.472,1386,2
15,no_object,2104,109.472,21.897,18.141,35.551,13.316,14.260,24.869,0.721,-0.469,1.682,-19.614,-19.511,-31.037,0,0,1177,0,0.0,0.0,40.0,0.0,109.472,1386,2
15,no_object,2155,109.472,13.349,13.641,25.389,-1.983,-1.490,-6.350,11.971,8.081,20.559,6.486,6.589,14.701,0,0,1177,0,0.0,0.0,40.0,0.0,109.472,1386,2
15,no_object,2206,109.472,14.698,17.241,30.469,11.517,11.560,21.238,-7.379,-8.568,-10.660,-25.014,-23.111,-36.846,0,1,1177,2206,0.0,0.0,40.0,41.0,109.472,1386,2
16,no_object,6,60.896,1.050,1.501,1.451,10.649,7.950,14.764,0.000,-1.351,-1.211,-4.350,-4.950,-3.871,0,0,0,0,0.0,0.0,0.0,0.0,0.000,0,0
16,no_object,58,61.512,14.625,19.350,27.225,24.300,24.524,42.105,5.175,9.676,15.607,-7.650,-10.351,-10.164,0,0,0,0,0.0,0.0,0.0,0.0,0.000,0,0
16,no_object,109,63.448,2.250,0.675,5.080,5.400,6.075,9.074,0.225,-4.951,-4.721,-21.824,-26.550,-36.301,0,0,0,0,0.0,0.0,0.0,0.0,0.000,0,0
16,no_object,160,65.824,-0.675,-8.551,-10.525,-0.225,0.225,-1.449,-0.900,-2.925,-12.344,7.199,7.649,4.355,0,0,0,0,0.0,0.0,0.0,0.0,0.000,0,0
16,no_object,210,68.728,5.174,3.375,6.172,19.575,20.476,32.672,24.975,27.449,38.477,2.025,4.275,10.891,0,0,0,0,0.0,0.0,0.0,0.0,0.000,0,0
16,no_object,261,71.544,19.350,18.000,37.025,21.150,18.000,34.850,2.700,0.900,9.438,-21.149,-21.601,-39.203,0,0,0,0,0.0,0.0,0.0,0.0,0.000,0,0
16,no_object,312,74.536,13.051,14.175,22.871,27.001,22.949,43.195,0.226,3.375,6.895,-6.524,-5.175,-6.898,0,0,0,0,0.0,0.0,0.0,0.0,0.000,0,0
16,no_object,362,77.440,18.449,22.051,31.945,-13.051,-10.350,-19.602,32.850,30.150,51.547,-27.900,-28.800,-47.191,0,0,0,0,0.0,0.0,0.0,0.0,0.000,0,0
16,no_object,414,80.520,14.175,15.525,18.512,16.425,19.351,27.951,18.225,24.524,32.670,13.726,9.900,12.344,0,0,0,0,0.0,0.0,0.0,0.0,0.000,0,0
16,no_object,464,83.512,15.301,16.200,35.574,-2.700,-5.399,-2.902,16.199,9.449,23.230,-3.150,-1.350,-3.629,0,0,0,0,0.0,0.0,0.0,0.0,0.000,0,0
16,no_object,515,86.504,17.550,18.899,28.314,21.600,25.875,37.023,22.501,20.025,31.580,-13.726,-11.926,-21.053,0,0,0,0,0.0,0.0,0.0,0.0,0.000,0,0
16,no_object,566,89.496,-1.351,-1.801,1.453,-13.500,-11.701,-13.068,1.350,4.050,7.988,-1.801,1.801,1.453,0,0,0,0,0.0,0.0,0.0,0.0,0.000,0,0
16,no_object,617,92.488,14.625,16.650,20.693,2.926,3.375,8.348,16.875,16.200,23.594,-0.450,2.024,0.727,0,0,0,0,0.0,0.0,0.0,0.0,0.000,0,0
16,no_object,666,95.480,-2.250,-4.500,-3.633,6.300,9.000,19.602,-12.150,-10.801,-12.342,-21.150,-19.800,-24.684,0,0,0,0,0.0,0.0,0.0,0.0,0.000,0,0
16,no_object,718,98.472,-4.949,-2.025,-5.809,2.250,1.574,6.533,-1.350,-2.475,3.992,-2.925,-1.125,3.631,0,0,0,0,0.0,0.0,0.0,0.0,0.000,0,0
16,no_object,768,101.288,17.101,21.149,30.492,0.000,-1.800,2.902,-16.649,-13.500,-18.875,-8.550,-5.400,-12.342,0,0,0,0,0.0,0.0,0.0,0.0,0.000,0,0
16,no_object,819,104.456,-18.900,-21.600,-37.752,5.400,4.051,8.713,-7.650,-6.750,-10.162,-20.700,-16.649,-31.943,0,0,0,0,0.0,0.0,0.0,0.0,0.000,0,0
16,no_object,870,107.448,26.551,31.050,45.738,20.250,20.699,18.875,10.350,9.000,19.602,-0.449,1.799,4.357,0,0,0,0,0.0,0.0,0.0,0.0,0.000,0,0
16,no_object,921,109.032,6.147,6.441,13.045,-0.184,1.210,0.186,-4.679,-5.869,-7.031,-27.714,-27.611,-44.104,0,0,0,0,0.0,0.0,0.0,0.0,0.000,0,0
16,no_object,972,109.384,7.048,7.342,8.689,3.416,0.760,2.361,-9.629,-8.119,-15.016,-5.214,-5.562,-4.900,0,0,0,0,0.0,0.0,0.0,0.0,0.000,0,0
16,no_object,1024,109.472,11.099,8.691,10.867,3.867,2.110,7.445,3.871,0.881,6.764,-10.614,-13.661,-20.873,0,0,0,0,0.0,0.0,0.0,0.0,0.000,0,0
16,no_object,1074,109.472,8.397,6.441,8.689,10.617,7.960,13.979,-7.379,-9.020,-11.387,-9.264,-8.261,-6.354,0,0,0,0,0.0,0.0,0.0,0.0,0.000,0,0
16,no_object,1125,109.472,19.198,17.691,29.018,-1.983,-5.091,-3.445,0.721,0.881,6.039,-2.063,-3.761,-1.996,0,0,0,0,0.0,0.0,0.0,0.0,0.000,0,0
16,no_object,1176,109.472,8.849,10.491,15.223,2.066,5.710,12.527,7.471,0.881,11.119,-11.063,-10.062,-12.885,1,0,1176,0,0.0,0.0,41.0,0.0,109.472,0,2
16,no_object,1235,109.472,4.349,7.791,6.512,-1.084,0.310,-1.268,2.971,6.281,11.846,0.636,2.989,4.537,0,0,1176,0,0.0,0.0,41.0,0.0,109.472,0,2
16,no_object,1286,109.472,-9.151,-10.658,-15.270,-10.533,-11.390,-17.238,-9.629,-12.169,-17.922,-23.214,-23.111,-31.037,0,0,1176,0,0.0,0.0,41.0,0.0,109.472,0,2
16,no_object,1336,109.472,14.248,13.641,23.209,8.816,11.110,21.238,6.571,5.831,10.393,-2.964,-2.861,-0.545,0,0,1176,0,0.0,0.0,41.0,0.0,109.472,0,2
16,no_object,1387,109.472,6.147,7.342,10.867,-12.334,-10.940,-15.787,14.672,14.831,22.736,-29.063,-27.161,-44.104,0,0,1176,0,0.0,0.0,41.0,0.0,109.472,1387,2
16,no_object,1438,109.472,21.448,17.241,36.277,-10.084,-9.591,-15.061,-5.578,-3.169,-19.373,-29.514,-28.511,-35.393,0,0,1176,0,0.0,0.0,41.0,0.0,109.472,1387,2
16,no_object,1489,109.472,-8.252,-4.809,-8.010,-8.733,-6.440,-9.254,-7.828,-7.669,-11.387,2.886,5.239,11.072,0,0,1176,0,0.0,0.0,41.0,0.0,109.472,1387,2
16,no_object,1541,109.472,15.599,15.891,34.100,-5.584,-8.240,-13.609,-5.129,-0.919,-6.305,2.886,7.038,13.975,0,0,1176,0,0.0,0.0,41.0,0.0,109.472,1387,2
16,no_object,1592,109.384,16.048,17.241,22.482,11.517,7.060,8.896,2.971,3.131,5.312,-3.864,-6.011,-1.996,0,0,1176,0,0.0,0.0,41.0,0.0,109.472,1387,2
16,no_object,1642,109.472,-1.502,-5.709,-2.201,-1.084,1.210,2.361,-0.629,-1.369,3.133,-15.114,-19.511,-25.955,0,0,1176,0,0.0,0.0,41.0,0.0,109.472,1387,2
16,no_object,1693,109.472,7.948,9.141,15.223,-2.434,2.560,4.539,-6.929,-9.469,-9.207,-7.913,-8.712,-17.969,0,0,1176,0,0.0,0.0,41.0,0.0,109.472,1387,2
16,no_object,1750,109.472,7.948,5.541,6.512,14.666,13.360,21.965,11.521,9.432,19.832,6.036,7.038,2.359,0,0,1176,0,0.0,0.0,41.0,0.0,109.472,1387,2
16,no_object,1801,109.472,-6.002,-7.059,-7.283,-4.684,-2.841,-6.350,-15.029,-11.270,-14.291,-9.714,-10.062,-17.242,0,0,1176,0,0.0,0.0,41.0,0.0,109.472,1387,2
16,no_object,1851,109.472,20.548,19.041,35.551,2.967,-0.591,3.088,-1.979,1.781,0.955,-16.014,-18.161,-24.502,0,0,1176,0,0.0,0.0,41.0,0.0,109.472,1387,2
16,no_object,1901,109.472,3.897,4.641,5.061,10.617,5.260,16.156,-6.479,-1.369,-8.482,-13.313,-15.462,-17.242,0,0,1176,0,0.0,0.0,41.0,0.0,109.472,1387,2
16,no_object,1951,109.472,-4.651,-5.709,-9.461,3.867,-0.140,0.186,13.771,16.631,21.285,9.187,5.688,15.428,0,0,1176,0,0.0,0.0,41.0,0.0,109.472,1387,2
16,no_object,2002,109.472,-1.052,-0.309,1.428,10.166,12.460,21.238,-1.078,-1.818,-1.949,-2.063,-2.411,-1.271,0,0,1176,0,0.0,0.0,41.0,0.0,109.472,1387,2
16,no_object,2053,109.472,3.897,2.842,5.061,-17.733,-19.940,-22.320,-5.129,-2.270,-11.387,-11.514,-14.562,-15.791,0,0,1176,0,0.0,0.0,41.0,0.0,109.472,1387,2
16,no_object,2103,109.384,2.099,-1.658,3.607,-3.334,0.310,5.266,14.672,15.281,21.285,-0.714,-1.062,3.086,0,0,1176,0,0.0,0.0,41.0,0.0,109.472,1387,2
16,no_object,2153,109.472,3.448,4.191,6.512,-7.383,-8.690,-13.609,6.121,6.281,13.297,3.337,1.639,7.441,0,0,1176,0,0.0,0.0,41.0,0.0,109.472,1387,2
16,no_object,2204,109.472,-0.603,2.391,5.061,1.617,2.110,-1.992,-18.629,-16.669,-29.537,-2.514,-7.361,-5.627,0,1,1176,2204,0.0,0.0,41.0,41.0,109.472,1387,2
17,no_object,6,60.896,14.550,15.001,23.230,2.101,5.250,8.955,10.801,10.350,14.762,-9.749,-6.300,-11.857,0,0,0,0,0.0,0.0,0.0,0.0,0.000,0,0
17,no_object,56,61.424,31.725,34.650,51.184,3.149,-1.125,-0.729,1.125,0.225,-4.721,-16.199,-18.450,-18.877,0,0,0,0,0.0,0.0,0.0,0.0,0.000,0,0
17,no_object,107,63.360,9.000,14.625,20.326,8.550,9.676,14.158,-15.525,-18.000,-25.047,-12.375,-16.650,-22.508,0,0,0,0,0.0,0.0,0.0,0.0,0.000,0,0
17,no_object,158,65.648,19.575,19.350,32.309,16.875,13.275,25.412,11.250,8.775,12.342,0.449,0.899,1.453,0,0,0,0,0.0,0.0,0.0,0.0,0.000,0,0
17,no_object,207,68.640,19.125,22.274,31.580,18.225,19.126,30.492,12.824,19.800,31.943,-11.925,-13.274,-13.793,0,0,0,0,0.0,0.0,0.0,0.0,0.000,0,0
17,no_object,258,71.368,18.449,18.899,38.479,21.150,22.500,39.205,-5.850,-5.400,1.451,-18.899,-19.351,-33.396,0,0,0,0,0.0,0.0,0.0,0.0,0.000,0,0
17,no_object,309,74.360,-1.350,-3.374,-0.363,0.450,1.800,6.170,-13.725,-8.775,-9.076,2.925,1.125,14.881,0,0,0,0,0.0,0.0,0.0,0.0,0.000,0,0
17,no_object,360,77.264,12.149,18.900,18.150,-11.700,-7.650,-18.875,-3.150,0.900,-5.082,-41.850,-42.300,-63.889,0,0,0,0,0.0,0.0,0.0,0.0,0.000,0,0
17,no_object,410,80.256,-7.426,-8.325,-14.156,0.225,0.450,0.363,-2.926,4.274,7.986,-4.725,-9.450,-13.068,0,0,0,0,0.0,0.0,0.0,0.0,0.000,0,0
17,no_object,460,83.248,16.650,15.300,35.574,2.250,0.899,1.453,5.400,-2.700,5.082,-6.300,-9.000,-9.438,0,0,0,0,0.0,0.0,0.0,0.0,0.000,0,0
17,no_object,511,86.240,-3.150,-6.750,-7.986,4.500,7.425,5.080,5.851,6.525,8.348,8.324,5.625,11.617,0,0,0,0,0.0,0.0,0.0,0.0,0.000,0,0
17,no_object,563,89.320,-4.500,-4.051,-6.533,14.400,16.199,27.586,29.250,28.351,44.287,10.800,7.200,8.711,0,0,0,0,0.0,0.0,0.0,0.0,0.000,0,0
17,no_object,613,92.312,19.125,19.800,34.486,6.975,5.175,11.254,21.375,24.301,28.676,2.250,2.024,6.535,0,0,0,0,0.0,0.0,0.0,0.0,0.000,0,0
17,no_object,662,95.216,7.201,11.250,18.148,-8.550,-8.100,-5.809,6.750,12.600,20.330,-4.500,-10.800,-7.260,0,0,0,0,0.0,0.0,0.0,0.0,0.000,0,0
17,no_object,713,98.120,-2.250,10.125,7.260,-7.650,-3.375,-7.260,-12.150,-14.625,-13.432,-8.774,-7.875,-10.162,0,0,0,0,0.0,0.0,0.0,0.0,0.000,0,0
17,no_object,763,101.112,-20.925,-20.699,-38.840,21.600,21.600,39.568,-7.425,-9.225,-12.344,-4.950,-2.926,-7.260,0,0,0,0,0.0,0.0,0.0,0.0,0.000,0,0
17,no_object,813,104.016,11.250,15.301,23.957,6.299,6.301,5.809,8.551,10.800,23.959,-4.051,2.700,2.180,0,0,0,0,0.0,0.0,0.0,0.0,0.000,0,0
17,no_object,863,107.096,7.875,3.150,11.252,-0.449,4.050,3.631,2.476,1.575,-1.814,-32.625,-30.150,-46.826,0,0,0,0,0.0,0.0,0.0,0.0,0.000,0,0
17,no_object,913,108.856,11.099,8.691,15.223,7.916,9.760,12.527,2.971,5.831,6.764,-10.614,-10.511,-16.518,0,0,0,0,0.0,0.0,0.0,0.0,0.000,0,0
17,no_object,963,109.384,9.748,14.991,24.662,1.166,2.560,1.637,8.821,8.081,11.846,3.337,2.989,7.441,0,0,0,0,0.0,0.0,0.0,0.0,0.000,0,0
17,no_object,1012,109.472,0.748,-2.559,3.607,4.767,7.960,6.719,6.121,3.131,3.133,5.136,4.339,8.166,0,0,0,0,0.0,0.0,0.0,0.0,0.000,0,0
17,no_object,1062,109.472,10.647,10.491,18.854,1.617,-0.140,5.266,3.422,1.781,8.215,5.587,4.788,11.797,0,0,0,0,0.0,0.0,0.0,0.0,0.000,0,0
17,no_object,1113,109.472,7.048,10.041,16.674,2.517,5.260,5.266,2.071,2.682,2.408,6.036,3.889,8.166,0,0,0,0,0.0,0.0,0.0,0.0,0.000,0,0
17,no_object,1163,109.472,4.798,7.342,7.963,4.767,6.159,7.445,-8.279,-12.619,-20.100,-12.413,-13.661,-22.324,1,0,1163,0,0.0,0.0,40.0,0.0,109.472,0,2
17,no_object,1221,109.472,7.048,10.941,17.400,6.566,7.510,11.801,-20.429,-20.270,-28.084,0.187,1.188,0.182,0,0,1163,0,0.0,0.0,40.0,0.0,109.472,0,2
17,no_object,1272,109.472,13.798,11.842,23.936,1.617,0.310,0.186,-4.679,-9.020,-7.031,-20.514,-20.861,-28.857,0,0,1163,0,0.0,0.0,40.0,0.0,109.472,0,2
17,no_object,1323,109.472,17.397,17.241,28.291,11.517,10.659,16.883,11.521,10.781,13.297,10.986,5.688,16.154,0,0,1163,0,0.0,0.0,40.0,0.0,109.472,0,2
17,no_object,1373,109.472,7.048,6.891,8.689,0.717,2.110,0.910,-4.229,-0.469,-8.482,-12.864,-12.761,-19.420,0,0,1163,0,0.0,0.0,40.0,0.0,109.472,1373,2
17,no_object,1425,109.472,7.498,8.691,12.320,14.217,12.460,24.143,-1.529,-4.969,-4.854,-7.464,-8.712,-8.531,0,0,1163,0,0.0,0.0,40.0,0.0,109.472,1373,2
17,no_object,1476,109.472,6.147,1.491,4.334,4.316,8.409,5.266,-4.229,-6.318,-10.660,-3.864,-2.411,1.635,0,0,1163,0,0.0,0.0,40.0,0.0,109.472,1373,2
17,no_object,1526,109.472,3.448,1.491,-0.023,14.217,14.710,21.965,-17.729,-16.219,-21.551,-18.264,-18.611,-28.857,0,0,1163,0,0.0,0.0,40.0,0.0,109.472,1373,2
17,no_object,1576,109.472,-12.302,-11.559,-20.350,12.867,11.560,16.883,7.922,4.031,6.039,-13.313,-15.462,-21.600,0,0,1163,0,0.0,0.0,40.0,0.0,109.472,1373,2
17,no_object,1626,109.472,-1.952,-5.259,-4.377,4.767,3.460,7.445,9.721,11.682,11.119,-7.913,-13.212,-15.791,0,0,1163,0,0.0,0.0,40.0,0.0,109.472,1373,2
17,no_object,1678,109.472,4.349,7.342,10.143,3.416,4.810,5.266,8.371,6.281,8.941,-12.413,-15.011,-23.777,0,0,1163,0,0.0,0.0,40.0,0.0,109.472,1373,2
17,no_object,1729,109.472,-13.202,-13.359,-19.623,1.166,1.659,-3.445,-0.179,4.031,3.859,1.536,4.339,-2.723,0,0,1163,0,0.0,0.0,40.0,0.0,109.472,1373,2
17,no_object,1780,109.472,6.599,8.241,7.963,13.767,17.409,26.320,-5.129,-4.969,-9.934,-8.364,-6.011,-15.791,0,0,1163,0,0.0,0.0,40.0,0.0,109.472,1373,2
17,no_object,1830,109.472,7.048,10.941,18.127,14.666,12.909,19.061,4.771,4.480,4.586,3.786,4.788,5.990,0,0,1163,0,0.0,0.0,40.0,0.0,109.472,1373,2
17,no_object,1881,109.472,-2.853,-2.109,-0.023,9.717,8.409,6.719,-12.328,-11.270,-14.291,-5.214,-9.611,-6.354,0,0,1163,0,0.0,0.0,40.0,0.0,109.472,1373,2
17,no_object,1932,109.472,13.798,12.291,19.580,12.416,14.260,21.965,-11.879,-14.869,-26.633,-5.214,-6.911,-9.982,0,0,1163,0,0.0,0.0,40.0,0.0,109.472,1373,2
17,no_object,1983,109.472,7.498,5.991,9.416,2.066,3.010,5.266,3.871,2.682,0.955,-5.214,-7.361,-9.982,0,0,1163,0,0.0,0.0,40.0,0.0,109.472,1373,2
17,no_object,2034,109.472,0.748,0.592,-1.475,7.467,8.409,13.979,0.721,1.781,-0.496,-11.964,-11.861,-19.420,0,0,1163,0,0.0,0.0,40.0,0.0,109.472,1373,2
17,no_object,2084,109.472,13.349,11.391,24.662,11.517,12.460,19.785,20.971,18.432,27.090,-11.964,-13.212,-20.146,0,0,1163,0,0.0,0.0,40.0,0.0,109.472,1373,2
17,no_object,2134,109.472,4.798,9.141,9.416,20.517,21.460,31.402,6.571,8.081,14.023,-13.313,-10.511,-20.873,0,0,1163,0,0.0,0.0,40.0,0.0,109.472,1373,2
17,no_object,2184,109.472,15.147,14.092,24.662,2.517,3.460,10.348,12.422,10.331,16.928,-8.813,-5.562,-8.531,0,1,1163,2184,0.0,0.0,40.0,41.0,109.472,1373,2
18,no_object,6,60.896,-5.251,-3.450,-2.904,10.200,10.200,19.846,1.350,1.800,-1.211,-2.999,-1.351,1.211,0,0,0,0,0.0,0.0,0.0,0.0,0.000,0,0
18,no_object,56,61.424,22.725,22.500,33.033,20.700,17.774,30.490,-18.226,-15.074,-18.514,-17.100,-16.200,-23.959,0,0,0,0,0.0,0.0,0.0,0.0,0.000,0,0
18,no_object,106,63.360,9.000,15.976,26.135,9.001,11.926,19.965,-6.525,-9.000,-6.172,-22.274,-27.450,-34.848,0,0,0,0,0.0,0.0,0.0,0.0,0.000,0,0
18,no_object,158,65.648,6.075,2.250,1.090,0.676,1.574,-2.176,-2.699,-10.125,-13.068,-11.250,-8.550,-14.520,0,0,0,0,0.0,0.0,0.0,0.0,0.000,0,0
18,no_object,208,68.640,17.774,20.024,36.664,-3.375,-0.675,3.633,14.625,17.550,28.312,-18.225,-19.574,-31.219,0,0,0,0,0.0,0.0,0.0,0.0,0.000,0,0
18,no_object,259,71.456,1.350,1.350,8.713,22.951,27.000,46.465,3.600,3.600,8.711,-30.600,-29.250,-52.998,0,0,0,0,0.0,0.0,0.0,0.0,0.000,0,0
18,no_object,309,74.360,-8.550,-10.124,-12.703,11.251,9.900,10.525,4.275,2.925,6.895,-13.274,-14.625,-11.980,0,0,0,0,0.0,0.0,0.0,0.0,0.000,0,0
18,no_object,360,77.352,10.799,15.301,6.535,3.150,5.400,5.809,0.000,2.701,2.906,-17.100,-20.700,-23.961,0,0,0,0,0.0,0.0,0.0,0.0,0.000,0,0
18,no_object,411,80.344,12.824,8.775,19.965,-6.075,-4.950,-6.172,-3.826,-0.226,5.807,-4.274,-6.301,-5.809,0,0,0,0,0.0,0.0,0.0,0.0,0.000,0,0
18,no_object,463,83.424,7.200,4.950,15.246,-8.101,-9.000,-11.615,31.949,21.150,45.738,1.350,2.701,7.986,0,0,0,0,0.0,0.0,0.0,0.0,0.000,0,0
18,no_object,514,86.416,23.399,20.250,37.025,20.250,24.525,35.572,9.450,8.775,14.883,-9.676,-11.025,-15.244,0,0,0,0,0.0,0.0,0.0,0.0,0.000,0,0
18,no_object,565,89.408,-6.750,-12.600,-6.533,4.050,0.449,11.615,6.301,8.101,13.795,12.150,10.801,14.520,0,0,0,0,0.0,0.0,0.0,0.0,0.000,0,0
18,no_object,615,92.400,20.025,23.850,40.293,-2.025,-0.675,1.816,13.274,16.200,25.771,-8.100,-5.175,-13.066,0,0,0,0,0.0,0.0,0.0,0.0,0.000,0,0
18,no_object,666,95.304,-16.199,-15.750,-24.686,6.750,12.601,18.875,-9.000,-11.250,-20.326,19.350,14.400,28.314,0,0,0,0,0.0,0.0,0.0,0.0,0.000,0,0
18,no_object,716,98.384,3.601,5.625,3.631,5.400,6.074,18.150,-2.699,-0.225,-0.363,-7.425,-10.576,-13.068,0,0,0,0,0.0,0.0,0.0,0.0,0.000,0,0
18,no_object,767,101.288,-3.149,1.800,-0.725,13.949,10.801,26.861,-11.250,-12.150,-10.164,-2.250,0.000,-0.727,0,0,0,0,0.0,0.0,0.0,0.0,0.000,0,0
18,no_object,817,104.280,9.449,9.000,20.328,19.800,16.201,34.848,15.301,17.100,21.055,3.600,8.101,10.889,0,0,0,0,0.0,0.0,0.0,0.0,0.000,0,0
18,no_object,867,107.360,34.200,37.351,56.629,3.600,-2.700,-5.084,-7.650,-12.150,-15.973,-15.300,-16.650,-18.875,0,0,0,0,0.0,0.0,0.0,0.0,0.000,0,0
18,no_object,917,108.944,2.548,0.592,9.416,5.666,9.310,11.074,-1.529,-1.818,-3.400,-2.514,-0.611,-2.723,0,0,0,0,0.0,0.0,0.0,0.0,0.000,0,0
18,no_object,968,109.384,27.298,21.291,39.908,13.767,16.510,28.500,-6.479,-7.669,-10.660,-4.764,-5.562,-9.982,0,0,0,0,0.0,0.0,0.0,0.0,0.000,0,0
18,no_object,1018,109.472,7.948,8.691,19.580,11.967,14.260,24.869,-5.578,-3.619,-4.854,-10.163,-10.511,-15.064,0,0,0,0,0.0,0.0,0.0,0.0,0.000,0,0
18,no_object,1068,109.472,13.798,15.441,23.936,2.967,1.659,5.992,-14.129,-17.119,-20.100,-10.163,-13.212,-21.600,0,0,0,0,0.0,0.0,0.0,0.0,0.000,0,0
18,no_object,1118,109.472,8.397,6.891,9.416,-4.233,-0.591,-2.719,-12.328,-10.818,-15.742,-6.114,-3.312,-7.080,0,0,0,0,0.0,0.0,0.0,0.0,0.000,0,0
18,no_object,1168,109.472,17.397,13.191,26.113,2.967,-1.490,0.910,-10.979,-7.219,-12.113,-2.514,-4.661,1.635,1,0,1168,0,0.0,0.0,41.0,0.0,109.472,0,2
18,no_object,1225,109.472,2.998,-0.759,-2.926,-1.983,-0.591,-4.898,3.422,1.331,3.859,-15.563,-16.361,-25.229,0,0,1168,0,0.0,0.0,41.0,0.0,109.472,0,2
18,no_object,1275,109.472,-9.603,-11.109,-18.172,14.217,13.810,28.500,3.871,6.281,6.764,-6.114,-5.562,-8.531,0,0,1168,0,0.0,0.0,41.0,0.0,109.472,0,2
18,no_object,1327,109.472,10.198,11.391,12.320,2.066,2.560,0.186,1.172,1.781,3.859,8.736,7.489,13.250,0,0,1168,0,0.0,0.0,41.0,0.0,109.472,0,2
18,no_object,1377,109.472,8.849,7.342,18.127,-2.883,-1.040,-3.445,-4.679,-6.318,-3.400,-20.964,-21.312,-28.131,0,0,1168,0,0.0,0.0,41.0,0.0,109.472,1377,2
18,no_object,1428,109.472,19.198,14.991,29.742,3.867,3.909,1.637,3.871,4.932,6.039,-18.714,-21.761,-28.857,0,0,1168,0,0.0,0.0,41.0,0.0,109.472,1377,2
18,no_object,1479,109.472,-2.853,-3.459,-0.748,-4.233,-5.091,-3.445,-7.379,-4.520,-9.934,5.587,5.688,8.893,0,0,1168,0,0.0,0.0,41.0,0.0,109.472,1377,2
18,no_object,1530,109.384,7.048,6.891,8.689,-5.133,-8.690,-14.336,0.721,-0.919,3.859,-4.764,-3.761,-4.900,0,0,1168,0,0.0,0.0,41.0,0.0,109.472,1377,2
18,no_object,1581,109.472,7.048,12.291,20.305,5.666,6.610,13.254,7.021,6.281,12.570,-5.663,-4.661,-7.805,0,0,1168,0,0.0,0.0,41.0,0.0,109.472,1377,2
18,no_object,1631,109.472,9.298,10.491,13.045,8.367,5.710,13.979,12.871,12.131,13.297,-7.913,-11.411,-17.242,0,0,1168,0,0.0,0.0,41.0,0.0,109.472,1377,2
18,no_object,1682,109.472,7.048,7.791,10.867,-0.184,7.510,6.719,-21.328,-19.818,-29.537,8.736,3.889,8.166,0,0,1168,0,0.0,0.0,41.0,0.0,109.472,1377,2
18,no_object,1733,109.472,9.748,14.541,23.209,-0.184,0.760,2.361,-12.779,-14.869,-18.646,-10.163,-7.361,-13.611,0,0,1168,0,0.0,0.0,41.0,0.0,109.472,1377,2
18,no_object,1783,109.472,23.248,23.092,42.813,-4.233,-9.140,-9.254,5.672,1.781,0.955,5.136,2.989,5.990,0,0,1168,0,0.0,0.0,41.0,0.0,109.472,1377,2
18,no_object,1834,109.472,17.397,17.691,29.742,6.117,5.260,8.170,7.021,6.730,9.668,4.687,5.688,7.441,0,0,1168,0,0.0,0.0,41.0,0.0,109.472,1377,2
18,no_object,1885,109.472,2.998,1.491,-2.201,27.717,27.310,50.277,11.521,9.881,16.201,-22.764,-17.261,-32.488,0,0,1168,0,0.0,0.0,41.0,0.0,109.472,1377,2
18,no_object,1936,109.472,0.298,1.041,-0.023,-5.133,-5.091,-8.527,10.621,5.831,6.764,-15.563,-18.161,-29.584,0,0,1168,0,0.0,0.0,41.0,0.0,109.472,1377,2
18,no_object,1988,109.472,21.448,21.291,34.100,1.617,2.110,8.896,7.021,10.781,19.105,-6.563,-6.462,-7.080,0,0,1168,0,0.0,0.0,41.0,0.0,109.472,1377,2
18,no_object,2039,109.472,12.897,12.741,23.936,-4.233,-4.190,-5.623,-2.429,0.881,3.859,-0.264,-2.411,-6.354,0,0,1168,0,0.0,0.0,41.0,0.0,109.472,1377,2
18,no_object,2090,109.472,11.998,13.641,23.936,2.517,-0.591,-1.268,-5.129,-8.119,-13.564,1.986,0.739,3.086,0,0,1168,0,0.0,0.0,41.0,0.0,109.472,1377,2
18,no_object,2140,109.472,12.897,10.491,14.498,18.267,18.760,27.773,2.521,1.331,1.682,0.187,1.188,0.908,0,0,1168,0,0.0,0.0,41.0,0.0,109.472,1377,2
18,no_object,2191,109.472,17.849,18.592,32.646,-2.434,-3.290,-4.898,-10.979,-13.068,-20.824,-30.864,-33.011,-47.734,0,1,1168,2191,0.0,0.0,41.0,39.0,109.472,1377,2
19,no_object,5,60.896,16.350,13.200,29.766,12.450,7.500,22.748,0.900,-1.351,0.242,-21.899,-21.149,-30.734,0,0,0,0,0.0,0.0,0.0,0.0,0.000,0,0
19,no_object,55,61.424,14.625,17.550,19.965,22.050,16.875,29.037,0.226,2.475,6.170,-12.150,-19.800,-29.041,0,0,0,0,0.0,0.0,0.0,0.0,0.000,0,0
19,no_object,106,63.360,8.550,7.875,13.793,-2.700,1.575,-3.992,-17.775,-13.951,-19.240,-8.774,-14.400,-21.055,0,0,0,0,0.0,0.0,0.0,0.0,0.000,0,0
19,no_object,157,65.736,4.726,4.949,6.172,-12.375,-11.926,-25.408,-2.699,-8.324,-3.631,-14.851,-18.450,-28.314,0,0,0,0,0.0,0.0,0.0,0.0,0.000,0,0
19,no_object,207,68.640,-6.976,-0.226,-1.814,6.075,3.825,13.070,2.475,1.800,5.809,-11.025,-8.774,-11.615,0,0,0,0,0.0,0.0,0.0,0.0,0.000,0,0
19,no_object,257,71.456,7.649,4.049,14.520,22.051,23.850,38.479,1.801,0.900,9.438,-10.350,-12.149,-23.232,0,0,0,0,0.0,0.0,0.0,0.0,0.000,0,0
19,no_object,307,74.272,19.350,22.726,35.211,14.851,17.550,20.689,-12.824,-9.676,-9.076,-6.075,-7.425,-3.268,0,0,0,0,0.0,0.0,0.0,0.0,0.000,0,0
19,no_object,359,77.264,13.949,14.400,27.588,-16.650,-10.800,-25.410,-12.601,-11.250,-14.520,-22.950,-26.550,-42.109,0,0,0,0,0.0,0.0,0.0,0.0,0.000,0,0
19,no_object,410,80.344,3.375,6.075,2.541,15.524,14.851,30.129,4.274,1.575,10.891,-0.675,-0.900,0.727,0,0,0,0,0.0,0.0,0.0,0.0,0.000,0,0
19,no_object,461,83.336,2.250,4.500,15.246,-11.250,-13.500,-18.875,4.949,2.250,4.355,-9.900,-7.199,-12.340,0,0,0,0,0.0,0.0,0.0,0.0,0.000,0,0
19,no_object,512,86.328,24.749,18.899,34.848,7.200,12.824,8.711,16.200,16.875,27.225,-2.926,1.574,5.809,0,0,0,0,0.0,0.0,0.0,0.0,0.000,0,0
19,no_object,562,89.232,-4.051,-7.650,-4.355,18.449,20.250,42.107,4.051,3.149,7.262,-4.500,-2.699,-7.260,0,0,0,0,0.0,0.0,0.0,0.0,0.000,0,0
19,no_object,613,92.312,11.926,9.900,17.787,-12.375,-15.976,-25.047,-9.226,-10.800,-12.707,1.800,2.925,7.262,0,0,0,0,0.0,0.0,0.0,0.0,0.000,0,0
19,no_object,664,95.304,7.201,4.951,11.613,10.800,12.601,28.312,18.449,18.000,19.604,2.250,-5.400,2.178,0,0,0,0,0.0,0.0,0.0,0.0,0.000,0,0
19,no_object,715,98.296,0.000,5.174,9.438,-10.350,-12.826,-14.521,-8.100,-13.274,-13.432,-3.825,2.475,0.727,0,0,0,0,0.0,0.0,0.0,0.0,0.000,0,0
19,no_object,765,101.200,9.450,10.351,15.973,8.549,9.450,18.148,-4.049,-2.250,-4.355,2.250,7.650,5.807,0,0,0,0,0.0,0.0,0.0,0.0,0.000,0,0
19,no_object,816,104.280,11.250,10.351,23.959,7.199,-3.149,1.453,2.250,2.700,3.631,-3.600,-0.899,2.178,0,0,0,0,0.0,0.0,0.0,0.0,0.000,0,0
19,no_object,866,107.360,13.500,16.200,18.877,25.199,23.400,31.217,0.449,-3.600,-2.178,-9.000,-9.451,-3.629,0,0,0,0,0.0,0.0,0.0,0.0,0.000,0,0
19,no_object,916,108.944,15.147,17.241,29.742,10.617,10.659,19.785,-12.779,-8.119,-15.016,-7.913,-8.261,-14.338,0,0,0,0,0.0,0.0,0.0,0.0,0.000,0,0
19,no_object,967,109.384,-3.752,-3.908,-10.912,13.767,11.560,21.238,-4.229,-4.068,-4.127,1.087,0.288,7.441,0,0,0,0,0.0,0.0,0.0,0.0,0.000,0,0
19,no_object,1017,109.472,-9.151,-4.809,-14.543,2.967,4.810,6.719,-28.078,-31.969,-44.057,5.136,2.538,8.893,0,0,0,0,0.0,0.0,0.0,0.0,0.000,0,0
19,no_object,1067,109.472,0.298,2.391,7.963,1.617,4.810,7.445,7.922,5.831,12.570,-10.163,-11.861,-17.242,0,0,0,0,0.0,0.0,0.0,0.0,0.000,0,0
19,no_object,1118,109.472,-3.752,-5.259,-10.912,10.617,8.409,16.156,-6.029,-5.869,-12.113,6.486,0.739,5.990,0,0,0,0,0.0,0.0,0.0,0.0,0.000,0,0
19,no_object,1170,109.472,7.498,8.691,16.674,-2.883,-2.841,-6.350,-5.578,-8.568,-13.564,-12.413,-10.962,-17.242,1,0,1170,0,0.0,0.0,40.0,0.0,109.472,0,2
19,no_object,1227,109.472,-11.853,-13.359,-23.256,5.666,2.560,7.445,12.422,9.881,16.928,-11.514,-9.611,-14.338,0,0,1170,0,0.0,0.0,40.0,0.0,109.472,0,2
19,no_object,1277,109.472,5.698,4.641,12.320,6.566,2.110,11.074,0.721,2.230,9.668,0.636,1.188,2.359,0,0,1170,0,0.0,0.0,40.0,0.0,109.472,0,2
19,no_object,1327,109.472,2.099,1.941,4.334,3.867,2.110,9.623,-14.129,-16.669,-24.453,-7.913,-9.611,-9.982,0,0,1170,0,0.0,0.0,40.0,0.0,109.472,0,2
19,no_object,1378,109.472,-1.502,-1.658,-5.830,4.316,0.760,8.896,-6.929,-7.219,-6.305,4.687,4.339,6.715,0,0,1170,0,0.0,0.0,40.0,0.0,109.472,1378,2
19,no_object,1428,109.472,11.099,7.342,18.854,-5.584,-4.640,-5.623,-12.328,-17.119,-19.373,-11.063,-13.212,-20.873,0,0,1170,0,0.0,0.0,40.0,0.0,109.472,1378,2
19,no_object,1479,109.472,10.647,7.791,15.223,-5.584,-14.540,-17.965,-9.629,-11.719,-11.387,2.437,3.889,5.990,0,0,1170,0,0.0,0.0,40.0,0.0,109.472,1378,2
19,no_object,1529,109.472,14.248,11.842,24.662,19.617,16.960,31.402,-14.578,-13.520,-22.275,-27.714,-29.411,-44.104,0,0,1170,0,0.0,0.0,40.0,0.0,109.472,1378,2
19,no_object,1579,109.472,-8.702,-9.309,-14.543,1.617,-0.140,0.910,-1.529,2.682,0.955,-2.514,-6.462,-8.531,0,0,1170,0,0.0,0.0,40.0,0.0,109.472,1378,2
19,no_object,1629,109.472,-4.651,-2.109,2.154,-3.334,-5.990,-9.980,-11.879,-12.619,-15.742,-4.764,-7.812,-12.160,0,0,1170,0,0.0,0.0,40.0,0.0,109.472,1378,2
19,no_object,1680,109.472,2.548,8.691,10.143,15.117,12.010,24.869,9.271,8.531,17.652,-2.514,-1.062,-3.447,0,0,1170,0,0.0,0.0,40.0,0.0,109.472,1378,2
19,no_object,1729,109.472,23.698,21.291,43.537,-6.483,-8.240,-9.980,6.571,4.932,10.393,-17.813,-12.761,-19.420,0,0,1170,0,0.0,0.0,40.0,0.0,109.472,1378,2
19,no_object,1779,109.472,15.599,18.141,27.566,5.217,2.110,10.348,-7.379,-7.219,-12.113,6.036,3.438,3.086,0,0,1170,0,0.0,0.0,40.0,0.0,109.472,1378,2
19,no_object,1829,109.472,1.198,1.041,-1.475,2.967,2.560,3.814,-8.729,-9.469,-9.934,-24.114,-26.712,-35.393,0,0,1170,0,0.0,0.0,40.0,0.0,109.472,1378,2
19,no_object,1880,109.472,8.397,5.991,16.674,-0.633,-1.490,2.361,-8.279,-7.669,-17.195,-8.813,-9.611,-17.242,0,0,1170,0,0.0,0.0,40.0,0.0,109.472,1378,2
19,no_object,1930,109.472,16.948,17.241,26.113,2.517,0.760,3.814,-6.029,-10.818,-9.934,-19.614,-24.911,-36.846,0,0,1170,0,0.0,0.0,40.0,0.0,109.472,1378,2
19,no_object,1981,109.472,9.748,9.141,13.771,-3.783,-2.841,-7.076,-0.629,1.781,0.230,6.937,10.188,13.250,0,0,1170,0,0.0,0.0,40.0,0.0,109.472,1378,2
19,no_object,2031,109.472,16.498,17.241,22.482,-1.084,3.010,-0.541,19.172,17.980,29.270,1.986,3.438,5.264,0,0,1170,0,0.0,0.0,40.0,0.0,109.472,1378,2
19,no_object,2082,109.472,9.748,9.141,15.223,5.217,3.909,7.445,-1.979,-2.270,-3.400,-13.313,-14.562,-19.420,0,0,1170,0,0.0,0.0,40.0,0.0,109.472,1378,2
19,no_object,2132,109.472,-3.752,-5.259,-11.639,-8.733,-6.440,-9.980,3.871,2.230,4.586,-11.063,-15.462,-13.611,0,0,1170,0,0.0,0.0,40.0,0.0,109.472,1378,2
19,no_object,2183,109.472,6.147,10.041,24.662,3.416,2.110,5.266,2.521,2.682,3.859,-11.964,-15.911,-25.229,0,1,1170,2183,0.0,0.0,40.0,40.0,109.472,1378,2
20,no_object,6,60.896,-1.650,-2.550,3.629,15.601,12.000,22.748,2.250,0.450,-2.662,-0.300,1.800,6.291,0,0,0,0,0.0,0.0,0.0,0.0,0.000,0,0
20,no_object,57,61.424,5.174,5.400,1.090,22.950,19.574,34.121,2.024,2.025,1.812,-24.300,-24.300,-33.396,0,0,0,0,0.0,0.0,0.0,0.0,0.000,0,0
20,no_object,108,63.360,2.250,3.375,1.451,12.150,13.275,23.596,0.675,-1.351,0.363,2.926,-4.950,-1.453,0,0,0,0,0.0,0.0,0.0,0.0,0.000,0,0
20,no_object,159,65.736,-7.425,-13.500,-17.785,11.476,10.125,19.604,-1.350,-6.074,-7.986,4.949,7.649,8.713,0,0,0,0,0.0,0.0,0.0,0.0,0.000,0,0
20,no_object,210,68.728,25.424,26.324,43.197,2.475,-1.575,-0.725,16.875,17.100,28.312,5.176,2.476,2.180,0,0,0,0,0.0,0.0,0.0,0.0,0.000,0,0
20,no_object,261,71.632,6.299,5.850,14.520,23.851,22.949,39.932,-18.000,-21.150,-24.686,-14.850,-10.800,-26.863,0,0,0,0,0.0,0.0,0.0,0.0,0.000,0,0
20,no_object,313,74.536,21.150,18.226,38.117,28.351,26.550,47.553,-15.524,-11.926,-12.707,2.476,0.225,14.881,0,0,0,0,0.0,0.0,0.0,0.0,0.000,0,0
20,no_object,365,77.616,20.250,21.150,29.041,-21.150,-21.600,-34.848,13.500,16.650,29.041,-34.650,-38.250,-47.191,0,0,0,0,0.0,0.0,0.0,0.0,0.000,0,0
20,no_object,416,80.608,10.574,11.025,14.156,2.024,3.149,3.266,-2.476,-3.375,-3.631,1.126,-4.950,0.727,0,0,0,0,0.0,0.0,0.0,0.0,0.000,0,0
20,no_object,467,83.688,9.450,11.700,19.602,-20.700,-24.750,-32.668,14.850,11.699,23.230,-29.250,-28.350,-41.381,0,0,0,0,0.0,0.0,0.0,0.0,0.000,0,0
20,no_object,518,86.680,5.850,4.950,10.164,31.500,30.824,46.463,-13.050,-12.375,-18.514,-13.726,-9.676,-13.066,0,0,0,0,0.0,0.0,0.0,0.0,0.000,0,0
20,no_object,569,89.672,3.149,2.250,7.988,4.050,1.350,10.889,29.250,27.899,43.561,-3.150,-4.949,-3.629,0,0,0,0,0.0,0.0,0.0,0.0,0.000,0,0
20,no_object,620,92.664,3.375,2.250,6.898,-15.074,-16.875,-28.676,4.726,2.700,6.170,-12.600,-14.175,-25.408,0,0,0,0,0.0,0.0,0.0,0.0,0.000,0,0
20,no_object,672,95.744,-0.449,0.000,0.725,9.000,10.351,18.148,-6.750,-7.650,-17.422,-5.850,-11.250,-7.986,0,0,0,0,0.0,0.0,0.0,0.0,0.000,0,0
20,no_object,723,98.736,-4.949,3.824,2.180,-11.699,-10.576,-9.438,0.450,1.125,9.801,-8.774,-8.775,-7.260,0,0,0,0,0.0,0.0,0.0,0.0,0.000,0,0
20,no_object,773,101.640,0.450,4.050,7.260,14.399,11.700,27.588,-19.799,-17.551,-23.230,10.350,9.000,13.066,0,0,0,0,0.0,0.0,0.0,0.0,0.000,0,0
20,no_object,823,104.720,-0.450,-2.250,-6.533,9.000,5.851,10.164,-1.350,-4.500,-3.631,-20.250,-17.549,-36.301,0,0,0,0,0.0,0.0,0.0,0.0,0.000,0,0
20,no_object,874,107.624,19.801,27.000,27.588,14.850,13.949,19.600,-13.950,-13.950,-15.246,7.650,4.949,12.344,0,0,0,0,0.0,0.0,0.0,0.0,0.000,0,0
20,no_object,924,109.032,-4.202,-6.609,-7.283,-0.184,-0.140,0.910,-8.729,-9.919,-11.387,-9.714,-14.562,-9.256,0,0,0,0,0.0,0.0,0.0,0.0,0.000,0,0
20,no_object,974,109.384,17.397,10.041,24.662,4.767,6.159,7.445,-7.379,-8.568,-11.387,-10.614,-15.462,-17.242,0,0,0,0,0.0,0.0,0.0,0.0,0.000,0,0
20,no_object,1025,109.472,-1.502,-3.459,-3.652,3.416,2.110,-1.268,0.271,-0.020,-0.496,-4.764,-9.161,-12.160,0,0,0,0,0.0,0.0,0.0,0.0,0.000,0,0
20,no_object,1076,109.472,8.849,12.291,23.936,-3.334,-4.190,-3.445,-4.229,-8.119,-7.031,-1.614,-5.562,0.908,0,0,0,0,0.0,0.0,0.0,0.0,0.000,0,0
20,no_object,1127,109.472,-0.603,0.141,0.703,-4.233,-1.940,-5.623,3.871,2.230,8.215,-11.063,-14.562,-9.982,0,0,0,0,0.0,0.0,0.0,0.0,0.000,0,0
20,no_object,1178,109.472,3.448,5.092,12.320,0.717,-1.490,1.637,-15.479,-17.119,-17.195,-20.964,-20.411,-31.762,1,0,1178,0,0.0,0.0,41.0,0.0,109.472,0,2
20,no_object,1236,109.472,-4.202,-6.158,-8.010,13.767,11.560,25.594,-5.129,-6.770,-7.031,-12.864,-12.761,-23.777,0,0,1178,0,0.0,0.0,41.0,0.0,109.472,0,2
20,no_object,1287,109.472,11.548,10.041,16.674,-1.983,-2.841,-4.172,-3.328,-1.369,-1.949,-12.413,-13.212,-14.338,0,0,1178,0,0.0,0.0,41.0,0.0,109.472,0,2
20,no_object,1338,109.472,3.897,1.941,4.334,-10.084,-8.690,-18.691,-19.529,-19.369,-23.002,1.986,-1.962,0.908,0,0,1178,0,0.0,0.0,41.0,0.0,109.472,0,2
20,no_object,1389,109.472,24.599,19.941,35.551,11.967,13.810,20.512,-1.078,-1.818,-3.400,-23.214,-27.161,-38.297,0,0,1178,0,0.0,0.0,41.0,0.0,109.472,1389,2
20,no_object,1441,109.472,9.748,7.791,13.045,9.267,8.409,9.623,-19.078,-22.068,-26.633,-11.514,-12.761,-21.600,0,0,1178,0,0.0,0.0,41.0,0.0,109.472,1389,2
20,no_object,1491,109.472,17.849,18.141,31.195,2.066,3.460,4.539,-2.429,-0.020,-2.676,-10.163,-17.261,-21.600,0,0,1178,0,0.0,0.0,41.0,0.0,109.472,1389,2
20,no_object,1541,109.472,4.798,6.441,10.867,7.916,9.760,19.785,-2.429,-0.020,3.859,1.087,-1.962,-4.174,0,0,1178,0,0.0,0.0,41.0,0.0,109.472,1389,2
20,no_object,1591,109.472,-1.052,1.941,-3.652,-11.434,-15.440,-19.418,-6.479,-13.068,-13.564,-7.464,-11.411,-9.982,0,0,1178,0,0.0,0.0,41.0,0.0,109.472,1389,2
20,no_object,1641,109.472,5.698,2.391,7.963,-11.883,-12.290,-20.869,-7.828,-7.219,-6.305,11.437,9.739,19.059,0,0,1178,0,0.0,0.0,41.0,0.0,109.472,1389,2
20,no_object,1691,109.472,10.198,8.691,17.400,13.316,12.460,21.238,15.571,12.131,16.928,-7.913,-10.962,-9.982,0,0,1178,0,0.0,0.0,41.0,0.0,109.472,1389,2
20,no_object,1742,109.472,19.198,19.041,34.826,5.666,3.010,9.623,-6.479,-4.969,-5.578,-22.313,-26.261,-37.570,0,0,1178,0,0.0,0.0,41.0,0.0,109.472,1389,2
20,no_object,1792,109.472,7.498,3.291,14.498,10.617,13.360,18.334,-0.629,-3.619,1.682,-10.614,-12.312,-12.885,0,0,1178,0,0.0,0.0,41.0,0.0,109.472,1389,2
20,no_object,1843,109.472,9.298,10.941,15.223,-6.934,-13.190,-18.691,-16.828,-16.219,-23.729,-3.413,-3.312,0.182,0,0,1178,0,0.0,0.0,41.0,0.0,109.472,1389,2
20,no_object,1894,109.472,-3.752,-4.359,-10.912,-9.633,-6.890,-12.883,5.672,6.730,12.570,-20.063,-23.111,-33.215,0,0,1178,0,0.0,0.0,41.0,0.0,109.472,1389,2
20,no_object,1945,109.472,8.397,4.641,13.771,-4.233,-5.540,-1.268,-3.328,-4.068,-7.031,-22.764,-24.911,-36.846,0,0,1178,0,0.0,0.0,41.0,0.0,109.472,1389,2
20,no_object,1996,109.472,18.298,19.491,30.469,1.617,1.659,8.896,-7.828,-8.119,-10.660,-10.163,-15.462,-17.969,0,0,1178,0,0.0,0.0,41.0,0.0,109.472,1389,2
20,no_object,2047,109.472,7.498,4.641,15.223,9.267,9.310,22.691,-5.129,-4.969,-4.854,-11.964,-14.562,-19.420,0,0,1178,0,0.0,0.0,41.0,0.0,109.472,1389,2
20,no_object,2098,109.472,13.349,14.092,18.127,-16.383,-21.290,-28.855,0.721,-3.619,-1.223,-7.464,-10.062,-8.531,0,0,1178,0,0.0,0.0,41.0,0.0,109.472,1389,2
20,no_object,2149,109.472,11.099,12.741,15.223,-6.934,-6.440,-15.061,-6.479,-4.969,-7.031,-5.214,-6.011,-7.805,0,0,1178,0,0.0,0.0,41.0,0.0,109.472,1389,2
20,no_object,2201,109.472,-2.401,-3.459,2.154,-1.983,-2.390,-3.445,17.371,17.980,29.996,1.087,0.739,1.635,0,1,1178,2201,0.0,0.0,41.0,41.0,109.472,1389,2
21,no_object,6,60.896,6.000,10.500,20.084,-11.101,-13.051,-15.973,-3.000,-2.699,2.180,5.700,9.150,6.775,0,0,0,0,0.0,0.0,0.0,0.0,0.000,0,0
21,no_object,56,61.424,-15.750,-11.025,-17.787,-0.676,-5.625,-7.258,-1.800,-1.801,3.268,6.749,8.325,9.801,0,0,0,0,0.0,0.0,0.0,0.0,0.000,0,0
21,no_object,106,63.360,-0.450,2.475,-4.357,-8.774,-8.550,-22.504,9.674,12.150,9.439,-2.250,-4.950,-7.986,0,0,0,0,0.0,0.0,0.0,0.0,0.000,0,0
21,no_object,157,65.648,9.449,9.899,10.162,-20.701,-14.400,-30.490,-0.900,2.250,2.178,-11.250,-11.700,-18.875,0,0,0,0,0.0,0.0,0.0,0.0,0.000,0,0
21,no_object,208,68.640,14.851,11.925,20.330,-4.726,-10.125,-11.980,-3.824,-0.450,1.814,-14.625,-16.649,-26.498,0,0,0,0,0.0,0.0,0.0,0.0,0.000,0,0
21,no_object,258,71.456,1.351,-2.700,-0.725,-5.851,-8.100,-9.439,20.700,12.150,27.590,4.949,5.850,16.697,0,0,0,0,0.0,0.0,0.0,0.0,0.000,0,0
21,no_object,309,74.360,-0.675,1.575,0.725,-11.924,-11.700,-13.434,-27.900,-25.425,-39.568,12.149,12.150,22.145,0,0,0,0,0.0,0.0,0.0,0.0,0.000,0,0
21,no_object,359,77.264,24.750,26.551,39.205,-30.601,-29.250,-41.381,-13.500,-12.601,-21.781,10.350,10.799,19.602,0,0,0,0,0.0,0.0,0.0,0.0,0.000,0,0
21,no_object,409,80.168,-5.625,4.275,-6.896,-7.200,-12.375,-18.512,-21.825,-20.025,-25.047,0.449,1.350,1.453,0,0,0,0,0.0,0.0,0.0,0.0,0.000,0,0
21,no_object,459,83.160,-0.899,0.900,-5.082,-0.900,-3.600,-7.986,5.400,4.950,0.725,-3.600,-4.949,-1.451,0,0,0,0,0.0,0.0,0.0,0.0,0.000,0,0
21,no_object,509,86.152,19.125,22.050,33.758,14.625,11.926,19.602,-2.926,-3.600,-7.621,-2.250,-2.701,1.814,0,0,0,0,0.0,0.0,0.0,0.0,0.000,0,0
21,no_object,559,89.144,7.649,6.074,10.164,1.575,-3.375,2.904,-2.475,-8.324,-9.074,1.350,-2.250,6.533,0,0,0,0,0.0,0.0,0.0,0.0,0.000,0,0
21,no_object,610,92.136,11.250,16.650,24.684,-3.600,5.399,-2.178,16.201,20.250,23.234,7.200,9.000,19.604,0,0,0,0,0.0,0.0,0.0,0.0,0.000,0,0
21,no_object,660,95.040,3.600,2.925,14.156,-6.525,-6.975,-13.432,-7.426,-4.274,1.451,-15.074,-15.976,-24.322,0,0,0,0,0.0,0.0,0.0,0.0,0.000,0,0
21,no_object,710,98.032,1.351,4.500,2.178,11.250,5.850,20.326,-10.351,-8.100,-10.889,0.900,0.450,-7.262,0,0,0,0,0.0,0.0,0.0,0.0,0.000,0,0
21,no_object,760,100.936,-12.150,-10.575,-13.793,1.574,3.150,6.533,28.350,28.575,50.457,29.701,30.600,47.916,0,0,0,0,0.0,0.0,0.0,0.0,0.000,0,0
21,no_object,810,103.840,14.400,8.551,24.684,-7.650,-13.051,-17.422,9.899,13.050,13.795,-3.600,-4.949,-0.725,0,0,0,0,0.0,0.0,0.0,0.0,0.000,0,0
21,no_object,860,106.920,-11.475,-17.324,-21.781,-1.125,-1.800,0.363,15.976,11.025,21.053,12.601,13.500,18.512,0,0,0,0,0.0,0.0,0.0,0.0,0.000,0,0
21,no_object,910,108.856,0.389,-3.796,-8.396,-7.495,-6.731,-8.822,5.459,5.163,7.437,-2.621,-0.927,-8.438,0,0,0,0,0.0,0.0,0.0,0.0,0.000,0,0
21,no_object,961,109.384,4.889,4.305,3.943,-10.195,-10.332,-16.084,-8.041,-7.888,-8.535,-7.572,-6.326,-13.520,0,0,0,0,0.0,0.0,0.0,0.0,0.000,0,0
21,no_object,1012,109.472,-0.512,-2.896,-3.314,1.955,0.918,2.068,-23.791,-25.888,-38.301,-6.222,-4.977,-6.260,0,0,0,0,0.0,0.0,0.0,0.0,0.000,0,0
21,no_object,1062,109.472,-20.312,-13.246,-28.000,-6.145,-11.682,-17.535,-15.241,-11.937,-25.959,-7.121,-6.777,-13.520,0,0,0,0,0.0,0.0,0.0,0.0,0.000,0,0
21,no_object,1113,109.472,-7.711,-7.396,-10.576,6.455,6.318,7.877,-12.991,-14.187,-25.959,-20.621,-23.427,-33.121,0,0,0,0,0.0,0.0,0.0,0.0,0.000,0,0
21,no_object,1164,109.472,0.389,-0.195,-2.588,1.055,0.918,0.615,-10.741,-8.337,-15.068,3.678,4.473,11.891,1,0,1164,0,0.0,0.0,40.0,0.0,109.472,0,2
21,no_object,1222,109.472,0.838,-1.096,-2.588,-9.745,-11.682,-21.164,0.959,-0.687,-1.275,-0.371,1.323,1.727,0,0,1164,0,0.0,0.0,40.0,0.0,109.472,0,2
21,no_object,1272,109.472,8.039,5.654,14.109,3.755,5.418,1.342,-0.391,4.263,0.902,-3.072,-4.076,-9.164,0,0,1164,0,0.0,0.0,40.0,0.0,109.472,0,2
21,no_object,1323,109.472,-14.461,-8.746,-20.740,2.404,-0.432,-0.838,-26.041,-25.888,-41.930,5.028,6.273,8.260,0,0,1164,0,0.0,0.0,40.0,0.0,109.472,0,2
21,no_object,1374,109.472,2.639,2.954,11.205,5.105,4.519,8.602,9.059,6.063,9.617,3.678,2.674,6.809,0,0,1164,0,0.0,0.0,40.0,0.0,109.472,1374,2
21,no_object,1425,109.472,1.289,-1.096,6.850,-4.346,-7.182,-8.822,7.709,11.463,6.711,-16.572,-11.277,-26.586,0,0,1164,0,0.0,0.0,40.0,0.0,109.472,1374,2
21,no_object,1476,109.472,-12.211,-15.496,-23.643,-7.495,-6.281,-7.369,-3.991,-6.987,-12.164,-17.922,-18.927,-22.232,0,0,1164,0,0.0,0.0,40.0,0.0,109.472,1374,2
21,no_object,1528,109.472,0.389,-2.445,1.041,-3.445,-2.682,-2.289,-1.741,-6.537,-8.535,1.879,0.873,-0.451,0,0,1164,0,0.0,0.0,40.0,0.0,109.472,1374,2
21,no_object,1578,109.472,-6.812,-11.445,-14.932,-13.346,-13.031,-26.246,1.408,0.213,-3.453,-13.871,-10.826,-24.410,0,0,1164,0,0.0,0.0,40.0,0.0,109.472,1374,2
21,no_object,1628,109.472,-2.762,-1.096,3.219,0.605,-0.881,3.520,6.359,12.362,13.246,-8.021,-9.927,-12.793,0,0,1164,0,0.0,0.0,40.0,0.0,109.472,1374,2
21,no_object,1679,109.472,1.289,3.854,3.943,-6.596,-7.182,-11.000,-8.491,-8.787,-8.535,-7.121,-8.127,-15.697,0,0,1164,0,0.0,0.0,40.0,0.0,109.472,1374,2
21,no_object,1730,109.472,9.389,8.354,13.383,14.105,17.568,28.203,3.658,5.612,7.437,-7.121,-5.877,-13.520,0,0,1164,0,0.0,0.0,40.0,0.0,109.472,1374,2
21,no_object,1780,109.472,1.289,2.504,3.943,-3.445,-3.131,-2.289,-7.141,-9.687,-15.795,-17.922,-19.826,-33.121,0,0,1164,0,0.0,0.0,40.0,0.0,109.472,1374,2
21,no_object,1830,109.472,0.838,2.055,2.492,-11.096,-8.981,-21.891,5.459,2.463,5.986,5.479,5.373,7.535,0,0,1164,0,0.0,0.0,40.0,0.0,109.472,1374,2
21,no_object,1880,109.472,-1.861,1.604,3.219,-8.846,-9.432,-17.535,-1.291,-0.237,-4.178,-4.871,-5.427,-7.711,0,0,1164,0,0.0,0.0,40.0,0.0,109.472,1374,2
21,no_object,1930,109.472,-0.512,-2.445,-5.494,10.055,8.568,9.328,-8.941,-6.537,-15.068,-13.422,-10.377,-11.340,0,0,1164,0,0.0,0.0,40.0,0.0,109.472,1374,2
21,no_object,1981,109.472,-3.211,-0.646,-5.494,3.755,0.918,1.342,-5.342,-2.937,-9.986,-1.271,-3.177,1.000,0,0,1164,0,0.0,0.0,40.0,0.0,109.472,1374,2
21,no_object,2031,109.472,-13.111,-15.046,-22.191,-14.695,-8.531,-14.631,-8.491,-8.337,-11.438,-13.422,-11.277,-15.697,0,0,1164,0,0.0,0.0,40.0,0.0,109.472,1374,2
21,no_object,2082,109.472,1.289,-2.445,-3.314,6.005,4.969,8.602,-9.842,-11.937,-17.246,-3.072,-3.177,-5.535,0,0,1164,0,0.0,0.0,40.0,0.0,109.472,1374,2
21,no_object,2132,109.472,3.988,2.954,12.658,1.955,1.369,10.779,3.658,9.663,5.260,-3.521,-2.277,0.273,0,0,1164,0,0.0,0.0,40.0,0.0,109.472,1374,2
21,no_object,2183,109.472,7.139,9.704,19.916,-15.145,-10.332,-22.615,14.908,12.813,18.328,-3.072,-4.527,-0.451,0,1,1164,2183,0.0,0.0,40.0,40.0,109.472,1374,2
22,no_object,6,60.896,11.851,13.650,18.633,-22.351,-23.400,-32.670,5.550,9.450,15.246,-3.300,-6.600,-12.100,0,0,0,0,0.0,0.0,0.0,0.0,0.000,0,0
22,no_object,56,61.424,-3.600,-4.725,-2.541,8.324,1.576,2.904,28.801,33.299,51.184,-9.900,-7.875,-17.787,0,0,0,0,0.0,0.0,0.0,0.0,0.000,0,0
22,no_object,106,63.272,8.101,5.176,4.355,0.226,5.850,3.631,10.125,7.650,14.521,3.150,7.200,12.342,0,0,0,0,0.0,0.0,0.0,0.0,0.000,0,0
22,no_object,156,65.560,9.899,8.100,10.162,-5.851,-5.400,-9.438,-6.301,-6.750,-7.986,0.000,3.600,2.180,0,0,0,0,0.0,0.0,0.0,0.0,0.000,0,0
22,no_object,206,68.464,14.851,12.375,26.139,-2.024,-6.976,-12.707,-3.824,-1.800,-6.170,9.225,11.701,14.883,0,0,0,0,0.0,0.0,0.0,0.0,0.000,0,0
22,no_object,256,71.280,9.900,8.550,10.164,-8.101,-12.600,-13.795,-0.449,-5.400,-2.902,2.250,1.799,5.082,0,0,0,0,0.0,0.0,0.0,0.0,0.000,0,0
22,no_object,306,74.184,-13.500,-14.850,-18.148,-17.100,-18.449,-34.121,-9.000,-7.650,-15.973,-24.750,-28.350,-48.641,0,0,0,0,0.0,0.0,0.0,0.0,0.000,0,0
22,no_object,357,77.088,7.200,10.801,17.426,-23.400,-18.449,-34.846,6.301,4.049,5.809,2.250,-0.451,0.725,0,0,0,0,0.0,0.0,0.0,0.0,0.000,0,0
22,no_object,407,80.080,-3.601,-5.400,-3.631,-3.150,-10.801,-18.877,-10.350,-10.350,-7.260,-32.400,-32.400,-44.285,0,0,0,0,0.0,0.0,0.0,0.0,0.000,0,0
22,no_object,458,83.072,1.351,-2.700,0.000,13.051,8.551,16.697,17.100,14.400,15.971,-11.250,-10.350,-15.971,0,0,0,0,0.0,0.0,0.0,0.0,0.000,0,0
22,no_object,508,86.064,4.500,8.549,14.520,-4.949,-3.600,-10.891,-23.399,-21.150,-43.561,26.550,32.399,44.287,0,0,0,0,0.0,0.0,0.0,0.0,0.000,0,0
22,no_object,559,89.056,0.450,-0.676,-2.178,9.226,6.525,9.439,17.325,13.725,25.049,1.350,0.000,5.809,0,0,0,0,0.0,0.0,0.0,0.0,0.000,0,0
22,no_object,608,91.960,4.500,7.650,15.973,4.051,6.750,9.438,7.650,11.250,11.617,-13.050,-14.851,-15.973,0,0,0,0,0.0,0.0,0.0,0.0,0.000,0,0
22,no_object,658,94.864,0.449,2.476,7.623,7.425,10.125,6.172,-15.525,-10.575,-14.520,1.125,5.175,3.268,0,0,0,0,0.0,0.0,0.0,0.0,0.000,0,0
22,no_object,708,97.944,-4.049,-5.399,-13.795,6.750,3.600,15.973,0.000,3.601,3.631,-13.949,-15.750,-26.863,0,0,0,0,0.0,0.0,0.0,0.0,0.000,0,0
22,no_object,758,100.760,-15.750,-12.825,-20.326,3.375,4.949,11.617,9.450,11.926,17.059,-2.699,-2.701,-2.178,0,0,0,0,0.0,0.0,0.0,0.0,0.000,0,0
22,no_object,808,103.752,-2.250,-4.500,-0.725,12.600,6.300,26.137,-4.500,1.350,-12.342,-5.400,-1.800,-3.629,0,0,0,0,0.0,0.0,0.0,0.0,0.000,0,0
22,no_object,859,106.832,6.074,2.926,5.809,-10.574,-10.800,-24.320,2.925,2.025,3.629,-2.250,-0.450,-5.447,0,0,0,0,0.0,0.0,0.0,0.0,0.000,0,0
22,no_object,909,108.768,14.338,15.555,22.096,-10.645,-11.231,-13.178,-12.541,-12.388,-26.684,6.828,3.573,11.164,0,0,0,0,0.0,0.0,0.0,0.0,0.000,0,0
22,no_object,959,109.384,-4.562,-1.546,-6.945,-7.495,-8.082,-11.727,5.009,7.413,2.355,-10.722,-13.076,-17.148,0,0,0,0,0.0,0.0,0.0,0.0,0.000,0,0
22,no_object,1009,109.472,-7.711,-8.746,-14.205,3.305,-0.432,-1.562,18.959,21.813,29.943,-10.271,-6.777,-7.711,0,0,0,0,0.0,0.0,0.0,0.0,0.000,0,0
22,no_object,1059,109.472,-2.762,-1.546,-5.494,-2.545,-3.582,-5.191,-14.342,-16.437,-20.875,-17.021,-15.326,-29.492,0,0,0,0,0.0,0.0,0.0,0.0,0.000,0,0
22,no_object,1110,109.472,7.139,7.454,5.396,-0.745,0.019,2.068,-15.691,-12.388,-25.959,0.528,-1.377,1.000,0,0,0,0,0.0,0.0,0.0,0.0,0.000,0,0
22,no_object,1160,109.472,-5.012,-7.396,-13.479,-0.295,-0.881,0.615,-12.541,-15.987,-27.410,-10.271,-6.777,-12.793,1,0,1160,0,0.0,0.0,41.0,0.0,109.472,0,2
22,no_object,1217,109.472,-11.312,-16.846,-22.916,9.154,7.219,16.588,-3.991,-0.687,-7.082,5.928,4.023,7.535,0,0,1160,0,0.0,0.0,41.0,0.0,109.472,0,2
22,no_object,1267,109.472,-1.861,-3.796,-6.945,-5.245,-3.131,-7.369,-7.592,-6.087,-7.809,-17.472,-17.127,-24.410,0,0,1160,0,0.0,0.0,41.0,0.0,109.472,0,2
22,no_object,1318,109.472,-4.111,-6.046,-6.945,1.055,0.918,3.520,0.059,-0.237,-2.727,-9.822,-6.326,-8.438,0,0,1160,0,0.0,0.0,41.0,0.0,109.472,0,2
22,no_object,1368,109.472,-0.961,0.704,-1.137,10.055,10.369,12.957,-4.441,-6.087,-9.986,-0.371,-1.826,-4.809,0,0,1160,0,0.0,0.0,41.0,0.0,109.472,1368,2
22,no_object,1418,109.472,9.838,10.604,13.383,6.005,6.769,13.684,9.059,4.263,9.617,-13.422,-9.477,-22.232,0,0,1160,0,0.0,0.0,41.0,0.0,109.472,1368,2
22,no_object,1468,109.472,-3.211,-5.146,-8.396,-9.745,-11.682,-18.260,14.908,13.263,21.957,5.028,9.424,4.631,0,0,1160,0,0.0,0.0,41.0,0.0,109.472,1368,2
22,no_object,1518,109.472,-5.012,1.604,-2.588,0.605,0.019,2.793,1.859,1.112,2.355,-11.172,-8.127,-11.340,0,0,1160,0,0.0,0.0,41.0,0.0,109.472,1368,2
22,no_object,1568,109.472,3.988,7.454,12.658,8.705,10.818,15.861,-4.441,-3.837,-6.355,-8.922,-8.576,-18.602,0,0,1160,0,0.0,0.0,41.0,0.0,109.472,1368,2
22,no_object,1618,109.472,-1.412,3.854,-3.314,-3.445,-1.332,-4.467,10.859,11.913,15.424,8.629,4.473,6.809,0,0,1160,0,0.0,0.0,41.0,0.0,109.472,1368,2
22,no_object,1668,109.472,-4.562,-1.546,-12.754,-2.545,-3.582,-1.562,1.859,4.263,4.533,2.778,3.123,6.809,0,0,1160,0,0.0,0.0,41.0,0.0,109.472,1368,2
22,no_object,1718,109.472,2.639,1.604,8.301,6.005,8.119,10.779,6.359,6.963,5.986,-3.972,-3.627,-5.535,0,0,1160,0,0.0,0.0,41.0,0.0,109.472,1368,2
22,no_object,1768,109.472,-13.562,-14.596,-15.656,-10.645,-9.432,-15.357,3.209,1.563,3.809,-5.322,-4.977,-6.260,0,0,1160,0,0.0,0.0,41.0,0.0,109.472,1368,2
22,no_object,1818,109.472,-3.211,-0.195,-5.494,-0.745,-2.682,-3.016,-14.791,-14.187,-23.781,3.229,4.473,1.000,0,0,1160,0,0.0,0.0,41.0,0.0,109.472,1368,2
22,no_object,1868,109.472,10.738,10.154,17.012,-2.545,-1.332,-5.918,6.809,9.663,10.342,-2.172,-4.527,-6.986,0,0,1160,0,0.0,0.0,41.0,0.0,109.472,1368,2
22,no_object,1919,109.472,-12.662,-12.796,-17.107,-2.545,-3.131,-2.289,-7.592,-4.737,-12.891,-25.121,-26.576,-41.107,0,0,1160,0,0.0,0.0,41.0,0.0,109.472,1368,2
22,no_object,1969,109.472,-0.961,0.254,-4.041,-3.895,-5.832,-8.096,-5.791,-6.087,-14.344,-17.472,-18.927,-26.586,0,0,1160,0,0.0,0.0,41.0,0.0,109.472,1368,2
22,no_object,2019,109.472,-1.861,-2.896,-5.494,6.455,3.619,8.602,9.959,11.913,13.971,10.428,8.973,13.342,0,0,1160,0,0.0,0.0,41.0,0.0,109.472,1368,2
22,no_object,2070,109.472,-13.562,-12.346,-20.740,-15.596,-15.731,-26.246,-3.541,-3.388,-11.438,5.479,9.424,16.973,0,0,1160,0,0.0,0.0,41.0,0.0,109.472,1368,2
22,no_object,2120,109.472,-4.111,1.154,-5.494,15.904,24.318,33.285,6.359,6.963,9.617,-26.021,-23.877,-28.766,0,0,1160,0,0.0,0.0,41.0,0.0,109.472,1368,2
22,no_object,2170,109.472,7.139,10.604,13.383,10.055,11.269,10.055,-8.941,-9.237,-20.875,-5.771,-6.777,-9.164,0,1,1160,2170,0.0,0.0,41.0,41.0,109.472,1368,2
23,no_object,6,60.896,-5.250,-1.650,-6.051,-10.200,-14.400,-21.055,17.699,20.250,26.137,0.300,-4.801,-3.389,0,0,0,0,0.0,0.0,0.0,0.0,0.000,0,0
23,no_object,56,61.424,-18.450,-14.176,-22.867,-2.025,-6.524,-12.342,18.000,21.600,34.486,8.999,6.975,11.979,0,0,0,0,0.0,0.0,0.0,0.0,0.000,0,0
23,no_object,107,63.360,-0.899,-2.925,-7.260,2.476,0.900,-1.449,-6.525,-0.449,-5.807,7.199,4.500,7.984,0,0,0,0,0.0,0.0,0.0,0.0,0.000,0,0
23,no_object,157,65.648,7.649,6.299,7.258,-2.250,5.850,2.906,-3.150,-4.500,-4.355,5.851,3.600,9.438,0,0,0,0,0.0,0.0,0.0,0.0,0.000,0,0
23,no_object,207,68.640,0.900,-1.575,-2.176,-4.274,-7.425,-9.801,0.676,-3.601,0.363,-14.175,-15.750,-19.965,0,0,0,0,0.0,0.0,0.0,0.0,0.000,0,0
23,no_object,258,71.368,-9.000,-10.350,-19.602,-2.700,-5.850,-3.631,10.801,5.400,9.438,14.399,14.399,22.506,0,0,0,0,0.0,0.0,0.0,0.0,0.000,0,0
23,no_object,310,74.360,-24.075,-27.675,-40.656,-5.174,-6.301,-9.801,-13.050,-11.925,-19.240,14.399,13.051,25.773,0,0,0,0,0.0,0.0,0.0,0.0,0.000,0,0
23,no_object,360,77.352,17.551,23.850,30.492,-0.900,0.450,0.727,7.200,8.549,13.066,37.350,37.350,58.805,0,0,0,0,0.0,0.0,0.0,0.0,0.000,0,0
23,no_object,410,80.256,1.125,2.475,-1.088,0.899,2.025,1.090,-7.875,-7.426,-8.350,15.750,15.750,23.232,0,0,0,0,0.0,0.0,0.0,0.0,0.000,0,0
23,no_object,459,83.160,9.450,4.050,15.246,-9.000,-9.000,-13.795,15.300,15.301,18.148,0.450,4.500,7.260,0,0,0,0,0.0,0.0,0.0,0.0,0.000,0,0
23,no_object,509,86.152,16.875,15.300,24.320,24.075,23.176,42.107,-12.825,-9.000,-11.252,1.350,6.750,11.977,0,0,0,0,0.0,0.0,0.0,0.0,0.000,0,0
23,no_object,559,89.056,4.499,6.074,-3.629,6.976,5.625,7.262,-2.475,-1.125,-10.527,8.100,7.650,13.068,0,0,0,0,0.0,0.0,0.0,0.0,0.000,0,0
23,no_object,609,92.048,4.051,5.400,13.068,-5.399,-4.050,-10.889,9.900,12.600,15.973,16.200,14.850,27.588,0,0,0,0,0.0,0.0,0.0,0.0,0.000,0,0
23,no_object,659,95.040,-13.951,-16.874,-30.129,5.625,6.076,9.074,1.574,2.925,6.535,-6.524,-3.825,-5.445,0,0,0,0,0.0,0.0,0.0,0.0,0.000,0,0
23,no_object,709,97.944,-17.549,-17.101,-26.861,-13.051,-12.150,-14.520,-13.500,-7.649,-12.342,2.701,4.950,-0.727,0,0,0,0,0.0,0.0,0.0,0.0,0.000,0,0
23,no_object,760,100.848,-17.550,-14.625,-20.326,12.375,11.250,16.697,13.051,14.176,26.496,3.601,6.750,12.342,0,0,0,0,0.0,0.0,0.0,0.0,0.000,0,0
23,no_object,810,103.928,-9.450,-9.449,-8.711,3.600,-4.950,2.906,13.049,19.800,23.959,0.000,2.700,-1.451,0,0,0,0,0.0,0.0,0.0,0.0,0.000,0,0
23,no_object,860,106.920,-2.025,-3.824,-3.629,-7.425,-5.851,-14.883,5.175,9.226,5.807,-1.800,-4.950,-4.721,0,0,0,0,0.0,0.0,0.0,0.0,0.000,0,0
23,no_object,910,108.856,-4.111,-1.096,-1.863,-4.346,-4.932,-4.467,12.658,10.563,18.328,-6.222,-5.427,-6.260,0,0,0,0,0.0,0.0,0.0,0.0,0.000,0,0
23,no_object,961,109.384,5.338,5.204,5.396,6.005,8.119,9.328,-7.592,-6.537,-13.617,0.979,0.873,8.260,0,0,0,0,0.0,0.0,0.0,0.0,0.000,0,0
23,no_object,1011,109.472,-11.312,-15.945,-22.916,-1.195,-2.682,-3.016,-1.291,-2.487,-12.891,16.729,16.623,25.684,0,0,0,0,0.0,0.0,0.0,0.0,0.000,0,0
23,no_object,1061,109.472,-0.961,-1.546,0.314,3.755,-1.332,2.068,6.359,5.163,11.793,1.428,5.823,0.273,0,0,0,0,0.0,0.0,0.0,0.0,0.000,0,0
23,no_object,1111,109.472,-24.361,-22.695,-38.889,-1.195,-0.881,0.615,4.559,8.313,13.971,6.828,7.623,11.164,0,0,0,0,0.0,0.0,0.0,0.0,0.000,0,0
23,no_object,1161,109.472,-4.562,-6.046,-8.396,-7.045,-6.731,-10.275,-6.691,-6.087,-10.713,0.078,-0.477,-0.451,1,0,1161,0,0.0,0.0,40.0,0.0,109.472,0,2
23,no_object,1218,109.472,4.889,4.305,3.943,-8.846,-8.531,-21.164,-6.691,-5.638,-7.082,-18.822,-15.326,-30.217,0,0,1161,0,0.0,0.0,40.0,0.0,109.472,0,2
23,no_object,1268,109.472,-9.062,-9.646,-21.465,6.455,2.269,5.697,-5.342,-2.937,-4.178,-3.072,-4.527,-6.260,0,0,1161,0,0.0,0.0,40.0,0.0,109.472,0,2
23,no_object,1318,109.472,-0.062,2.954,2.492,-10.195,-4.481,-16.809,-8.941,-11.937,-15.795,-0.371,-0.027,-3.355,0,0,1161,0,0.0,0.0,40.0,0.0,109.472,0,2
23,no_object,1369,109.472,-2.762,1.604,-3.314,-7.495,-7.182,-10.275,-3.541,-4.737,-9.260,20.328,17.073,35.123,0,0,1161,0,0.0,0.0,40.0,0.0,109.472,1369,2
23,no_object,1419,109.472,1.289,6.555,11.205,-0.745,-3.582,-2.289,3.209,8.763,13.246,-2.172,-0.477,-2.629,0,0,1161,0,0.0,0.0,40.0,0.0,109.472,1369,2
23,no_object,1470,109.472,-10.412,-7.396,-17.834,-4.346,-4.481,-5.191,2.759,4.263,6.711,0.979,-2.727,-1.178,0,0,1161,0,0.0,0.0,40.0,0.0,109.472,1369,2
23,no_object,1520,109.472,7.588,3.854,11.205,2.855,5.418,8.602,-3.991,-4.737,-15.795,4.578,2.674,1.000,0,0,1161,0,0.0,0.0,40.0,0.0,109.472,1369,2
23,no_object,1570,109.472,9.838,11.055,13.383,5.555,8.568,7.877,-3.991,-5.187,-4.178,10.428,10.323,19.150,0,0,1161,0,0.0,0.0,40.0,0.0,109.472,1369,2
23,no_object,1620,109.472,-1.861,-1.996,-2.588,-8.395,-4.481,-7.369,14.459,15.963,17.602,-15.222,-15.326,-22.957,0,0,1161,0,0.0,0.0,40.0,0.0,109.472,1369,2
23,no_object,1670,109.472,-5.912,-8.746,-6.219,18.154,15.318,25.299,11.759,15.063,18.328,18.078,18.873,30.041,0,0,1161,0,0.0,0.0,40.0,0.0,109.472,1369,2
23,no_object,1720,109.472,-3.211,-0.646,-3.314,-9.295,-8.981,-13.178,-20.641,-24.537,-36.121,2.778,7.174,14.068,0,0,1161,0,0.0,0.0,40.0,0.0,109.472,1369,2
23,no_object,1770,109.472,-6.361,-4.695,-13.479,-13.346,-12.131,-15.357,-5.791,-1.587,-10.713,4.129,8.073,6.809,0,0,1161,0,0.0,0.0,40.0,0.0,109.472,1369,2
23,no_object,1822,109.472,-2.312,1.154,-4.768,1.955,0.469,-0.838,-2.641,2.463,-2.727,0.979,4.473,7.535,0,0,1161,0,0.0,0.0,40.0,0.0,109.472,1369,2
23,no_object,1872,109.472,-5.461,-3.346,-11.303,-1.195,-2.231,-3.016,29.759,30.362,44.463,4.129,7.174,3.180,0,0,1161,0,0.0,0.0,40.0,0.0,109.472,1369,2
23,no_object,1922,109.472,0.838,-0.646,1.768,14.105,13.519,16.588,-8.491,-7.888,-15.068,-6.672,-2.277,-11.340,0,0,1161,0,0.0,0.0,40.0,0.0,109.472,1369,2
23,no_object,1972,109.472,-19.412,-17.296,-32.354,4.205,1.818,2.068,-2.191,-4.737,-9.260,-2.621,-4.076,-1.902,0,0,1161,0,0.0,0.0,40.0,0.0,109.472,1369,2
23,no_object,2022,109.472,-14.012,-15.945,-23.643,10.505,10.818,19.492,3.209,6.963,10.342,0.078,2.674,1.727,0,0,1161,0,0.0,0.0,40.0,0.0,109.472,1369,2
23,no_object,2072,109.472,-15.812,-13.695,-20.740,-3.445,-2.231,-2.289,8.609,9.213,14.697,5.479,8.973,5.357,0,0,1161,0,0.0,0.0,40.0,0.0,109.472,1369,2
23,no_object,2123,109.472,-18.961,-19.996,-33.080,2.855,3.168,1.342,-9.391,-11.037,-17.973,-7.572,-10.826,-14.246,0,0,1161,0,0.0,0.0,40.0,0.0,109.472,1369,2
23,no_object,2174,109.472,-17.611,-21.346,-32.354,8.255,9.469,16.588,6.809,7.413,5.986,10.879,5.373,14.795,0,1,1161,2174,0.0,0.0,40.0,40.0,109.472,1369,2
24,no_object,6,60.896,9.149,10.950,19.357,-12.001,-12.150,-26.135,0.150,2.700,5.809,6.601,3.300,7.502,0,0,0,0,0.0,0.0,0.0,0.0,0.000,0,0
24,no_object,57,61.512,13.949,15.074,23.598,2.925,-2.024,2.180,4.500,7.649,16.336,-7.650,-9.225,-14.156,0,0,0,0,0.0,0.0,0.0,0.0,0.000,0,0
24,no_object,108,63.448,15.751,17.325,19.602,4.726,6.301,2.180,0.225,-0.449,-0.725,-10.801,-12.149,-19.604,0,0,0,0,0.0,0.0,0.0,0.0,0.000,0,0
24,no_object,159,65.736,-4.951,-7.201,-13.795,-9.000,-7.199,-16.697,-9.000,-11.250,-15.246,-0.449,0.000,-6.533,0,0,0,0,0.0,0.0,0.0,0.0,0.000,0,0
24,no_object,210,68.728,25.201,19.125,38.480,-18.675,-19.125,-25.773,0.676,4.499,0.363,2.926,2.250,1.814,0,0,0,0,0.0,0.0,0.0,0.0,0.000,0,0
24,no_object,262,71.632,4.951,1.350,5.809,-18.899,-23.850,-36.301,-9.000,-9.000,-9.438,17.549,13.049,19.602,0,0,0,0,0.0,0.0,0.0,0.0,0.000,0,0
24,no_object,312,74.448,-16.874,-17.775,-31.219,-6.975,-9.000,-6.172,-20.700,-21.375,-29.406,13.950,10.801,24.322,0,0,0,0,0.0,0.0,0.0,0.0,0.000,0,0
24,no_object,363,77.528,27.450,28.350,46.465,-6.750,-4.500,-9.438,0.900,1.350,0.000,4.049,3.600,10.162,0,0,0,0,0.0,0.0,0.0,0.0,0.000,0,0
24,no_object,413,80.520,3.825,4.725,-5.445,-22.950,-22.275,-34.484,-33.075,-36.225,-55.539,-11.701,-10.800,-20.328,0,0,0,0,0.0,0.0,0.0,0.0,0.000,0,0
24,no_object,465,83.512,6.300,4.949,8.713,-9.449,-11.699,-13.795,-12.600,-15.750,-26.863,-3.600,-2.250,-2.902,0,0,0,0,0.0,0.0,0.0,0.0,0.000,0,0
24,no_object,517,86.504,20.476,15.300,31.582,15.075,16.875,23.230,-6.525,-1.800,-2.541,9.449,14.399,22.867,0,0,0,0,0.0,0.0,0.0,0.0,0.000,0,0
24,no_object,568,89.496,7.650,12.150,15.973,0.000,-0.451,2.178,4.500,7.649,8.713,3.601,4.500,7.988,0,0,0,0,0.0,0.0,0.0,0.0,0.000,0,0
24,no_object,618,92.576,10.575,10.800,21.416,5.625,2.699,9.801,-16.199,-14.400,-15.973,-19.350,-20.476,-26.137,0,0,0,0,0.0,0.0,0.0,0.0,0.000,0,0
24,no_object,670,95.656,0.899,-4.050,0.000,-9.000,-9.899,-21.781,-10.351,-14.400,-24.686,-13.500,-15.300,-17.424,0,0,0,0,0.0,0.0,0.0,0.0,0.000,0,0
24,no_object,720,98.648,3.600,1.350,4.355,0.226,0.675,10.164,-2.925,-3.149,-9.801,2.475,3.375,7.625,0,0,0,0,0.0,0.0,0.0,0.0,0.000,0,0
24,no_object,778,101.816,-0.451,-5.400,-2.180,-9.000,-3.600,-9.438,0.000,1.800,-1.453,13.950,9.899,17.426,0,0,0,0,0.0,0.0,0.0,0.0,0.000,0,0
24,no_object,828,104.984,-0.225,1.350,0.002,10.125,14.625,22.869,-2.024,0.226,-5.082,8.325,12.600,23.594,0,0,0,0,0.0,0.0,0.0,0.0,0.000,0,0
24,no_object,879,107.888,-7.649,-7.200,-13.793,6.300,0.900,8.715,-9.900,-7.649,-8.711,11.250,14.850,15.244,0,0,0,0,0.0,0.0,0.0,0.0,0.000,0,0
24,no_object,931,109.120,-2.312,0.254,-2.588,6.455,7.668,16.588,-13.441,-7.437,-21.602,-22.871,-23.877,-32.395,0,0,0,0,0.0,0.0,0.0,0.0,0.000,0,0
24,no_object,982,109.472,6.238,3.404,12.658,-10.645,-12.131,-18.260,17.158,16.862,25.588,-4.871,-3.627,-7.711,0,0,0,0,0.0,0.0,0.0,0.0,0.000,0,0
24,no_object,1032,109.472,6.238,4.305,10.479,5.105,8.119,16.588,1.408,-3.388,-3.453,5.928,11.223,19.877,0,0,0,0,0.0,0.0,0.0,0.0,0.000,0,0
24,no_object,1083,109.472,1.289,3.854,3.943,-16.495,-14.381,-26.973,3.658,-1.138,4.533,-25.121,-21.627,-38.203,0,0,0,0,0.0,0.0,0.0,0.0,0.000,0,0
24,no_object,1134,109.472,0.838,2.954,4.670,11.855,9.019,20.943,-5.342,-1.587,-7.809,-9.822,-9.027,-17.148,0,0,0,0,0.0,0.0,0.0,0.0,0.000,0,0
24,no_object,1185,109.472,-15.361,-14.596,-23.643,0.154,0.918,-0.838,-12.092,-10.587,-17.973,-3.521,-3.627,-7.711,1,0,1185,0,0.0,0.0,40.0,0.0,109.472,0,2
24,no_object,1243,109.472,3.988,5.204,3.219,-0.295,3.619,3.520,-4.891,-5.187,-10.713,1.879,4.473,3.904,0,0,1185,0,0.0,0.0,40.0,0.0,109.472,0,2
24,no_object,1295,109.472,4.889,7.454,11.205,-5.695,-7.631,-11.727,5.459,5.163,11.793,-8.021,-9.027,-13.520,0,0,1185,0,0.0,0.0,40.0,0.0,109.472,0,2
24,no_object,1346,109.472,2.639,0.254,1.041,9.605,5.418,13.684,19.408,17.313,29.943,-13.422,-13.527,-17.875,0,0,1185,0,0.0,0.0,40.0,0.0,109.472,0,2
24,no_object,1397,109.472,4.889,1.604,6.123,10.505,10.369,16.588,9.059,10.112,14.697,5.028,3.573,4.631,0,0,1185,0,0.0,0.0,40.0,0.0,109.472,1397,2
24,no_object,1448,109.472,-9.062,-6.496,-6.945,-7.495,-7.631,-13.178,-8.041,-9.687,-20.875,-6.222,-3.177,-9.889,0,0,1185,0,0.0,0.0,40.0,0.0,109.472,1397,2
24,no_object,1499,109.472,-6.361,-3.346,-6.945,1.955,0.918,2.793,-4.891,-2.937,-7.082,9.528,8.073,13.342,0,0,1185,0,0.0,0.0,40.0,0.0,109.472,1397,2
24,no_object,1550,109.472,-19.861,-15.496,-24.369,-0.295,-4.031,2.068,11.309,12.362,13.246,0.078,-1.377,-1.902,0,0,1185,0,0.0,0.0,40.0,0.0,109.472,1397,2
24,no_object,1601,109.472,-2.312,-4.246,-4.041,0.605,3.619,8.602,-12.092,-12.388,-20.150,-11.621,-8.127,-15.697,0,0,1185,0,0.0,0.0,40.0,0.0,109.472,1397,2
24,no_object,1652,109.472,-7.262,-7.396,-10.576,-1.195,-0.881,-3.016,3.658,6.063,3.809,-2.172,-3.177,-4.082,0,0,1185,0,0.0,0.0,40.0,0.0,109.472,1397,2
24,no_object,1703,109.472,-14.012,-11.896,-17.834,-20.995,-20.231,-32.055,3.658,1.563,0.178,-8.472,-9.027,-14.246,0,0,1185,0,0.0,0.0,40.0,0.0,109.472,1397,2
24,no_object,1755,109.472,-15.812,-18.195,-32.354,4.205,-0.432,2.793,0.959,3.813,-0.549,5.028,5.823,8.260,0,0,1185,0,0.0,0.0,40.0,0.0,109.472,1397,2
24,no_object,1806,109.472,-9.961,-7.846,-12.027,-4.346,-7.631,-11.727,-8.941,-6.987,-9.986,-3.072,-2.727,-1.178,0,0,1185,0,0.0,0.0,40.0,0.0,109.472,1397,2
24,no_object,1857,109.472,-4.562,-1.546,-5.494,4.205,0.469,2.068,5.908,10.563,9.617,-8.021,-9.477,-13.520,0,0,1185,0,0.0,0.0,40.0,0.0,109.472,1397,2
24,no_object,1908,109.472,4.438,5.654,9.752,4.205,5.418,10.055,-1.291,0.663,2.355,-0.371,-0.927,3.180,0,0,1185,0,0.0,0.0,40.0,0.0,109.472,1397,2
24,no_object,1959,109.472,5.789,2.954,2.492,-13.346,-10.781,-18.986,3.658,1.563,0.178,0.979,0.424,-1.178,0,0,1185,0,0.0,0.0,40.0,0.0,109.472,1397,2
24,no_object,2010,109.472,-10.861,-9.646,-16.383,-15.145,-15.731,-18.986,7.709,5.612,8.164,-17.922,-21.627,-28.039,0,0,1185,0,0.0,0.0,40.0,0.0,109.472,1397,2
24,no_object,2061,109.472,1.738,2.055,2.492,-6.596,-6.281,-7.369,16.259,11.013,23.410,-4.422,-4.977,-10.615,0,0,1185,0,0.0,0.0,40.0,0.0,109.472,1397,2
24,no_object,2112,109.472,-18.512,-16.396,-35.260,-4.346,-3.582,-8.096,5.009,2.463,4.533,0.078,-0.477,0.273,0,0,1185,0,0.0,0.0,40.0,0.0,109.472,1397,2
24,no_object,2163,109.472,12.088,8.805,17.012,-6.145,-8.531,-7.369,1.408,-1.138,-5.629,-13.871,-11.727,-16.424,0,0,1185,0,0.0,0.0,40.0,0.0,109.472,1397,2
24,no_object,2214,109.472,-7.262,-6.945,-9.850,-7.495,-6.731,-10.275,-9.842,-8.787,-9.986,-1.271,-2.727,-1.902,0,1,1185,2214,0.0,0.0,40.0,41.0,109.472,1397,2
25,no_object,6,60.896,12.300,14.100,22.990,-0.300,-4.051,-5.809,2.850,4.950,10.166,-9.149,-7.051,-18.635,0,0,0,0,0.0,0.0,0.0,0.0,0.000,0,0
25,no_object,57,61.424,5.850,9.675,9.803,-1.575,-2.924,-3.629,14.400,17.100,26.500,-2.251,-0.225,-4.719,0,0,0,0,0.0,0.0,0.0,0.0,0.000,0,0
25,no_object,106,63.360,-12.149,-7.875,-18.877,-3.824,-4.050,-9.438,8.774,12.150,19.604,-4.950,-0.450,-2.178,0,0,0,0,0.0,0.0,0.0,0.0,0.000,0,0
25,no_object,156,65.648,-6.750,-10.351,-17.426,-27.451,-28.350,-47.914,9.899,13.049,21.055,-8.549,-8.100,-13.066,0,0,0,0,0.0,0.0,0.0,0.0,0.000,0,0
25,no_object,208,68.552,14.851,10.574,16.699,7.875,6.524,11.252,9.676,16.649,14.156,-0.675,-3.149,-3.268,0,0,0,0,0.0,0.0,0.0,0.0,0.000,0,0
25,no_object,258,71.456,-9.000,-10.350,-18.875,-18.000,-21.149,-26.137,4.500,0.450,8.713,8.549,3.600,14.520,0,0,0,0,0.0,0.0,0.0,0.0,0.000,0,0
25,no_object,309,74.360,13.726,17.325,24.682,-5.625,-4.051,1.088,3.600,6.975,7.621,19.351,14.400,31.582,0,0,0,0,0.0,0.0,0.0,0.0,0.000,0,0
25,no_object,360,77.352,25.650,30.600,45.738,-21.601,-16.199,-30.492,2.700,7.199,5.809,17.549,17.549,29.766,0,0,0,0,0.0,0.0,0.0,0.0,0.000,0,0
25,no_object,410,80.256,9.675,13.725,10.527,3.601,0.225,-1.088,-14.625,-13.275,-19.238,6.750,10.350,9.439,0,0,0,0,0.0,0.0,0.0,0.0,0.000,0,0
25,no_object,461,83.248,8.101,13.050,18.877,-2.699,-4.500,-12.344,-5.850,-6.300,-13.068,-0.449,2.250,4.357,0,0,0,0,0.0,0.0,0.0,0.0,0.000,0,0
25,no_object,512,86.328,2.476,0.899,-1.088,-0.675,-2.924,-4.355,3.824,8.100,9.801,6.300,9.000,18.512,0,0,0,0,0.0,0.0,0.0,0.0,0.000,0,0
25,no_object,563,89.320,4.951,11.700,11.617,-0.900,2.250,4.355,4.050,9.899,10.891,-2.700,0.000,0.000,0,0,0,0,0.0,0.0,0.0,0.0,0.000,0,0
25,no_object,614,92.312,6.075,9.000,13.430,-15.525,-14.400,-25.773,1.351,4.500,7.986,-0.900,-3.375,2.178,0,0,0,0,0.0,0.0,0.0,0.0,0.000,0,0
25,no_object,665,95.304,-9.000,-12.150,-21.055,-21.150,-25.199,-44.287,9.000,5.850,7.984,4.049,2.250,7.984,0,0,0,0,0.0,0.0,0.0,0.0,0.000,0,0
25,no_object,716,98.384,14.850,18.449,31.219,-5.175,-6.075,-4.355,-20.925,-16.199,-27.949,-11.476,-7.426,-12.703,0,0,0,0,0.0,0.0,0.0,0.0,0.000,0,0
25,no_object,767,101.288,-4.500,-5.850,-2.180,8.550,6.300,12.344,2.250,2.699,9.438,-3.149,-6.301,-2.902,0,0,0,0,0.0,0.0,0.0,0.0,0.000,0,0
25,no_object,817,104.368,0.676,3.600,4.357,-12.375,-12.824,-25.047,-13.274,-12.825,-19.602,-0.226,0.000,4.719,0,0,0,0,0.0,0.0,0.0,0.0,0.000,0,0
25,no_object,867,107.360,-9.000,-4.950,-2.178,22.050,26.101,39.207,4.049,7.649,10.164,18.000,17.100,26.135,0,0,0,0,0.0,0.0,0.0,0.0,0.000,0,0
25,no_object,917,108.944,-14.461,-10.996,-25.096,-2.545,-2.682,-11.727,0.059,2.013,-1.275,-3.972,-2.727,-6.986,0,0,0,0,0.0,0.0,0.0,0.0,0.000,0,0
25,no_object,968,109.384,-12.211,-11.445,-22.191,-4.346,-2.682,-9.549,-3.991,-3.837,-8.535,3.678,4.023,3.180,0,0,0,0,0.0,0.0,0.0,0.0,0.000,0,0
25,no_object,1018,109.472,13.438,13.305,21.369,15.904,13.969,20.943,-7.592,-8.787,-15.068,-2.621,-4.076,3.180,0,0,0,0,0.0,0.0,0.0,0.0,0.000,0,0
25,no_object,1069,109.472,5.338,5.204,7.574,6.455,3.619,4.971,-16.592,-15.987,-28.137,0.528,-0.477,-1.902,0,0,0,0,0.0,0.0,0.0,0.0,0.000,0,0
25,no_object,1120,109.472,1.289,3.854,-0.410,-4.346,0.918,-4.467,9.509,9.663,16.148,-13.422,-11.277,-20.779,0,0,0,0,0.0,0.0,0.0,0.0,0.000,0,0
25,no_object,1172,109.472,-12.662,-10.096,-21.465,2.855,3.619,1.342,-13.441,-10.587,-13.617,8.629,12.573,12.617,1,0,1172,0,0.0,0.0,40.0,0.0,109.472,0,2
25,no_object,1230,109.472,8.488,3.854,7.574,-4.795,-0.432,2.068,-18.842,-15.537,-28.863,-0.371,-3.627,-5.535,0,0,1172,0,0.0,0.0,40.0,0.0,109.472,0,2
25,no_object,1282,109.472,8.488,8.805,9.752,-1.645,0.469,-3.740,-1.291,1.563,-1.275,-6.672,-7.227,-15.697,0,0,1172,0,0.0,0.0,40.0,0.0,109.472,0,2
25,no_object,1332,109.472,-18.062,-16.396,-25.822,0.605,0.019,2.068,2.759,4.713,5.986,-11.172,-11.277,-17.875,0,0,1172,0,0.0,0.0,40.0,0.0,109.472,0,2
25,no_object,1383,109.472,-9.961,-9.646,-19.287,9.605,6.769,17.314,-14.342,-11.037,-19.424,8.629,8.523,17.699,0,0,1172,0,0.0,0.0,40.0,0.0,109.472,1383,2
25,no_object,1434,109.472,5.789,6.104,9.752,8.255,12.168,13.684,2.309,5.612,-0.549,-3.521,-3.177,-4.082,0,0,1172,0,0.0,0.0,40.0,0.0,109.472,1383,2
25,no_object,1484,109.472,12.088,14.204,21.369,6.005,9.469,15.135,-7.592,-8.787,-14.344,-0.371,1.323,-2.629,0,0,1172,0,0.0,0.0,40.0,0.0,109.472,1383,2
25,no_object,1535,109.472,-9.062,-3.796,-7.670,9.605,7.668,13.684,7.259,13.263,14.697,-2.172,-3.177,-1.178,0,0,1172,0,0.0,0.0,40.0,0.0,109.472,1383,2
25,no_object,1586,109.472,3.988,8.354,11.205,2.404,-0.432,4.971,12.209,10.112,16.148,-5.322,-2.277,-10.615,0,0,1172,0,0.0,0.0,40.0,0.0,109.472,1383,2
25,no_object,1637,109.472,-2.762,-1.546,-6.219,-4.795,-2.682,-3.740,-2.191,0.663,-7.082,2.778,2.674,4.631,0,0,1172,0,0.0,0.0,40.0,0.0,109.472,1383,2
25,no_object,1688,109.472,10.289,9.704,19.916,-2.545,-4.481,-4.467,2.309,5.163,-2.000,6.379,8.523,11.164,0,0,1172,0,0.0,0.0,40.0,0.0,109.472,1383,2
25,no_object,1739,109.472,5.789,3.404,9.027,-9.745,-11.682,-21.891,-9.842,-4.737,-13.617,-26.922,-27.027,-41.832,0,0,1172,0,0.0,0.0,40.0,0.0,109.472,1383,2
25,no_object,1791,109.472,-0.062,3.854,-1.863,-5.695,-8.082,-5.918,9.059,10.112,16.148,-0.822,3.573,1.727,0,0,1172,0,0.0,0.0,40.0,0.0,109.472,1383,2
25,no_object,1843,109.472,-8.611,-5.146,-5.494,12.755,11.719,20.943,4.109,6.063,10.342,-8.021,-7.227,-11.340,0,0,1172,0,0.0,0.0,40.0,0.0,109.472,1383,2
25,no_object,1893,109.472,2.188,5.204,4.670,-1.645,-1.781,-1.562,5.459,8.313,10.342,10.428,12.123,16.246,0,0,1172,0,0.0,0.0,40.0,0.0,109.472,1383,2
25,no_object,1942,109.472,-3.211,1.604,-2.588,-7.495,-5.381,-13.178,-3.541,-2.487,-7.082,-8.472,-9.477,-6.986,0,0,1172,0,0.0,0.0,40.0,0.0,109.472,1383,2
25,no_object,1993,109.472,8.039,12.404,12.658,1.505,2.719,6.424,-11.191,-10.138,-19.424,-3.072,-4.076,-0.451,0,0,1172,0,0.0,0.0,40.0,0.0,109.472,1383,2
25,no_object,2044,109.472,-9.961,-7.396,-18.561,-2.096,0.469,-9.549,12.209,10.563,13.246,-17.922,-17.576,-25.135,0,0,1172,0,0.0,0.0,40.0,0.0,109.472,1383,2
25,no_object,2095,109.472,-4.111,1.604,1.041,-0.295,0.469,3.520,-9.391,-7.437,-15.068,-15.222,-17.576,-28.039,0,0,1172,0,0.0,0.0,40.0,0.0,109.472,1383,2
25,no_object,2153,109.472,-3.662,-3.796,-8.396,9.154,9.469,15.861,-13.441,-8.787,-17.246,-8.922,-5.877,-11.340,0,0,1172,0,0.0,0.0,40.0,0.0,109.472,1383,2
25,no_object,2203,109.472,-4.562,-3.346,-4.768,11.404,15.318,28.930,10.408,15.063,15.424,6.828,7.174,8.260,0,1,1172,2203,0.0,0.0,40.0,40.0,109.472,1383,2
26,no_object,6,60.896,3.750,3.301,7.744,-4.351,-2.700,-2.178,8.250,10.350,11.617,-10.050,-10.650,-16.455,0,0,0,0,0.0,0.0,0.0,0.0,0.000,0,0
26,no_object,57,61.512,2.250,2.925,8.352,-0.676,-3.824,-4.355,15.301,16.649,25.773,6.749,6.525,14.156,0,0,0,0,0.0,0.0,0.0,0.0,0.000,0,0
26,no_object,108,63.448,9.001,9.225,10.164,-7.424,-8.550,-13.066,-5.625,-4.500,-14.520,2.699,3.149,7.260,0,0,0,0,0.0,0.0,0.0,0.0,0.000,0,0
26,no_object,159,65.736,-5.400,-2.250,-14.521,-0.451,4.051,0.000,6.299,6.299,9.438,-6.299,-6.301,-13.793,0,0,0,0,0.0,0.0,0.0,0.0,0.000,0,0
26,no_object,210,68.728,9.000,5.175,6.535,-16.425,-17.774,-24.320,7.875,9.450,14.156,1.125,2.250,1.088,0,0,0,0,0.0,0.0,0.0,0.0,0.000,0,0
26,no_object,261,71.544,-5.850,-5.400,-4.355,-2.250,-6.750,-6.533,13.500,8.100,21.781,7.649,7.649,9.438,0,0,0,0,0.0,0.0,0.0,0.0,0.000,0,0
26,no_object,312,74.448,9.675,11.475,19.602,-1.574,-5.400,-3.268,-31.950,-30.375,-46.104,-3.601,-3.150,3.270,0,0,0,0,0.0,0.0,0.0,0.0,0.000,0,0
26,no_object,362,77.440,2.700,6.750,7.986,-14.851,-14.400,-22.506,-9.900,-4.500,-15.246,9.899,7.649,27.588,0,0,0,0,0.0,0.0,0.0,0.0,0.000,0,0
26,no_object,414,80.432,16.875,16.875,27.953,-23.399,-25.425,-42.471,10.125,16.875,22.143,-9.451,-7.199,-15.971,0,0,0,0,0.0,0.0,0.0,0.0,0.000,0,0
26,no_object,465,83.512,4.950,1.800,4.355,-2.699,-1.799,-2.904,-13.051,-13.500,-29.041,-4.050,-4.500,-2.902,0,0,0,0,0.0,0.0,0.0,0.0,0.000,0,0
26,no_object,516,86.504,15.976,17.550,26.500,22.274,20.476,37.025,-4.725,-3.600,-6.170,17.100,18.000,34.484,0,0,0,0,0.0,0.0,0.0,0.0,0.000,0,0
26,no_object,566,89.408,5.851,9.000,10.893,10.350,8.549,11.617,23.399,28.350,39.205,-0.899,-3.150,0.000,0,0,0,0,0.0,0.0,0.0,0.0,0.000,0,0
26,no_object,617,92.400,5.624,6.300,8.348,0.225,-4.051,0.363,4.051,11.250,16.697,-8.100,-2.926,-10.891,0,0,0,0,0.0,0.0,0.0,0.0,0.000,0,0
26,no_object,668,95.480,-6.750,-14.850,-19.602,2.700,0.900,-0.727,24.750,22.050,33.395,-19.801,-23.850,-37.754,0,0,0,0,0.0,0.0,0.0,0.0,0.000,0,0
26,no_object,718,98.384,4.949,7.199,5.807,10.575,11.476,15.246,-8.325,-5.850,-19.965,-24.075,-19.125,-27.225,0,0,0,0,0.0,0.0,0.0,0.0,0.000,0,0
26,no_object,770,101.376,9.449,2.250,9.438,-9.000,-7.650,-8.711,4.949,8.550,13.793,-2.250,-1.351,3.633,0,0,0,0,0.0,0.0,0.0,0.0,0.000,0,0
26,no_object,826,104.896,4.725,4.050,8.713,19.575,20.475,29.402,-11.476,-7.425,-15.971,11.475,9.000,24.320,0,0,0,0,0.0,0.0,0.0,0.0,0.000,0,0
26,no_object,877,107.712,-4.500,-2.700,-1.453,10.351,10.351,14.521,-7.650,-10.351,-12.342,15.301,13.049,21.779,0,0,0,0,0.0,0.0,0.0,0.0,0.000,0,0
26,no_object,928,109.120,-0.512,4.754,2.492,-0.295,3.619,2.068,25.259,23.163,31.395,5.928,6.273,11.164,0,0,0,0,0.0,0.0,0.0,0.0,0.000,0,0
26,no_object,979,109.384,-6.361,-4.695,-5.494,0.154,0.469,2.068,-7.141,-7.437,-7.809,-3.072,-1.826,-7.711,0,0,0,0,0.0,0.0,0.0,0.0,0.000,0,0
26,no_object,1030,109.472,-13.111,-14.146,-18.561,12.305,13.068,22.396,8.158,5.163,12.520,-15.672,-15.777,-25.135,0,0,0,0,0.0,0.0,0.0,0.0,0.000,0,0
26,no_object,1082,109.472,-5.912,-4.246,-14.205,-6.145,-5.832,-8.096,9.509,12.362,13.971,0.528,4.924,3.904,0,0,0,0,0.0,0.0,0.0,0.0,0.000,0,0
26,no_object,1133,109.472,7.588,5.204,12.658,2.404,3.168,5.697,4.109,5.163,9.617,0.528,0.873,-4.082,1,0,1133,0,0.0,0.0,40.0,0.0,109.472,0,2
26,no_object,1191,109.472,-0.062,-0.195,-1.137,7.355,9.019,15.861,-0.391,-2.487,-3.453,3.678,5.823,6.809,0,0,1133,0,0.0,0.0,40.0,0.0,109.472,0,2
26,no_object,1242,109.472,-5.461,-3.796,-13.479,-7.945,-10.781,-14.631,15.359,12.813,16.875,-11.621,-6.777,-12.793,0,0,1133,0,0.0,0.0,40.0,0.0,109.472,0,2
26,no_object,1293,109.472,-1.861,0.704,-1.863,-11.995,-15.731,-21.891,-12.541,-10.587,-13.617,-11.621,-10.377,-17.875,0,0,1133,0,0.0,0.0,40.0,0.0,109.472,0,2
26,no_object,1345,109.472,13.889,11.055,18.465,11.404,9.469,23.123,-1.741,-5.638,-9.260,0.078,-3.177,-2.629,0,0,1133,0,0.0,0.0,40.0,0.0,109.472,1345,2
26,no_object,1396,109.472,-17.611,-20.445,-30.902,3.305,-1.781,2.793,5.459,6.063,4.533,-19.271,-18.927,-29.492,0,0,1133,0,0.0,0.0,40.0,0.0,109.472,1345,2
26,no_object,1447,109.472,5.338,5.204,9.027,-1.645,-2.682,-8.096,0.959,4.263,5.986,0.078,0.873,-4.809,0,0,1133,0,0.0,0.0,40.0,0.0,109.472,1345,2
26,no_object,1498,109.472,10.738,10.604,18.465,-8.395,-10.332,-18.260,3.658,4.713,9.617,1.428,2.223,1.000,0,0,1133,0,0.0,0.0,40.0,0.0,109.472,1345,2
26,no_object,1549,109.472,14.338,11.954,23.547,6.005,6.769,7.150,13.109,13.263,18.328,1.428,4.924,-1.902,0,0,1133,0,0.0,0.0,40.0,0.0,109.472,1345,2
26,no_object,1600,109.472,-3.662,-1.546,1.041,3.755,-3.131,2.068,9.509,9.663,16.148,-9.822,-5.427,-6.260,0,0,1133,0,0.0,0.0,40.0,0.0,109.472,1345,2
26,no_object,1650,109.472,16.139,15.104,19.916,5.555,2.719,12.230,7.259,8.763,8.164,-0.371,-3.177,1.727,0,0,1133,0,0.0,0.0,40.0,0.0,109.472,1345,2
26,no_object,1701,109.472,-3.662,-0.646,-4.041,3.305,2.269,4.246,9.059,11.463,18.328,-7.121,-7.227,-17.148,0,0,1133,0,0.0,0.0,40.0,0.0,109.472,1345,2
26,no_object,1753,109.472,12.988,16.454,19.189,-1.645,-1.781,-2.289,5.459,8.313,13.971,-10.722,-11.277,-17.875,0,0,1133,0,0.0,0.0,40.0,0.0,109.472,1345,2
26,no_object,1803,109.472,1.289,3.404,9.027,-0.745,-0.881,-5.191,-6.691,0.213,-3.453,4.129,7.623,8.260,0,0,1133,0,0.0,0.0,40.0,0.0,109.472,1345,2
26,no_object,1854,109.472,1.289,1.604,4.670,-0.295,-4.481,2.068,6.809,5.163,10.342,3.229,7.623,9.711,0,0,1133,0,0.0,0.0,40.0,0.0,109.472,1345,2
26,no_object,1906,109.472,4.889,8.805,10.479,-12.895,-9.432,-16.084,15.359,11.463,24.137,-0.371,-4.076,-4.082,0,0,1133,0,0.0,0.0,40.0,0.0,109.472,1345,2
26,no_object,1957,109.472,4.438,4.305,11.205,4.205,4.969,4.971,-2.641,-6.537,-6.355,-4.422,-6.326,-3.355,0,0,1133,0,0.0,0.0,40.0,0.0,109.472,1345,2
26,no_object,2008,109.472,0.389,1.604,3.943,-9.295,-6.731,-7.369,-5.791,-6.987,-6.355,7.729,5.823,11.164,0,0,1133,0,0.0,0.0,40.0,0.0,109.472,1345,2
26,no_object,2058,109.472,1.738,3.404,2.492,-10.195,-14.381,-24.795,1.859,2.463,0.902,-24.672,-21.177,-32.395,0,0,1133,0,0.0,0.0,40.0,0.0,109.472,1345,2
26,no_object,2110,109.472,-3.662,-7.396,-11.303,-3.895,-4.481,-8.822,3.658,2.463,-0.549,0.979,4.023,5.357,0,0,1133,0,0.0,0.0,40.0,0.0,109.472,1345,2
26,no_object,2160,109.472,7.139,7.454,11.205,-6.145,-7.182,-6.645,12.658,13.713,20.506,-2.621,1.323,-6.260,0,1,1133,2160,0.0,0.0,40.0,41.0,109.472,1345,2
27,no_object,6,60.896,3.750,9.150,10.646,-6.150,-3.600,-3.629,-7.500,-5.400,-9.438,15.150,14.100,17.666,0,0,0,0,0.0,0.0,0.0,0.0,0.000,0,0
27,no_object,56,61.424,2.699,6.074,14.158,2.025,-1.574,-1.453,-5.850,-2.701,-7.621,-14.400,-11.925,-21.418,0,0,0,0,0.0,0.0,0.0,0.0,0.000,0,0
27,no_object,106,63.272,23.851,17.325,27.588,-2.924,0.000,-15.971,-3.375,3.150,-2.902,-0.450,1.351,2.178,0,0,0,0,0.0,0.0,0.0,0.0,0.000,0,0
27,no_object,157,65.648,4.500,3.600,4.354,-10.351,-8.550,-18.148,13.949,13.049,29.766,1.351,3.600,0.000,0,0,0,0,0.0,0.0,0.0,0.0,0.000,0,0
27,no_object,208,68.640,21.601,19.574,34.850,-18.675,-20.024,-32.309,-9.225,-5.851,-9.801,6.525,5.851,14.883,0,0,0,0,0.0,0.0,0.0,0.0,0.000,0,0
27,no_object,259,71.456,-2.699,-1.801,-7.260,14.851,9.451,18.148,7.200,3.150,15.973,2.699,-0.900,7.260,0,0,0,0,0.0,0.0,0.0,0.0,0.000,0,0
27,no_object,309,74.360,1.126,8.775,5.807,-18.674,-13.950,-27.227,-18.900,-11.025,-12.707,10.351,4.500,16.336,0,0,0,0,0.0,0.0,0.0,0.0,0.000,0,0
27,no_object,361,77.352,24.301,23.400,40.656,-20.250,-18.449,-33.395,7.200,9.449,3.629,-10.351,-12.601,-15.246,0,0,0,0,0.0,0.0,0.0,0.0,0.000,0,0
27,no_object,411,80.344,8.774,13.275,14.158,-20.700,-17.775,-29.402,2.475,2.925,6.896,5.399,0.450,0.727,0,0,0,0,0.0,0.0,0.0,0.0,0.000,0,0
27,no_object,461,83.336,1.351,-5.850,3.631,2.700,1.351,3.629,-5.850,-4.949,-18.150,-13.949,-14.399,-22.506,0,0,0,0,0.0,0.0,0.0,0.0,0.000,0,0
27,no_object,512,86.328,24.076,24.300,40.293,15.976,15.076,25.410,-2.025,0.450,3.268,-3.600,-0.451,1.088,0,0,0,0,0.0,0.0,0.0,0.0,0.000,0,0
27,no_object,563,89.408,2.701,4.500,6.535,2.250,6.299,8.713,-1.351,3.600,5.082,-17.550,-21.150,-31.943,0,0,0,0,0.0,0.0,0.0,0.0,0.000,0,0
27,no_object,614,92.400,13.725,16.199,23.594,9.676,12.150,18.514,-21.600,-24.301,-26.137,-3.150,-10.125,-12.344,0,0,0,0,0.0,0.0,0.0,0.0,0.000,0,0
27,no_object,668,95.480,0.450,-2.250,2.904,-8.100,-15.750,-20.330,0.899,-0.450,1.451,-4.500,-9.900,-6.535,0,0,0,0,0.0,0.0,0.0,0.0,0.000,0,0
27,no_object,719,98.560,14.400,14.400,28.312,-5.624,-3.825,-7.984,-29.025,-28.799,-43.195,-1.575,-2.476,-2.541,0,0,0,0,0.0,0.0,0.0,0.0,0.000,0,0
27,no_object,771,101.464,-4.500,-9.900,-10.891,-9.000,-6.301,-12.342,19.350,22.050,31.219,9.899,9.449,23.232,0,0,0,0,0.0,0.0,0.0,0.0,0.000,0,0
27,no_object,821,104.544,2.475,4.950,7.262,-3.375,-2.925,-3.994,-4.274,-6.524,-10.164,7.874,8.100,18.512,0,0,0,0,0.0,0.0,0.0,0.0,0.000,0,0
27,no_object,872,107.624,-2.250,2.699,10.891,16.200,13.951,22.508,5.399,7.649,8.713,17.551,14.399,19.602,0,0,0,0,0.0,0.0,0.0,0.0,0.000,0,0
27,no_object,923,109.032,0.838,1.604,4.670,1.955,0.019,6.424,9.959,9.663,8.164,-10.722,-12.177,-21.506,0,0,0,0,0.0,0.0,0.0,0.0,0.000,0,0
27,no_object,974,109.384,14.338,10.154,21.369,-8.395,-11.682,-16.809,13.109,14.612,19.055,-3.072,-3.627,-9.164,0,0,0,0,0.0,0.0,0.0,0.0,0.000,0,0
27,no_object,1025,109.472,1.289,2.954,2.492,6.904,4.519,18.039,-7.141,-2.937,-4.178,7.729,6.723,13.342,0,0,0,0,0.0,0.0,0.0,0.0,0.000,0,0
27,no_object,1077,109.472,0.389,-0.195,7.574,-5.695,-4.932,-11.727,14.459,11.913,16.875,0.979,-1.826,-0.451,0,0,0,0,0.0,0.0,0.0,0.0,0.000,0,0
27,no_object,1127,109.472,-5.012,-4.246,-12.027,-7.945,-6.731,-11.000,5.908,3.813,3.082,1.879,4.924,3.904,0,0,0,0,0.0,0.0,0.0,0.0,0.000,0,0
27,no_object,1178,109.472,-9.512,-6.496,-9.850,7.805,8.568,11.506,3.658,1.563,0.902,-10.271,-7.227,-11.340,1,0,1178,0,0.0,0.0,40.0,0.0,109.472,0,2
27,no_object,1236,109.472,-16.711,-13.695,-28.725,5.105,4.068,4.971,4.559,2.463,13.246,6.379,3.573,11.164,0,0,1178,0,0.0,0.0,40.0,0.0,109.472,0,2
27,no_object,1288,109.472,9.838,11.954,16.287,8.705,8.119,15.861,-8.041,-5.187,-7.809,-4.422,-5.877,-6.260,0,0,1178,0,0.0,0.0,40.0,0.0,109.472,0,2
27,no_object,1339,109.384,7.139,9.254,12.658,7.355,9.469,10.055,-6.691,-5.638,-10.713,-3.521,-0.477,-1.902,0,0,1178,0,0.0,0.0,40.0,0.0,109.472,0,2
27,no_object,1389,109.472,15.688,13.305,22.096,15.455,15.769,28.203,-9.842,-11.037,-22.328,-0.371,1.773,-2.629,0,0,1178,0,0.0,0.0,40.0,0.0,109.472,1389,2
27,no_object,1440,109.472,-14.912,-13.695,-17.834,2.855,4.068,4.971,6.809,10.563,7.437,6.828,3.573,9.711,0,0,1178,0,0.0,0.0,40.0,0.0,109.472,1389,2
27,no_object,1491,109.472,-5.461,-3.346,-10.576,2.404,2.719,7.150,3.658,9.213,13.971,-8.922,-6.777,-6.260,0,0,1178,0,0.0,0.0,40.0,0.0,109.472,1389,2
27,no_object,1542,109.472,5.338,5.204,9.752,8.255,3.168,1.342,-0.842,2.013,1.629,-19.271,-19.377,-28.766,0,0,1178,0,0.0,0.0,40.0,0.0,109.472,1389,2
27,no_object,1593,109.472,-1.861,-4.246,-9.850,-14.695,-19.332,-25.521,6.359,4.713,9.617,-21.972,-22.977,-41.832,0,0,1178,0,0.0,0.0,40.0,0.0,109.472,1389,2
27,no_object,1645,109.472,-3.211,-1.096,-4.768,-6.596,-7.631,-5.918,-12.541,-10.138,-22.328,0.979,2.674,6.082,0,0,1178,0,0.0,0.0,40.0,0.0,109.472,1389,2
27,no_object,1697,109.472,-2.762,0.254,-8.396,-7.495,-3.582,-8.096,-21.541,-19.138,-36.121,5.028,5.373,10.438,0,0,1178,0,0.0,0.0,40.0,0.0,109.472,1389,2
27,no_object,1749,109.472,4.889,3.404,9.752,-6.596,-9.881,-15.357,-9.842,-4.287,-11.438,-6.672,-4.076,-12.793,0,0,1178,0,0.0,0.0,40.0,0.0,109.472,1389,2
27,no_object,1800,109.472,-0.961,-0.195,6.123,-10.645,-9.432,-18.986,-5.342,-7.888,-7.082,-3.072,-0.927,0.273,0,0,1178,0,0.0,0.0,40.0,0.0,109.472,1389,2
27,no_object,1851,109.472,3.088,2.504,8.301,3.305,3.168,3.520,7.259,5.612,6.711,0.528,-2.727,-1.178,0,0,1178,0,0.0,0.0,40.0,0.0,109.472,1389,2
27,no_object,1902,109.472,3.988,6.104,3.943,16.805,13.969,29.654,4.109,2.463,0.902,10.428,12.123,16.973,0,0,1178,0,0.0,0.0,40.0,0.0,109.472,1389,2
27,no_object,1953,109.472,-9.512,-8.746,-15.656,9.605,14.418,25.299,5.459,6.063,7.437,1.879,2.674,3.180,0,0,1178,0,0.0,0.0,40.0,0.0,109.472,1389,2
27,no_object,2004,109.472,-2.312,-2.445,-4.041,-17.395,-17.531,-28.424,-5.342,-6.087,-5.629,14.028,13.023,22.055,0,0,1178,0,0.0,0.0,40.0,0.0,109.472,1389,2
27,no_object,2056,109.472,0.389,2.954,2.492,-3.895,-0.881,-5.191,0.959,1.112,2.355,-12.072,-18.027,-22.232,0,0,1178,0,0.0,0.0,40.0,0.0,109.472,1389,2
27,no_object,2107,109.472,2.188,0.704,6.850,-4.346,-7.182,-9.549,11.309,18.213,25.588,-2.621,-1.826,-2.629,0,0,1178,0,0.0,0.0,40.0,0.0,109.472,1389,2
27,no_object,2158,109.472,27.389,29.504,47.504,-8.395,-8.981,-15.357,21.658,24.063,37.930,-0.822,-0.027,-1.178,0,0,1178,0,0.0,0.0,40.0,0.0,109.472,1389,2
27,no_object,2209,109.472,8.039,3.854,8.301,-1.195,3.168,4.971,8.158,10.563,8.891,-11.621,-10.826,-19.328,0,1,1178,2209,0.0,0.0,40.0,40.0,109.472,1389,2
28,no_object,5,60.896,17.250,18.600,30.248,-4.800,-6.301,-4.355,2.850,5.400,5.082,12.900,16.350,21.297,0,0,0,0,0.0,0.0,0.0,0.0,0.000,0,0
28,no_object,56,61.512,3.600,5.625,11.980,9.675,8.775,13.793,9.000,7.199,13.432,10.350,7.426,17.062,0,0,0,0,0.0,0.0,0.0,0.0,0.000,0,0
28,no_object,107,63.360,-7.200,-7.875,-12.342,20.025,17.551,30.494,1.125,-0.449,-3.629,1.800,-0.450,-0.002,0,0,0,0,0.0,0.0,0.0,0.0,0.000,0,0
28,no_object,158,65.648,20.250,16.199,26.135,-5.400,-7.650,-7.258,-12.601,-12.150,-16.697,-10.350,-7.200,-13.793,0,0,0,0,0.0,0.0,0.0,0.0,0.000,0,0
28,no_object,209,68.640,15.301,11.925,23.234,-23.625,-28.575,-46.102,5.176,1.800,3.992,11.475,9.451,14.883,0,0,0,0,0.0,0.0,0.0,0.0,0.000,0,0
28,no_object,260,71.544,7.201,5.850,10.164,-1.800,-3.600,-2.904,12.150,6.750,21.781,3.149,1.799,14.520,0,0,0,0,0.0,0.0,0.0,0.0,0.000,0,0
28,no_object,311,74.448,14.626,12.375,21.779,4.726,2.699,7.621,-22.050,-18.675,-25.775,20.700,18.900,35.939,0,0,0,0,0.0,0.0,0.0,0.0,0.000,0,0
28,no_object,362,77.440,22.950,23.400,37.027,-15.750,-13.050,-19.602,-2.699,-3.150,-0.727,17.549,12.149,19.602,0,0,0,0,0.0,0.0,0.0,0.0,0.000,0,0
28,no_object,413,80.432,5.625,5.175,6.898,-10.351,-12.824,-19.238,-13.275,-13.725,-18.512,3.149,3.150,3.631,0,0,0,0,0.0,0.0,0.0,0.0,0.000,0,0
28,no_object,464,83.512,8.101,4.949,10.891,0.000,-4.949,-2.178,-0.900,1.801,-10.164,-4.500,-7.199,-2.902,0,0,0,0,0.0,0.0,0.0,0.0,0.000,0,0
28,no_object,515,86.504,13.726,9.000,19.238,16.425,17.326,29.766,-11.475,-13.050,-19.238,1.350,0.449,3.266,0,0,0,0,0.0,0.0,0.0,0.0,0.000,0,0
28,no_object,566,89.496,1.801,1.801,8.713,3.600,3.600,7.260,19.800,19.799,29.768,-7.200,-10.801,-17.422,0,0,0,0,0.0,0.0,0.0,0.0,0.000,0,0
28,no_object,616,92.400,3.374,4.050,9.801,5.176,0.900,6.898,-14.399,-10.801,-11.617,-2.250,-0.676,-4.357,0,0,0,0,0.0,0.0,0.0,0.0,0.000,0,0
28,no_object,666,95.392,5.851,1.350,7.986,1.801,-1.799,2.904,-5.851,-9.900,-9.439,22.049,20.250,34.121,0,0,0,0,0.0,0.0,0.0,0.0,0.000,0,0
28,no_object,717,98.384,7.199,6.750,12.342,-17.774,-16.425,-28.312,-20.925,-16.649,-30.855,-11.476,-6.976,-10.527,0,0,0,0,0.0,0.0,0.0,0.0,0.000,0,0
28,no_object,768,101.288,-11.701,-18.000,-26.863,-8.101,-9.000,-10.891,-3.150,-3.150,-3.631,13.950,11.699,29.768,0,0,0,0,0.0,0.0,0.0,0.0,0.000,0,0
28,no_object,819,104.456,-6.975,-7.200,-13.066,-1.574,-0.675,-6.898,14.625,15.976,21.779,3.374,4.049,11.980,0,0,0,0,0.0,0.0,0.0,0.0,0.000,0,0
28,no_object,870,107.448,-1.351,-3.150,-0.727,-5.399,-4.949,-5.807,-0.900,1.351,4.355,20.250,16.649,29.766,0,0,0,0,0.0,0.0,0.0,0.0,0.000,0,0
28,no_object,921,109.032,2.639,-0.646,11.932,-7.045,-9.881,-18.260,4.559,6.963,9.617,10.428,8.973,14.068,0,0,0,0,0.0,0.0,0.0,0.0,0.000,0,0
28,no_object,972,109.384,-5.012,-6.496,-6.219,-2.995,-3.131,-5.191,6.809,5.163,7.437,8.178,10.773,10.438,0,0,0,0,0.0,0.0,0.0,0.0,0.000,0,0
28,no_object,1024,109.472,-16.262,-15.046,-23.643,8.705,6.769,15.135,-0.391,0.663,-2.727,2.778,-0.027,1.727,0,0,0,0,0.0,0.0,0.0,0.0,0.000,0,0
28,no_object,1075,109.472,16.588,13.754,19.916,-24.145,-26.531,-40.768,2.309,-1.138,-0.549,-10.722,-13.527,-19.328,0,0,0,0,0.0,0.0,0.0,0.0,0.000,0,0
28,no_object,1126,109.472,7.588,6.104,15.561,-7.045,-5.832,-15.357,-14.791,-13.737,-18.697,9.528,6.723,13.342,0,0,0,0,0.0,0.0,0.0,0.0,0.000,0,0
28,no_object,1177,109.472,-5.012,-4.695,-4.041,10.055,12.168,21.670,2.309,-1.138,5.986,-27.371,-27.027,-43.285,1,0,1177,0,0.0,0.0,41.0,0.0,109.472,0,2
28,no_object,1236,109.472,-2.762,1.604,1.041,-10.645,-9.432,-14.631,-6.691,-4.737,-4.904,4.578,2.223,-0.451,0,0,1177,0,0.0,0.0,41.0,0.0,109.472,0,2
28,no_object,1287,109.472,-8.162,-5.596,-9.123,-11.545,-15.731,-21.164,-3.092,1.112,-0.549,-9.822,-11.277,-8.438,0,0,1177,0,0.0,0.0,41.0,0.0,109.472,0,2
28,no_object,1337,109.472,-0.062,-1.546,-1.863,-16.945,-13.932,-23.342,0.059,4.713,2.355,-6.222,-10.826,-14.246,0,0,1177,0,0.0,0.0,41.0,0.0,109.472,0,2
28,no_object,1388,109.472,-3.662,-3.346,-6.945,1.055,0.019,1.342,-5.342,-10.138,-16.521,-4.422,-0.477,-5.535,0,0,1177,0,0.0,0.0,41.0,0.0,109.472,1388,2
28,no_object,1440,109.472,-1.861,-2.445,-3.314,5.555,2.719,9.328,6.809,8.763,10.342,-0.822,-2.727,-1.178,0,0,1177,0,0.0,0.0,41.0,0.0,109.472,1388,2
28,no_object,1491,109.472,4.889,4.754,3.219,-6.145,-6.731,-9.549,14.009,17.763,27.039,-21.521,-22.076,-25.135,0,0,1177,0,0.0,0.0,41.0,0.0,109.472,1388,2
28,no_object,1543,109.472,-5.461,-2.445,-12.754,-2.545,-4.481,-5.191,5.459,4.713,5.260,-1.271,-0.927,0.273,0,0,1177,0,0.0,0.0,41.0,0.0,109.472,1388,2
28,no_object,1594,109.472,-10.412,-9.195,-21.465,-16.495,-19.332,-25.521,-9.391,-10.138,-13.617,5.479,6.723,8.986,0,0,1177,0,0.0,0.0,41.0,0.0,109.472,1388,2
28,no_object,1645,109.472,-3.211,-4.695,-9.123,-16.045,-17.082,-28.424,17.158,10.563,18.328,-8.922,-9.477,-14.973,0,0,1177,0,0.0,0.0,41.0,0.0,109.472,1388,2
28,no_object,1696,109.472,-8.162,-8.746,-11.303,2.855,-0.881,0.615,-0.842,-0.687,-3.453,-22.422,-21.177,-37.479,0,0,1177,0,0.0,0.0,41.0,0.0,109.472,1388,2
28,no_object,1747,109.472,-3.211,-6.945,-6.945,-4.346,-1.781,-7.369,5.009,6.963,6.711,-12.521,-14.427,-24.410,0,0,1177,0,0.0,0.0,41.0,0.0,109.472,1388,2
28,no_object,1798,109.472,-0.961,1.154,5.396,-6.145,-11.682,-16.084,1.408,3.362,6.711,-4.422,-5.427,-4.809,0,0,1177,0,0.0,0.0,41.0,0.0,109.472,1388,2
28,no_object,1850,109.472,2.188,4.754,7.574,1.505,1.369,5.697,2.759,2.913,3.809,-10.271,-5.877,-12.793,0,0,1177,0,0.0,0.0,41.0,0.0,109.472,1388,2
28,no_object,1900,109.472,4.889,6.555,13.383,-9.745,-8.981,-16.084,13.109,9.663,11.068,-26.472,-18.927,-38.203,0,0,1177,0,0.0,0.0,41.0,0.0,109.472,1388,2
28,no_object,1951,109.472,1.289,0.254,9.752,6.005,6.769,13.684,-0.842,-6.087,-3.453,6.828,5.373,6.809,0,0,1177,0,0.0,0.0,41.0,0.0,109.472,1388,2
28,no_object,2002,109.472,6.688,4.754,8.301,-7.945,-8.082,-15.357,9.509,11.463,15.424,-0.371,-2.277,-3.355,0,0,1177,0,0.0,0.0,41.0,0.0,109.472,1388,2
28,no_object,2053,109.472,9.838,7.904,12.658,-4.346,-1.781,1.342,3.658,2.913,3.809,8.178,5.823,6.809,0,0,1177,0,0.0,0.0,41.0,0.0,109.472,1388,2
28,no_object,2104,109.472,-7.262,-6.046,-10.576,2.404,5.418,10.779,2.309,2.913,3.082,-4.871,-6.777,-6.260,0,0,1177,0,0.0,0.0,41.0,0.0,109.472,1388,2
28,no_object,2155,109.472,2.188,1.154,8.301,-6.596,-4.481,-11.727,1.859,1.563,9.617,-1.722,1.323,-2.629,0,0,1177,0,0.0,0.0,41.0,0.0,109.472,1388,2
28,no_object,2206,109.472,12.539,15.104,17.012,-8.846,-9.881,-13.904,4.109,6.513,8.891,0.979,1.773,1.000,0,1,1177,2206,0.0,0.0,41.0,40.0,109.472,1388,2
29,no_object,6,60.896,0.601,-0.750,0.482,0.149,-5.850,5.809,10.050,10.801,11.617,-6.450,-5.700,-9.195,0,0,0,0,0.0,0.0,0.0,0.0,0.000,0,0
29,no_object,56,61.424,-9.450,-8.775,-17.061,-5.176,-9.674,-13.793,14.400,10.350,23.596,-1.351,-1.125,0.363,0,0,0,0,0.0,0.0,0.0,0.0,0.000,0,0
29,no_object,107,63.448,7.200,3.375,5.809,-15.074,-21.600,-32.668,19.125,13.051,24.686,-4.950,-7.649,-9.439,0,0,0,0,0.0,0.0,0.0,0.0,0.000,0,0
29,no_object,157,65.648,-9.451,-10.351,-19.604,-19.351,-19.800,-33.395,5.850,3.600,18.150,16.201,13.949,21.055,0,0,0,0,0.0,0.0,0.0,0.0,0.000,0,0
29,no_object,208,68.640,6.301,6.074,10.893,-7.875,-10.575,-11.254,1.575,0.899,0.363,7.426,10.351,14.158,0,0,0,0,0.0,0.0,0.0,0.0,0.000,0,0
29,no_object,260,71.456,-1.350,-4.500,-12.340,-8.101,-9.449,-10.891,16.650,14.850,23.959,8.549,9.449,10.162,0,0,0,0,0.0,0.0,0.0,0.0,0.000,0,0
29,no_object,311,74.448,-25.425,-28.125,-50.096,-3.824,-5.850,-5.445,-17.550,-15.074,-22.871,6.300,7.200,11.254,0,0,0,0,0.0,0.0,0.0,0.0,0.000,0,0
29,no_object,363,77.528,5.400,8.100,14.521,-16.650,-13.949,-25.408,-3.600,-7.201,-12.344,5.850,5.850,11.615,0,0,0,0,0.0,0.0,0.0,0.0,0.000,0,0
29,no_object,414,80.520,13.274,17.324,23.596,-26.101,-26.324,-42.471,-2.025,-1.125,-2.541,9.899,10.801,10.891,0,0,0,0,0.0,0.0,0.0,0.0,0.000,0,0
29,no_object,464,83.424,6.750,5.400,10.891,3.600,2.250,2.902,-0.900,-0.449,-7.260,0.900,0.451,8.711,0,0,0,0,0.0,0.0,0.0,0.0,0.000,0,0
29,no_object,515,86.416,23.625,20.250,33.758,25.425,26.775,45.012,-7.875,-7.199,-15.607,12.150,12.600,22.141,0,0,0,0,0.0,0.0,0.0,0.0,0.000,0,0
29,no_object,567,89.496,-4.949,-6.750,-9.438,16.200,16.199,26.137,10.351,12.149,18.150,-9.899,-15.301,-15.244,0,0,0,0,0.0,0.0,0.0,0.0,0.000,0,0
29,no_object,619,92.576,3.374,5.400,11.254,0.225,-4.950,-3.266,-23.399,-21.600,-25.410,-0.450,-5.176,1.451,0,0,0,0,0.0,0.0,0.0,0.0,0.000,0,0
29,no_object,669,95.568,-19.800,-27.000,-42.834,-17.550,-20.699,-26.861,-4.500,-4.051,-6.535,15.750,13.950,29.766,0,0,0,0,0.0,0.0,0.0,0.0,0.000,0,0
29,no_object,720,98.648,1.350,0.900,2.904,4.275,2.024,8.713,-9.675,-5.399,-11.252,-11.925,-13.726,-21.416,0,0,0,0,0.0,0.0,0.0,0.0,0.000,0,0
29,no_object,772,101.552,0.899,-0.449,4.355,-2.250,-1.801,-6.533,4.500,3.150,11.615,8.101,13.949,23.959,0,0,0,0,0.0,0.0,0.0,0.0,0.000,0,0
29,no_object,822,104.632,2.475,5.399,2.180,-17.324,-16.425,-28.678,3.825,8.774,12.342,-1.575,0.899,-1.090,0,0,0,0,0.0,0.0,0.0,0.0,0.000,0,0
29,no_object,873,107.624,-5.399,-4.051,-3.629,16.649,11.250,18.152,-4.051,-6.300,-2.178,22.500,19.799,31.943,0,0,0,0,0.0,0.0,0.0,0.0,0.000,0,0
29,no_object,925,109.032,-8.611,-5.596,-7.670,-13.795,-17.531,-21.164,2.309,0.213,3.082,10.428,10.773,15.520,0,0,0,0,0.0,0.0,0.0,0.0,0.000,0,0
29,no_object,975,109.472,-3.662,-3.796,-7.670,-13.795,-19.781,-27.697,-9.842,-8.337,-21.602,-1.722,-5.877,-6.986,0,0,0,0,0.0,0.0,0.0,0.0,0.000,0,0
29,no_object,1026,109.472,-3.662,-4.246,-4.041,-3.895,-2.231,-5.918,-4.441,-2.037,-2.000,-0.371,1.323,-1.902,0,0,0,0,0.0,0.0,0.0,0.0,0.000,0,0
29,no_object,1078,109.472,-9.961,-11.896,-16.383,-4.795,-6.731,-11.000,-2.641,-0.237,-6.355,-17.472,-15.326,-30.943,0,0,0,0,0.0,0.0,0.0,0.0,0.000,0,0
29,no_object,1130,109.472,12.988,11.954,19.916,-2.995,-4.031,-8.822,-7.592,-9.237,-11.438,-6.222,-4.076,-13.520,0,0,0,0,0.0,0.0,0.0,0.0,0.000,0,0
29,no_object,1181,109.472,6.688,4.305,13.383,-0.295,-3.582,3.520,-4.891,-5.638,-10.713,-4.871,-5.877,-4.809,1,0,1181,0,0.0,0.0,40.0,0.0,109.472,0,2
29,no_object,1239,109.472,1.738,2.055,11.205,11.855,9.469,13.684,-2.641,-7.437,-6.355,9.979,9.424,16.973,0,0,1181,0,0.0,0.0,40.0,0.0,109.472,0,2
29,no_object,1289,109.472,8.938,8.354,18.465,-11.995,-12.131,-20.437,-5.791,-10.138,-15.795,6.379,6.723,10.438,0,0,1181,0,0.0,0.0,40.0,0.0,109.472,0,2
29,no_object,1340,109.472,-2.312,-1.546,-2.588,-2.096,-1.332,-5.191,-1.291,-2.487,0.902,1.879,7.174,11.891,0,0,1181,0,0.0,0.0,40.0,0.0,109.472,0,2
29,no_object,1391,109.472,3.088,1.154,5.396,-8.395,-11.682,-16.809,14.009,20.013,25.588,2.328,1.323,-1.902,0,0,1181,0,0.0,0.0,40.0,0.0,109.472,1391,2
29,no_object,1442,109.472,-15.361,-12.346,-22.916,-17.395,-15.281,-26.973,4.559,0.663,-1.275,2.778,4.023,3.180,0,0,1181,0,0.0,0.0,40.0,0.0,109.472,1391,2
29,no_object,1493,109.472,-2.312,-1.996,-1.863,-18.295,-19.781,-25.521,-4.441,-3.837,-0.549,9.979,9.424,16.973,0,0,1181,0,0.0,0.0,40.0,0.0,109.472,1391,2
29,no_object,1545,109.472,-2.762,-5.596,-10.576,-2.545,-1.332,-5.191,-0.842,-6.987,-10.713,-4.422,-9.027,-14.246,0,0,1181,0,0.0,0.0,40.0,0.0,109.472,1391,2
29,no_object,1596,109.472,-8.162,-9.646,-14.932,11.855,10.369,20.217,6.809,0.213,13.246,5.479,5.373,8.260,0,0,1181,0,0.0,0.0,40.0,0.0,109.472,1391,2
29,no_object,1647,109.472,-14.461,-15.496,-19.287,-3.445,-1.332,0.615,-3.541,-3.837,-6.355,-9.371,-9.027,-12.066,0,0,1181,0,0.0,0.0,40.0,0.0,109.472,1391,2
29,no_object,1698,109.472,1.289,4.754,1.041,-0.745,-3.582,-5.918,-8.041,-6.087,-14.344,0.979,3.123,3.904,0,0,1181,0,0.0,0.0,40.0,0.0,109.472,1391,2
29,no_object,1749,109.472,-2.762,-2.445,-7.670,-13.795,-15.731,-22.615,-14.791,-11.937,-22.328,4.129,-0.027,1.000,0,0,1181,0,0.0,0.0,40.0,0.0,109.472,1391,2
29,no_object,1800,109.472,6.688,9.704,13.383,5.105,6.769,15.861,-3.991,-3.837,-9.260,3.678,-0.027,5.357,0,0,1181,0,0.0,0.0,40.0,0.0,109.472,1391,2
29,no_object,1851,109.472,-14.012,-11.445,-17.834,-2.545,-2.682,-0.111,4.559,4.713,10.342,-0.371,-1.826,-6.260,0,0,1181,0,0.0,0.0,40.0,0.0,109.472,1391,2
29,no_object,1902,109.472,-13.562,-12.346,-22.191,-9.295,-12.131,-16.084,5.908,1.112,5.260,4.129,6.273,9.711,0,0,1181,0,0.0,0.0,40.0,0.0,109.472,1391,2
29,no_object,1953,109.472,5.338,4.305,7.574,-6.145,-9.881,-16.084,-3.991,-4.287,-4.178,-0.371,3.123,6.809,0,0,1181,0,0.0,0.0,40.0,0.0,109.472,1391,2
29,no_object,2004,109.472,-8.162,-9.195,-16.383,-14.695,-13.932,-19.713,-6.241,-7.888,-12.164,-18.822,-18.477,-27.312,0,0,1181,0,0.0,0.0,40.0,0.0,109.472,1391,2
29,no_object,2055,109.472,-3.662,-3.346,0.314,10.505,10.818,14.408,-7.141,-5.187,-11.438,4.129,-0.477,-0.451,0,0,1181,0,0.0,0.0,40.0,0.0,109.472,1391,2
29,no_object,2106,109.472,-7.262,-10.546,-15.656,9.154,13.969,21.670,-11.641,-10.138,-23.055,15.379,16.623,22.055,0,0,1181,0,0.0,0.0,40.0,0.0,109.472,1391,2
29,no_object,2157,109.472,-9.512,-13.246,-19.287,1.055,-0.881,1.342,-5.342,-8.337,-12.891,3.678,2.223,6.809,0,0,1181,0,0.0,0.0,40.0,0.0,109.472,1391,2
29,no_object,2208,109.472,-18.961,-21.346,-30.902,-2.995,0.019,3.520,-15.241,-14.638,-25.959,-15.222,-13.076,-24.410,0,1,1181,2208,0.0,0.0,40.0,40.0,109.472,1391,2
30,no_object,6,60.896,-2.101,-3.000,-0.971,-3.001,-2.250,-5.082,-3.900,-1.350,-5.807,-1.050,-3.000,-9.195,0,0,0,0,0.0,0.0,0.0,0.0,0.000,0,0
30,no_object,57,61.512,-2.250,1.125,6.898,1.574,-4.725,-6.533,17.100,13.949,30.129,0.899,3.375,9.801,0,0,0,0,0.0,0.0,0.0,0.0,0.000,0,0
30,no_object,109,63.448,13.950,11.475,18.148,-11.475,-15.750,-23.957,11.924,13.051,15.973,22.949,20.250,29.766,0,0,0,0,0.0,0.0,0.0,0.0,0.000,0,0
30,no_object,166,66.088,1.350,2.250,3.629,-13.051,-13.500,-16.697,-20.250,-16.650,-22.506,6.301,9.000,11.617,0,0,0,0,0.0,0.0,0.0,0.0,0.000,0,0
30,no_object,217,69.080,1.351,0.675,7.988,-2.925,-6.524,-5.445,0.225,1.800,1.814,0.225,-1.350,-3.994,0,0,0,0,0.0,0.0,0.0,0.0,0.000,0,0
30,no_object,268,71.896,-11.699,-13.950,-21.779,3.149,-3.149,8.711,6.750,4.051,9.438,9.899,10.350,13.793,0,0,0,0,0.0,0.0,0.0,0.0,0.000,0,0
30,no_object,319,74.888,-16.874,-17.775,-26.861,-14.174,-14.850,-18.514,-11.700,-9.225,-10.529,9.000,5.850,16.336,0,0,0,0,0.0,0.0,0.0,0.0,0.000,0,0
30,no_object,370,77.880,11.700,17.100,17.426,-17.551,-18.000,-29.766,2.250,1.350,3.629,9.899,11.250,17.424,0,0,0,0,0.0,0.0,0.0,0.0,0.000,0,0
30,no_object,421,80.872,0.675,2.925,5.445,5.399,2.475,5.445,-16.426,-16.875,-22.143,-11.701,-12.600,-24.684,0,0,0,0,0.0,0.0,0.0,0.0,0.000,0,0
30,no_object,472,83.864,-5.851,-13.051,-11.615,4.950,3.601,7.986,-12.600,-16.650,-28.314,-15.750,-13.949,-21.779,0,0,0,0,0.0,0.0,0.0,0.0,0.000,0,0
30,no_object,524,86.944,-8.774,-12.149,-14.156,11.925,7.875,13.068,8.324,9.450,22.869,8.100,7.649,13.430,0,0,0,0,0.0,0.0,0.0,0.0,0.000,0,0
30,no_object,574,89.936,5.851,9.900,8.713,7.200,5.850,12.344,-7.649,-2.701,-5.809,9.000,8.100,13.795,0,0,0,0,0.0,0.0,0.0,0.0,0.000,0,0
30,no_object,624,92.928,-3.825,-0.450,-3.992,0.225,1.800,2.541,-4.949,0.000,6.535,3.150,6.524,5.807,0,0,0,0,0.0,0.0,0.0,0.0,0.000,0,0
30,no_object,675,95.920,-16.200,-18.900,-31.943,0.450,-0.899,-0.727,4.049,2.250,2.902,0.899,-4.500,1.453,0,0,0,0,0.0,0.0,0.0,0.0,0.000,0,0
30,no_object,726,98.912,-17.100,-18.900,-34.848,6.976,6.976,15.973,-22.275,-15.750,-22.867,0.225,2.924,5.445,0,0,0,0,0.0,0.0,0.0,0.0,0.000,0,0
30,no_object,777,101.728,0.449,-4.500,2.902,9.000,9.449,12.344,16.649,16.199,26.135,11.250,11.250,27.590,0,0,0,0,0.0,0.0,0.0,0.0,0.000,0,0
30,no_object,827,104.896,2.475,2.700,2.906,-5.175,-6.074,-13.432,6.524,4.726,5.082,8.325,12.149,23.594,0,0,0,0,0.0,0.0,0.0,0.0,0.000,0,0
30,no_object,878,107.800,-9.450,-4.950,-5.809,10.351,9.451,13.068,15.750,19.351,33.395,8.100,11.250,16.697,0,0,0,0,0.0,0.0,0.0,0.0,0.000,0,0
30,no_object,930,109.120,-4.111,-2.445,-4.768,-7.495,-11.682,-15.357,1.859,2.463,3.809,-1.271,-2.727,6.082,0,0,0,0,0.0,0.0,0.0,0.0,0.000,0,0
30,no_object,980,109.384,-11.762,-10.996,-18.561,-9.295,-10.332,-11.727,-13.441,-12.388,-15.068,-0.371,-0.477,1.000,0,0,0,0,0.0,0.0,0.0,0.0,0.000,0,0
30,no_object,1032,109.472,-12.211,-12.796,-19.287,-2.995,-6.731,-5.191,-2.191,-4.287,-4.904,3.229,3.123,7.535,0,0,0,0,0.0,0.0,0.0,0.0,0.000,0,0
30,no_object,1083,109.472,-0.062,3.404,4.670,12.755,8.568,23.123,6.809,6.963,13.246,1.428,-0.027,2.453,0,0,0,0,0.0,0.0,0.0,0.0,0.000,0,0
30,no_object,1134,109.472,-12.662,-11.896,-24.369,0.154,1.369,2.793,-6.241,-4.737,-6.355,0.528,-0.027,3.180,1,0,1134,0,0.0,0.0,41.0,0.0,109.472,0,2
30,no_object,1192,109.472,-11.762,-10.096,-26.547,0.154,-0.432,0.615,-17.041,-18.237,-16.521,-11.621,-12.627,-17.875,0,0,1134,0,0.0,0.0,41.0,0.0,109.472,0,2
30,no_object,1244,109.472,-3.662,0.704,-1.137,-8.846,-8.981,-16.084,9.959,11.463,16.148,3.229,4.473,3.180,0,0,1134,0,0.0,0.0,41.0,0.0,109.472,0,2
30,no_object,1295,109.472,-17.611,-18.195,-28.000,-0.745,4.519,5.697,-12.092,-13.737,-25.959,5.479,6.273,6.082,0,0,1134,0,0.0,0.0,41.0,0.0,109.472,0,2
30,no_object,1346,109.472,5.338,3.854,12.658,-10.645,-9.881,-15.357,3.658,2.913,2.355,17.178,15.723,20.604,0,0,1134,0,0.0,0.0,41.0,0.0,109.472,1346,2
30,no_object,1397,109.472,-17.611,-19.546,-46.875,-6.145,-6.731,-13.178,7.259,9.213,11.793,1.428,4.023,6.082,0,0,1134,0,0.0,0.0,41.0,0.0,109.472,1346,2
30,no_object,1448,109.472,7.588,3.854,1.768,-11.545,-15.281,-22.615,11.759,9.213,17.602,-2.621,-1.826,0.273,0,0,1134,0,0.0,0.0,41.0,0.0,109.472,1346,2
30,no_object,1499,109.472,-1.861,-0.195,-6.219,10.505,11.719,20.943,-17.491,-14.187,-25.959,2.328,-0.027,8.986,0,0,1134,0,0.0,0.0,41.0,0.0,109.472,1346,2
30,no_object,1550,109.472,-14.461,-13.695,-22.191,7.805,8.568,10.055,18.509,20.463,33.574,-7.572,-10.826,-17.148,0,0,1134,0,0.0,0.0,41.0,0.0,109.472,1346,2
30,no_object,1602,109.472,2.188,4.305,7.574,-2.096,3.168,-0.111,-5.791,-5.187,-12.891,6.379,2.674,3.180,0,0,1134,0,0.0,0.0,41.0,0.0,109.472,1346,2
30,no_object,1652,109.472,4.438,3.854,11.205,12.305,10.369,20.217,7.259,9.213,13.246,-4.422,-5.877,-7.711,0,0,1134,0,0.0,0.0,41.0,0.0,109.472,1346,2
30,no_object,1702,109.472,-0.062,-1.996,-4.041,6.455,6.318,17.314,-1.741,-2.937,-12.164,-3.521,-4.977,-7.711,0,0,1134,0,0.0,0.0,41.0,0.0,109.472,1346,2
30,no_object,1754,109.472,-5.912,-4.695,-13.479,-7.945,-5.832,-9.549,6.809,5.612,11.068,-10.271,-9.027,-12.066,0,0,1134,0,0.0,0.0,41.0,0.0,109.472,1346,2
30,no_object,1804,109.472,-27.062,-26.296,-45.424,-7.495,-6.281,-6.645,-4.441,0.663,-1.275,2.778,2.223,3.180,0,0,1134,0,0.0,0.0,41.0,0.0,109.472,1346,2
30,no_object,1855,109.472,1.738,-0.195,2.492,-6.596,-4.932,-0.111,-7.592,-7.437,-12.891,-8.021,-3.627,-9.889,0,0,1134,0,0.0,0.0,41.0,0.0,109.472,1346,2
30,no_object,1907,109.472,-4.562,-5.596,-9.850,-3.445,-3.131,-1.562,6.809,5.163,11.068,16.278,13.023,22.779,0,0,1134,0,0.0,0.0,41.0,0.0,109.472,1346,2
30,no_object,1958,109.472,-18.961,-20.896,-33.807,0.605,0.469,2.068,-10.291,-8.337,-15.068,-14.322,-19.826,-27.312,0,0,1134,0,0.0,0.0,41.0,0.0,109.472,1346,2
30,no_object,2009,109.472,-9.961,-5.146,-12.027,6.455,8.119,10.779,0.509,4.713,-0.549,-5.771,-2.277,-4.809,0,0,1134,0,0.0,0.0,41.0,0.0,109.472,1346,2
30,no_object,2060,109.472,-10.412,-10.546,-17.107,-9.745,-11.231,-16.809,1.859,0.663,-2.727,14.028,13.473,22.779,0,0,1134,0,0.0,0.0,41.0,0.0,109.472,1346,2
30,no_object,2111,109.472,-12.211,-16.846,-28.725,-5.695,-5.832,-9.549,2.759,1.112,0.902,-8.922,-7.227,-10.615,0,0,1134,0,0.0,0.0,41.0,0.0,109.472,1346,2
30,no_object,2163,109.472,-1.861,2.954,6.123,-6.596,-5.832,-10.275,8.158,2.913,0.902,3.229,1.773,10.438,0,1,1134,2163,0.0,0.0,41.0,41.0,109.472,1346,2
