grasp_id,label,timestamp_ms,enc_deg,s0_dx,s0_dy,s0_dz,s1_dx,s1_dy,s1_dz,s2_dx,s2_dy,s2_dz,s3_dx,s3_dy,s3_dz,t1_flag,t2_flag,t1_ms,t2_ms,load_t1,load_t2,current_t1,current_t2,enc_t1,time_to_stall_ms,t1_source
41,cylinder_soft,6,60.984,5.549,6.300,14.277,-6.000,-3.750,-11.859,2.250,2.550,-0.969,15.300,14.399,21.055,0,0,0,0,0.0,0.0,0.0,0.0,0.000,0,0
41,cylinder_soft,56,61.512,-8.100,-7.425,-10.164,7.875,8.774,16.334,4.726,4.275,6.895,-21.824,-28.801,-28.314,0,0,0,0,0.0,0.0,0.0,0.0,0.000,0,0
41,cylinder_soft,106,63.360,-3.374,5.625,1.814,9.676,9.451,16.699,-15.300,-18.676,-28.314,15.975,17.325,15.973,0,0,0,0,0.0,0.0,0.0,0.0,0.000,0,0
41,cylinder_soft,157,65.648,-7.199,-2.925,-6.535,5.400,6.300,12.705,16.875,13.950,24.322,13.275,14.176,19.602,0,0,0,0,0.0,0.0,0.0,0.0,0.000,0,0
41,cylinder_soft,208,68.728,6.976,3.150,2.178,11.925,11.476,18.150,2.025,1.800,0.727,12.825,11.925,20.689,0,0,0,0,0.0,0.0,0.0,0.0,0.000,0,0
41,cylinder_soft,259,71.544,2.250,4.950,2.906,-4.951,-10.799,-9.438,12.600,5.400,20.328,14.400,9.899,15.246,0,0,0,0,0.0,0.0,0.0,0.0,0.000,0,0
41,cylinder_soft,309,74.448,5.174,1.799,15.607,-13.050,-12.375,-22.143,13.726,11.250,20.328,7.426,6.074,14.156,0,0,0,0,0.0,0.0,0.0,0.0,0.000,0,0
41,cylinder_soft,360,77.440,2.701,-1.350,0.727,-4.049,1.799,-3.631,13.051,13.051,25.410,-7.200,-7.650,-12.344,0,0,0,0,0.0,0.0,0.0,0.0,0.000,0,0
41,cylinder_soft,412,80.432,-15.075,-11.925,-25.045,11.250,9.000,22.143,-6.301,-4.274,-10.164,-9.899,-6.976,-15.971,0,0,0,0,0.0,0.0,0.0,0.0,0.000,0,0
41,cylinder_soft,463,83.424,1.350,2.700,5.082,-13.951,-8.101,-20.328,12.600,8.550,9.438,-17.101,-9.000,-30.492,0,0,0,0,0.0,0.0,0.0,0.0,0.000,0,0
41,cylinder_soft,514,86.328,-2.250,-3.149,0.725,-11.700,-15.076,-22.143,4.051,6.300,9.438,16.875,18.225,27.949,0,0,0,0,0.0,0.0,0.0,0.0,0.000,0,0
41,cylinder_soft,564,89.232,6.301,0.900,7.260,0.899,6.750,15.973,13.051,13.500,21.779,-24.750,-25.650,-37.752,0,0,0,0,0.0,0.0,0.0,0.0,0.000,0,0
41,cylinder_soft,614,91.960,1.351,0.000,6.533,22.049,21.600,38.479,-4.500,-6.750,-12.342,-16.650,-11.250,-8.713,0,0,0,0,0.0,0.0,0.0,0.0,0.000,0,0
41,cylinder_soft,665,94.776,1.801,7.650,9.438,10.576,13.950,21.418,-14.175,-8.550,-22.145,0.000,2.476,3.631,0,0,0,0,0.0,0.0,0.0,0.0,0.000,0,0
41,cylinder_soft,717,97.592,22.051,25.650,36.301,-20.699,-19.350,-41.383,1.799,1.351,0.000,-1.351,-3.600,-13.795,0,0,0,0,0.0,0.0,0.0,0.0,0.000,0,0
41,cylinder_soft,767,100.056,-12.150,-9.899,-19.602,-15.750,-9.000,-16.697,-15.750,-16.650,-29.039,-2.699,-1.800,-15.246,0,0,0,0,0.0,0.0,0.0,0.0,0.000,0,0
41,cylinder_soft,818,102.520,0.675,0.001,-5.445,-9.676,-9.449,-12.344,-5.176,-3.375,-10.164,9.226,1.575,-1.816,0,0,0,0,0.0,0.0,0.0,0.0,0.000,0,0
41,cylinder_soft,869,105.160,-1.800,-5.400,-6.533,4.500,6.525,14.158,-2.025,-9.674,-15.246,-18.226,-15.525,-33.758,0,0,0,0,0.0,0.0,0.0,0.0,0.000,0,0
41,cylinder_soft,920,106.304,23.400,29.250,50.820,10.801,9.449,13.795,3.150,3.150,-8.713,-13.051,-13.500,-33.398,0,0,0,0,0.0,0.0,0.0,0.0,0.000,0,0
41,cylinder_soft,970,106.480,27.450,29.700,53.000,23.400,24.299,41.383,-13.049,-12.149,-29.041,-0.900,0.900,-16.699,0,0,0,0,0.0,0.0,0.0,0.0,0.000,0,0
41,cylinder_soft,1020,106.480,11.250,17.550,17.426,1.801,4.500,7.986,-15.750,-14.850,-31.943,-1.350,0.450,-16.699,0,0,0,0,0.0,0.0,0.0,0.0,0.000,0,0
41,cylinder_soft,1070,106.480,17.100,19.351,34.850,14.400,13.049,21.781,3.150,3.601,-7.260,4.949,4.500,-13.068,0,0,0,0,0.0,0.0,0.0,0.0,0.000,0,0
41,cylinder_soft,1120,106.480,14.850,18.000,24.686,9.000,5.399,10.891,-6.299,-9.899,-22.506,-9.450,-9.900,-31.219,1,0,1120,0,0.0,0.0,227.0,0.0,106.480,0,2
41,cylinder_soft,1178,106.480,27.000,32.851,47.191,14.851,12.600,24.686,2.701,3.150,-4.357,-13.500,-13.050,-32.672,0,0,1120,0,0.0,0.0,227.0,0.0,106.480,0,2
41,cylinder_soft,1229,106.480,23.400,26.101,42.109,-6.750,-6.750,-13.068,0.451,-3.149,-9.438,-3.150,0.900,-18.877,0,0,1120,0,0.0,0.0,227.0,0.0,106.480,0,2
41,cylinder_soft,1280,106.480,36.450,39.601,65.342,-2.699,-4.051,-3.629,-34.649,-33.750,-67.520,-2.700,3.600,-4.357,0,0,1120,0,0.0,0.0,227.0,0.0,106.480,0,2
41,cylinder_soft,1331,106.480,10.350,15.300,21.055,11.250,9.449,20.328,-18.000,-18.449,-38.479,-22.950,-17.550,-43.561,0,0,1120,0,0.0,0.0,227.0,0.0,106.480,1331,2
41,cylinder_soft,1382,106.480,6.301,17.550,21.055,5.851,5.850,5.084,-2.699,-3.149,-14.521,-7.650,-10.350,-24.684,0,0,1120,0,0.0,0.0,227.0,0.0,106.480,1331,2
41,cylinder_soft,1434,106.480,8.551,9.450,18.152,4.051,4.500,0.727,-6.750,-13.949,-23.959,-10.801,-7.650,-31.945,0,0,1120,0,0.0,0.0,227.0,0.0,106.480,1331,2
41,cylinder_soft,1484,106.480,10.350,12.149,25.412,1.801,0.899,1.451,5.400,4.951,-7.986,4.050,4.051,-5.084,0,0,1120,0,0.0,0.0,227.0,0.0,106.480,1331,2
41,cylinder_soft,1533,106.480,22.950,28.351,48.645,15.750,11.250,29.041,0.451,0.451,-7.260,-11.250,-11.250,-29.768,0,0,1120,0,0.0,0.0,227.0,0.0,106.480,1331,2
41,cylinder_soft,1584,106.480,15.301,22.950,36.301,10.351,10.350,14.521,-3.149,-5.399,-18.150,-8.100,-6.750,-22.506,0,0,1120,0,0.0,0.0,227.0,0.0,106.480,1331,2
41,cylinder_soft,1635,106.480,19.801,25.200,39.932,4.051,7.649,9.439,-5.399,-4.049,-18.150,-3.150,-1.800,-17.426,0,0,1120,0,0.0,0.0,227.0,0.0,106.480,1331,2
41,cylinder_soft,1687,106.480,19.801,19.351,35.574,1.351,0.000,0.727,-9.899,-9.000,-29.041,7.199,10.350,2.902,0,0,1120,0,0.0,0.0,227.0,0.0,106.480,1331,2
41,cylinder_soft,1739,106.480,-0.900,3.149,2.180,14.400,14.850,23.959,-14.399,-13.049,-36.301,-11.700,-5.850,-31.219,0,0,1120,0,0.0,0.0,227.0,0.0,106.480,1331,2
41,cylinder_soft,1791,106.480,-2.699,5.399,5.809,10.351,10.350,13.795,-11.699,-11.699,-29.041,-13.500,-15.300,-31.945,0,0,1120,0,0.0,0.0,227.0,0.0,106.480,1331,2
41,cylinder_soft,1842,106.480,4.500,9.000,16.699,14.400,16.649,31.219,-17.100,-14.399,-31.943,-16.200,-12.150,-36.301,0,0,1120,0,0.0,0.0,227.0,0.0,106.480,1331,2
41,cylinder_soft,1892,106.480,10.801,18.000,24.686,12.150,13.949,27.590,-13.949,-16.649,-35.574,-11.700,-10.800,-34.850,0,0,1120,0,0.0,0.0,227.0,0.0,106.480,1331,2
41,cylinder_soft,1942,106.480,11.700,14.851,22.508,7.201,7.649,10.166,-4.500,-9.449,-21.055,-17.551,-12.150,-39.205,0,0,1120,0,0.0,0.0,227.0,0.0,106.480,1331,2
41,cylinder_soft,1994,106.480,12.150,18.450,29.041,9.451,13.500,18.150,-9.899,-5.399,-23.232,-10.801,-11.699,-31.219,0,0,1120,0,0.0,0.0,227.0,0.0,106.480,1331,2
41,cylinder_soft,2044,106.480,9.450,12.601,22.508,9.451,13.049,20.328,-3.149,-7.199,-18.877,-4.950,-0.900,-15.246,0,0,1120,0,0.0,0.0,227.0,0.0,106.480,1331,2
41,cylinder_soft,2095,106.480,12.600,18.000,30.492,3.150,0.449,6.535,-16.649,-15.299,-30.492,2.699,4.051,-12.344,0,0,1120,0,0.0,0.0,227.0,0.0,106.480,1331,2
41,cylinder_soft,2146,106.480,0.450,9.899,14.521,7.650,10.350,11.617,-13.049,-13.049,-29.041,4.949,1.801,-7.986,0,1,1120,2146,0.0,0.0,227.0,226.0,106.480,1331,2
42,cylinder_soft,6,60.896,13.649,15.300,25.166,3.449,4.350,8.471,-0.450,5.250,0.484,15.300,17.550,24.686,0,0,0,0,0.0,0.0,0.0,0.0,0.000,0,0
42,cylinder_soft,57,61.512,-8.550,-2.925,-4.357,9.675,13.274,22.143,-1.125,3.375,-5.445,-20.475,-19.350,-34.850,0,0,0,0,0.0,0.0,0.0,0.0,0.000,0,0
42,cylinder_soft,108,63.448,1.126,3.375,5.445,4.275,4.500,11.617,-19.800,-17.775,-38.479,11.025,13.725,14.520,0,0,0,0,0.0,0.0,0.0,0.0,0.000,0,0
42,cylinder_soft,158,65.736,-16.199,-15.075,-22.508,16.201,20.699,35.211,16.875,16.650,35.938,20.475,16.875,16.699,0,0,0,0,0.0,0.0,0.0,0.0,0.000,0,0
42,cylinder_soft,209,68.728,-7.425,-8.100,-15.973,11.925,8.774,20.328,23.176,16.649,23.234,6.525,12.825,14.883,0,0,0,0,0.0,0.0,0.0,0.0,0.000,0,0
42,cylinder_soft,260,71.632,5.400,8.551,12.344,16.199,13.051,23.957,-3.600,-7.650,-3.631,7.650,2.250,1.453,0,0,0,0,0.0,0.0,0.0,0.0,0.000,0,0
42,cylinder_soft,311,74.448,15.524,15.750,25.773,-15.750,-15.075,-24.320,0.675,0.000,-2.178,1.125,2.025,4.719,0,0,0,0,0.0,0.0,0.0,0.0,0.000,0,0
42,cylinder_soft,362,77.440,10.351,14.400,25.410,-4.049,-4.951,-3.631,-2.250,-2.699,-5.807,-22.500,-19.351,-33.398,0,0,0,0,0.0,0.0,0.0,0.0,0.000,0,0
42,cylinder_soft,413,80.432,-17.775,-13.275,-31.580,15.750,13.950,22.869,9.449,9.676,12.342,9.899,9.674,8.713,0,0,0,0,0.0,0.0,0.0,0.0,0.000,0,0
42,cylinder_soft,465,83.512,-31.951,-32.400,-57.354,2.699,9.899,11.615,8.551,4.949,7.986,-11.701,-8.550,-20.328,0,0,0,0,0.0,0.0,0.0,0.0,0.000,0,0
42,cylinder_soft,516,86.504,16.649,15.300,27.588,0.450,-8.775,1.814,-10.350,-9.000,-12.344,-0.225,0.225,-9.074,0,0,0,0,0.0,0.0,0.0,0.0,0.000,0,0
42,cylinder_soft,567,89.408,14.850,15.750,36.301,21.601,24.750,44.285,9.450,6.750,5.082,-7.201,-9.000,-14.520,0,0,0,0,0.0,0.0,0.0,0.0,0.000,0,0
42,cylinder_soft,618,92.312,-6.074,-10.350,-12.342,-6.299,-3.375,-4.719,-2.024,-7.649,-10.164,-1.801,1.125,-5.809,0,0,0,0,0.0,0.0,0.0,0.0,0.000,0,0
42,cylinder_soft,669,95.128,9.000,12.600,20.328,5.625,7.650,9.076,-21.825,-18.450,-38.117,-5.399,-6.975,-16.699,0,0,0,0,0.0,0.0,0.0,0.0,0.000,0,0
42,cylinder_soft,721,97.944,20.250,23.400,31.943,-16.649,-16.650,-25.410,16.199,13.500,12.342,-0.451,0.451,-10.164,0,0,0,0,0.0,0.0,0.0,0.0,0.000,0,0
42,cylinder_soft,772,100.496,17.100,12.601,30.490,-6.750,-7.875,-10.527,5.850,4.050,6.172,22.950,22.949,25.773,0,0,0,0,0.0,0.0,0.0,0.0,0.000,0,0
42,cylinder_soft,822,102.960,3.824,3.601,7.623,-8.326,-7.199,-9.439,-6.975,-6.075,-13.793,-6.976,-7.875,-17.787,0,0,0,0,0.0,0.0,0.0,0.0,0.000,0,0
42,cylinder_soft,873,105.512,13.500,18.000,29.768,0.900,7.199,14.521,-9.449,-11.699,-23.232,-2.250,0.900,-14.521,0,0,0,0,0.0,0.0,0.0,0.0,0.000,0,0
42,cylinder_soft,924,106.480,28.801,30.601,53.727,-8.549,-4.051,-7.260,-18.000,-17.100,-38.479,-4.500,-12.150,-24.684,0,0,0,0,0.0,0.0,0.0,0.0,0.000,0,0
42,cylinder_soft,975,106.568,-10.800,-8.550,-13.432,0.225,1.801,0.725,-4.725,-5.399,-14.521,4.275,-1.125,-3.992,0,0,0,0,0.0,0.0,0.0,0.0,0.000,0,0
42,cylinder_soft,1026,106.568,19.351,16.200,29.404,12.825,12.150,20.328,5.175,4.501,1.451,4.725,0.675,-3.268,0,0,0,0,0.0,0.0,0.0,0.0,0.000,0,0
42,cylinder_soft,1076,106.568,-2.250,-3.149,-3.992,1.575,0.900,1.451,9.225,5.400,10.891,-11.475,-14.625,-29.404,0,0,0,0,0.0,0.0,0.0,0.0,0.000,0,0
42,cylinder_soft,1127,106.568,1.800,2.250,3.268,13.725,19.801,31.943,17.775,12.150,19.602,-1.575,-2.476,-8.350,1,0,1127,0,0.0,0.0,215.0,0.0,106.568,0,2
42,cylinder_soft,1185,106.656,7.649,2.700,5.445,-0.225,0.450,-5.082,-3.375,-5.850,-10.164,10.125,8.774,9.801,0,0,1127,0,0.0,0.0,215.0,0.0,106.568,0,2
42,cylinder_soft,1236,106.656,4.050,1.351,1.814,16.875,17.100,26.861,11.025,12.601,12.342,-3.375,-7.425,-14.158,0,0,1127,0,0.0,0.0,215.0,0.0,106.568,0,2
42,cylinder_soft,1286,106.656,6.300,2.700,9.801,9.225,10.350,14.520,9.225,3.601,7.984,-0.676,-5.175,-14.158,0,0,1127,0,0.0,0.0,215.0,0.0,106.568,0,2
42,cylinder_soft,1337,106.656,2.700,-2.700,1.814,11.475,9.450,16.697,11.475,6.751,13.068,-7.875,-5.625,-22.869,0,0,1127,0,0.0,0.0,215.0,0.0,106.568,1337,2
42,cylinder_soft,1388,106.656,-8.101,-11.700,-16.334,-5.625,-4.500,-15.248,-5.625,-8.100,-9.438,15.975,15.524,17.787,0,0,1127,0,0.0,0.0,215.0,0.0,106.568,1337,2
42,cylinder_soft,1439,106.656,11.700,10.351,21.418,8.325,4.950,10.891,-3.375,-5.850,-10.164,4.275,1.575,3.268,0,0,1127,0,0.0,0.0,215.0,0.0,106.568,1337,2
42,cylinder_soft,1490,106.744,6.300,0.000,11.980,0.676,-5.850,-8.713,12.375,9.450,14.520,13.275,10.125,14.156,0,0,1127,0,0.0,0.0,215.0,0.0,106.568,1337,2
42,cylinder_soft,1540,106.656,-6.300,-5.851,-10.527,-4.725,-2.699,-6.533,-3.375,-5.850,-9.438,20.475,14.175,17.787,0,0,1127,0,0.0,0.0,215.0,0.0,106.568,1337,2
42,cylinder_soft,1592,106.656,0.000,0.899,4.719,21.825,23.400,33.396,11.475,7.200,10.164,-4.275,-7.425,-15.609,0,0,1127,0,0.0,0.0,215.0,0.0,106.568,1337,2
42,cylinder_soft,1643,106.656,7.200,4.950,6.172,-4.275,-2.699,-8.713,7.425,6.751,7.984,9.225,8.325,9.076,0,0,1127,0,0.0,0.0,215.0,0.0,106.568,1337,2
42,cylinder_soft,1695,106.744,-1.800,-5.851,-1.814,-1.574,-2.250,-10.891,11.925,9.001,15.246,-1.575,-4.726,-19.238,0,0,1127,0,0.0,0.0,215.0,0.0,106.568,1337,2
42,cylinder_soft,1746,106.656,0.000,-5.851,-5.445,11.926,7.200,15.971,7.875,4.950,10.164,29.925,27.226,36.662,0,0,1127,0,0.0,0.0,215.0,0.0,106.568,1337,2
42,cylinder_soft,1797,106.656,1.351,2.250,3.268,4.275,-0.449,-2.178,10.125,9.001,13.793,8.324,5.625,-1.090,0,0,1127,0,0.0,0.0,215.0,0.0,106.568,1337,2
42,cylinder_soft,1848,106.744,11.700,8.101,20.691,-0.675,0.000,-2.904,-9.225,-13.499,-13.068,-6.075,-13.726,-26.498,0,0,1127,0,0.0,0.0,215.0,0.0,106.568,1337,2
42,cylinder_soft,1900,106.744,4.050,3.149,9.074,6.525,4.950,9.438,13.725,9.900,17.422,1.125,-1.575,-10.527,0,0,1127,0,0.0,0.0,215.0,0.0,106.568,1337,2
42,cylinder_soft,1951,106.656,-12.601,-9.899,-11.979,2.926,-1.800,-0.002,2.475,0.450,0.000,15.074,12.375,11.979,0,0,1127,0,0.0,0.0,215.0,0.0,106.568,1337,2
42,cylinder_soft,2003,106.656,-1.351,0.000,-6.172,-1.125,1.801,-7.260,-10.125,-13.050,-22.506,2.475,-0.675,-6.896,0,0,1127,0,0.0,0.0,215.0,0.0,106.568,1337,2
42,cylinder_soft,2054,106.744,-1.351,-2.700,-2.539,2.475,-1.350,-10.164,6.525,0.900,3.629,10.125,4.274,-0.363,0,0,1127,0,0.0,0.0,215.0,0.0,106.568,1337,2
42,cylinder_soft,2105,106.656,5.399,7.649,13.432,22.725,20.250,37.025,-9.676,-17.100,-21.781,15.975,12.825,19.965,0,0,1127,0,0.0,0.0,215.0,0.0,106.568,1337,2
42,cylinder_soft,2156,106.656,9.899,7.649,14.883,1.575,0.900,-1.453,12.824,9.001,11.615,-2.926,-5.175,-14.885,0,1,1127,2156,0.0,0.0,215.0,212.0,106.568,1337,2
43,cylinder_soft,6,60.984,9.600,8.999,15.729,9.750,8.400,21.537,-8.100,-3.750,-13.311,10.351,9.899,23.232,0,0,0,0,0.0,0.0,0.0,0.0,0.000,0,0
43,cylinder_soft,56,61.512,-5.850,-8.775,-8.711,1.575,2.475,6.896,-7.875,-2.926,-12.705,-2.475,-4.500,0.725,0,0,0,0,0.0,0.0,0.0,0.0,0.000,0,0
43,cylinder_soft,108,63.448,-10.124,-6.976,-16.336,8.775,8.101,15.973,-3.600,-4.725,-9.438,7.875,2.926,8.711,0,0,0,0,0.0,0.0,0.0,0.0,0.000,0,0
43,cylinder_soft,159,65.824,9.900,6.075,20.326,4.951,5.850,14.158,-6.976,-4.500,-9.074,6.074,2.025,-1.453,0,0,0,0,0.0,0.0,0.0,0.0,0.000,0,0
43,cylinder_soft,210,68.816,-2.024,0.900,0.000,11.925,7.425,15.246,2.025,1.800,-1.449,23.625,24.976,35.209,0,0,0,0,0.0,0.0,0.0,0.0,0.000,0,0
43,cylinder_soft,261,71.632,-9.000,-3.150,-13.066,4.500,-0.449,8.711,1.350,-4.500,-1.453,-1.350,-4.051,-11.615,0,0,0,0,0.0,0.0,0.0,0.0,0.000,0,0
43,cylinder_soft,312,74.536,-10.576,-13.500,-21.418,-10.351,-10.575,-20.691,0.226,-1.350,-2.902,15.975,20.025,27.949,0,0,0,0,0.0,0.0,0.0,0.0,0.000,0,0
43,cylinder_soft,363,77.616,15.301,16.650,24.684,5.851,8.100,14.521,-4.049,-9.000,-10.891,-3.149,-3.150,-8.715,0,0,0,0,0.0,0.0,0.0,0.0,0.000,0,0
43,cylinder_soft,414,80.608,-13.725,-12.376,-20.691,4.051,3.600,5.445,-9.900,-10.574,-14.520,0.450,4.274,3.631,0,0,0,0,0.0,0.0,0.0,0.0,0.000,0,0
43,cylinder_soft,465,83.600,-18.900,-16.650,-26.861,4.949,7.200,12.342,-5.850,-8.100,-7.986,3.149,9.000,7.260,0,0,0,0,0.0,0.0,0.0,0.0,0.000,0,0
43,cylinder_soft,517,86.592,-0.450,-3.601,-2.180,6.300,0.674,5.445,9.450,8.101,15.971,17.775,20.025,27.225,0,0,0,0,0.0,0.0,0.0,0.0,0.000,0,0
43,cylinder_soft,568,89.584,-1.350,-2.250,-2.178,25.200,22.950,41.383,-14.400,-17.551,-26.137,-17.551,-16.650,-30.492,0,0,0,0,0.0,0.0,0.0,0.0,0.000,0,0
43,cylinder_soft,619,92.400,6.976,6.750,9.438,-17.100,-13.275,-23.596,-7.875,-9.000,-12.342,14.400,12.375,17.424,0,0,0,0,0.0,0.0,0.0,0.0,0.000,0,0
43,cylinder_soft,671,95.216,-26.100,-19.800,-42.107,0.899,-4.051,-0.725,-11.701,-15.300,-21.055,16.200,13.500,14.520,0,0,0,0,0.0,0.0,0.0,0.0,0.000,0,0
43,cylinder_soft,722,98.032,12.150,14.850,18.875,-9.899,-8.551,-10.164,-0.900,0.900,3.629,-24.301,-26.549,-52.998,0,0,0,0,0.0,0.0,0.0,0.0,0.000,0,0
43,cylinder_soft,773,100.496,-5.851,-5.851,1.449,15.300,17.774,31.580,-7.201,-9.899,-19.238,-4.500,-1.801,-18.514,0,0,0,0,0.0,0.0,0.0,0.0,0.000,0,0
43,cylinder_soft,823,103.048,-10.125,-13.499,-18.512,6.524,7.650,15.246,-2.025,1.125,-2.180,11.476,12.375,5.443,0,0,0,0,0.0,0.0,0.0,0.0,0.000,0,0
43,cylinder_soft,874,105.600,9.000,12.601,21.055,3.601,0.899,0.727,4.051,6.301,-5.809,-1.801,0.450,-18.152,0,0,0,0,0.0,0.0,0.0,0.0,0.000,0,0
43,cylinder_soft,925,106.480,-6.300,-8.101,-11.254,-5.625,-7.199,-13.795,10.574,9.450,10.891,12.375,5.175,7.623,0,0,0,0,0.0,0.0,0.0,0.0,0.000,0,0
43,cylinder_soft,976,106.656,-12.601,-14.851,-15.609,0.225,-0.449,4.355,8.324,6.300,10.891,21.375,15.075,23.596,0,0,0,0,0.0,0.0,0.0,0.0,0.000,0,0
43,cylinder_soft,1027,106.656,-5.851,-8.550,-11.254,6.975,8.100,15.244,14.175,13.501,15.971,-2.025,-4.274,-3.992,0,0,0,0,0.0,0.0,0.0,0.0,0.000,0,0
43,cylinder_soft,1079,106.656,15.750,13.050,24.320,-10.574,-9.449,-18.877,-0.225,0.001,-3.629,25.425,20.925,31.580,0,0,0,0,0.0,0.0,0.0,0.0,0.000,0,0
43,cylinder_soft,1130,106.656,17.550,15.300,26.500,3.375,1.801,1.451,5.625,4.950,7.260,-2.025,-8.325,-16.336,1,0,1130,0,0.0,0.0,213.0,0.0,106.656,0,2
43,cylinder_soft,1188,106.744,9.000,6.750,11.254,5.176,4.051,5.807,1.125,0.900,5.809,0.225,-3.825,-12.705,0,0,1130,0,0.0,0.0,213.0,0.0,106.656,0,2
43,cylinder_soft,1239,106.656,0.000,-1.800,5.445,-8.324,-10.800,-19.602,13.725,11.251,23.230,-2.475,-7.875,-15.609,0,0,1130,0,0.0,0.0,213.0,0.0,106.656,0,2
43,cylinder_soft,1290,106.656,3.149,5.399,10.527,-15.975,-12.150,-22.506,13.725,8.550,18.875,-0.225,-2.024,-10.527,0,0,1130,0,0.0,0.0,213.0,0.0,106.656,0,2
43,cylinder_soft,1341,106.656,6.300,8.101,14.883,14.625,12.600,14.520,8.324,3.150,7.984,13.275,10.125,11.979,0,0,1130,0,0.0,0.0,213.0,0.0,106.656,1341,2
43,cylinder_soft,1392,106.656,-0.899,1.351,4.719,13.275,12.150,16.697,10.125,7.200,13.068,-1.575,-6.524,-14.885,0,0,1130,0,0.0,0.0,213.0,0.0,106.656,1341,2
43,cylinder_soft,1443,106.656,1.800,1.800,11.980,7.426,5.400,12.342,5.625,0.900,-0.727,6.074,5.625,-0.363,0,0,1130,0,0.0,0.0,213.0,0.0,106.656,1341,2
43,cylinder_soft,1494,106.744,0.899,-1.351,3.992,10.575,11.250,21.053,6.525,8.550,11.615,4.275,1.575,1.814,0,0,1130,0,0.0,0.0,213.0,0.0,106.656,1341,2
43,cylinder_soft,1545,106.744,6.300,9.000,14.158,8.325,7.650,10.891,-15.075,-15.300,-21.055,8.775,2.476,3.268,0,0,1130,0,0.0,0.0,213.0,0.0,106.656,1341,2
43,cylinder_soft,1596,106.744,8.550,11.250,25.047,6.975,9.900,7.986,6.074,7.200,12.342,15.525,13.726,14.156,0,0,1130,0,0.0,0.0,213.0,0.0,106.656,1341,2
43,cylinder_soft,1646,106.656,-9.450,-14.399,-11.254,5.625,5.400,6.533,2.475,-4.050,-1.453,-8.325,-10.575,-21.416,0,0,1130,0,0.0,0.0,213.0,0.0,106.656,1341,2
43,cylinder_soft,1697,106.744,7.200,6.750,12.707,-5.625,-4.050,-13.068,11.475,10.800,21.779,16.425,16.425,20.691,0,0,1130,0,0.0,0.0,213.0,0.0,106.656,1341,2
43,cylinder_soft,1748,106.656,9.899,5.399,16.336,-0.675,-4.500,-13.068,1.574,-1.800,-6.535,-2.475,-4.726,-10.527,0,0,1130,0,0.0,0.0,213.0,0.0,106.656,1341,2
43,cylinder_soft,1799,106.656,1.351,-0.899,3.268,-9.675,-11.250,-15.248,-4.725,-5.399,-10.891,22.725,15.976,25.047,0,0,1130,0,0.0,0.0,213.0,0.0,106.656,1341,2
43,cylinder_soft,1850,106.656,12.149,9.450,14.158,-7.425,-9.900,-20.328,14.175,11.700,21.779,22.725,26.774,28.676,0,0,1130,0,0.0,0.0,213.0,0.0,106.656,1341,2
43,cylinder_soft,1901,106.656,1.351,1.351,3.268,-8.324,-8.100,-13.068,7.875,2.700,7.260,-4.275,-7.875,-14.158,0,0,1130,0,0.0,0.0,213.0,0.0,106.656,1341,2
43,cylinder_soft,1952,106.656,-9.899,-9.450,-13.432,17.325,20.250,31.217,13.725,10.351,15.971,6.975,2.925,-4.719,0,0,1130,0,0.0,0.0,213.0,0.0,106.656,1341,2
43,cylinder_soft,2002,106.744,9.000,8.101,14.883,0.676,-3.600,-8.713,1.125,-4.950,-4.355,19.125,14.175,17.061,0,0,1130,0,0.0,0.0,213.0,0.0,106.656,1341,2
43,cylinder_soft,2053,106.656,17.550,17.101,31.582,-0.225,1.801,-0.002,14.175,9.900,16.697,-1.125,-1.575,-11.979,0,0,1130,0,0.0,0.0,213.0,0.0,106.656,1341,2
43,cylinder_soft,2105,106.656,9.450,8.101,15.609,-9.675,-9.449,-15.248,7.425,1.351,1.451,-2.926,-6.075,-14.885,0,0,1130,0,0.0,0.0,213.0,0.0,106.656,1341,2
43,cylinder_soft,2155,106.744,-0.450,-2.250,-3.992,-6.975,-8.550,-18.150,6.074,2.251,5.082,14.175,12.825,12.705,0,1,1130,2155,0.0,0.0,213.0,214.0,106.656,1341,2
44,cylinder_soft,6,60.984,6.899,7.649,12.098,-3.750,-1.950,-3.873,-3.150,-0.150,-7.502,9.000,10.800,16.697,0,0,0,0,0.0,0.0,0.0,0.0,0.000,0,0
44,cylinder_soft,57,61.512,-11.700,-9.675,-17.426,-2.024,-1.576,-3.268,-10.125,-7.426,-16.336,-12.824,-11.250,-20.330,0,0,0,0,0.0,0.0,0.0,0.0,0.000,0,0
44,cylinder_soft,107,63.448,15.525,15.524,24.320,11.926,16.650,29.041,-3.150,-5.625,-4.355,6.975,6.525,6.533,0,0,0,0,0.0,0.0,0.0,0.0,0.000,0,0
44,cylinder_soft,158,65.736,-17.550,-14.175,-22.508,4.951,0.000,6.172,3.375,4.950,6.172,9.225,7.875,8.713,0,0,0,0,0.0,0.0,0.0,0.0,0.000,0,0
44,cylinder_soft,209,68.728,9.226,9.000,17.424,17.775,10.125,20.328,14.625,11.249,13.797,9.676,12.375,19.238,0,0,0,0,0.0,0.0,0.0,0.0,0.000,0,0
44,cylinder_soft,260,71.632,-13.949,-10.350,-15.246,5.399,1.351,7.260,-0.450,-4.051,0.000,9.449,10.350,5.082,0,0,0,0,0.0,0.0,0.0,0.0,0.000,0,0
44,cylinder_soft,311,74.448,-16.875,-17.551,-27.953,-27.899,-27.226,-41.744,-8.774,-7.200,-11.615,11.926,13.725,19.238,0,0,0,0,0.0,0.0,0.0,0.0,0.000,0,0
44,cylinder_soft,363,77.528,0.000,-2.250,-1.453,-9.449,-4.051,-7.260,-9.449,-13.050,-20.328,-7.200,-6.750,-14.521,0,0,0,0,0.0,0.0,0.0,0.0,0.000,0,0
44,cylinder_soft,414,80.608,-23.625,-20.476,-46.100,0.900,2.250,-2.541,-2.250,1.125,-7.986,23.399,25.875,33.396,0,0,0,0,0.0,0.0,0.0,0.0,0.000,0,0
44,cylinder_soft,465,83.512,-14.851,-17.550,-26.137,0.449,4.500,5.082,3.150,3.150,-7.986,-8.551,-5.400,-16.697,0,0,0,0,0.0,0.0,0.0,0.0,0.000,0,0
44,cylinder_soft,515,86.504,0.450,3.149,2.178,1.800,-0.676,5.445,-9.449,-6.300,-12.344,21.826,20.475,33.758,0,0,0,0,0.0,0.0,0.0,0.0,0.000,0,0
44,cylinder_soft,566,89.408,5.850,0.900,5.809,6.300,12.150,20.328,9.000,5.850,2.902,-28.801,-26.100,-39.205,0,0,0,0,0.0,0.0,0.0,0.0,0.000,0,0
44,cylinder_soft,617,92.312,12.826,13.051,30.492,-31.500,-29.025,-50.457,-14.175,-18.000,-18.150,-9.000,-5.625,-15.973,0,0,0,0,0.0,0.0,0.0,0.0,0.000,0,0
44,cylinder_soft,669,95.040,16.201,15.750,22.508,16.426,19.801,27.225,-9.675,-2.700,-17.062,0.451,5.176,-4.355,0,0,0,0,0.0,0.0,0.0,0.0,0.000,0,0
44,cylinder_soft,720,97.856,7.650,9.449,13.793,-7.649,-4.500,-7.260,5.850,9.900,2.178,-3.601,-4.949,-13.068,0,0,0,0,0.0,0.0,0.0,0.0,0.000,0,0
44,cylinder_soft,771,100.408,2.700,3.149,2.902,-6.300,-2.925,-6.172,-4.500,-8.100,-10.527,9.450,11.699,1.090,0,0,0,0,0.0,0.0,0.0,0.0,0.000,0,0
44,cylinder_soft,821,102.960,-7.426,-7.649,-13.432,20.475,15.301,31.217,-17.325,-22.274,-36.301,6.976,4.275,1.090,0,0,0,0,0.0,0.0,0.0,0.0,0.000,0,0
44,cylinder_soft,872,105.512,15.750,19.351,32.672,13.051,10.350,18.150,-12.149,-13.949,-28.314,-11.250,-14.850,-34.123,0,0,0,0,0.0,0.0,0.0,0.0,0.000,0,0
44,cylinder_soft,922,106.480,-6.750,-9.899,-8.348,-3.824,-4.949,-8.713,11.475,5.851,14.520,15.975,10.575,13.430,0,0,0,0,0.0,0.0,0.0,0.0,0.000,0,0
44,cylinder_soft,973,106.744,-2.250,-1.800,-2.539,4.725,3.600,9.438,7.875,8.101,8.711,-2.025,-2.024,-5.445,0,0,0,0,0.0,0.0,0.0,0.0,0.000,0,0
44,cylinder_soft,1024,106.656,1.800,3.149,6.172,12.825,13.950,18.150,12.824,12.601,15.246,-6.075,-12.825,-23.596,0,0,0,0,0.0,0.0,0.0,0.0,0.000,0,0
44,cylinder_soft,1077,106.744,14.399,13.050,28.678,-6.074,-4.949,-2.178,0.225,-1.800,-2.178,8.775,3.825,1.088,0,0,0,0,0.0,0.0,0.0,0.0,0.000,0,0
44,cylinder_soft,1128,106.656,0.899,-0.899,6.172,18.225,18.900,30.490,13.725,10.351,15.971,25.875,19.575,28.676,1,0,1128,0,0.0,0.0,214.0,0.0,106.656,0,2
44,cylinder_soft,1186,106.656,13.950,9.899,18.512,17.325,13.500,25.410,6.975,7.200,9.438,5.625,2.925,7.623,0,0,1128,0,0.0,0.0,214.0,0.0,106.656,0,2
44,cylinder_soft,1236,106.656,6.300,4.500,11.980,9.676,5.850,13.066,-0.676,0.001,1.451,-5.625,-10.575,-19.965,0,0,1128,0,0.0,0.0,214.0,0.0,106.656,0,2
44,cylinder_soft,1288,106.744,-7.649,-6.750,-11.979,11.926,12.150,18.150,-21.825,-19.800,-41.383,-0.225,-1.575,-5.445,0,0,1128,0,0.0,0.0,214.0,0.0,106.656,0,2
44,cylinder_soft,1338,106.656,-0.450,0.899,3.268,-6.074,-5.400,-11.615,15.975,9.450,14.520,11.475,6.976,2.541,0,0,1128,0,0.0,0.0,214.0,0.0,106.656,1338,2
44,cylinder_soft,1389,106.744,-3.149,-2.250,-1.814,-8.775,-10.800,-10.164,1.125,6.300,0.725,17.775,14.175,26.498,0,0,1128,0,0.0,0.0,214.0,0.0,106.656,1338,2
44,cylinder_soft,1440,106.656,-19.351,-18.000,-30.854,-3.824,-2.699,-3.631,-6.525,-4.950,-8.713,18.225,13.726,12.705,0,0,1128,0,0.0,0.0,214.0,0.0,106.656,1338,2
44,cylinder_soft,1491,106.656,6.300,6.300,15.609,5.176,1.350,10.164,6.975,1.351,6.533,12.375,7.875,3.268,0,0,1128,0,0.0,0.0,214.0,0.0,106.656,1338,2
44,cylinder_soft,1542,106.656,6.300,5.399,14.158,-0.225,0.000,5.082,5.625,5.851,4.355,12.824,7.875,6.896,0,0,1128,0,0.0,0.0,214.0,0.0,106.656,1338,2
44,cylinder_soft,1594,106.656,-0.899,-3.149,-2.539,1.125,0.000,-2.904,7.425,6.300,10.164,16.425,12.375,15.607,0,0,1128,0,0.0,0.0,214.0,0.0,106.656,1338,2
44,cylinder_soft,1645,106.656,-8.101,-7.649,-9.801,1.125,1.350,-0.727,10.125,9.900,18.148,15.975,8.774,14.883,0,0,1128,0,0.0,0.0,214.0,0.0,106.656,1338,2
44,cylinder_soft,1696,106.656,-2.250,-7.200,-6.896,0.225,2.250,0.725,6.975,7.200,15.971,24.074,15.075,17.061,0,0,1128,0,0.0,0.0,214.0,0.0,106.656,1338,2
44,cylinder_soft,1746,106.744,4.500,0.899,1.814,-2.475,-2.699,-10.164,-2.025,-3.600,-7.262,16.875,13.726,17.787,0,0,1128,0,0.0,0.0,214.0,0.0,106.656,1338,2
44,cylinder_soft,1797,106.656,4.500,-0.450,4.719,13.275,13.500,15.971,14.175,14.851,16.697,6.525,4.274,0.361,0,0,1128,0,0.0,0.0,214.0,0.0,106.656,1338,2
44,cylinder_soft,1848,106.656,4.950,0.899,-1.088,-11.925,-12.600,-26.861,11.025,10.800,15.971,8.324,1.575,0.361,0,0,1128,0,0.0,0.0,214.0,0.0,106.656,1338,2
44,cylinder_soft,1898,106.656,0.899,-0.899,3.992,6.525,8.551,10.891,13.725,7.650,14.520,10.574,7.875,5.445,0,0,1128,0,0.0,0.0,214.0,0.0,106.656,1338,2
44,cylinder_soft,1949,106.656,-7.200,-9.000,-9.074,-0.675,-0.900,-0.002,-7.426,-10.800,-9.438,17.775,13.726,20.691,0,0,1128,0,0.0,0.0,214.0,0.0,106.656,1338,2
44,cylinder_soft,2001,106.656,0.450,-5.399,-7.623,-3.824,-8.100,-13.068,0.225,-6.300,-12.344,7.875,9.675,5.445,0,0,1128,0,0.0,0.0,214.0,0.0,106.656,1338,2
44,cylinder_soft,2051,106.656,8.101,7.649,15.609,0.225,-3.150,-5.809,7.425,1.800,6.533,9.675,9.675,5.445,0,0,1128,0,0.0,0.0,214.0,0.0,106.656,1338,2
44,cylinder_soft,2102,106.744,12.149,10.800,19.965,4.725,4.950,5.807,14.175,15.300,27.588,8.775,4.274,-3.268,0,0,1128,0,0.0,0.0,214.0,0.0,106.656,1338,2
44,cylinder_soft,2153,106.744,-10.800,-15.300,-23.594,-14.175,-13.949,-18.877,-0.225,-4.050,-4.355,20.025,19.125,27.951,0,1,1128,2153,0.0,0.0,214.0,214.0,106.656,1338,2
45,cylinder_soft,6,60.896,21.299,20.249,32.426,-1.950,-1.500,-4.598,-5.850,-3.301,-4.598,12.149,8.101,18.877,0,0,0,0,0.0,0.0,0.0,0.0,0.000,0,0
45,cylinder_soft,56,61.512,-2.700,-7.875,-2.904,-3.825,-3.375,0.361,0.226,2.025,0.363,-20.475,-22.051,-37.752,0,0,0,0,0.0,0.0,0.0,0.0,0.000,0,0
45,cylinder_soft,108,63.536,6.976,7.425,13.430,-4.274,-2.699,2.178,-6.300,-8.325,-14.520,21.375,24.075,31.945,0,0,0,0,0.0,0.0,0.0,0.0,0.000,0,0
45,cylinder_soft,159,65.824,-7.650,-2.925,-3.631,-1.350,-2.250,6.896,9.674,14.850,13.432,-1.575,-2.024,-10.164,0,0,0,0,0.0,0.0,0.0,0.0,0.000,0,0
45,cylinder_soft,211,68.816,-2.024,-3.150,-6.533,2.025,-3.375,-0.727,6.976,8.550,8.713,15.975,16.875,22.141,0,0,0,0,0.0,0.0,0.0,0.0,0.000,0,0
45,cylinder_soft,262,71.720,2.250,5.400,13.068,18.449,13.951,21.779,5.850,11.250,20.328,-0.900,-0.900,-7.260,0,0,0,0,0.0,0.0,0.0,0.0,0.000,0,0
45,cylinder_soft,313,74.624,-4.726,-7.650,-6.172,-11.250,-11.024,-24.320,6.524,4.050,5.809,-11.025,-8.325,-14.885,0,0,0,0,0.0,0.0,0.0,0.0,0.000,0,0
45,cylinder_soft,365,77.704,0.900,-2.250,-6.533,-13.949,-13.951,-15.971,11.250,4.051,12.344,-7.649,-4.500,-15.973,0,0,0,0,0.0,0.0,0.0,0.0,0.000,0,0
45,cylinder_soft,415,80.608,-25.875,-19.575,-40.291,5.400,5.850,11.252,4.500,5.625,4.355,-0.899,2.475,-5.807,0,0,0,0,0.0,0.0,0.0,0.0,0.000,0,0
45,cylinder_soft,471,83.952,-15.750,-11.699,-29.766,4.049,3.601,3.631,6.750,3.150,0.725,-8.551,-5.850,-12.340,0,0,0,0,0.0,0.0,0.0,0.0,0.000,0,0
45,cylinder_soft,521,86.856,-13.950,-11.250,-17.426,-6.300,-8.775,-9.801,11.250,9.000,15.246,5.625,9.676,6.896,0,0,0,0,0.0,0.0,0.0,0.0,0.000,0,0
45,cylinder_soft,572,89.760,2.250,-4.500,2.904,13.950,13.500,26.137,11.700,10.800,16.697,-36.451,-31.051,-52.998,0,0,0,0,0.0,0.0,0.0,0.0,0.000,0,0
45,cylinder_soft,623,92.576,3.375,-0.449,5.807,-18.000,-17.775,-25.047,4.726,3.150,5.082,0.449,-2.925,1.451,0,0,0,0,0.0,0.0,0.0,0.0,0.000,0,0
45,cylinder_soft,674,95.392,-10.799,-13.050,-16.699,-1.801,-7.650,-6.533,-6.750,-7.199,-13.793,0.450,0.899,-5.809,0,0,0,0,0.0,0.0,0.0,0.0,0.000,0,0
45,cylinder_soft,725,98.120,10.125,9.225,20.328,2.250,5.175,16.336,-4.725,-4.725,-8.711,7.425,7.650,3.992,0,0,0,0,0.0,0.0,0.0,0.0,0.000,0,0
45,cylinder_soft,777,100.760,8.999,6.300,14.518,-12.149,-6.075,-13.434,2.250,-2.249,-6.896,19.801,18.900,21.418,0,0,0,0,0.0,0.0,0.0,0.0,0.000,0,0
45,cylinder_soft,828,103.312,-17.551,-14.850,-24.684,-10.801,-11.250,-25.410,5.400,6.750,13.068,5.851,11.250,6.533,0,0,0,0,0.0,0.0,0.0,0.0,0.000,0,0
45,cylinder_soft,879,105.776,1.350,0.000,6.535,3.150,7.649,11.617,-4.049,-4.049,-15.246,-12.600,-11.250,-29.041,0,0,0,0,0.0,0.0,0.0,0.0,0.000,0,0
45,cylinder_soft,930,106.568,12.149,6.750,20.691,-2.025,-2.699,-7.260,16.875,9.900,18.875,27.225,22.726,30.129,0,0,0,0,0.0,0.0,0.0,0.0,0.000,0,0
45,cylinder_soft,981,106.656,-9.450,-6.300,-9.801,-4.275,-5.400,-13.068,6.525,4.501,1.451,21.375,19.575,26.498,0,0,0,0,0.0,0.0,0.0,0.0,0.000,0,0
45,cylinder_soft,1032,106.744,-9.000,-10.800,-18.512,-12.824,-12.150,-20.328,-7.875,-11.700,-12.344,8.324,2.476,3.992,0,0,0,0,0.0,0.0,0.0,0.0,0.000,0,0
45,cylinder_soft,1083,106.656,-1.351,-0.899,-2.539,-5.625,-4.949,-8.713,13.725,5.400,16.697,2.475,0.226,-3.268,0,0,0,0,0.0,0.0,0.0,0.0,0.000,0,0
45,cylinder_soft,1134,106.744,6.300,6.750,14.883,-1.574,-1.800,2.178,16.875,13.501,22.506,6.525,3.375,3.268,1,0,1134,0,0.0,0.0,211.0,0.0,106.744,0,2
45,cylinder_soft,1192,106.656,-5.851,-6.750,-9.074,6.075,9.000,10.164,9.675,8.101,10.164,18.225,16.425,17.061,0,0,1134,0,0.0,0.0,211.0,0.0,106.744,0,2
45,cylinder_soft,1243,106.656,-1.351,-3.149,-2.539,-13.275,-12.600,-22.506,3.824,-1.800,0.000,-5.176,-6.075,-15.609,0,0,1134,0,0.0,0.0,211.0,0.0,106.744,0,2
45,cylinder_soft,1293,106.656,-5.851,-4.500,-2.539,10.575,10.350,15.244,6.975,5.400,2.176,-0.225,-6.075,-10.527,0,0,1134,0,0.0,0.0,211.0,0.0,106.744,0,2
45,cylinder_soft,1344,106.656,14.399,14.399,30.129,-7.875,-10.800,-17.424,13.725,13.501,10.891,3.375,0.226,-9.076,0,0,1134,0,0.0,0.0,211.0,0.0,106.744,1344,2
45,cylinder_soft,1395,106.744,4.500,-4.050,5.445,-4.725,-4.050,-16.699,-2.025,-2.249,-6.535,-8.775,-11.925,-24.322,0,0,1134,0,0.0,0.0,211.0,0.0,106.744,1344,2
45,cylinder_soft,1446,106.744,1.351,3.149,7.623,-4.725,-3.600,-5.809,11.025,4.950,13.068,15.975,16.425,17.061,0,0,1134,0,0.0,0.0,211.0,0.0,106.744,1344,2
45,cylinder_soft,1497,106.744,-5.851,-7.200,-3.266,0.225,1.801,1.451,7.425,4.950,7.260,4.275,0.675,-4.719,0,0,1134,0,0.0,0.0,211.0,0.0,106.744,1344,2
45,cylinder_soft,1547,106.656,0.450,2.250,2.541,13.275,11.250,18.150,5.625,5.400,10.164,21.824,20.024,23.596,0,0,1134,0,0.0,0.0,211.0,0.0,106.744,1344,2
45,cylinder_soft,1598,106.656,1.800,1.351,6.172,-5.175,-5.400,-9.439,17.775,11.700,16.697,14.175,13.274,12.705,0,0,1134,0,0.0,0.0,211.0,0.0,106.744,1344,2
45,cylinder_soft,1649,106.744,2.250,0.450,-1.814,-11.475,-9.449,-14.521,8.324,7.200,13.068,20.925,19.125,23.596,0,0,1134,0,0.0,0.0,211.0,0.0,106.744,1344,2
45,cylinder_soft,1699,106.744,8.101,10.800,14.158,10.125,9.450,14.520,-13.275,-14.399,-20.328,19.125,15.976,18.514,0,0,1134,0,0.0,0.0,211.0,0.0,106.744,1344,2
45,cylinder_soft,1750,106.656,-15.300,-16.649,-21.416,-6.074,-4.949,-10.164,-11.025,-13.050,-23.232,0.675,-3.825,-9.076,0,0,1134,0,0.0,0.0,211.0,0.0,106.744,1344,2
45,cylinder_soft,1802,106.656,-7.649,-9.000,-11.979,-1.574,-4.500,-7.986,7.875,3.150,5.082,0.675,-2.024,-9.076,0,0,1134,0,0.0,0.0,211.0,0.0,106.744,1344,2
45,cylinder_soft,1852,106.744,-11.250,-9.450,-15.609,11.475,8.551,21.779,3.824,2.251,-3.629,21.824,18.226,25.047,0,0,1134,0,0.0,0.0,211.0,0.0,106.744,1344,2
45,cylinder_soft,1903,106.656,-9.450,-10.351,-19.238,6.975,5.400,8.713,2.475,4.950,4.355,18.675,11.024,18.514,0,0,1134,0,0.0,0.0,211.0,0.0,106.744,1344,2
45,cylinder_soft,1954,106.744,-0.450,2.700,-0.363,6.525,12.150,9.438,7.875,0.001,5.809,6.074,4.274,-1.090,0,0,1134,0,0.0,0.0,211.0,0.0,106.744,1344,2
45,cylinder_soft,2005,106.656,2.250,0.000,3.268,-0.225,0.900,1.451,8.775,5.400,13.068,25.875,22.274,30.854,0,0,1134,0,0.0,0.0,211.0,0.0,106.744,1344,2
45,cylinder_soft,2056,106.744,-6.300,-7.649,-10.527,2.926,-1.350,1.451,11.925,9.900,15.246,11.475,9.226,6.896,0,0,1134,0,0.0,0.0,211.0,0.0,106.744,1344,2
45,cylinder_soft,2107,106.744,-7.200,-8.550,-13.432,4.275,0.000,0.725,-4.275,-7.200,-13.795,12.375,11.925,7.623,0,0,1134,0,0.0,0.0,211.0,0.0,106.744,1344,2
45,cylinder_soft,2158,106.744,-0.899,-1.800,-0.363,-7.425,-4.500,-9.439,10.125,2.251,7.984,3.824,1.125,-1.090,0,1,1134,2158,0.0,0.0,211.0,209.0,106.744,1344,2
46,cylinder_soft,6,60.984,-5.701,-1.800,-3.148,-10.051,-9.600,-15.488,7.650,6.600,7.018,-10.351,-7.649,-13.795,0,0,0,0,0.0,0.0,0.0,0.0,0.000,0,0
46,cylinder_soft,57,61.512,-4.499,-6.525,-2.904,3.825,7.424,6.170,-11.925,-11.926,-24.322,-20.475,-24.301,-31.945,0,0,0,0,0.0,0.0,0.0,0.0,0.000,0,0
46,cylinder_soft,108,63.536,-2.475,-1.125,0.363,8.326,13.951,21.055,7.650,4.275,5.809,10.574,11.025,13.793,0,0,0,0,0.0,0.0,0.0,0.0,0.000,0,0
46,cylinder_soft,159,65.824,-3.600,0.675,-3.631,-8.549,-9.000,-14.883,4.725,1.350,0.363,3.824,8.326,5.809,0,0,0,0,0.0,0.0,0.0,0.0,0.000,0,0
46,cylinder_soft,210,68.728,2.925,2.700,7.262,4.275,1.125,2.178,10.576,13.050,10.891,-6.525,-8.774,-12.705,0,0,0,0,0.0,0.0,0.0,0.0,0.000,0,0
46,cylinder_soft,261,71.720,-4.949,-5.400,-7.260,9.449,3.601,15.246,-4.950,-6.750,-2.904,-3.600,-6.301,-6.533,0,0,0,0,0.0,0.0,0.0,0.0,0.000,0,0
46,cylinder_soft,313,74.624,-3.826,-8.101,-13.432,-11.700,-12.375,-17.787,23.625,21.150,33.396,-12.824,-6.075,-15.609,0,0,0,0,0.0,0.0,0.0,0.0,0.000,0,0
46,cylinder_soft,364,77.616,-1.799,-4.050,-9.438,0.451,4.500,5.084,21.601,24.301,33.396,-11.700,-7.201,-16.699,0,0,0,0,0.0,0.0,0.0,0.0,0.000,0,0
46,cylinder_soft,416,80.608,-25.426,-21.376,-45.375,8.100,8.551,12.705,-12.601,-10.125,-21.779,-3.601,-5.176,-8.711,0,0,0,0,0.0,0.0,0.0,0.0,0.000,0,0
46,cylinder_soft,467,83.688,-23.400,-25.199,-45.738,0.000,9.899,9.438,12.150,9.449,13.793,-8.551,-9.900,-19.602,0,0,0,0,0.0,0.0,0.0,0.0,0.000,0,0
46,cylinder_soft,518,86.680,-14.399,-13.950,-23.232,11.250,6.975,25.049,-13.500,-11.700,-19.602,13.726,12.825,14.156,0,0,0,0,0.0,0.0,0.0,0.0,0.000,0,0
46,cylinder_soft,570,89.672,-7.650,-8.100,-13.793,11.250,12.150,28.314,12.150,10.350,10.889,-17.101,-13.950,-24.686,0,0,0,0,0.0,0.0,0.0,0.0,0.000,0,0
46,cylinder_soft,621,92.488,-13.725,-13.949,-18.877,-15.299,-11.475,-22.869,-7.875,-8.100,-11.617,4.949,7.875,5.082,0,0,0,0,0.0,0.0,0.0,0.0,0.000,0,0
46,cylinder_soft,672,95.304,-13.049,-9.449,-19.602,20.699,13.049,27.588,-29.250,-26.550,-45.736,19.350,13.950,20.328,0,0,0,0,0.0,0.0,0.0,0.0,0.000,0,0
46,cylinder_soft,723,98.032,-2.699,-3.150,-11.617,-17.549,-16.650,-28.314,7.199,9.451,5.080,6.750,8.101,5.809,0,0,0,0,0.0,0.0,0.0,0.0,0.000,0,0
46,cylinder_soft,775,100.672,-20.700,-22.950,-33.396,-6.750,-5.625,-1.816,4.049,0.450,3.992,18.900,20.250,19.238,0,0,0,0,0.0,0.0,0.0,0.0,0.000,0,0
46,cylinder_soft,825,103.136,-31.051,-32.850,-47.189,-7.200,-6.750,-18.875,11.700,13.051,15.246,4.500,3.601,10.891,0,0,0,0,0.0,0.0,0.0,0.0,0.000,0,0
46,cylinder_soft,878,105.688,2.250,10.800,13.068,2.250,3.600,3.631,0.900,0.900,-5.809,12.600,7.200,-3.631,0,0,0,0,0.0,0.0,0.0,0.0,0.000,0,0
46,cylinder_soft,928,106.568,-4.050,-7.200,-11.979,-8.775,-10.350,-20.328,0.225,-1.350,0.000,6.074,-1.125,-1.090,0,0,0,0,0.0,0.0,0.0,0.0,0.000,0,0
46,cylinder_soft,979,106.656,-13.950,-14.851,-19.965,-13.275,-15.300,-25.410,6.074,2.251,1.451,14.625,6.976,9.801,0,0,0,0,0.0,0.0,0.0,0.0,0.000,0,0
46,cylinder_soft,1030,106.744,5.399,4.050,6.898,-6.975,-8.100,-8.713,-2.025,-5.399,-5.809,-3.825,-0.675,-11.254,0,0,0,0,0.0,0.0,0.0,0.0,0.000,0,0
46,cylinder_soft,1082,106.744,2.250,0.899,5.445,6.075,1.801,2.904,-1.125,-2.700,-8.713,19.125,18.675,25.773,0,0,0,0,0.0,0.0,0.0,0.0,0.000,0,0
46,cylinder_soft,1133,106.656,0.000,2.250,5.445,6.975,2.250,9.438,11.475,5.851,11.615,-2.475,-6.976,-14.158,1,0,1133,0,0.0,0.0,210.0,0.0,106.656,0,2
46,cylinder_soft,1191,106.656,-16.649,-22.050,-30.129,-4.725,-7.199,-8.713,13.725,11.251,25.410,8.775,1.575,0.361,0,0,1133,0,0.0,0.0,210.0,0.0,106.656,0,2
46,cylinder_soft,1242,106.656,-2.250,0.899,2.541,0.225,2.250,-0.002,2.925,2.700,-5.082,16.875,12.825,14.883,0,0,1133,0,0.0,0.0,210.0,0.0,106.656,0,2
46,cylinder_soft,1293,106.656,-0.450,-0.450,4.719,-8.775,-10.800,-14.521,5.175,-3.149,0.725,14.625,5.625,11.254,0,0,1133,0,0.0,0.0,210.0,0.0,106.656,0,2
46,cylinder_soft,1344,106.656,-11.250,-9.899,-13.432,2.926,5.400,4.355,11.475,10.800,15.246,-4.725,-7.875,-25.047,0,0,1133,0,0.0,0.0,210.0,0.0,106.656,1344,2
46,cylinder_soft,1395,106.744,-11.250,-8.101,-11.979,-8.775,-10.350,-12.342,-1.125,-3.600,-5.809,11.925,6.976,8.350,0,0,1133,0,0.0,0.0,210.0,0.0,106.656,1344,2
46,cylinder_soft,1446,106.656,-12.601,-12.601,-21.416,-6.975,-11.699,-15.248,6.975,7.650,15.246,17.324,14.625,14.883,0,0,1133,0,0.0,0.0,210.0,0.0,106.656,1344,2
46,cylinder_soft,1497,106.744,2.250,-0.450,2.541,2.926,0.450,0.725,-8.325,-12.149,-12.344,12.375,4.726,3.268,0,0,1133,0,0.0,0.0,210.0,0.0,106.656,1344,2
46,cylinder_soft,1548,106.656,11.700,5.851,16.336,6.975,4.500,10.891,6.525,3.601,3.629,15.525,11.925,16.334,0,0,1133,0,0.0,0.0,210.0,0.0,106.656,1344,2
46,cylinder_soft,1598,106.744,-6.300,-4.950,-11.254,-0.225,-1.800,-5.082,11.025,7.200,7.984,11.925,6.524,1.088,0,0,1133,0,0.0,0.0,210.0,0.0,106.656,1344,2
46,cylinder_soft,1650,106.744,-7.649,-10.351,-7.623,-2.925,-5.400,-7.260,20.025,17.101,27.588,9.225,5.625,5.445,0,0,1133,0,0.0,0.0,210.0,0.0,106.656,1344,2
46,cylinder_soft,1701,106.744,-1.351,-5.851,-4.719,-15.525,-12.150,-24.686,21.375,15.300,24.684,2.025,-6.075,-15.609,0,0,1133,0,0.0,0.0,210.0,0.0,106.656,1344,2
46,cylinder_soft,1751,106.744,-20.250,-21.601,-37.389,-3.375,-4.500,-9.439,23.625,20.700,35.574,1.574,-3.825,-17.061,0,0,1133,0,0.0,0.0,210.0,0.0,106.656,1344,2
46,cylinder_soft,1802,106.744,-4.950,-5.399,-6.896,5.625,4.950,-0.002,6.074,8.550,11.615,14.175,10.125,14.883,0,0,1133,0,0.0,0.0,210.0,0.0,106.656,1344,2
46,cylinder_soft,1854,106.656,9.450,4.500,11.254,-0.225,-0.900,-6.533,13.275,9.001,20.328,22.275,17.325,24.322,0,0,1133,0,0.0,0.0,210.0,0.0,106.656,1344,2
46,cylinder_soft,1905,106.744,6.300,7.200,14.883,-5.625,-6.300,-10.164,-10.125,-14.399,-23.959,15.074,10.575,16.334,0,0,1133,0,0.0,0.0,210.0,0.0,106.656,1344,2
46,cylinder_soft,1956,106.744,11.250,6.750,16.336,-6.525,-5.850,-9.439,9.225,9.001,11.615,-2.475,-6.976,-14.885,0,0,1133,0,0.0,0.0,210.0,0.0,106.656,1344,2
46,cylinder_soft,2007,106.744,9.899,7.200,14.883,8.325,8.100,13.066,11.025,11.700,17.422,11.025,10.125,12.705,0,0,1133,0,0.0,0.0,210.0,0.0,106.656,1344,2
46,cylinder_soft,2058,106.656,5.851,4.500,11.254,-15.074,-10.800,-21.779,5.625,4.050,6.533,-2.926,-7.875,-16.336,0,0,1133,0,0.0,0.0,210.0,0.0,106.656,1344,2
46,cylinder_soft,2109,106.656,9.899,8.550,22.145,13.275,13.950,18.150,7.875,1.800,7.260,15.525,6.976,10.527,0,0,1133,0,0.0,0.0,210.0,0.0,106.656,1344,2
46,cylinder_soft,2160,106.656,15.750,13.500,30.129,0.225,2.250,-2.904,13.725,13.501,18.148,14.625,8.774,10.527,0,1,1133,2160,0.0,0.0,210.0,210.0,106.656,1344,2
47,cylinder_soft,6,60.896,13.199,13.499,21.535,-0.150,0.300,1.936,4.050,7.500,10.648,-3.149,-3.149,-8.713,0,0,0,0,0.0,0.0,0.0,0.0,0.000,0,0
47,cylinder_soft,57,61.512,-7.649,-10.125,-15.973,4.274,4.274,10.527,-5.625,-6.975,-9.076,-15.074,-16.200,-20.330,0,0,0,0,0.0,0.0,0.0,0.0,0.000,0,0
47,cylinder_soft,109,63.536,21.825,21.375,35.211,-2.475,-4.049,-2.902,-1.350,-2.926,-7.986,9.675,11.025,13.793,0,0,0,0,0.0,0.0,0.0,0.0,0.000,0,0
47,cylinder_soft,159,65.824,-0.449,-0.675,-3.631,8.101,9.449,19.967,1.125,5.400,3.268,-3.825,-3.824,-9.438,0,0,0,0,0.0,0.0,0.0,0.0,0.000,0,0
47,cylinder_soft,210,68.816,-11.925,-13.500,-28.314,23.175,17.774,28.314,15.976,17.550,21.781,17.775,15.524,25.771,0,0,0,0,0.0,0.0,0.0,0.0,0.000,0,0
47,cylinder_soft,262,71.720,1.801,4.500,11.617,12.149,1.351,7.260,5.850,0.000,8.713,-4.500,1.799,-9.438,0,0,0,0,0.0,0.0,0.0,0.0,0.000,0,0
47,cylinder_soft,313,74.624,-11.476,-12.150,-21.418,-11.250,-17.774,-24.320,-14.175,-17.100,-21.055,8.325,9.675,14.156,0,0,0,0,0.0,0.0,0.0,0.0,0.000,0,0
47,cylinder_soft,365,77.704,-10.350,-13.050,-23.957,-2.699,0.899,-5.809,14.400,13.500,22.508,-17.550,-12.601,-21.055,0,0,0,0,0.0,0.0,0.0,0.0,0.000,0,0
47,cylinder_soft,416,80.608,-16.875,-13.275,-23.594,7.200,7.650,15.607,-1.801,-4.725,-2.902,2.250,5.625,5.082,0,0,0,0,0.0,0.0,0.0,0.0,0.000,0,0
47,cylinder_soft,467,83.688,-10.351,-14.850,-18.150,-2.250,0.899,-4.357,4.950,4.500,2.902,1.350,5.400,5.809,0,0,0,0,0.0,0.0,0.0,0.0,0.000,0,0
47,cylinder_soft,518,86.680,-19.351,-21.149,-31.219,-7.200,-8.326,-8.350,2.700,0.450,2.902,13.726,11.025,12.703,0,0,0,0,0.0,0.0,0.0,0.0,0.000,0,0
47,cylinder_soft,569,89.584,-6.300,-10.350,-12.342,0.000,2.250,7.986,-0.449,2.250,-2.180,-13.051,-15.301,-23.232,0,0,0,0,0.0,0.0,0.0,0.0,0.000,0,0
47,cylinder_soft,620,92.488,-10.574,-7.649,-11.615,-14.850,-14.625,-27.227,-0.226,-2.699,-4.355,7.650,4.726,8.713,0,0,0,0,0.0,0.0,0.0,0.0,0.000,0,0
47,cylinder_soft,672,95.216,-11.250,-11.699,-11.615,3.149,1.350,7.986,-5.400,-4.949,-18.148,0.450,-5.851,-10.164,0,0,0,0,0.0,0.0,0.0,0.0,0.000,0,0
47,cylinder_soft,723,98.032,7.201,4.949,9.438,-9.899,-12.150,-16.697,20.699,25.650,30.492,-7.650,-3.600,-19.602,0,0,0,0,0.0,0.0,0.0,0.0,0.000,0,0
47,cylinder_soft,774,100.584,1.800,-0.450,5.807,-11.700,-4.274,-9.801,0.449,1.800,-1.816,8.551,10.350,4.719,0,0,0,0,0.0,0.0,0.0,0.0,0.000,0,0
47,cylinder_soft,825,103.136,-16.426,-15.300,-27.227,9.225,11.700,22.504,-17.775,-20.024,-33.396,2.476,0.225,-7.625,0,0,0,0,0.0,0.0,0.0,0.0,0.000,0,0
47,cylinder_soft,876,105.600,-1.350,1.800,1.453,-3.600,-6.301,3.631,-9.449,-7.649,-21.055,11.699,16.200,12.340,0,0,0,0,0.0,0.0,0.0,0.0,0.000,0,0
47,cylinder_soft,927,106.568,2.250,0.450,6.172,-2.025,-2.250,-7.260,9.225,7.200,10.891,15.074,7.875,9.801,0,0,0,0,0.0,0.0,0.0,0.0,0.000,0,0
47,cylinder_soft,978,106.656,13.050,8.101,23.596,4.275,2.700,6.533,6.975,-0.899,1.451,22.275,16.875,21.416,0,0,0,0,0.0,0.0,0.0,0.0,0.000,0,0
47,cylinder_soft,1029,106.744,-10.351,-14.399,-14.156,-7.425,-7.199,-14.521,4.275,7.200,2.902,12.375,8.774,8.350,0,0,0,0,0.0,0.0,0.0,0.0,0.000,0,0
47,cylinder_soft,1079,106.656,-6.750,-6.300,-10.527,-7.875,-6.750,-10.164,3.375,4.501,5.082,0.675,-4.726,-14.885,0,0,0,0,0.0,0.0,0.0,0.0,0.000,0,0
47,cylinder_soft,1130,106.744,2.250,-6.750,-1.814,-2.475,-3.600,-9.439,6.525,3.150,1.451,15.525,9.226,9.801,1,0,1130,0,0.0,0.0,211.0,0.0,106.744,0,2
47,cylinder_soft,1188,106.744,13.500,10.800,22.145,-3.375,-3.150,-1.453,-0.225,-4.950,-5.809,15.074,9.226,12.705,0,0,1130,0,0.0,0.0,211.0,0.0,106.744,0,2
47,cylinder_soft,1239,106.744,-5.399,-6.750,1.814,2.025,-0.900,-8.713,6.975,4.050,6.533,-2.025,-3.375,-9.076,0,0,1130,0,0.0,0.0,211.0,0.0,106.744,0,2
47,cylinder_soft,1289,106.744,4.950,-0.450,6.172,6.975,-0.900,2.178,2.925,1.351,-3.629,12.375,6.976,1.088,0,0,1130,0,0.0,0.0,211.0,0.0,106.744,0,2
47,cylinder_soft,1339,106.744,-5.851,-7.649,-8.348,-9.225,-9.449,-17.424,-8.775,-8.999,-14.521,12.824,6.976,1.088,0,0,1130,0,0.0,0.0,211.0,0.0,106.744,1339,2
47,cylinder_soft,1391,106.744,-27.000,-24.300,-42.471,-6.975,-6.300,-9.439,1.125,-3.149,-2.178,17.324,12.375,17.061,0,0,1130,0,0.0,0.0,211.0,0.0,106.744,1339,2
47,cylinder_soft,1442,106.744,13.050,10.800,18.512,12.375,11.700,16.697,-8.775,-13.499,-14.521,15.975,11.476,17.061,0,0,1130,0,0.0,0.0,211.0,0.0,106.744,1339,2
47,cylinder_soft,1493,106.744,1.351,0.450,1.814,-0.675,-3.600,-6.533,7.425,4.501,8.711,8.324,0.675,4.719,0,0,1130,0,0.0,0.0,211.0,0.0,106.744,1339,2
47,cylinder_soft,1544,106.656,-4.500,-4.500,5.445,-0.225,0.450,2.904,6.525,4.501,3.629,11.025,8.325,9.076,0,0,1130,0,0.0,0.0,211.0,0.0,106.744,1339,2
47,cylinder_soft,1595,106.744,-12.601,-12.149,-19.965,8.325,5.850,10.891,-2.475,-8.550,-11.617,-2.475,-10.125,-14.885,0,0,1130,0,0.0,0.0,211.0,0.0,106.744,1339,2
47,cylinder_soft,1646,106.656,0.000,-3.149,-6.896,-11.475,-12.600,-24.686,-5.176,-5.850,-5.809,25.875,23.175,28.676,0,0,1130,0,0.0,0.0,211.0,0.0,106.744,1339,2
47,cylinder_soft,1699,106.656,-8.101,-5.851,-12.705,0.225,-5.850,-2.178,9.675,8.101,19.602,12.375,9.226,10.527,0,0,1130,0,0.0,0.0,211.0,0.0,106.744,1339,2
47,cylinder_soft,1750,106.656,3.601,0.000,0.363,2.926,-2.250,-0.727,12.824,12.150,18.875,10.125,5.625,4.719,0,0,1130,0,0.0,0.0,211.0,0.0,106.744,1339,2
47,cylinder_soft,1800,106.656,2.250,-2.700,6.172,-0.675,-0.449,1.451,4.725,1.800,5.809,27.225,23.625,34.484,0,0,1130,0,0.0,0.0,211.0,0.0,106.744,1339,2
47,cylinder_soft,1852,106.744,-13.500,-13.950,-22.143,-3.824,-8.100,-10.164,13.275,9.450,13.793,-3.375,-6.976,-14.158,0,0,1130,0,0.0,0.0,211.0,0.0,106.744,1339,2
47,cylinder_soft,1903,106.656,0.450,0.000,6.898,20.926,18.000,26.137,15.074,11.251,21.779,11.475,9.675,5.445,0,0,1130,0,0.0,0.0,211.0,0.0,106.744,1339,2
47,cylinder_soft,1954,106.744,18.450,16.649,31.582,-12.824,-13.500,-23.959,13.725,9.900,15.246,9.225,4.726,-3.992,0,0,1130,0,0.0,0.0,211.0,0.0,106.744,1339,2
47,cylinder_soft,2004,106.656,-9.899,-10.800,-16.334,-3.375,-4.500,-5.082,12.824,6.300,5.082,21.824,20.024,22.869,0,0,1130,0,0.0,0.0,211.0,0.0,106.744,1339,2
47,cylinder_soft,2055,106.744,-2.700,-4.950,-1.088,-7.875,-2.699,-7.260,1.125,2.251,0.000,9.675,9.675,6.170,0,0,1130,0,0.0,0.0,211.0,0.0,106.744,1339,2
47,cylinder_soft,2105,106.656,-4.500,-3.149,-3.266,-7.875,-5.850,-11.615,-1.125,-3.600,-3.629,14.175,10.125,10.527,0,0,1130,0,0.0,0.0,211.0,0.0,106.744,1339,2
47,cylinder_soft,2156,106.744,-17.550,-19.800,-27.951,23.176,19.801,36.299,8.324,6.751,13.068,-2.475,-2.476,-14.158,0,1,1130,2156,0.0,0.0,211.0,210.0,106.744,1339,2
48,cylinder_soft,6,60.984,20.399,20.700,33.879,3.000,-1.500,-1.693,-9.000,-12.301,-13.311,-12.149,-4.950,-11.615,0,0,0,0,0.0,0.0,0.0,0.0,0.000,0,0
48,cylinder_soft,57,61.512,-22.950,-24.074,-31.945,-7.875,-2.926,-5.445,8.325,11.475,11.979,-3.375,-2.700,-2.178,0,0,0,0,0.0,0.0,0.0,0.0,0.000,0,0
48,cylinder_soft,108,63.536,15.075,11.024,19.238,6.076,10.801,23.959,-12.600,-12.375,-23.957,0.675,3.825,0.000,0,0,0,0,0.0,0.0,0.0,0.0,0.000,0,0
48,cylinder_soft,159,65.824,-6.750,-6.525,-10.166,0.000,0.000,1.814,-0.226,4.950,7.625,13.275,16.875,21.055,0,0,0,0,0.0,0.0,0.0,0.0,0.000,0,0
48,cylinder_soft,210,68.816,-0.675,-0.449,2.178,8.775,1.575,10.891,1.576,4.499,0.727,15.525,12.825,25.771,0,0,0,0,0.0,0.0,0.0,0.0,0.000,0,0
48,cylinder_soft,261,71.632,-3.149,-0.449,6.535,9.449,6.750,12.340,3.150,-1.350,1.453,3.600,-0.451,-1.453,0,0,0,0,0.0,0.0,0.0,0.0,0.000,0,0
48,cylinder_soft,312,74.536,-12.826,-18.451,-25.047,-3.149,0.226,-7.623,10.575,6.750,5.809,18.676,16.425,23.594,0,0,0,0,0.0,0.0,0.0,0.0,0.000,0,0
48,cylinder_soft,363,77.616,13.951,12.600,19.602,-1.350,-2.701,0.727,15.750,15.301,26.863,-7.200,-9.000,-11.617,0,0,0,0,0.0,0.0,0.0,0.0,0.000,0,0
48,cylinder_soft,415,80.608,-24.075,-22.275,-37.389,-0.900,-1.350,-1.814,8.549,9.676,15.973,23.399,31.274,40.658,0,0,0,0,0.0,0.0,0.0,0.0,0.000,0,0
48,cylinder_soft,465,83.600,-9.451,-4.050,-14.520,-11.250,-7.200,-13.795,13.950,10.350,18.148,11.699,14.400,16.699,0,0,0,0,0.0,0.0,0.0,0.0,0.000,0,0
48,cylinder_soft,516,86.592,-6.750,-5.851,-7.986,-1.800,-4.726,-3.992,18.900,20.700,34.121,-2.024,2.475,-1.090,0,0,0,0,0.0,0.0,0.0,0.0,0.000,0,0
48,cylinder_soft,567,89.496,-14.850,-19.799,-28.312,-0.450,-0.900,5.082,10.801,11.250,25.408,-18.900,-16.650,-27.590,0,0,0,0,0.0,0.0,0.0,0.0,0.000,0,0
48,cylinder_soft,618,92.312,24.525,22.951,43.559,-28.799,-24.975,-45.375,-5.175,-6.299,-5.809,9.449,11.024,11.615,0,0,0,0,0.0,0.0,0.0,0.0,0.000,0,0
48,cylinder_soft,669,95.128,7.201,7.650,15.246,8.326,10.350,16.336,-4.274,-0.450,-3.996,10.801,12.375,11.615,0,0,0,0,0.0,0.0,0.0,0.0,0.000,0,0
48,cylinder_soft,720,97.856,13.951,11.699,15.246,-28.799,-27.900,-37.752,-1.351,-3.600,-7.260,-8.551,-10.799,-18.150,0,0,0,0,0.0,0.0,0.0,0.0,0.000,0,0
48,cylinder_soft,771,100.496,-14.851,-14.851,-16.699,-0.450,1.125,-3.268,8.100,2.700,0.363,25.650,20.250,25.773,0,0,0,0,0.0,0.0,0.0,0.0,0.000,0,0
48,cylinder_soft,823,103.048,-21.825,-20.700,-42.473,-3.826,-9.000,-11.617,2.025,-1.125,-2.904,-3.825,-2.925,-11.254,0,0,0,0,0.0,0.0,0.0,0.0,0.000,0,0
48,cylinder_soft,874,105.600,4.500,10.351,13.795,4.500,2.699,10.166,-0.449,-1.350,-7.260,-18.450,-15.300,-41.383,0,0,0,0,0.0,0.0,0.0,0.0,0.000,0,0
48,cylinder_soft,925,106.568,0.450,0.000,5.445,-12.375,-17.100,-21.053,9.225,2.700,2.176,4.725,3.825,0.361,0,0,0,0,0.0,0.0,0.0,0.0,0.000,0,0
48,cylinder_soft,975,106.744,5.399,4.050,9.074,-6.525,-9.000,-8.713,-1.575,1.351,-0.727,16.875,9.675,14.883,0,0,0,0,0.0,0.0,0.0,0.0,0.000,0,0
48,cylinder_soft,1026,106.744,-15.300,-19.351,-22.869,-6.525,-4.050,-12.342,10.125,8.550,11.615,4.275,-1.125,-2.541,0,0,0,0,0.0,0.0,0.0,0.0,0.000,0,0
48,cylinder_soft,1077,106.744,-0.899,-5.851,-3.266,0.676,0.900,6.533,-15.975,-18.450,-29.041,28.125,24.075,32.307,0,0,0,0,0.0,0.0,0.0,0.0,0.000,0,0
48,cylinder_soft,1128,106.744,4.950,-1.800,7.623,1.125,-0.900,-5.082,14.175,13.950,21.779,17.324,16.425,14.156,1,0,1128,0,0.0,0.0,209.0,0.0,106.744,0,2
48,cylinder_soft,1186,106.744,3.601,-1.800,3.268,-5.625,-5.400,-6.533,1.574,-4.950,-5.809,15.074,6.976,11.979,0,0,1128,0,0.0,0.0,209.0,0.0,106.744,0,2
48,cylinder_soft,1237,106.744,-11.700,-18.450,-19.965,-4.725,-8.550,-13.068,9.225,6.751,14.520,17.775,13.274,16.334,0,0,1128,0,0.0,0.0,209.0,0.0,106.744,0,2
48,cylinder_soft,1288,106.744,2.250,-0.899,6.172,14.176,11.250,20.328,8.775,9.900,10.891,13.275,6.524,3.268,0,0,1128,0,0.0,0.0,209.0,0.0,106.744,0,2
48,cylinder_soft,1338,106.744,0.450,-0.899,-1.088,-1.125,-4.949,-10.164,5.625,3.601,8.711,-0.676,-2.925,-11.979,0,0,1128,0,0.0,0.0,209.0,0.0,106.744,1338,2
48,cylinder_soft,1390,106.744,-2.250,0.000,2.541,-7.425,-7.650,-10.164,-5.176,-6.749,-7.262,6.074,-3.375,-3.992,0,0,1128,0,0.0,0.0,209.0,0.0,106.744,1338,2
48,cylinder_soft,1441,106.744,-9.899,-8.101,-12.705,-8.324,-4.949,-9.439,9.675,4.950,10.891,20.925,15.976,21.416,0,0,1128,0,0.0,0.0,209.0,0.0,106.744,1338,2
48,cylinder_soft,1491,106.744,-5.851,-9.000,-12.705,-13.275,-16.199,-23.959,20.475,21.150,25.410,0.225,-6.524,-8.350,0,0,1128,0,0.0,0.0,209.0,0.0,106.744,1338,2
48,cylinder_soft,1542,106.744,-13.950,-15.300,-20.691,17.775,17.551,30.490,-0.676,-1.800,-3.629,19.574,10.575,19.965,0,0,1128,0,0.0,0.0,209.0,0.0,106.744,1338,2
48,cylinder_soft,1593,106.744,-7.649,-9.899,-9.801,-9.225,-10.800,-18.150,6.975,8.101,13.068,13.725,5.625,6.170,0,0,1128,0,0.0,0.0,209.0,0.0,106.744,1338,2
48,cylinder_soft,1644,106.744,9.000,3.149,11.980,-7.875,-4.500,-15.973,-5.176,-6.300,-15.246,18.675,11.925,22.869,0,0,1128,0,0.0,0.0,209.0,0.0,106.744,1338,2
48,cylinder_soft,1695,106.744,-21.149,-22.500,-27.951,-9.225,-9.900,-17.424,19.125,15.751,24.684,2.025,-2.476,-7.623,0,0,1128,0,0.0,0.0,209.0,0.0,106.744,1338,2
48,cylinder_soft,1746,106.744,-0.899,-3.601,-1.814,8.325,6.750,15.971,-1.575,-4.499,-2.904,20.025,16.875,21.416,0,0,1128,0,0.0,0.0,209.0,0.0,106.744,1338,2
48,cylinder_soft,1798,106.744,-2.250,-2.700,-3.992,-12.375,-13.500,-18.877,16.875,16.200,22.506,14.625,9.226,13.430,0,0,1128,0,0.0,0.0,209.0,0.0,106.744,1338,2
48,cylinder_soft,1849,106.744,0.450,0.450,1.814,6.525,2.700,2.904,11.025,4.501,10.891,31.275,20.925,35.938,0,0,1128,0,0.0,0.0,209.0,0.0,106.744,1338,2
48,cylinder_soft,1900,106.744,3.149,1.351,7.623,-2.025,-6.300,-2.178,19.574,16.650,24.684,8.775,7.425,10.527,0,0,1128,0,0.0,0.0,209.0,0.0,106.744,1338,2
48,cylinder_soft,1952,106.744,-0.450,-2.700,2.541,5.176,3.150,8.713,8.775,9.450,5.809,-4.725,-8.774,-19.238,0,0,1128,0,0.0,0.0,209.0,0.0,106.744,1338,2
48,cylinder_soft,2003,106.744,6.750,8.101,14.883,0.676,0.000,-0.727,-7.426,-9.450,-4.355,-11.025,-15.976,-28.678,0,0,1128,0,0.0,0.0,209.0,0.0,106.744,1338,2
48,cylinder_soft,2054,106.744,-11.250,-9.450,-18.512,24.525,22.500,32.670,8.324,7.650,13.068,-10.125,-15.976,-23.596,0,0,1128,0,0.0,0.0,209.0,0.0,106.744,1338,2
48,cylinder_soft,2105,106.744,1.800,-0.450,0.363,13.275,12.600,18.150,8.324,8.550,10.891,-3.375,-8.325,-17.787,0,0,1128,0,0.0,0.0,209.0,0.0,106.744,1338,2
48,cylinder_soft,2156,106.744,-7.649,-8.550,-10.527,-13.275,-14.850,-22.506,29.025,23.851,44.285,15.525,9.226,9.076,0,1,1128,2156,0.0,0.0,209.0,208.0,106.744,1338,2
49,cylinder_soft,5,60.984,21.299,20.700,35.330,-1.950,-4.200,-6.051,16.199,16.949,21.539,8.550,11.250,15.246,0,0,0,0,0.0,0.0,0.0,0.0,0.000,0,0
49,cylinder_soft,63,61.688,-0.899,0.676,0.727,7.425,9.225,16.334,-6.524,-3.825,-11.980,-19.574,-19.350,-32.670,0,0,0,0,0.0,0.0,0.0,0.0,0.000,0,0
49,cylinder_soft,113,63.800,-11.475,-11.476,-21.416,14.176,17.551,26.137,-3.150,-7.426,-12.342,14.175,16.875,16.699,0,0,0,0,0.0,0.0,0.0,0.0,0.000,0,0
49,cylinder_soft,165,66.176,-12.601,-14.850,-23.232,4.949,2.250,6.533,16.650,20.250,34.850,-13.500,-10.350,-18.150,0,0,0,0,0.0,0.0,0.0,0.0,0.000,0,0
49,cylinder_soft,216,69.168,-12.150,-4.050,-1.451,-2.250,-1.350,-5.809,6.750,11.250,13.068,24.750,24.750,34.121,0,0,0,0,0.0,0.0,0.0,0.0,0.000,0,0
49,cylinder_soft,266,71.984,-6.750,3.600,5.084,3.600,-0.899,-2.180,0.000,-4.051,-3.631,13.050,12.600,17.424,0,0,0,0,0.0,0.0,0.0,0.0,0.000,0,0
49,cylinder_soft,318,74.976,-11.926,-14.400,-24.322,-21.149,-24.075,-31.580,3.825,3.600,5.082,-9.225,-3.825,-15.609,0,0,0,0,0.0,0.0,0.0,0.0,0.000,0,0
49,cylinder_soft,370,77.968,-11.250,-12.150,-21.055,-3.600,-2.701,-6.533,10.801,11.700,10.164,4.050,5.399,11.615,0,0,0,0,0.0,0.0,0.0,0.0,0.000,0,0
49,cylinder_soft,421,80.960,-24.975,-12.825,-31.580,17.100,20.250,27.951,4.949,7.426,7.260,17.101,21.375,34.850,0,0,0,0,0.0,0.0,0.0,0.0,0.000,0,0
49,cylinder_soft,472,84.040,-18.900,-21.150,-30.492,1.799,3.601,0.725,-0.449,-1.801,-4.357,6.299,7.200,10.164,0,0,0,0,0.0,0.0,0.0,0.0,0.000,0,0
49,cylinder_soft,522,86.944,-2.700,0.000,-1.453,-7.200,-6.976,-3.992,-1.350,1.800,0.725,20.025,23.625,29.402,0,0,0,0,0.0,0.0,0.0,0.0,0.000,0,0
49,cylinder_soft,574,89.848,-2.250,-3.149,10.164,8.550,7.650,16.699,18.900,14.850,25.408,-15.750,-18.450,-26.863,0,0,0,0,0.0,0.0,0.0,0.0,0.000,0,0
49,cylinder_soft,625,92.752,-18.674,-20.250,-32.670,-23.399,-20.025,-37.391,4.726,1.351,5.807,0.900,-0.226,0.727,0,0,0,0,0.0,0.0,0.0,0.0,0.000,0,0
49,cylinder_soft,675,95.480,-11.250,-9.900,-18.875,13.049,7.199,15.246,-22.051,-18.000,-39.930,0.450,-2.250,-7.260,0,0,0,0,0.0,0.0,0.0,0.0,0.000,0,0
49,cylinder_soft,726,98.296,2.476,2.025,7.262,-2.250,-2.925,1.090,8.326,8.324,4.357,9.675,9.900,9.801,0,0,0,0,0.0,0.0,0.0,0.0,0.000,0,0
49,cylinder_soft,777,100.760,-6.300,-0.450,-0.002,-6.750,-2.476,-8.350,5.850,1.351,-1.090,10.801,8.550,6.898,0,0,0,0,0.0,0.0,0.0,0.0,0.000,0,0
49,cylinder_soft,828,103.400,-4.500,-6.750,-7.258,-11.700,-6.750,-20.328,0.450,2.700,-2.904,22.500,20.250,23.232,0,0,0,0,0.0,0.0,0.0,0.0,0.000,0,0
49,cylinder_soft,880,105.864,-9.000,-1.351,-2.178,4.951,7.199,11.617,-1.799,-4.500,-14.521,-6.750,-6.750,-25.410,0,0,0,0,0.0,0.0,0.0,0.0,0.000,0,0
49,cylinder_soft,931,106.656,-7.649,-5.851,-11.254,9.676,6.750,15.971,0.675,0.900,-1.453,4.275,-1.125,-7.623,0,0,0,0,0.0,0.0,0.0,0.0,0.000,0,0
49,cylinder_soft,984,106.744,-11.700,-16.649,-25.047,-1.125,-1.800,-3.631,2.475,2.700,3.629,15.074,8.774,11.254,0,0,0,0,0.0,0.0,0.0,0.0,0.000,0,0
49,cylinder_soft,1035,106.744,-15.750,-17.101,-25.773,-7.875,-8.100,-13.068,-1.575,-0.450,-2.178,2.475,-2.925,-7.623,0,0,0,0,0.0,0.0,0.0,0.0,0.000,0,0
49,cylinder_soft,1086,106.744,-1.800,-0.899,-1.088,-2.025,2.700,5.807,4.725,4.050,11.615,25.875,23.625,26.498,0,0,0,0,0.0,0.0,0.0,0.0,0.000,0,0
49,cylinder_soft,1137,106.744,-10.800,-14.399,-18.512,-5.175,-2.250,-1.453,10.574,8.101,9.438,6.975,0.226,1.814,1,0,1137,0,0.0,0.0,209.0,0.0,106.744,0,2
49,cylinder_soft,1195,106.744,-13.950,-16.200,-28.678,4.275,3.150,3.629,1.125,-2.249,-5.082,16.875,13.726,16.334,0,0,1137,0,0.0,0.0,209.0,0.0,106.744,0,2
49,cylinder_soft,1245,106.744,0.899,-2.250,3.268,-6.975,-7.199,-13.068,-9.225,-8.999,-23.232,-4.275,-10.125,-19.238,0,0,1137,0,0.0,0.0,209.0,0.0,106.744,0,2
49,cylinder_soft,1296,106.744,-13.950,-18.899,-27.951,-7.875,-5.850,-12.342,8.324,10.351,11.615,-0.676,-3.375,-5.445,0,0,1137,0,0.0,0.0,209.0,0.0,106.744,0,2
49,cylinder_soft,1348,106.744,-1.800,-9.450,-9.074,13.275,8.100,21.053,7.425,2.700,7.260,9.675,6.524,6.170,0,0,1137,0,0.0,0.0,209.0,0.0,106.744,1348,2
49,cylinder_soft,1399,106.744,-11.250,-9.450,-17.785,5.625,9.000,10.891,-4.725,-1.350,-5.809,-1.125,-3.375,-9.076,0,0,1137,0,0.0,0.0,209.0,0.0,106.744,1348,2
49,cylinder_soft,1450,106.744,-1.800,-6.300,-0.363,2.025,2.700,5.807,14.175,5.851,11.615,11.925,6.976,5.445,0,0,1137,0,0.0,0.0,209.0,0.0,106.744,1348,2
49,cylinder_soft,1501,106.744,-8.550,-11.700,-15.609,-0.675,-6.300,-1.453,9.675,7.650,18.148,-0.225,-4.274,-5.445,0,0,1137,0,0.0,0.0,209.0,0.0,106.744,1348,2
49,cylinder_soft,1552,106.744,-10.351,-10.800,-17.785,-7.425,-7.650,-7.986,7.875,3.601,7.984,34.425,27.675,43.922,0,0,1137,0,0.0,0.0,209.0,0.0,106.744,1348,2
49,cylinder_soft,1604,106.744,-1.800,-4.050,-1.814,-1.574,-2.699,-4.355,-13.275,-10.350,-21.781,19.574,14.175,17.787,0,0,1137,0,0.0,0.0,209.0,0.0,106.744,1348,2
49,cylinder_soft,1655,106.744,-13.500,-13.050,-23.594,1.575,0.900,4.355,3.824,3.601,5.809,21.824,15.524,22.143,0,0,1137,0,0.0,0.0,209.0,0.0,106.744,1348,2
49,cylinder_soft,1706,106.744,-0.450,0.450,1.814,-6.074,-5.400,-15.248,11.925,10.351,13.793,24.074,22.726,26.498,0,0,1137,0,0.0,0.0,209.0,0.0,106.744,1348,2
49,cylinder_soft,1757,106.744,-4.950,-5.851,-12.705,-0.225,1.350,-2.904,6.975,7.650,5.082,19.574,14.175,21.416,0,0,1137,0,0.0,0.0,209.0,0.0,106.744,1348,2
49,cylinder_soft,1808,106.744,6.750,4.500,17.061,2.926,1.350,2.904,13.725,11.251,16.697,9.675,5.175,9.076,0,0,1137,0,0.0,0.0,209.0,0.0,106.744,1348,2
49,cylinder_soft,1859,106.744,-2.250,-1.351,-0.363,-3.375,-5.850,-10.164,7.425,2.700,9.438,10.574,8.774,4.719,0,0,1137,0,0.0,0.0,209.0,0.0,106.744,1348,2
49,cylinder_soft,1910,106.744,-9.899,-7.649,-9.074,6.075,4.051,5.082,22.275,17.550,27.588,26.775,22.726,29.402,0,0,1137,0,0.0,0.0,209.0,0.0,106.744,1348,2
49,cylinder_soft,1962,106.744,-7.649,-7.649,-9.801,7.426,6.750,13.066,-2.025,-5.850,-9.438,28.125,26.774,35.938,0,0,1137,0,0.0,0.0,209.0,0.0,106.744,1348,2
49,cylinder_soft,2013,106.744,10.351,11.250,19.238,3.375,2.700,1.451,13.275,13.950,18.875,24.525,19.125,25.773,0,0,1137,0,0.0,0.0,209.0,0.0,106.744,1348,2
49,cylinder_soft,2065,106.744,-5.399,-5.851,-9.801,-6.074,-5.850,-7.986,6.074,2.700,7.984,21.375,20.024,21.416,0,0,1137,0,0.0,0.0,209.0,0.0,106.744,1348,2
49,cylinder_soft,2116,106.744,-10.800,-15.300,-22.869,-7.875,-7.650,-5.809,14.625,12.601,19.602,19.125,18.675,17.061,0,0,1137,0,0.0,0.0,209.0,0.0,106.744,1348,2
49,cylinder_soft,2167,106.744,0.000,-3.601,1.814,20.926,19.801,31.217,12.375,9.450,14.520,2.475,-3.375,-11.979,0,1,1137,2167,0.0,0.0,209.0,209.0,106.744,1348,2
50,cylinder_soft,6,60.984,7.799,9.899,15.004,-6.450,-7.801,-11.859,3.150,0.300,-0.969,11.700,10.800,16.697,0,0,0,0,0.0,0.0,0.0,0.0,0.000,0,0
50,cylinder_soft,57,61.512,-16.649,-18.675,-29.041,9.226,9.225,14.156,-0.226,4.725,-0.363,-2.925,-2.700,-0.727,0,0,0,0,0.0,0.0,0.0,0.0,0.000,0,0
50,cylinder_soft,107,63.448,7.425,8.774,10.527,10.576,12.601,21.055,-12.600,-10.125,-18.148,9.225,5.176,12.342,0,0,0,0,0.0,0.0,0.0,0.0,0.000,0,0
50,cylinder_soft,158,65.824,-5.850,-4.726,-9.439,-5.850,-3.150,-3.268,21.824,21.600,35.211,24.074,28.125,37.027,0,0,0,0,0.0,0.0,0.0,0.0,0.000,0,0
50,cylinder_soft,209,68.728,0.226,-3.600,-2.904,11.025,5.175,13.068,8.326,7.649,5.082,30.825,32.175,46.826,0,0,0,0,0.0,0.0,0.0,0.0,0.000,0,0
50,cylinder_soft,260,71.632,-14.399,-14.400,-21.779,4.949,2.250,5.809,-2.250,-10.350,-1.453,8.100,6.299,3.631,0,0,0,0,0.0,0.0,0.0,0.0,0.000,0,0
50,cylinder_soft,312,74.536,-8.775,-9.000,-17.061,-20.700,-22.274,-38.115,3.375,3.600,4.357,-11.925,-6.975,-18.514,0,0,0,0,0.0,0.0,0.0,0.0,0.000,0,0
50,cylinder_soft,362,77.528,3.601,5.400,-1.453,-0.449,5.399,5.809,16.650,12.150,20.328,-0.899,0.449,-2.180,0,0,0,0,0.0,0.0,0.0,0.0,0.000,0,0
50,cylinder_soft,413,80.520,-33.075,-29.476,-51.908,10.801,12.600,18.514,8.549,9.676,10.164,12.149,10.125,13.795,0,0,0,0,0.0,0.0,0.0,0.0,0.000,0,0
50,cylinder_soft,465,83.600,-7.650,-5.400,-13.066,10.350,16.200,24.684,-14.850,-17.100,-26.863,-1.351,-0.449,-3.629,0,0,0,0,0.0,0.0,0.0,0.0,0.000,0,0
50,cylinder_soft,516,86.592,-10.351,-11.250,-18.877,5.399,3.824,9.076,4.051,0.899,3.629,18.226,19.125,28.676,0,0,0,0,0.0,0.0,0.0,0.0,0.000,0,0
50,cylinder_soft,567,89.496,1.801,-1.350,4.355,8.101,5.850,18.877,11.250,8.550,10.162,-13.500,-10.801,-13.068,0,0,0,0,0.0,0.0,0.0,0.0,0.000,0,0
50,cylinder_soft,618,92.400,-5.625,0.000,-6.535,-19.799,-20.475,-35.211,-12.375,-17.549,-24.686,2.250,2.476,4.355,0,0,0,0,0.0,0.0,0.0,0.0,0.000,0,0
50,cylinder_soft,670,95.128,9.451,11.250,17.424,-8.324,-4.949,-11.979,-11.024,-4.050,-11.980,13.051,12.826,13.793,0,0,0,0,0.0,0.0,0.0,0.0,0.000,0,0
50,cylinder_soft,721,98.032,22.951,21.150,37.027,-28.799,-27.000,-47.189,10.350,10.351,15.246,-25.201,-25.199,-44.287,0,0,0,0,0.0,0.0,0.0,0.0,0.000,0,0
50,cylinder_soft,772,100.496,-16.200,-20.250,-23.234,-10.351,-9.675,-11.980,-12.601,-18.450,-21.416,30.600,26.100,30.129,0,0,0,0,0.0,0.0,0.0,0.0,0.000,0,0
50,cylinder_soft,823,103.048,-18.225,-16.200,-31.582,-9.226,-7.650,-17.426,-3.375,-2.024,-13.068,12.825,10.575,7.621,0,0,0,0,0.0,0.0,0.0,0.0,0.000,0,0
50,cylinder_soft,873,105.600,11.250,21.149,32.672,12.601,12.600,28.314,-6.299,-8.549,-21.781,-0.900,0.900,-12.344,0,0,0,0,0.0,0.0,0.0,0.0,0.000,0,0
50,cylinder_soft,923,106.568,-4.950,-5.851,-8.348,-8.775,-8.550,-20.328,-13.275,-13.050,-18.875,24.074,22.726,30.129,0,0,0,0,0.0,0.0,0.0,0.0,0.000,0,0
50,cylinder_soft,974,106.744,-8.101,-5.399,-9.801,1.125,4.950,4.355,-4.275,-8.550,-14.521,6.525,3.825,-1.816,0,0,0,0,0.0,0.0,0.0,0.0,0.000,0,0
50,cylinder_soft,1026,106.744,5.399,7.649,9.801,-14.175,-17.100,-22.506,3.824,3.601,6.533,22.725,23.625,30.129,0,0,0,0,0.0,0.0,0.0,0.0,0.000,0,0
50,cylinder_soft,1077,106.744,-4.500,-4.950,-3.992,-2.925,-1.800,-2.178,10.574,9.450,10.164,0.675,-5.175,-6.170,0,0,0,0,0.0,0.0,0.0,0.0,0.000,0,0
50,cylinder_soft,1128,106.744,-4.050,-3.601,-1.814,-6.975,-4.500,-11.615,4.725,0.001,5.809,-1.125,-0.675,-13.432,1,0,1128,0,0.0,0.0,210.0,0.0,106.744,0,2
50,cylinder_soft,1186,106.744,-9.450,-10.351,-14.156,2.926,2.700,0.725,11.025,7.200,11.615,11.925,7.425,3.992,0,0,1128,0,0.0,0.0,210.0,0.0,106.744,0,2
50,cylinder_soft,1236,106.744,-18.450,-20.250,-25.773,1.575,5.850,4.355,6.975,2.251,6.533,15.525,11.925,14.156,0,0,1128,0,0.0,0.0,210.0,0.0,106.744,0,2
50,cylinder_soft,1287,106.744,-5.851,-4.050,-9.801,-0.225,-3.150,-5.082,13.725,13.950,17.422,23.625,18.675,27.951,0,0,1128,0,0.0,0.0,210.0,0.0,106.744,0,2
50,cylinder_soft,1338,106.744,-11.250,-13.050,-11.979,3.375,-2.250,-2.904,-1.575,-0.899,-2.178,-2.475,-5.175,-9.801,0,0,1128,0,0.0,0.0,210.0,0.0,106.744,1338,2
50,cylinder_soft,1389,106.744,12.601,9.000,27.227,-6.074,-4.500,-10.164,6.074,4.501,7.260,9.675,7.425,9.076,0,0,1128,0,0.0,0.0,210.0,0.0,106.744,1338,2
50,cylinder_soft,1439,106.744,2.700,2.700,1.090,0.676,0.450,4.355,13.725,11.251,15.246,29.475,21.375,30.854,0,0,1128,0,0.0,0.0,210.0,0.0,106.744,1338,2
50,cylinder_soft,1489,106.744,2.700,2.250,3.268,3.375,4.051,1.451,2.475,0.900,1.451,7.875,2.476,-1.090,0,0,1128,0,0.0,0.0,210.0,0.0,106.744,1338,2
50,cylinder_soft,1540,106.744,21.149,18.000,38.115,-10.574,-8.550,-18.877,3.375,0.900,-1.453,2.475,-4.274,-10.527,0,0,1128,0,0.0,0.0,210.0,0.0,106.744,1338,2
50,cylinder_soft,1591,106.744,-12.149,-11.250,-13.432,-1.125,-3.150,-7.260,5.175,-1.350,0.000,6.525,3.825,-0.363,0,0,1128,0,0.0,0.0,210.0,0.0,106.744,1338,2
50,cylinder_soft,1643,106.744,-4.500,-0.450,-1.088,6.075,3.600,2.178,10.125,7.650,10.891,2.475,-1.125,-14.158,0,0,1128,0,0.0,0.0,210.0,0.0,106.744,1338,2
50,cylinder_soft,1693,106.744,-6.750,-5.851,-3.992,-8.775,-11.699,-20.328,14.175,11.251,25.410,22.275,18.226,24.322,0,0,1128,0,0.0,0.0,210.0,0.0,106.744,1338,2
50,cylinder_soft,1744,106.744,-0.450,-1.800,-2.539,-18.675,-15.750,-26.861,2.475,-1.350,0.725,24.975,20.476,30.854,0,0,1128,0,0.0,0.0,210.0,0.0,106.744,1338,2
50,cylinder_soft,1795,106.744,-11.250,-14.851,-20.691,-1.574,3.600,2.178,3.375,-2.249,-2.178,-14.625,-16.425,-26.498,0,0,1128,0,0.0,0.0,210.0,0.0,106.744,1338,2
50,cylinder_soft,1846,106.744,10.351,10.800,21.418,1.125,-1.350,2.178,6.525,8.550,13.793,16.425,16.425,16.334,0,0,1128,0,0.0,0.0,210.0,0.0,106.744,1338,2
50,cylinder_soft,1897,106.744,-5.399,-6.750,-9.074,-12.375,-14.850,-22.506,12.824,14.851,18.148,16.425,9.675,12.705,0,0,1128,0,0.0,0.0,210.0,0.0,106.744,1338,2
50,cylinder_soft,1948,106.744,-2.700,-2.700,-1.814,-4.725,-2.699,-7.986,13.725,12.601,12.342,19.574,17.325,24.322,0,0,1128,0,0.0,0.0,210.0,0.0,106.744,1338,2
50,cylinder_soft,1999,106.744,-10.351,-11.250,-17.785,-10.125,-9.900,-21.053,10.574,6.300,14.520,4.725,-0.675,2.541,0,0,1128,0,0.0,0.0,210.0,0.0,106.744,1338,2
50,cylinder_soft,2050,106.744,5.851,8.550,17.787,2.926,2.700,4.355,24.975,22.050,35.574,24.074,22.726,25.773,0,0,1128,0,0.0,0.0,210.0,0.0,106.744,1338,2
50,cylinder_soft,2101,106.744,2.700,-1.800,-3.266,-4.725,-4.500,-1.453,-10.575,-9.899,-23.232,16.875,9.675,9.801,0,0,1128,0,0.0,0.0,210.0,0.0,106.744,1338,2
50,cylinder_soft,2151,106.744,-4.050,-4.950,-2.539,-2.925,-2.250,-9.439,-4.725,-10.800,-7.262,19.125,17.774,17.061,0,1,1128,2151,0.0,0.0,210.0,208.0,106.744,1338,2
51,cylinder_soft,6,60.984,13.199,17.999,21.535,-6.900,-4.650,-8.955,8.550,7.949,12.826,8.101,12.149,11.617,0,0,0,0,0.0,0.0,0.0,0.0,0.000,0,0
51,cylinder_soft,57,61.512,-3.600,-5.175,-5.082,6.075,5.625,11.252,-7.875,-6.075,-16.336,7.875,7.199,13.793,0,0,0,0,0.0,0.0,0.0,0.0,0.000,0,0
51,cylinder_soft,107,63.448,2.025,2.476,-6.170,-1.574,-3.149,-13.068,-10.800,-6.975,-21.055,2.925,5.625,5.082,0,0,0,0,0.0,0.0,0.0,0.0,0.000,0,0
51,cylinder_soft,158,65.736,-12.150,-8.325,-12.344,-8.100,-10.801,-9.074,15.524,15.301,16.336,25.875,27.226,37.754,0,0,0,0,0.0,0.0,0.0,0.0,0.000,0,0
51,cylinder_soft,209,68.728,-8.774,-8.100,-18.150,18.226,16.875,23.959,11.476,12.149,14.521,10.125,10.575,19.238,0,0,0,0,0.0,0.0,0.0,0.0,0.000,0,0
51,cylinder_soft,260,71.632,18.451,22.950,47.191,10.350,4.951,13.793,9.900,2.250,10.891,-3.150,-4.051,-7.984,0,0,0,0,0.0,0.0,0.0,0.0,0.000,0,0
51,cylinder_soft,310,74.448,-8.326,-7.201,-15.609,1.800,-0.675,-1.814,3.825,4.050,5.809,3.825,10.574,9.801,0,0,0,0,0.0,0.0,0.0,0.0,0.000,0,0
51,cylinder_soft,362,77.440,-13.949,-12.600,-22.506,-7.199,-4.051,-3.631,-6.299,-7.650,-11.615,1.800,7.199,1.451,0,0,0,0,0.0,0.0,0.0,0.0,0.000,0,0
51,cylinder_soft,413,80.432,-14.176,-11.476,-24.320,7.200,7.650,11.252,4.949,0.226,-1.451,-0.899,-0.676,0.727,0,0,0,0,0.0,0.0,0.0,0.0,0.000,0,0
51,cylinder_soft,464,83.512,-22.051,-21.150,-39.930,4.049,6.750,5.082,9.450,8.550,8.711,-4.500,-3.150,-13.066,0,0,0,0,0.0,0.0,0.0,0.0,0.000,0,0
51,cylinder_soft,516,86.504,4.950,5.399,12.342,-19.351,-23.176,-27.951,-6.750,-4.500,-5.809,37.125,38.025,50.457,0,0,0,0,0.0,0.0,0.0,0.0,0.000,0,0
51,cylinder_soft,567,89.496,-9.900,-13.949,-16.697,27.899,29.700,52.271,4.950,6.750,8.711,-11.701,-9.450,-15.246,0,0,0,0,0.0,0.0,0.0,0.0,0.000,0,0
51,cylinder_soft,618,92.312,3.826,2.701,10.891,-13.500,-14.625,-27.953,-2.476,-10.350,-13.793,-0.450,-0.675,-5.809,0,0,0,0,0.0,0.0,0.0,0.0,0.000,0,0
51,cylinder_soft,670,95.216,7.650,11.250,20.328,5.176,6.750,9.076,-13.274,-13.050,-27.227,-7.199,-6.074,-15.246,0,0,0,0,0.0,0.0,0.0,0.0,0.000,0,0
51,cylinder_soft,720,97.944,16.650,14.400,19.602,-10.350,-9.000,-15.246,16.199,14.851,18.148,0.899,4.051,4.355,0,0,0,0,0.0,0.0,0.0,0.0,0.000,0,0
51,cylinder_soft,771,100.496,-4.950,-3.601,-4.357,-8.550,-1.575,-4.719,4.500,0.450,-3.992,0.900,-0.450,-15.609,0,0,0,0,0.0,0.0,0.0,0.0,0.000,0,0
51,cylinder_soft,822,102.960,-12.825,-8.100,-22.145,-11.476,-9.000,-16.699,-5.625,-6.524,-19.602,23.175,23.176,27.951,0,0,0,0,0.0,0.0,0.0,0.0,0.000,0,0
51,cylinder_soft,879,105.776,13.051,20.700,39.932,-2.250,-3.150,-5.807,4.500,0.451,-11.615,9.900,6.750,-2.180,0,0,0,0,0.0,0.0,0.0,0.0,0.000,0,0
51,cylinder_soft,931,106.656,-2.700,-4.500,-5.445,-9.675,-10.350,-18.877,-7.426,-10.350,-15.246,5.625,2.476,4.719,0,0,0,0,0.0,0.0,0.0,0.0,0.000,0,0
51,cylinder_soft,982,106.744,-2.700,2.250,4.719,1.125,1.801,3.629,10.125,9.001,7.260,4.275,1.575,1.088,0,0,0,0,0.0,0.0,0.0,0.0,0.000,0,0
51,cylinder_soft,1032,106.744,10.800,9.000,16.336,-8.324,-8.100,-20.328,10.574,6.751,10.164,-8.775,-10.575,-18.514,0,0,0,0,0.0,0.0,0.0,0.0,0.000,0,0
51,cylinder_soft,1083,106.744,-9.450,-10.800,-11.979,3.375,4.500,3.629,7.425,3.601,8.711,3.375,-1.125,-3.268,0,0,0,0,0.0,0.0,0.0,0.0,0.000,0,0
51,cylinder_soft,1135,106.744,2.700,0.450,6.172,-7.425,-9.000,-10.164,14.175,10.800,13.793,17.324,11.925,14.156,1,0,1135,0,0.0,0.0,209.0,0.0,106.744,0,2
51,cylinder_soft,1193,106.744,13.950,14.399,27.951,-6.074,-7.650,-8.713,-3.375,-3.149,-3.629,6.975,4.726,3.992,0,0,1135,0,0.0,0.0,209.0,0.0,106.744,0,2
51,cylinder_soft,1244,106.744,-9.000,-9.899,-11.979,4.275,2.700,8.713,-0.676,-3.600,0.000,-2.025,-4.726,-14.158,0,0,1135,0,0.0,0.0,209.0,0.0,106.744,0,2
51,cylinder_soft,1295,106.744,-0.899,-2.700,-2.539,-3.375,-1.350,-6.533,2.025,-3.600,-2.904,18.225,10.575,12.705,0,0,1135,0,0.0,0.0,209.0,0.0,106.744,0,2
51,cylinder_soft,1346,106.744,-0.899,-0.899,3.992,-2.925,-2.699,-1.453,-8.775,-13.499,-20.328,18.675,11.925,15.607,0,0,1135,0,0.0,0.0,209.0,0.0,106.744,1346,2
51,cylinder_soft,1397,106.744,6.750,8.101,14.883,-5.625,-4.050,-7.986,7.425,3.150,12.342,22.725,21.825,25.047,0,0,1135,0,0.0,0.0,209.0,0.0,106.744,1346,2
51,cylinder_soft,1448,106.744,1.800,2.250,1.090,-0.675,0.000,-7.260,13.725,8.101,15.971,17.324,12.825,16.334,0,0,1135,0,0.0,0.0,209.0,0.0,106.744,1346,2
51,cylinder_soft,1499,106.744,2.700,4.500,8.350,-6.525,-5.850,-9.439,-0.225,-2.700,-0.727,25.425,15.976,19.965,0,0,1135,0,0.0,0.0,209.0,0.0,106.744,1346,2
51,cylinder_soft,1550,106.744,-10.800,-13.500,-15.609,0.225,-5.850,-4.355,-2.475,-4.950,-7.986,21.375,18.675,22.869,0,0,1135,0,0.0,0.0,209.0,0.0,106.744,1346,2
51,cylinder_soft,1601,106.744,-1.800,-2.700,-2.539,15.525,17.551,25.410,0.675,1.351,-3.629,17.324,14.175,17.787,0,0,1135,0,0.0,0.0,209.0,0.0,106.744,1346,2
51,cylinder_soft,1651,106.744,7.200,11.250,17.061,-3.375,-2.250,-3.631,-13.725,-14.850,-13.795,5.625,1.575,1.088,0,0,1135,0,0.0,0.0,209.0,0.0,106.744,1346,2
51,cylinder_soft,1703,106.744,-7.649,-6.300,-9.074,-4.725,0.450,-6.533,11.925,11.251,21.053,18.225,14.175,19.965,0,0,1135,0,0.0,0.0,209.0,0.0,106.744,1346,2
51,cylinder_soft,1753,106.744,-8.101,-9.450,-15.609,-11.925,-10.800,-18.150,8.324,11.700,13.068,25.875,20.925,27.951,0,0,1135,0,0.0,0.0,209.0,0.0,106.744,1346,2
51,cylinder_soft,1802,106.744,1.351,-1.800,-2.539,-13.725,-13.500,-28.314,7.875,6.751,13.068,12.375,8.774,3.268,0,0,1135,0,0.0,0.0,209.0,0.0,106.744,1346,2
51,cylinder_soft,1853,106.744,12.149,10.351,19.965,5.625,8.100,11.615,7.875,8.101,15.971,14.625,15.976,14.883,0,0,1135,0,0.0,0.0,209.0,0.0,106.744,1346,2
51,cylinder_soft,1904,106.744,1.800,-2.250,-3.266,11.025,10.801,20.328,-4.275,-5.850,-8.713,8.775,2.925,1.088,0,0,1135,0,0.0,0.0,209.0,0.0,106.744,1346,2
51,cylinder_soft,1955,106.744,12.601,10.800,20.691,-11.925,-10.350,-18.877,3.375,-0.450,0.725,13.275,7.875,3.992,0,0,1135,0,0.0,0.0,209.0,0.0,106.744,1346,2
51,cylinder_soft,2006,106.744,0.000,-0.450,-0.363,9.676,6.750,11.615,1.574,-2.249,-5.809,7.875,-2.925,1.814,0,0,1135,0,0.0,0.0,209.0,0.0,106.744,1346,2
51,cylinder_soft,2057,106.744,6.300,8.101,14.883,10.575,10.350,8.713,-3.375,-5.399,-4.355,-1.575,-3.825,-13.432,0,0,1135,0,0.0,0.0,209.0,0.0,106.744,1346,2
51,cylinder_soft,2108,106.744,-0.450,-3.149,-3.266,-9.675,-10.350,-17.424,7.875,5.851,12.342,20.475,13.274,17.787,0,0,1135,0,0.0,0.0,209.0,0.0,106.744,1346,2
51,cylinder_soft,2160,106.744,-22.950,-24.300,-39.566,-4.725,-6.300,-5.082,-4.725,-9.450,-14.521,14.625,10.125,13.430,0,1,1135,2160,0.0,0.0,209.0,209.0,106.744,1346,2
52,cylinder_soft,6,60.984,17.699,17.999,28.797,-10.950,-8.250,-14.037,13.500,16.500,21.539,4.950,7.649,10.164,0,0,0,0,0.0,0.0,0.0,0.0,0.000,0,0
52,cylinder_soft,57,61.512,-9.450,-8.775,-8.711,-3.375,-6.525,-1.090,-2.925,0.675,-5.445,-2.475,-0.450,-1.453,0,0,0,0,0.0,0.0,0.0,0.0,0.000,0,0
52,cylinder_soft,108,63.536,1.126,5.175,2.541,8.775,8.551,18.150,-2.699,-3.825,-11.617,18.225,18.676,28.314,0,0,0,0,0.0,0.0,0.0,0.0,0.000,0,0
52,cylinder_soft,159,65.824,-14.400,-11.025,-18.152,0.900,-0.450,5.445,20.924,22.051,35.938,5.625,2.926,2.178,0,0,0,0,0.0,0.0,0.0,0.0,0.000,0,0
52,cylinder_soft,211,68.816,-5.625,-4.949,-7.984,15.075,12.825,20.328,21.375,23.850,36.301,2.926,4.274,11.252,0,0,0,0,0.0,0.0,0.0,0.0,0.000,0,0
52,cylinder_soft,262,71.720,-2.250,0.450,0.727,-12.150,-12.149,-18.877,4.500,5.400,7.262,30.150,28.350,38.479,0,0,0,0,0.0,0.0,0.0,0.0,0.000,0,0
52,cylinder_soft,312,74.536,-5.176,-9.000,-14.158,-9.000,-6.524,-10.527,6.524,3.600,3.631,18.676,20.025,35.936,0,0,0,0,0.0,0.0,0.0,0.0,0.000,0,0
52,cylinder_soft,363,77.528,12.150,9.000,13.793,6.301,6.299,9.438,13.500,13.500,19.602,8.101,10.350,15.246,0,0,0,0,0.0,0.0,0.0,0.0,0.000,0,0
52,cylinder_soft,414,80.608,-13.725,-10.575,-20.691,8.551,11.250,20.691,6.299,8.326,4.355,6.300,9.225,13.795,0,0,0,0,0.0,0.0,0.0,0.0,0.000,0,0
52,cylinder_soft,464,83.512,-4.500,-3.600,-7.986,-9.451,-7.200,-13.795,6.750,4.949,1.451,-2.701,-4.050,0.000,0,0,0,0,0.0,0.0,0.0,0.0,0.000,0,0
52,cylinder_soft,516,86.504,13.500,15.300,27.588,-5.851,-8.326,-9.801,-1.350,-5.399,-6.535,16.875,16.426,17.787,0,0,0,0,0.0,0.0,0.0,0.0,0.000,0,0
52,cylinder_soft,567,89.496,-1.350,-4.500,-5.809,19.351,15.750,34.848,2.250,1.350,-2.180,-25.650,-22.950,-42.109,0,0,0,0,0.0,0.0,0.0,0.0,0.000,0,0
52,cylinder_soft,618,92.312,6.076,9.451,12.342,-29.250,-27.225,-45.375,4.726,0.000,2.904,6.300,7.425,0.000,0,0,0,0,0.0,0.0,0.0,0.0,0.000,0,0
52,cylinder_soft,670,95.128,-7.199,-6.750,-10.164,4.726,6.301,6.898,-13.274,-12.149,-27.953,5.400,9.676,7.986,0,0,0,0,0.0,0.0,0.0,0.0,0.000,0,0
52,cylinder_soft,720,97.944,-5.399,-3.150,-10.891,-20.250,-18.900,-34.121,14.399,13.051,18.148,8.549,9.451,13.068,0,0,0,0,0.0,0.0,0.0,0.0,0.000,0,0
52,cylinder_soft,772,100.496,5.399,5.399,13.066,-3.149,-0.226,-0.363,-1.351,-2.700,-5.445,11.250,12.150,3.992,0,0,0,0,0.0,0.0,0.0,0.0,0.000,0,0
52,cylinder_soft,824,103.048,-6.075,-4.950,-13.432,-6.525,-7.199,-20.328,9.225,13.274,11.615,21.375,19.575,24.320,0,0,0,0,0.0,0.0,0.0,0.0,0.000,0,0
52,cylinder_soft,875,105.600,13.950,22.050,34.850,-0.899,-0.451,-3.629,-5.399,-5.850,-12.342,-2.250,-3.150,-18.877,0,0,0,0,0.0,0.0,0.0,0.0,0.000,0,0
52,cylinder_soft,925,106.480,14.399,14.399,27.227,2.025,6.301,3.629,20.025,22.050,32.668,20.025,14.625,17.787,0,0,0,0,0.0,0.0,0.0,0.0,0.000,0,0
52,cylinder_soft,975,106.656,-4.500,-4.050,-4.719,-15.074,-13.949,-24.686,-2.926,0.001,-6.535,7.425,4.726,0.361,0,0,0,0,0.0,0.0,0.0,0.0,0.000,0,0
52,cylinder_soft,1025,106.656,-9.450,-7.649,-12.705,0.225,-1.800,-5.809,12.824,11.251,19.602,23.625,16.425,22.143,0,0,0,0,0.0,0.0,0.0,0.0,0.000,0,0
52,cylinder_soft,1075,106.656,-6.750,-1.351,-1.088,-10.574,-12.600,-16.699,16.425,16.650,23.957,29.025,26.325,36.662,0,0,0,0,0.0,0.0,0.0,0.0,0.000,0,0
52,cylinder_soft,1126,106.656,-8.550,-9.000,-5.445,-5.625,-7.199,-13.795,8.775,8.550,12.342,4.275,1.125,-6.170,1,0,1126,0,0.0,0.0,213.0,0.0,106.656,0,2
52,cylinder_soft,1183,106.656,-14.399,-13.950,-23.594,0.225,-5.400,-5.082,4.725,7.650,6.533,13.275,9.675,10.527,0,0,1126,0,0.0,0.0,213.0,0.0,106.656,0,2
52,cylinder_soft,1234,106.656,-1.351,0.899,5.445,-6.074,-8.100,-9.439,9.225,9.900,10.891,13.275,4.726,6.170,0,0,1126,0,0.0,0.0,213.0,0.0,106.656,0,2
52,cylinder_soft,1285,106.744,-1.351,1.351,-0.363,-11.025,-9.449,-15.973,18.225,13.501,28.314,-3.825,-4.274,-12.705,0,0,1126,0,0.0,0.0,213.0,0.0,106.656,0,2
52,cylinder_soft,1335,106.656,6.300,6.300,14.883,-2.475,-2.699,-7.260,27.225,27.450,42.107,11.925,3.825,5.445,0,0,1126,0,0.0,0.0,213.0,0.0,106.656,1335,2
52,cylinder_soft,1385,106.744,13.050,18.450,29.404,-2.925,-0.900,-6.533,14.625,11.251,12.342,11.475,10.125,7.623,0,0,1126,0,0.0,0.0,213.0,0.0,106.656,1335,2
52,cylinder_soft,1435,106.656,-0.899,-2.250,-6.896,-7.425,-3.600,-9.439,-2.926,-5.399,-12.344,2.025,1.125,-6.170,0,0,1126,0,0.0,0.0,213.0,0.0,106.656,1335,2
52,cylinder_soft,1485,106.656,-6.300,-4.500,-5.445,-6.525,-4.500,-10.891,5.625,0.900,-0.727,11.025,6.075,6.170,0,0,1126,0,0.0,0.0,213.0,0.0,106.656,1335,2
52,cylinder_soft,1535,106.656,0.899,1.800,3.992,6.075,6.301,1.451,9.675,7.650,8.711,23.175,21.375,35.938,0,0,1126,0,0.0,0.0,213.0,0.0,106.656,1335,2
52,cylinder_soft,1586,106.656,10.800,13.050,20.691,-9.225,-11.699,-19.602,7.875,10.800,13.068,7.875,7.425,3.268,0,0,1126,0,0.0,0.0,213.0,0.0,106.656,1335,2
52,cylinder_soft,1637,106.656,-1.351,-0.450,3.992,-11.025,-7.199,-15.973,-3.825,-9.899,-10.164,0.675,-5.625,-8.350,0,0,1126,0,0.0,0.0,213.0,0.0,106.656,1335,2
52,cylinder_soft,1687,106.744,1.800,-0.899,4.719,6.975,1.350,12.342,9.675,6.751,8.711,2.475,-5.175,-11.254,0,0,1126,0,0.0,0.0,213.0,0.0,106.656,1335,2
52,cylinder_soft,1737,106.744,-5.851,-12.601,-16.334,3.825,4.950,10.164,10.574,6.751,10.891,11.475,4.274,12.705,0,0,1126,0,0.0,0.0,213.0,0.0,106.656,1335,2
52,cylinder_soft,1787,106.656,-4.050,-4.500,-11.254,5.176,5.850,12.342,11.025,9.001,11.615,3.375,0.675,-6.896,0,0,1126,0,0.0,0.0,213.0,0.0,106.656,1335,2
52,cylinder_soft,1837,106.656,3.601,4.500,6.172,-4.725,-0.900,-5.082,11.025,8.550,10.891,-1.575,-2.476,-10.527,0,0,1126,0,0.0,0.0,213.0,0.0,106.656,1335,2
52,cylinder_soft,1889,106.656,0.000,0.450,1.814,6.975,3.600,4.355,13.725,11.251,19.602,-2.926,-9.226,-17.787,0,0,1126,0,0.0,0.0,213.0,0.0,106.656,1335,2
52,cylinder_soft,1939,106.656,-0.899,-0.450,3.992,-1.574,-1.800,-6.533,15.975,13.050,24.684,20.925,18.675,25.773,0,0,1126,0,0.0,0.0,213.0,0.0,106.656,1335,2
52,cylinder_soft,1991,106.656,-4.500,-1.800,-8.348,-11.025,-9.449,-20.328,12.375,11.700,15.971,0.225,-4.274,-11.979,0,0,1126,0,0.0,0.0,213.0,0.0,106.656,1335,2
52,cylinder_soft,2041,106.744,-0.899,-4.500,-3.992,-10.574,-12.150,-18.877,2.925,3.150,5.809,18.675,15.524,15.607,0,0,1126,0,0.0,0.0,213.0,0.0,106.656,1335,2
52,cylinder_soft,2091,106.656,-9.450,-10.800,-17.785,-1.574,-0.449,-8.713,-0.225,-5.850,-3.629,19.574,16.875,17.061,0,0,1126,0,0.0,0.0,213.0,0.0,106.656,1335,2
52,cylinder_soft,2142,106.656,-1.800,-4.500,-2.539,-14.175,-13.949,-23.959,11.925,11.251,24.684,-6.975,-11.024,-22.869,0,1,1126,2142,0.0,0.0,213.0,211.0,106.656,1335,2
53,cylinder_soft,6,60.984,6.899,8.999,21.535,2.550,4.350,9.922,11.250,12.449,20.812,-3.601,-4.500,-7.260,0,0,0,0,0.0,0.0,0.0,0.0,0.000,0,0
53,cylinder_soft,55,61.512,-18.899,-20.475,-29.041,-7.875,-6.076,-3.994,-4.274,-0.225,-7.625,14.176,12.150,21.053,0,0,0,0,0.0,0.0,0.0,0.0,0.000,0,0
53,cylinder_soft,106,63.360,5.626,7.425,5.445,12.375,13.051,26.137,0.900,-4.275,-5.809,20.475,20.025,28.314,0,0,0,0,0.0,0.0,0.0,0.0,0.000,0,0
53,cylinder_soft,157,65.736,-4.050,-2.925,-1.455,-2.699,-4.950,-2.541,20.924,18.000,30.855,-3.825,-0.225,-6.533,0,0,0,0,0.0,0.0,0.0,0.0,0.000,0,0
53,cylinder_soft,208,68.640,6.075,7.650,11.615,8.325,4.274,8.713,15.525,16.200,12.344,19.575,17.774,27.949,0,0,0,0,0.0,0.0,0.0,0.0,0.000,0,0
53,cylinder_soft,259,71.544,-20.699,-16.650,-27.586,2.250,-5.850,0.000,4.949,7.199,13.793,16.199,15.299,17.424,0,0,0,0,0.0,0.0,0.0,0.0,0.000,0,0
53,cylinder_soft,310,74.448,-21.826,-26.551,-38.115,-17.550,-20.024,-39.566,6.075,1.800,6.535,14.625,13.725,20.689,0,0,0,0,0.0,0.0,0.0,0.0,0.000,0,0
53,cylinder_soft,361,77.440,-14.850,-16.650,-24.684,-14.399,-13.051,-14.520,8.101,7.650,14.521,-10.800,-4.951,-14.521,0,0,0,0,0.0,0.0,0.0,0.0,0.000,0,0
53,cylinder_soft,412,80.432,-14.176,-11.476,-27.951,8.100,9.450,12.705,0.899,8.775,8.711,24.300,28.125,35.574,0,0,0,0,0.0,0.0,0.0,0.0,0.000,0,0
53,cylinder_soft,462,83.424,-29.250,-27.900,-49.367,-6.750,-2.700,-0.727,13.051,11.250,15.246,3.149,2.250,0.000,0,0,0,0,0.0,0.0,0.0,0.0,0.000,0,0
53,cylinder_soft,514,86.504,-16.200,-16.649,-28.314,5.399,5.625,17.061,5.400,10.800,15.971,11.476,12.375,14.156,0,0,0,0,0.0,0.0,0.0,0.0,0.000,0,0
53,cylinder_soft,572,89.760,-9.000,-6.299,-7.986,6.300,9.450,10.164,6.301,1.800,-0.727,-26.551,-26.551,-34.123,0,0,0,0,0.0,0.0,0.0,0.0,0.000,0,0
53,cylinder_soft,624,92.664,0.676,3.150,5.807,-8.100,-3.825,-5.445,2.476,-1.350,-5.082,4.949,4.274,9.438,0,0,0,0,0.0,0.0,0.0,0.0,0.000,0,0
53,cylinder_soft,674,95.480,-13.949,-9.900,-19.602,-4.051,-5.851,-8.711,-15.750,-17.550,-26.859,31.950,31.950,42.834,0,0,0,0,0.0,0.0,0.0,0.0,0.000,0,0
53,cylinder_soft,726,98.208,0.226,-1.574,8.713,-2.250,-0.675,-0.361,2.476,0.225,1.453,8.324,7.200,8.350,0,0,0,0,0.0,0.0,0.0,0.0,0.000,0,0
53,cylinder_soft,776,100.760,-4.950,-4.050,-0.002,0.000,2.925,11.252,15.750,11.251,14.883,26.551,25.650,33.760,0,0,0,0,0.0,0.0,0.0,0.0,0.000,0,0
53,cylinder_soft,827,103.312,-34.650,-33.300,-52.270,-6.301,-5.850,-18.148,9.450,11.250,15.246,1.351,2.250,-2.904,0,0,0,0,0.0,0.0,0.0,0.0,0.000,0,0
53,cylinder_soft,878,105.776,5.400,12.149,16.699,8.551,12.149,13.795,-13.049,-12.600,-23.959,-12.150,-9.900,-34.123,0,0,0,0,0.0,0.0,0.0,0.0,0.000,0,0
53,cylinder_soft,929,106.568,0.899,0.899,3.992,0.676,-2.699,-0.002,11.025,9.900,9.438,-0.676,-6.075,-11.254,0,0,0,0,0.0,0.0,0.0,0.0,0.000,0,0
53,cylinder_soft,979,106.744,-5.399,-3.149,-0.363,-9.675,-9.900,-16.699,19.574,16.650,30.490,8.324,5.625,5.445,0,0,0,0,0.0,0.0,0.0,0.0,0.000,0,0
53,cylinder_soft,1030,106.744,-4.950,-2.700,0.363,-11.025,-10.350,-15.248,7.875,7.650,10.891,-1.575,-1.575,-10.527,0,0,0,0,0.0,0.0,0.0,0.0,0.000,0,0
53,cylinder_soft,1081,106.744,-5.851,-7.649,-11.979,-2.925,-7.199,-9.439,5.175,1.800,0.725,29.475,25.425,38.842,0,0,0,0,0.0,0.0,0.0,0.0,0.000,0,0
53,cylinder_soft,1133,106.744,8.550,7.649,14.883,-6.525,-3.150,-10.164,14.175,13.050,21.779,0.675,-3.375,-9.076,1,0,1133,0,0.0,0.0,209.0,0.0,106.744,0,2
53,cylinder_soft,1191,106.744,-3.601,-2.250,-6.172,-1.125,-2.699,-8.713,5.625,2.700,0.725,10.574,8.325,2.541,0,0,1133,0,0.0,0.0,209.0,0.0,106.744,0,2
53,cylinder_soft,1242,106.744,-17.101,-15.300,-25.773,-10.574,-16.199,-22.506,4.725,2.700,5.809,10.574,6.524,10.527,0,0,1133,0,0.0,0.0,209.0,0.0,106.744,0,2
53,cylinder_soft,1293,106.744,4.950,5.399,9.074,-17.775,-16.199,-28.314,12.375,8.550,15.246,-0.225,-2.925,-10.527,0,0,1133,0,0.0,0.0,209.0,0.0,106.744,0,2
53,cylinder_soft,1345,106.744,-15.750,-12.149,-26.500,-0.675,1.801,1.451,5.625,4.501,-0.727,13.725,14.175,11.254,0,0,1133,0,0.0,0.0,209.0,0.0,106.744,1345,2
53,cylinder_soft,1396,106.744,2.250,2.250,3.992,-15.525,-18.900,-29.768,13.725,8.101,15.971,15.525,8.774,6.896,0,0,1133,0,0.0,0.0,209.0,0.0,106.744,1345,2
53,cylinder_soft,1447,106.744,-5.851,-6.300,-9.074,-8.775,-9.900,-17.424,15.525,11.700,18.875,24.975,20.476,31.580,0,0,1133,0,0.0,0.0,209.0,0.0,106.744,1345,2
53,cylinder_soft,1498,106.744,-2.700,-3.601,-1.814,6.975,6.301,6.533,13.275,12.601,13.793,8.324,8.325,10.527,0,0,1133,0,0.0,0.0,209.0,0.0,106.744,1345,2
53,cylinder_soft,1548,106.744,-13.500,-15.300,-24.320,-11.925,-13.050,-23.959,15.074,9.900,19.602,7.875,4.274,0.361,0,0,1133,0,0.0,0.0,209.0,0.0,106.744,1345,2
53,cylinder_soft,1603,106.744,-18.899,-18.899,-25.047,-16.425,-15.300,-34.848,12.375,9.900,12.342,18.225,11.476,16.334,0,0,1133,0,0.0,0.0,209.0,0.0,106.744,1345,2
53,cylinder_soft,1653,106.744,14.851,11.700,26.500,6.075,1.801,2.904,-3.825,-1.800,-9.438,7.875,5.625,1.088,0,0,1133,0,0.0,0.0,209.0,0.0,106.744,1345,2
53,cylinder_soft,1704,106.744,1.800,0.000,1.814,-8.324,-7.199,-11.615,5.175,0.900,-2.904,11.475,6.976,6.896,0,0,1133,0,0.0,0.0,209.0,0.0,106.744,1345,2
53,cylinder_soft,1755,106.744,-15.300,-13.950,-22.143,8.775,6.301,14.520,5.175,0.900,0.725,-0.676,-2.925,-6.896,0,0,1133,0,0.0,0.0,209.0,0.0,106.744,1345,2
53,cylinder_soft,1806,106.744,-10.800,-11.700,-14.883,-14.175,-12.150,-22.506,-3.825,-9.450,-10.891,10.125,6.976,6.896,0,0,1133,0,0.0,0.0,209.0,0.0,106.744,1345,2
53,cylinder_soft,1857,106.744,-14.399,-12.601,-21.416,-13.275,-10.800,-18.150,2.925,-3.600,-7.262,11.475,5.625,4.719,0,0,1133,0,0.0,0.0,209.0,0.0,106.744,1345,2
53,cylinder_soft,1908,106.744,1.800,3.149,3.992,-12.375,-15.300,-26.137,1.125,-4.050,-3.629,28.125,24.524,39.568,0,0,1133,0,0.0,0.0,209.0,0.0,106.744,1345,2
53,cylinder_soft,1959,106.744,0.450,3.601,3.992,-11.025,-9.900,-18.150,11.025,7.650,15.246,0.225,-5.625,-6.896,0,0,1133,0,0.0,0.0,209.0,0.0,106.744,1345,2
53,cylinder_soft,2010,106.744,-13.950,-15.750,-25.047,-3.375,-3.600,-5.082,3.375,0.900,3.629,13.275,8.325,9.801,0,0,1133,0,0.0,0.0,209.0,0.0,106.744,1345,2
53,cylinder_soft,2061,106.744,-4.050,-3.601,-1.814,-14.625,-16.199,-31.219,-9.676,-17.100,-20.328,23.175,15.524,29.402,0,0,1133,0,0.0,0.0,209.0,0.0,106.744,1345,2
53,cylinder_soft,2113,106.744,-6.300,-8.101,-6.896,-7.875,-9.900,-14.521,-5.625,-5.399,-10.164,-0.676,-5.175,-11.979,0,0,1133,0,0.0,0.0,209.0,0.0,106.744,1345,2
53,cylinder_soft,2164,106.744,3.601,2.250,10.527,3.375,4.051,5.082,2.475,-2.249,-7.986,-3.825,-8.325,-11.979,0,1,1133,2164,0.0,0.0,209.0,208.0,106.744,1345,2
54,cylinder_soft,6,60.984,9.149,10.800,20.811,0.300,2.100,1.936,9.000,11.550,9.195,-12.149,-9.000,-11.615,0,0,0,0,0.0,0.0,0.0,0.0,0.000,0,0
54,cylinder_soft,56,61.512,-19.800,-18.675,-26.863,7.425,5.174,16.334,-1.125,0.675,-6.898,0.676,5.400,5.807,0,0,0,0,0.0,0.0,0.0,0.0,0.000,0,0
54,cylinder_soft,107,63.448,-6.975,-2.925,-11.254,0.676,3.601,0.727,-3.150,-3.375,-13.068,20.025,21.375,34.848,0,0,0,0,0.0,0.0,0.0,0.0,0.000,0,0
54,cylinder_soft,158,65.736,-28.350,-27.675,-40.658,-6.299,-6.750,-6.172,10.125,12.150,17.062,11.925,11.025,16.699,0,0,0,0,0.0,0.0,0.0,0.0,0.000,0,0
54,cylinder_soft,210,68.816,-15.976,-13.050,-26.861,8.775,2.925,14.520,20.025,16.649,23.234,19.125,20.476,25.047,0,0,0,0,0.0,0.0,0.0,0.0,0.000,0,0
54,cylinder_soft,261,71.632,1.801,0.450,4.357,-0.900,-1.799,-1.453,-1.350,-5.400,0.000,19.800,18.449,21.055,0,0,0,0,0.0,0.0,0.0,0.0,0.000,0,0
54,cylinder_soft,311,74.536,-11.025,-16.650,-21.418,-11.250,-11.925,-17.787,-14.625,-16.200,-28.312,-1.125,-0.676,-1.816,0,0,0,0,0.0,0.0,0.0,0.0,0.000,0,0
54,cylinder_soft,363,77.528,9.900,5.850,10.889,-10.350,-10.801,-15.971,9.451,9.450,17.424,-18.899,-18.900,-29.041,0,0,0,0,0.0,0.0,0.0,0.0,0.000,0,0
54,cylinder_soft,413,80.520,-15.075,-12.376,-23.594,3.600,3.600,3.994,9.000,11.926,15.246,6.300,10.574,13.795,0,0,0,0,0.0,0.0,0.0,0.0,0.000,0,0
54,cylinder_soft,465,83.512,-20.701,-17.550,-31.943,-10.351,-7.649,-15.973,13.950,12.150,20.326,0.899,6.750,3.631,0,0,0,0,0.0,0.0,0.0,0.0,0.000,0,0
54,cylinder_soft,516,86.504,-6.750,-8.550,-8.713,2.250,-0.676,6.172,-5.400,-5.851,-7.262,9.226,8.775,9.074,0,0,0,0,0.0,0.0,0.0,0.0,0.000,0,0
54,cylinder_soft,567,89.408,-11.250,-14.850,-22.506,-8.101,-6.300,-9.438,16.200,10.350,22.506,-16.201,-18.900,-29.041,0,0,0,0,0.0,0.0,0.0,0.0,0.000,0,0
54,cylinder_soft,619,92.312,-5.625,-9.000,-15.246,-17.100,-16.875,-30.129,-7.425,-10.799,-7.988,18.900,14.625,23.957,0,0,0,0,0.0,0.0,0.0,0.0,0.000,0,0
54,cylinder_soft,669,95.040,7.201,3.150,15.973,5.625,5.850,6.898,-20.476,-15.300,-34.486,10.351,11.926,12.342,0,0,0,0,0.0,0.0,0.0,0.0,0.000,0,0
54,cylinder_soft,720,97.856,11.701,11.250,18.148,-17.549,-15.301,-29.766,0.899,-1.350,-0.727,-5.851,-3.149,-10.891,0,0,0,0,0.0,0.0,0.0,0.0,0.000,0,0
54,cylinder_soft,771,100.408,-1.800,-2.700,-5.809,-7.649,-5.175,-6.172,-3.601,-5.850,-10.527,24.750,22.949,22.869,0,0,0,0,0.0,0.0,0.0,0.0,0.000,0,0
54,cylinder_soft,822,102.960,-6.075,-7.649,-13.432,-5.625,-2.699,-8.715,-7.875,-14.175,-18.150,-0.675,-1.125,-9.801,0,0,0,0,0.0,0.0,0.0,0.0,0.000,0,0
54,cylinder_soft,873,105.512,8.551,10.351,23.961,-4.949,-3.601,-5.807,-9.449,-6.750,-24.684,13.050,9.450,5.809,0,0,0,0,0.0,0.0,0.0,0.0,0.000,0,0
54,cylinder_soft,925,106.568,-14.399,-18.899,-21.416,3.375,1.801,2.178,4.725,7.650,8.711,11.925,6.524,6.170,0,0,0,0,0.0,0.0,0.0,0.0,0.000,0,0
54,cylinder_soft,976,106.744,-5.851,-6.300,-1.814,2.025,0.450,1.451,3.824,4.950,3.629,-2.475,-2.925,-14.885,0,0,0,0,0.0,0.0,0.0,0.0,0.000,0,0
54,cylinder_soft,1027,106.744,-0.450,-5.399,-6.896,-8.324,-7.199,-11.615,10.574,8.101,13.793,9.675,5.175,8.350,0,0,0,0,0.0,0.0,0.0,0.0,0.000,0,0
54,cylinder_soft,1079,106.744,-15.750,-20.250,-25.047,-2.475,1.350,-7.986,11.025,8.101,12.342,19.574,12.375,17.787,0,0,0,0,0.0,0.0,0.0,0.0,0.000,0,0
54,cylinder_soft,1130,106.744,1.800,-1.800,6.898,-6.975,-6.300,-10.164,-7.875,-10.800,-12.344,28.574,21.825,32.307,1,0,1130,0,0.0,0.0,209.0,0.0,106.744,0,2
54,cylinder_soft,1188,106.744,-0.450,-4.050,-2.539,-15.525,-16.199,-18.877,-1.575,-3.600,-6.535,28.574,24.976,39.568,0,0,1130,0,0.0,0.0,209.0,0.0,106.744,0,2
54,cylinder_soft,1239,106.744,6.300,4.500,13.432,-4.725,-6.300,-3.631,3.375,2.700,-3.629,11.025,5.625,10.527,0,0,1130,0,0.0,0.0,209.0,0.0,106.744,0,2
54,cylinder_soft,1290,106.744,-4.500,-12.149,-1.814,-15.074,-15.750,-21.779,7.875,2.251,10.164,0.225,-4.726,-11.254,0,0,1130,0,0.0,0.0,209.0,0.0,106.744,0,2
54,cylinder_soft,1341,106.744,1.351,-5.851,-2.539,-5.625,-5.400,-6.533,-0.225,-4.499,-3.629,10.574,6.075,5.445,0,0,1130,0,0.0,0.0,209.0,0.0,106.744,1341,2
54,cylinder_soft,1391,106.744,-1.800,-10.800,-6.172,0.676,0.900,2.904,-2.926,-2.249,-3.629,6.975,9.226,5.445,0,0,1130,0,0.0,0.0,209.0,0.0,106.744,1341,2
54,cylinder_soft,1442,106.744,3.149,4.500,10.527,-1.574,-1.350,-2.178,-12.375,-13.950,-17.424,11.025,3.825,6.896,0,0,1130,0,0.0,0.0,209.0,0.0,106.744,1341,2
54,cylinder_soft,1493,106.744,0.450,-6.300,-4.719,3.375,4.051,8.713,7.425,8.101,10.164,11.475,6.075,4.719,0,0,1130,0,0.0,0.0,209.0,0.0,106.744,1341,2
54,cylinder_soft,1544,106.744,4.500,-2.250,5.445,-13.275,-10.350,-16.699,1.574,2.251,2.902,15.074,12.825,17.787,0,0,1130,0,0.0,0.0,209.0,0.0,106.744,1341,2
54,cylinder_soft,1595,106.744,-15.750,-22.500,-25.773,-6.074,-3.600,-10.891,7.425,4.950,5.809,5.625,2.476,4.719,0,0,1130,0,0.0,0.0,209.0,0.0,106.744,1341,2
54,cylinder_soft,1646,106.744,-5.399,-12.601,-11.979,-7.875,-6.750,-11.615,-7.875,-12.149,-18.150,24.975,15.976,19.238,0,0,1130,0,0.0,0.0,209.0,0.0,106.744,1341,2
54,cylinder_soft,1698,106.744,-0.899,-3.601,-1.814,-9.225,-11.250,-18.150,5.625,3.150,0.000,4.275,-2.024,-6.896,0,0,1130,0,0.0,0.0,209.0,0.0,106.744,1341,2
54,cylinder_soft,1749,106.744,11.700,8.101,17.787,-0.225,0.900,3.629,-2.926,-4.499,-8.713,22.725,22.726,35.211,0,0,1130,0,0.0,0.0,209.0,0.0,106.744,1341,2
54,cylinder_soft,1800,106.744,7.649,1.800,9.801,-15.975,-20.250,-26.861,-14.625,-15.300,-26.137,-1.575,-4.274,-10.527,0,0,1130,0,0.0,0.0,209.0,0.0,106.744,1341,2
54,cylinder_soft,1851,106.744,-14.399,-17.550,-27.951,2.025,5.850,2.904,7.875,8.101,14.520,7.425,6.075,0.361,0,0,1130,0,0.0,0.0,209.0,0.0,106.744,1341,2
54,cylinder_soft,1902,106.744,4.500,3.149,10.527,2.475,-2.699,2.904,-4.275,-8.999,-6.535,5.175,5.175,1.088,0,0,1130,0,0.0,0.0,209.0,0.0,106.744,1341,2
54,cylinder_soft,1953,106.744,-2.700,-7.649,-4.719,2.475,-1.350,2.178,0.675,-0.450,-3.629,29.475,23.625,34.484,0,0,1130,0,0.0,0.0,209.0,0.0,106.744,1341,2
54,cylinder_soft,2005,106.744,1.351,-8.550,1.090,-7.875,-8.100,-11.615,11.475,10.351,19.602,4.275,-3.375,-2.541,0,0,1130,0,0.0,0.0,209.0,0.0,106.744,1341,2
54,cylinder_soft,2056,106.744,3.601,-4.950,6.898,-11.025,-12.150,-22.506,-3.375,-7.200,-10.891,2.025,-2.024,-3.992,0,0,1130,0,0.0,0.0,209.0,0.0,106.744,1341,2
54,cylinder_soft,2108,106.744,-1.351,-6.300,-3.992,-6.525,-8.100,-13.795,24.074,19.351,29.039,29.025,26.774,33.760,0,0,1130,0,0.0,0.0,209.0,0.0,106.744,1341,2
54,cylinder_soft,2160,106.744,13.050,9.450,19.965,8.775,7.650,8.713,-3.375,-5.399,-10.891,2.925,-0.675,-5.445,0,1,1130,2160,0.0,0.0,209.0,208.0,106.744,1341,2
55,cylinder_soft,6,60.984,19.500,23.399,35.330,-9.600,-10.500,-17.666,2.250,2.100,-0.969,0.000,-3.601,-1.451,0,0,0,0,0.0,0.0,0.0,0.0,0.000,0,0
55,cylinder_soft,57,61.512,-26.100,-23.625,-34.123,1.575,1.574,6.896,-0.675,-5.625,-5.445,4.725,0.900,2.176,0,0,0,0,0.0,0.0,0.0,0.0,0.000,0,0
55,cylinder_soft,108,63.536,11.925,12.375,23.596,10.125,7.650,15.973,6.301,4.275,6.535,9.675,9.676,15.973,0,0,0,0,0.0,0.0,0.0,0.0,0.000,0,0
55,cylinder_soft,158,65.824,-13.050,-6.525,-18.877,-0.899,-4.500,3.268,18.225,22.500,33.760,11.475,12.826,10.164,0,0,0,0,0.0,0.0,0.0,0.0,0.000,0,0
55,cylinder_soft,208,68.728,-26.774,-26.100,-44.285,-0.675,-5.625,-0.727,11.926,10.800,12.344,27.225,27.675,41.018,0,0,0,0,0.0,0.0,0.0,0.0,0.000,0,0
55,cylinder_soft,259,71.632,-9.899,-5.850,-11.615,3.149,-0.899,2.902,21.600,17.550,36.301,1.800,1.350,-0.727,0,0,0,0,0.0,0.0,0.0,0.0,0.000,0,0
55,cylinder_soft,310,74.448,-19.576,-21.601,-35.211,-2.700,-2.476,-7.623,11.925,13.500,15.973,8.775,7.875,8.348,0,0,0,0,0.0,0.0,0.0,0.0,0.000,0,0
55,cylinder_soft,361,77.440,2.250,3.150,-0.727,-1.350,-0.900,0.727,17.101,18.450,24.684,-18.450,-13.051,-23.234,0,0,0,0,0.0,0.0,0.0,0.0,0.000,0,0
55,cylinder_soft,412,80.432,-22.275,-14.626,-39.566,5.400,8.100,11.252,14.850,11.476,15.246,26.101,33.074,45.738,0,0,0,0,0.0,0.0,0.0,0.0,0.000,0,0
55,cylinder_soft,463,83.424,-19.801,-18.900,-30.492,3.600,4.500,3.631,2.250,3.150,-5.084,15.299,18.900,29.041,0,0,0,0,0.0,0.0,0.0,0.0,0.000,0,0
55,cylinder_soft,513,86.328,-0.450,0.000,-2.180,-5.851,-3.375,-1.814,0.450,-1.800,6.533,2.476,-1.574,-4.719,0,0,0,0,0.0,0.0,0.0,0.0,0.000,0,0
55,cylinder_soft,571,89.672,-14.400,-18.000,-24.684,6.750,8.551,17.426,10.350,4.949,8.711,-17.551,-16.200,-21.781,0,0,0,0,0.0,0.0,0.0,0.0,0.000,0,0
55,cylinder_soft,622,92.488,-11.024,-6.299,-15.246,-27.899,-24.525,-45.375,-3.825,-5.850,-2.904,18.000,17.325,19.602,0,0,0,0,0.0,0.0,0.0,0.0,0.000,0,0
55,cylinder_soft,673,95.392,-36.449,-39.600,-58.805,-19.351,-23.400,-33.396,-9.900,-8.100,-20.328,2.700,1.800,3.629,0,0,0,0,0.0,0.0,0.0,0.0,0.000,0,0
55,cylinder_soft,724,98.120,9.451,10.350,10.889,-17.549,-15.301,-28.314,3.149,0.900,0.725,-4.951,-1.350,-1.453,0,0,0,0,0.0,0.0,0.0,0.0,0.000,0,0
55,cylinder_soft,774,100.760,-13.950,-12.149,-13.070,-1.800,-0.226,0.361,5.399,4.950,4.719,12.150,9.900,3.992,0,0,0,0,0.0,0.0,0.0,0.0,0.000,0,0
55,cylinder_soft,825,103.312,-14.400,-24.300,-26.861,10.350,10.351,11.617,11.250,9.000,16.697,-1.799,0.000,-7.986,0,0,0,0,0.0,0.0,0.0,0.0,0.000,0,0
55,cylinder_soft,877,105.864,10.801,12.601,23.961,4.051,7.649,13.068,-4.049,-4.500,-15.246,-0.450,2.250,-16.699,0,0,0,0,0.0,0.0,0.0,0.0,0.000,0,0
55,cylinder_soft,927,106.744,-5.399,-11.250,-14.156,1.125,2.250,1.451,11.025,7.650,10.164,29.025,25.875,33.033,0,0,0,0,0.0,0.0,0.0,0.0,0.000,0,0
55,cylinder_soft,977,106.744,0.899,-5.851,-3.992,-15.074,-15.750,-20.328,11.025,10.800,18.148,22.275,13.726,25.773,0,0,0,0,0.0,0.0,0.0,0.0,0.000,0,0
55,cylinder_soft,1029,106.744,-9.899,-14.399,-17.785,1.575,2.700,2.904,5.175,1.351,-1.453,1.125,-0.675,-6.896,0,0,0,0,0.0,0.0,0.0,0.0,0.000,0,0
55,cylinder_soft,1079,106.744,9.899,7.649,15.609,-2.925,-3.150,-5.809,4.275,5.851,3.629,32.625,26.774,42.471,0,0,0,0,0.0,0.0,0.0,0.0,0.000,0,0
55,cylinder_soft,1130,106.744,0.000,-4.950,-1.088,-15.074,-15.750,-26.861,12.375,8.550,13.068,16.425,12.825,15.607,1,0,1130,0,0.0,0.0,207.0,0.0,106.744,0,2
55,cylinder_soft,1188,106.744,1.800,-1.351,3.992,-7.875,-8.100,-10.164,6.074,3.601,2.902,9.675,2.024,8.350,0,0,1130,0,0.0,0.0,207.0,0.0,106.744,0,2
55,cylinder_soft,1239,106.744,-3.601,-11.700,-12.705,-8.324,-7.650,-9.439,1.125,-3.149,1.451,4.275,6.524,3.268,0,0,1130,0,0.0,0.0,207.0,0.0,106.744,0,2
55,cylinder_soft,1290,106.744,1.800,-4.050,5.445,-2.925,-4.949,-0.727,15.975,12.150,18.148,11.475,6.976,14.156,0,0,1130,0,0.0,0.0,207.0,0.0,106.744,0,2
55,cylinder_soft,1343,106.744,-16.649,-19.800,-24.320,-4.725,-7.650,-8.713,2.025,3.150,-0.727,14.175,9.226,16.334,0,0,1130,0,0.0,0.0,207.0,0.0,106.744,1343,2
55,cylinder_soft,1394,106.744,-0.450,-6.300,2.541,-0.675,0.900,-4.355,7.875,5.851,7.260,6.074,1.125,1.088,0,0,1130,0,0.0,0.0,207.0,0.0,106.744,1343,2
55,cylinder_soft,1445,106.744,9.000,4.050,14.883,-5.175,-9.900,-9.439,11.025,9.001,13.068,11.475,6.524,2.541,0,0,1130,0,0.0,0.0,207.0,0.0,106.744,1343,2
55,cylinder_soft,1495,106.744,-17.550,-18.000,-22.869,6.975,5.850,10.891,13.275,12.601,14.520,7.425,0.226,3.268,0,0,1130,0,0.0,0.0,207.0,0.0,106.744,1343,2
55,cylinder_soft,1546,106.744,-8.101,-12.601,-9.801,-15.074,-17.100,-17.424,8.775,4.050,2.176,20.925,16.425,25.047,0,0,1130,0,0.0,0.0,207.0,0.0,106.744,1343,2
55,cylinder_soft,1598,106.744,0.899,-6.300,-4.719,-6.525,-4.500,-10.164,7.875,12.150,13.793,12.375,8.774,13.430,0,0,1130,0,0.0,0.0,207.0,0.0,106.744,1343,2
55,cylinder_soft,1648,106.744,-4.500,-9.000,-9.074,-8.324,-5.400,-10.164,5.175,0.001,0.725,2.025,-4.726,-14.158,0,0,1130,0,0.0,0.0,207.0,0.0,106.744,1343,2
55,cylinder_soft,1700,106.832,2.700,0.000,3.268,-15.525,-14.400,-18.877,-7.426,-12.600,-16.699,20.025,14.175,17.787,0,0,1130,0,0.0,0.0,207.0,0.0,106.744,1343,2
55,cylinder_soft,1751,106.744,1.351,0.899,6.172,-6.074,-3.600,-11.615,13.725,8.101,10.164,12.375,8.325,9.801,0,0,1130,0,0.0,0.0,207.0,0.0,106.744,1343,2
55,cylinder_soft,1802,106.744,0.899,-4.950,-3.266,-16.875,-11.699,-23.959,-0.225,-2.700,3.629,7.875,4.274,8.350,0,0,1130,0,0.0,0.0,207.0,0.0,106.744,1343,2
55,cylinder_soft,1853,106.744,0.000,-1.351,-4.719,-13.275,-13.949,-22.506,-6.975,-4.499,-10.164,24.525,19.125,30.129,0,0,1130,0,0.0,0.0,207.0,0.0,106.744,1343,2
55,cylinder_soft,1904,106.744,-24.300,-24.750,-36.662,-2.925,-1.350,-1.453,18.225,12.601,19.602,25.875,20.476,30.854,0,0,1130,0,0.0,0.0,207.0,0.0,106.744,1343,2
55,cylinder_soft,1955,106.744,4.950,0.000,9.074,2.475,-1.350,5.082,6.525,6.751,7.260,17.324,11.925,17.787,0,0,1130,0,0.0,0.0,207.0,0.0,106.744,1343,2
55,cylinder_soft,2006,106.832,-5.399,-10.351,-12.705,14.625,12.600,26.861,14.625,14.851,22.506,8.324,1.125,1.088,0,0,1130,0,0.0,0.0,207.0,0.0,106.744,1343,2
55,cylinder_soft,2057,106.744,-18.000,-20.700,-27.951,-7.425,-8.550,-8.713,-1.125,-2.249,-6.535,27.675,22.274,30.854,0,0,1130,0,0.0,0.0,207.0,0.0,106.744,1343,2
55,cylinder_soft,2108,106.832,-1.351,-4.950,-1.088,-9.675,-9.000,-17.424,11.025,6.300,12.342,20.475,15.976,21.416,0,0,1130,0,0.0,0.0,207.0,0.0,106.744,1343,2
55,cylinder_soft,2161,106.744,-7.200,-13.050,-11.254,-7.425,-4.949,-9.439,8.324,5.400,11.615,6.074,2.476,5.445,0,1,1130,2161,0.0,0.0,207.0,208.0,106.744,1343,2
56,cylinder_soft,6,60.984,6.899,6.300,12.098,-17.700,-17.250,-32.912,-1.801,-3.301,-3.871,16.649,15.300,26.863,0,0,0,0,0.0,0.0,0.0,0.0,0.000,0,0
56,cylinder_soft,57,61.512,-4.950,-4.725,-10.891,9.226,8.774,14.883,-5.625,-5.625,-13.432,-1.574,-4.950,-5.809,0,0,0,0,0.0,0.0,0.0,0.0,0.000,0,0
56,cylinder_soft,108,63.536,4.275,2.024,2.541,3.375,6.750,10.891,-1.350,-7.875,-8.711,30.375,30.825,47.916,0,0,0,0,0.0,0.0,0.0,0.0,0.000,0,0
56,cylinder_soft,159,65.824,-8.100,-3.376,-7.262,3.150,4.949,7.623,11.475,14.400,17.062,19.125,21.826,25.410,0,0,0,0,0.0,0.0,0.0,0.0,0.000,0,0
56,cylinder_soft,210,68.816,-17.774,-13.050,-21.053,4.275,2.476,7.986,26.775,27.450,34.848,35.325,39.375,59.895,0,0,0,0,0.0,0.0,0.0,0.0,0.000,0,0
56,cylinder_soft,261,71.720,-22.500,-17.100,-28.312,-3.150,-5.850,-5.084,21.150,18.449,35.574,30.600,27.000,41.383,0,0,0,0,0.0,0.0,0.0,0.0,0.000,0,0
56,cylinder_soft,313,74.624,-7.875,-11.701,-17.061,-15.300,-17.774,-32.307,3.825,2.250,4.357,2.475,2.025,6.896,0,0,0,0,0.0,0.0,0.0,0.0,0.000,0,0
56,cylinder_soft,364,77.616,-13.049,-11.699,-20.328,-9.899,-6.750,-10.162,24.301,22.950,34.848,1.800,4.049,2.902,0,0,0,0,0.0,0.0,0.0,0.0,0.000,0,0
56,cylinder_soft,415,80.608,-20.475,-13.726,-29.402,7.200,8.551,11.252,9.000,10.576,10.164,25.200,31.274,40.658,0,0,0,0,0.0,0.0,0.0,0.0,0.000,0,0
56,cylinder_soft,467,83.688,-31.051,-29.250,-60.258,-3.150,1.800,0.000,15.750,12.150,17.424,18.000,18.000,23.959,0,0,0,0,0.0,0.0,0.0,0.0,0.000,0,0
56,cylinder_soft,517,86.504,-13.500,-10.800,-19.602,-13.050,-16.875,-25.047,6.301,4.950,9.438,-1.574,-1.125,-1.090,0,0,0,0,0.0,0.0,0.0,0.0,0.000,0,0
56,cylinder_soft,568,89.496,5.850,0.900,7.260,3.601,3.600,5.082,7.200,2.699,2.176,-10.351,-6.750,-17.424,0,0,0,0,0.0,0.0,0.0,0.0,0.000,0,0
56,cylinder_soft,620,92.400,-11.475,-14.399,-15.246,-2.250,0.675,-6.172,1.125,1.351,7.258,7.650,4.726,10.164,0,0,0,0,0.0,0.0,0.0,0.0,0.000,0,0
56,cylinder_soft,671,95.216,-15.299,-19.350,-26.861,-0.451,-1.351,5.809,0.449,-0.449,2.180,3.150,1.351,-2.904,0,0,0,0,0.0,0.0,0.0,0.0,0.000,0,0
56,cylinder_soft,721,98.032,20.701,18.449,29.039,-5.399,-8.551,-2.902,4.049,6.301,10.889,4.500,1.801,1.451,0,0,0,0,0.0,0.0,0.0,0.0,0.000,0,0
56,cylinder_soft,779,100.936,-0.900,-7.649,-5.809,-2.700,2.925,0.361,20.699,18.900,32.307,-0.900,-3.150,-14.883,0,0,0,0,0.0,0.0,0.0,0.0,0.000,0,0
56,cylinder_soft,830,103.576,-21.150,-28.350,-35.572,-12.600,-9.000,-24.684,8.551,11.250,5.809,15.301,13.500,26.863,0,0,0,0,0.0,0.0,0.0,0.0,0.000,0,0
56,cylinder_soft,881,106.040,0.000,4.050,6.535,0.451,-1.351,2.178,-4.500,-6.750,-14.521,6.750,8.551,1.451,0,0,0,0,0.0,0.0,0.0,0.0,0.000,0,0
56,cylinder_soft,933,106.744,3.601,-0.899,9.801,-14.625,-15.750,-23.959,2.925,-0.899,-0.727,10.574,4.726,10.527,0,0,0,0,0.0,0.0,0.0,0.0,0.000,0,0
56,cylinder_soft,984,106.744,0.450,-3.601,2.541,-7.425,-11.250,-17.424,4.275,2.700,7.984,21.824,19.575,30.854,0,0,0,0,0.0,0.0,0.0,0.0,0.000,0,0
56,cylinder_soft,1035,106.744,-0.450,-4.050,-0.363,-13.725,-14.850,-22.506,14.175,12.601,21.779,22.275,13.726,27.951,0,0,0,0,0.0,0.0,0.0,0.0,0.000,0,0
56,cylinder_soft,1085,106.744,-1.351,-4.050,-2.539,-11.025,-11.250,-10.164,16.875,12.601,26.137,22.275,20.476,27.225,0,0,0,0,0.0,0.0,0.0,0.0,0.000,0,0
56,cylinder_soft,1136,106.832,-8.101,-13.950,-15.609,-16.425,-14.400,-20.328,3.375,2.700,1.451,10.125,6.075,6.170,1,0,1136,0,0.0,0.0,211.0,0.0,106.832,0,2
56,cylinder_soft,1194,106.744,6.300,1.800,7.623,-14.175,-13.050,-26.137,6.074,2.700,2.176,15.525,11.476,20.691,0,0,1136,0,0.0,0.0,211.0,0.0,106.832,0,2
56,cylinder_soft,1245,106.744,0.000,-6.300,3.268,-10.125,-10.350,-15.973,20.925,18.450,28.314,7.875,-2.024,-1.090,0,0,1136,0,0.0,0.0,211.0,0.0,106.832,0,2
56,cylinder_soft,1296,106.832,-3.149,-5.851,-14.156,-13.275,-13.500,-19.602,14.175,13.501,18.875,8.324,2.925,7.623,0,0,1136,0,0.0,0.0,211.0,0.0,106.832,0,2
56,cylinder_soft,1347,106.744,-18.450,-22.500,-33.758,-7.425,-4.500,-10.164,14.625,10.800,29.039,16.425,13.274,18.514,0,0,1136,0,0.0,0.0,211.0,0.0,106.832,1347,2
56,cylinder_soft,1399,106.832,-9.000,-9.899,-14.883,0.225,0.900,0.725,14.175,14.400,20.328,25.425,26.774,35.211,0,0,1136,0,0.0,0.0,211.0,0.0,106.832,1347,2
56,cylinder_soft,1450,106.744,0.000,-4.050,0.363,-14.175,-13.050,-23.232,11.025,8.550,17.422,12.375,9.675,18.514,0,0,1136,0,0.0,0.0,211.0,0.0,106.832,1347,2
56,cylinder_soft,1501,106.744,-9.000,-15.300,-17.785,2.475,0.900,2.178,3.375,4.950,7.260,17.775,14.175,17.787,0,0,1136,0,0.0,0.0,211.0,0.0,106.832,1347,2
56,cylinder_soft,1551,106.744,-5.851,-4.500,-6.896,-11.475,-16.199,-24.686,13.725,13.501,19.602,22.725,13.726,24.322,0,0,1136,0,0.0,0.0,211.0,0.0,106.832,1347,2
56,cylinder_soft,1602,106.832,0.899,-1.800,0.363,-7.425,-12.150,-15.248,11.475,10.800,19.602,5.175,0.226,1.088,0,0,1136,0,0.0,0.0,211.0,0.0,106.832,1347,2
56,cylinder_soft,1653,106.832,6.750,-1.800,11.980,-12.375,-11.699,-22.506,11.025,9.001,9.438,16.875,19.575,19.965,0,0,1136,0,0.0,0.0,211.0,0.0,106.832,1347,2
56,cylinder_soft,1704,106.744,8.101,4.500,15.609,0.676,-2.250,2.178,6.074,7.650,13.068,10.125,8.325,8.350,0,0,1136,0,0.0,0.0,211.0,0.0,106.832,1347,2
56,cylinder_soft,1755,106.744,4.500,0.899,6.172,-2.025,-1.800,-0.727,13.275,13.050,20.328,28.574,25.425,35.938,0,0,1136,0,0.0,0.0,211.0,0.0,106.832,1347,2
56,cylinder_soft,1806,106.744,-18.450,-23.851,-27.951,2.475,1.801,-0.002,2.925,3.150,3.629,11.025,3.375,11.979,0,0,1136,0,0.0,0.0,211.0,0.0,106.832,1347,2
56,cylinder_soft,1856,106.744,-13.950,-18.450,-24.320,-15.074,-18.900,-22.506,3.824,-1.800,5.082,22.725,14.625,29.402,0,0,1136,0,0.0,0.0,211.0,0.0,106.832,1347,2
56,cylinder_soft,1908,106.832,4.500,-2.250,2.541,-17.324,-17.550,-27.588,5.625,1.351,7.260,17.775,10.575,17.787,0,0,1136,0,0.0,0.0,211.0,0.0,106.832,1347,2
56,cylinder_soft,1959,106.832,-9.450,-13.500,-10.527,5.625,0.900,9.438,10.574,5.851,10.891,28.125,24.976,38.842,0,0,1136,0,0.0,0.0,211.0,0.0,106.832,1347,2
56,cylinder_soft,2011,106.744,-9.000,-13.500,-13.432,-5.175,-3.150,2.904,11.925,8.550,18.148,15.074,9.675,10.527,0,0,1136,0,0.0,0.0,211.0,0.0,106.832,1347,2
56,cylinder_soft,2062,106.832,0.450,-6.750,-2.539,10.125,8.551,13.793,20.925,13.950,23.957,1.125,-6.976,-17.061,0,0,1136,0,0.0,0.0,211.0,0.0,106.832,1347,2
56,cylinder_soft,2112,106.832,-4.050,-3.601,-1.814,-8.324,-12.150,-15.973,14.175,12.150,19.602,-1.125,-6.075,-10.527,0,0,1136,0,0.0,0.0,211.0,0.0,106.832,1347,2
56,cylinder_soft,2163,106.744,-4.950,-13.050,-7.623,-6.074,-8.100,-13.068,-1.125,-2.249,-6.535,3.375,4.726,-2.541,0,1,1136,2163,0.0,0.0,211.0,207.0,106.832,1347,2
57,cylinder_soft,5,60.984,3.750,4.050,11.373,-0.600,1.199,-1.693,-9.450,-10.500,-16.939,-5.851,-3.601,-10.164,0,0,0,0,0.0,0.0,0.0,0.0,0.000,0,0
57,cylinder_soft,56,61.512,-13.950,-15.074,-23.232,-8.325,-5.176,-6.896,2.925,8.324,9.074,0.676,2.250,2.176,0,0,0,0,0.0,0.0,0.0,0.0,0.000,0,0
57,cylinder_soft,108,63.536,-8.325,-7.875,-16.336,7.875,8.101,15.246,4.500,6.074,5.809,11.025,12.375,11.615,0,0,0,0,0.0,0.0,0.0,0.0,0.000,0,0
57,cylinder_soft,159,65.824,-7.650,-2.925,-5.809,0.451,2.699,8.350,7.875,5.400,16.336,16.425,15.525,17.424,0,0,0,0,0.0,0.0,0.0,0.0,0.000,0,0
57,cylinder_soft,210,68.816,-15.976,-16.650,-25.410,6.976,6.524,15.971,10.125,8.100,12.344,3.375,-2.476,2.541,0,0,0,0,0.0,0.0,0.0,0.0,0.000,0,0
57,cylinder_soft,261,71.632,6.301,6.301,16.699,7.199,4.500,8.711,-8.100,-13.051,-9.438,9.900,9.899,10.891,0,0,0,0,0.0,0.0,0.0,0.0,0.000,0,0
57,cylinder_soft,318,74.976,-16.875,-17.551,-33.033,-18.899,-23.175,-30.855,5.625,2.250,1.453,22.725,19.574,31.580,0,0,0,0,0.0,0.0,0.0,0.0,0.000,0,0
57,cylinder_soft,368,77.880,-11.250,-9.900,-15.246,1.351,2.250,6.535,-0.449,-4.500,-7.260,0.000,1.350,5.807,0,0,0,0,0.0,0.0,0.0,0.0,0.000,0,0
57,cylinder_soft,419,80.872,-9.225,-5.626,-20.691,-4.500,-4.949,-11.252,-3.150,-5.625,-4.355,13.500,15.975,19.604,0,0,0,0,0.0,0.0,0.0,0.0,0.000,0,0
57,cylinder_soft,470,83.864,-13.500,-13.050,-17.424,3.149,3.601,2.904,-4.500,-4.500,-13.068,-2.701,-2.699,-14.520,0,0,0,0,0.0,0.0,0.0,0.0,0.000,0,0
57,cylinder_soft,521,86.768,-7.200,-5.851,-5.809,-13.500,-19.125,-19.963,8.100,7.649,13.793,-12.375,-11.475,-17.789,0,0,0,0,0.0,0.0,0.0,0.0,0.000,0,0
57,cylinder_soft,573,89.848,15.301,10.801,31.945,8.550,8.100,23.957,7.200,2.250,4.355,-30.150,-27.450,-43.561,0,0,0,0,0.0,0.0,0.0,0.0,0.000,0,0
57,cylinder_soft,625,92.752,-8.774,-10.799,-12.342,-32.399,-30.375,-50.457,3.825,-2.699,-1.453,7.199,4.726,7.260,0,0,0,0,0.0,0.0,0.0,0.0,0.000,0,0
57,cylinder_soft,676,95.568,-13.949,-16.650,-18.875,-3.150,-5.400,0.727,-6.301,-4.949,-11.615,29.250,24.750,38.479,0,0,0,0,0.0,0.0,0.0,0.0,0.000,0,0
57,cylinder_soft,728,98.472,6.524,5.176,15.973,-10.351,-10.124,-12.705,-1.125,-5.176,-10.164,-5.625,-3.600,-6.170,0,0,0,0,0.0,0.0,0.0,0.0,0.000,0,0
57,cylinder_soft,778,100.936,-9.900,-14.851,-10.891,-18.899,-13.726,-21.418,10.350,5.400,15.609,17.100,14.400,22.145,0,0,0,0,0.0,0.0,0.0,0.0,0.000,0,0
57,cylinder_soft,829,103.488,-20.250,-22.500,-30.492,8.100,8.101,4.357,10.801,13.950,19.602,11.250,9.899,15.246,0,0,0,0,0.0,0.0,0.0,0.0,0.000,0,0
57,cylinder_soft,880,106.040,24.750,21.149,46.465,15.750,12.600,18.150,-16.199,-17.100,-37.752,-10.350,-10.350,-24.684,0,0,0,0,0.0,0.0,0.0,0.0,0.000,0,0
57,cylinder_soft,931,106.744,9.000,5.399,17.787,-6.975,-4.500,-8.713,9.675,8.101,14.520,23.625,15.524,25.773,0,0,0,0,0.0,0.0,0.0,0.0,0.000,0,0
57,cylinder_soft,981,106.832,4.050,-4.050,-3.266,-13.725,-18.900,-20.328,15.975,8.101,22.506,15.525,11.476,21.416,0,0,0,0,0.0,0.0,0.0,0.0,0.000,0,0
57,cylinder_soft,1032,106.832,-8.550,-13.500,-14.883,-12.375,-17.550,-22.506,15.525,13.950,15.971,10.574,4.726,10.527,0,0,0,0,0.0,0.0,0.0,0.0,0.000,0,0
57,cylinder_soft,1082,106.832,-7.200,-13.950,-20.691,2.025,1.350,2.178,6.525,1.351,4.355,28.574,23.625,35.211,0,0,0,0,0.0,0.0,0.0,0.0,0.000,0,0
57,cylinder_soft,1133,106.832,-5.399,-9.899,-6.896,-5.625,-6.300,-14.521,11.475,9.450,15.971,10.574,6.075,0.361,1,0,1133,0,0.0,0.0,203.0,0.0,106.832,0,2
57,cylinder_soft,1191,106.832,4.950,-0.899,2.541,-2.925,-1.350,-2.178,10.125,11.251,14.520,13.275,10.575,19.965,0,0,1133,0,0.0,0.0,203.0,0.0,106.832,0,2
57,cylinder_soft,1242,106.744,10.351,9.000,23.596,2.926,-2.699,-4.355,0.675,-2.700,-3.629,9.675,3.375,8.350,0,0,1133,0,0.0,0.0,203.0,0.0,106.832,0,2
57,cylinder_soft,1293,106.832,0.899,-6.300,-4.719,-14.175,-15.300,-19.602,12.824,9.450,17.422,32.175,29.476,41.020,0,0,1133,0,0.0,0.0,203.0,0.0,106.832,0,2
57,cylinder_soft,1344,106.832,-4.050,-9.899,-8.348,-2.475,1.350,2.178,6.074,-1.800,1.451,19.125,8.774,11.254,0,0,1133,0,0.0,0.0,203.0,0.0,106.832,1344,2
57,cylinder_soft,1394,106.832,-15.300,-20.250,-22.869,-0.675,-1.350,2.178,6.074,2.700,7.260,2.025,0.226,-0.363,0,0,1133,0,0.0,0.0,203.0,0.0,106.832,1344,2
57,cylinder_soft,1445,106.832,0.450,-4.950,-3.266,-1.574,-5.850,-2.904,13.275,9.900,13.793,17.775,10.575,21.416,0,0,1133,0,0.0,0.0,203.0,0.0,106.832,1344,2
57,cylinder_soft,1497,106.832,3.149,-4.950,1.090,-14.625,-20.250,-25.410,14.175,12.150,22.506,-0.225,-3.375,-5.445,0,0,1133,0,0.0,0.0,203.0,0.0,106.832,1344,2
57,cylinder_soft,1547,106.832,0.000,-5.399,1.090,4.725,4.500,1.451,6.975,2.251,7.984,30.824,27.675,41.020,0,0,1133,0,0.0,0.0,203.0,0.0,106.832,1344,2
57,cylinder_soft,1598,106.832,-0.450,-6.300,-1.814,7.426,4.500,13.066,6.975,8.101,18.875,23.625,15.075,22.869,0,0,1133,0,0.0,0.0,203.0,0.0,106.832,1344,2
57,cylinder_soft,1649,106.832,-10.800,-15.300,-19.965,-12.375,-11.250,-15.248,5.625,2.700,2.902,17.775,18.226,16.334,0,0,1133,0,0.0,0.0,203.0,0.0,106.832,1344,2
57,cylinder_soft,1699,106.832,-14.399,-17.550,-25.773,-15.074,-18.900,-18.150,13.725,11.251,20.328,1.125,-3.375,-7.623,0,0,1133,0,0.0,0.0,203.0,0.0,106.832,1344,2
57,cylinder_soft,1751,106.832,2.250,0.000,6.898,-4.275,-4.949,-3.631,9.225,8.550,15.971,19.574,17.774,23.596,0,0,1133,0,0.0,0.0,203.0,0.0,106.832,1344,2
57,cylinder_soft,1802,106.832,-9.000,-9.899,-11.254,-11.475,-12.150,-13.068,4.725,0.450,7.260,2.925,-0.675,-3.992,0,0,1133,0,0.0,0.0,203.0,0.0,106.832,1344,2
57,cylinder_soft,1853,106.832,0.000,-5.851,-1.814,-2.025,-6.300,-4.355,6.975,8.550,10.891,14.175,8.774,11.254,0,0,1133,0,0.0,0.0,203.0,0.0,106.832,1344,2
57,cylinder_soft,1904,106.832,-9.899,-14.399,-20.691,3.825,-2.250,5.807,4.275,0.001,0.725,8.775,3.825,7.623,0,0,1133,0,0.0,0.0,203.0,0.0,106.832,1344,2
57,cylinder_soft,1955,106.744,-16.200,-23.851,-30.854,-2.475,-5.850,-4.355,12.824,9.450,14.520,5.175,3.375,5.445,0,0,1133,0,0.0,0.0,203.0,0.0,106.832,1344,2
57,cylinder_soft,2007,106.832,-15.750,-20.250,-21.416,-3.824,-5.850,-5.809,11.475,4.501,11.615,-0.676,-3.375,-10.527,0,0,1133,0,0.0,0.0,203.0,0.0,106.832,1344,2
57,cylinder_soft,2058,106.832,4.950,1.800,5.445,2.025,-0.449,-0.727,14.175,6.751,16.697,23.625,17.325,29.402,0,0,1133,0,0.0,0.0,203.0,0.0,106.832,1344,2
57,cylinder_soft,2109,106.832,-0.899,-5.399,-1.814,-9.675,-10.350,-22.506,11.025,8.101,13.068,13.725,9.226,10.527,0,0,1133,0,0.0,0.0,203.0,0.0,106.832,1344,2
57,cylinder_soft,2159,106.832,0.000,-7.649,-2.539,-15.525,-12.150,-23.959,12.824,7.650,20.328,12.375,2.925,6.170,0,1,1133,2159,0.0,0.0,203.0,208.0,106.832,1344,2
58,cylinder_soft,6,60.984,-11.101,-12.601,-21.297,2.100,-0.600,-1.693,10.800,8.850,10.648,24.750,24.300,39.932,0,0,0,0,0.0,0.0,0.0,0.0,0.000,0,0
58,cylinder_soft,57,61.512,-21.149,-18.675,-32.672,-5.625,-6.076,-10.527,-5.625,-2.025,-11.254,-0.675,0.000,0.000,0,0,0,0,0.0,0.0,0.0,0.0,0.000,0,0
58,cylinder_soft,108,63.448,2.025,0.226,3.992,-3.824,-5.399,-0.725,-3.150,-3.825,-9.438,-2.025,-3.375,-12.342,0,0,0,0,0.0,0.0,0.0,0.0,0.000,0,0
58,cylinder_soft,159,65.736,-15.750,-15.525,-23.234,0.900,-2.250,5.445,2.924,3.150,5.445,15.074,15.076,19.602,0,0,0,0,0.0,0.0,0.0,0.0,0.000,0,0
58,cylinder_soft,210,68.728,-12.375,-14.850,-23.230,-2.024,-4.274,-3.631,12.826,8.999,13.070,24.975,24.976,44.648,0,0,0,0,0.0,0.0,0.0,0.0,0.000,0,0
58,cylinder_soft,261,71.632,-2.250,-3.600,-0.725,18.000,15.750,31.217,4.050,-0.900,9.438,10.800,9.899,13.068,0,0,0,0,0.0,0.0,0.0,0.0,0.000,0,0
58,cylinder_soft,312,74.536,-7.426,-9.451,-8.350,-12.601,-15.976,-24.320,2.024,0.900,-2.178,8.775,4.275,7.621,0,0,0,0,0.0,0.0,0.0,0.0,0.000,0,0
58,cylinder_soft,364,77.616,-10.799,-11.250,-18.150,7.650,8.100,15.246,10.801,8.100,11.617,6.300,3.149,3.629,0,0,0,0,0.0,0.0,0.0,0.0,0.000,0,0
58,cylinder_soft,415,80.520,-20.025,-15.976,-30.129,20.250,17.551,27.225,-3.601,-6.524,-10.164,15.750,16.875,24.686,0,0,0,0,0.0,0.0,0.0,0.0,0.000,0,0
58,cylinder_soft,466,83.512,-14.851,-14.850,-26.861,1.350,2.250,6.533,-8.550,-9.450,-18.877,-10.801,-8.100,-21.779,0,0,0,0,0.0,0.0,0.0,0.0,0.000,0,0
58,cylinder_soft,516,86.504,-20.700,-18.450,-29.041,6.750,-1.576,6.896,-9.000,-9.000,-12.344,16.875,15.975,26.498,0,0,0,0,0.0,0.0,0.0,0.0,0.000,0,0
58,cylinder_soft,571,89.672,-13.949,-18.449,-21.781,31.950,35.100,65.340,-1.350,-1.350,3.629,6.750,5.400,10.164,0,0,0,0,0.0,0.0,0.0,0.0,0.000,0,0
58,cylinder_soft,622,92.488,11.926,10.801,19.602,-6.750,-10.575,-14.158,14.625,12.150,21.779,1.800,1.125,3.629,0,0,0,0,0.0,0.0,0.0,0.0,0.000,0,0
58,cylinder_soft,673,95.392,-11.699,-17.550,-25.410,-3.601,-9.900,-7.260,-4.500,-2.699,-18.148,9.450,4.500,1.451,0,0,0,0,0.0,0.0,0.0,0.0,0.000,0,0
58,cylinder_soft,725,98.208,-6.976,-14.175,-7.984,4.500,6.075,14.883,2.476,0.225,0.727,12.375,11.700,19.965,0,0,0,0,0.0,0.0,0.0,0.0,0.000,0,0
58,cylinder_soft,776,100.848,-1.351,-3.601,-1.453,-12.149,-9.226,-15.609,-2.701,-7.200,-9.074,7.650,5.850,1.814,0,0,0,0,0.0,0.0,0.0,0.0,0.000,0,0
58,cylinder_soft,827,103.400,-24.301,-29.250,-39.203,-22.500,-21.149,-36.301,8.551,8.100,12.342,0.000,3.149,7.260,0,0,0,0,0.0,0.0,0.0,0.0,0.000,0,0
58,cylinder_soft,878,105.864,2.700,1.800,7.262,13.951,9.449,23.959,-8.549,-8.100,-23.232,9.000,12.600,2.902,0,0,0,0,0.0,0.0,0.0,0.0,0.000,0,0
58,cylinder_soft,929,106.744,-26.101,-27.899,-38.840,-2.925,-1.350,-2.904,-13.725,-17.550,-29.041,20.925,18.675,22.143,0,0,0,0,0.0,0.0,0.0,0.0,0.000,0,0
58,cylinder_soft,981,106.832,1.351,-7.649,-3.992,-11.025,-10.350,-13.795,2.025,2.700,1.451,13.725,9.675,7.623,0,0,0,0,0.0,0.0,0.0,0.0,0.000,0,0
58,cylinder_soft,1033,106.744,16.649,9.450,27.227,-4.725,-8.100,-8.713,15.074,15.300,24.684,2.025,-4.726,-3.268,0,0,0,0,0.0,0.0,0.0,0.0,0.000,0,0
58,cylinder_soft,1084,106.832,-0.899,-3.601,-0.363,-7.875,-13.050,-17.424,4.725,3.150,10.164,4.275,5.625,-6.896,0,0,0,0,0.0,0.0,0.0,0.0,0.000,0,0
58,cylinder_soft,1135,106.832,-4.050,-7.200,-6.172,7.875,8.551,15.244,0.225,0.900,-2.904,14.625,12.375,19.238,1,0,1135,0,0.0,0.0,206.0,0.0,106.832,0,2
58,cylinder_soft,1193,106.832,4.950,6.300,16.336,-2.925,-7.199,-8.713,-8.775,-12.149,-13.068,20.475,20.925,21.416,0,0,1135,0,0.0,0.0,206.0,0.0,106.832,0,2
58,cylinder_soft,1244,106.832,-9.899,-17.101,-19.965,-5.625,-6.750,-7.986,0.675,-1.350,-3.629,32.625,30.825,42.471,0,0,1135,0,0.0,0.0,206.0,0.0,106.832,0,2
58,cylinder_soft,1295,106.832,3.601,-3.149,3.268,-11.025,-14.850,-19.602,5.625,5.851,12.342,14.625,8.774,14.883,0,0,1135,0,0.0,0.0,206.0,0.0,106.832,0,2
58,cylinder_soft,1345,106.832,-14.399,-20.250,-25.047,-2.475,-9.449,-5.082,9.225,6.751,15.246,-0.676,-7.875,-10.527,0,0,1135,0,0.0,0.0,206.0,0.0,106.832,1345,2
58,cylinder_soft,1396,106.832,10.351,6.750,14.883,-2.475,-7.199,-1.453,-6.525,-10.350,-15.973,16.875,10.575,13.430,0,0,1135,0,0.0,0.0,206.0,0.0,106.832,1345,2
58,cylinder_soft,1447,106.832,-12.149,-18.899,-19.965,-0.225,-2.699,3.629,25.425,22.050,40.656,9.675,4.726,6.170,0,0,1135,0,0.0,0.0,206.0,0.0,106.832,1345,2
58,cylinder_soft,1498,106.832,1.800,-2.250,-0.363,7.426,3.600,11.615,12.824,7.200,13.068,-0.676,-4.274,-3.268,0,0,1135,0,0.0,0.0,206.0,0.0,106.832,1345,2
58,cylinder_soft,1549,106.832,-1.351,-4.050,-1.088,-1.125,-2.699,-4.355,9.225,9.001,15.246,9.225,4.274,6.896,0,0,1135,0,0.0,0.0,206.0,0.0,106.832,1345,2
58,cylinder_soft,1600,106.832,-19.351,-22.050,-27.225,-6.074,-7.199,-8.713,-6.525,-8.999,-5.809,0.225,-4.274,-2.541,0,0,1135,0,0.0,0.0,206.0,0.0,106.832,1345,2
58,cylinder_soft,1653,106.832,-3.149,-8.550,-5.445,-14.175,-13.500,-21.779,-13.275,-14.399,-20.328,6.975,4.726,3.992,0,0,1135,0,0.0,0.0,206.0,0.0,106.832,1345,2
58,cylinder_soft,1703,106.832,-2.700,-8.550,-7.623,-18.675,-21.150,-31.945,2.475,2.251,0.725,12.375,7.875,9.801,0,0,1135,0,0.0,0.0,206.0,0.0,106.832,1345,2
58,cylinder_soft,1754,106.832,2.250,-2.250,10.527,5.176,0.450,12.342,12.824,8.550,16.697,21.375,14.625,22.869,0,0,1135,0,0.0,0.0,206.0,0.0,106.832,1345,2
58,cylinder_soft,1805,106.832,-5.851,-8.101,-6.896,-13.725,-14.850,-21.053,2.025,1.351,2.902,6.525,2.476,2.541,0,0,1135,0,0.0,0.0,206.0,0.0,106.832,1345,2
58,cylinder_soft,1856,106.832,4.950,2.700,12.707,-10.574,-12.150,-15.248,12.375,10.351,18.875,13.275,6.524,13.430,0,0,1135,0,0.0,0.0,206.0,0.0,106.832,1345,2
58,cylinder_soft,1907,106.832,-0.450,-4.950,-0.363,-0.225,-5.850,-5.809,6.525,4.950,10.891,20.025,10.125,16.334,0,0,1135,0,0.0,0.0,206.0,0.0,106.832,1345,2
58,cylinder_soft,1959,106.832,0.450,0.000,9.074,-14.175,-13.949,-22.506,11.925,10.351,18.148,13.275,8.774,11.979,0,0,1135,0,0.0,0.0,206.0,0.0,106.832,1345,2
58,cylinder_soft,2009,106.832,4.500,-3.601,6.172,4.725,5.850,13.066,14.175,12.150,17.422,15.525,13.274,12.705,0,0,1135,0,0.0,0.0,206.0,0.0,106.832,1345,2
58,cylinder_soft,2060,106.832,-0.450,-5.851,3.992,-16.875,-17.550,-23.232,2.925,-0.899,2.902,10.125,2.925,11.254,0,0,1135,0,0.0,0.0,206.0,0.0,106.832,1345,2
58,cylinder_soft,2112,106.832,11.700,9.899,19.238,14.625,16.200,20.328,5.625,6.300,4.355,20.925,13.726,20.691,0,0,1135,0,0.0,0.0,206.0,0.0,106.832,1345,2
58,cylinder_soft,2163,106.832,4.500,0.899,4.719,1.125,1.350,-0.727,-7.875,-13.050,-15.973,24.525,22.274,28.676,0,1,1135,2163,0.0,0.0,206.0,203.0,106.832,1345,2
59,cylinder_soft,5,60.984,-11.551,-13.501,-21.297,2.100,2.100,9.195,2.699,2.100,-0.969,15.750,16.200,23.232,0,0,0,0,0.0,0.0,0.0,0.0,0.000,0,0
59,cylinder_soft,57,61.512,-4.050,-2.925,-5.809,1.575,6.074,9.076,-3.825,-0.676,-5.445,4.275,2.699,7.984,0,0,0,0,0.0,0.0,0.0,0.0,0.000,0,0
59,cylinder_soft,107,63.536,-0.225,-0.226,-6.896,3.375,0.900,5.082,-3.150,-4.275,-15.973,1.574,4.275,-0.727,0,0,0,0,0.0,0.0,0.0,0.0,0.000,0,0
59,cylinder_soft,157,65.736,-8.100,-3.376,-9.439,0.451,-2.700,3.994,15.074,20.250,24.322,20.475,16.426,31.219,0,0,0,0,0.0,0.0,0.0,0.0,0.000,0,0
59,cylinder_soft,207,68.640,-10.125,-9.449,-13.068,15.075,14.175,26.137,-1.574,-4.501,-12.342,16.426,16.425,25.771,0,0,0,0,0.0,0.0,0.0,0.0,0.000,0,0
59,cylinder_soft,257,71.456,9.900,16.200,28.314,1.350,-4.949,-7.262,9.449,10.350,21.781,23.400,20.250,29.039,0,0,0,0,0.0,0.0,0.0,0.0,0.000,0,0
59,cylinder_soft,307,74.360,-15.525,-19.351,-25.047,-11.700,-16.425,-30.855,2.476,2.699,-3.629,6.075,1.125,4.719,0,0,0,0,0.0,0.0,0.0,0.0,0.000,0,0
59,cylinder_soft,359,77.264,-9.899,-14.400,-18.877,-4.949,-6.301,-6.533,20.701,18.000,26.863,-2.700,1.350,-2.906,0,0,0,0,0.0,0.0,0.0,0.0,0.000,0,0
59,cylinder_soft,409,80.256,-19.575,-13.726,-27.951,13.500,13.500,19.965,9.000,7.426,13.068,4.950,8.774,9.439,0,0,0,0,0.0,0.0,0.0,0.0,0.000,0,0
59,cylinder_soft,459,83.248,-16.201,-9.449,-29.039,-10.351,-4.950,-18.877,6.750,9.000,7.986,5.399,7.650,8.713,0,0,0,0,0.0,0.0,0.0,0.0,0.000,0,0
59,cylinder_soft,510,86.152,-4.500,-5.399,-6.533,-0.899,-5.625,-5.443,9.000,9.899,11.615,-6.074,-2.925,-12.705,0,0,0,0,0.0,0.0,0.0,0.0,0.000,0,0
59,cylinder_soft,561,89.144,-14.175,-16.649,-21.055,-5.175,-4.274,1.088,9.226,8.101,16.336,13.499,10.800,21.416,0,0,0,0,0.0,0.0,0.0,0.0,0.000,0,0
59,cylinder_soft,612,92.048,2.700,-2.250,5.807,20.699,18.449,32.670,-11.250,-11.699,-21.779,-0.449,3.150,5.080,0,0,0,0,0.0,0.0,0.0,0.0,0.000,0,0
59,cylinder_soft,662,94.864,3.150,6.301,11.615,3.375,0.450,4.719,-14.625,-14.850,-31.582,9.451,11.025,14.520,0,0,0,0,0.0,0.0,0.0,0.0,0.000,0,0
59,cylinder_soft,712,97.592,-3.600,-8.100,-14.520,-7.199,-7.200,-12.342,12.600,17.101,15.971,17.100,18.451,27.588,0,0,0,0,0.0,0.0,0.0,0.0,0.000,0,0
59,cylinder_soft,763,100.232,-18.000,-16.199,-32.670,-14.399,-7.650,-10.891,-14.851,-13.500,-30.492,15.750,12.150,18.875,0,0,0,0,0.0,0.0,0.0,0.0,0.000,0,0
59,cylinder_soft,815,102.784,-9.676,-11.700,-18.512,-7.875,-6.750,-13.068,-1.125,0.675,-0.727,14.625,13.275,17.787,0,0,0,0,0.0,0.0,0.0,0.0,0.000,0,0
59,cylinder_soft,867,105.512,1.801,4.050,6.535,-8.549,-9.000,-6.533,0.451,0.000,-9.438,0.000,6.750,-5.084,0,0,0,0,0.0,0.0,0.0,0.0,0.000,0,0
59,cylinder_soft,918,106.744,-6.300,-14.851,-11.979,-2.025,0.450,-2.904,14.175,7.650,15.246,3.375,-1.575,-6.896,0,0,0,0,0.0,0.0,0.0,0.0,0.000,0,0
59,cylinder_soft,969,106.832,4.950,-0.899,0.363,6.075,6.301,6.533,-3.375,-4.050,-14.521,25.875,18.675,32.307,0,0,0,0,0.0,0.0,0.0,0.0,0.000,0,0
59,cylinder_soft,1020,106.832,-0.899,-5.851,1.090,-11.025,-17.100,-18.877,-5.625,-4.499,-9.438,20.025,16.875,25.047,0,0,0,0,0.0,0.0,0.0,0.0,0.000,0,0
59,cylinder_soft,1071,106.832,3.149,-3.601,6.172,-8.775,-9.449,-17.424,16.875,9.001,15.971,21.824,15.976,22.143,0,0,0,0,0.0,0.0,0.0,0.0,0.000,0,0
59,cylinder_soft,1122,106.832,-1.800,-7.649,-3.266,-2.025,0.450,-0.727,-15.525,-14.850,-26.863,9.675,3.825,9.801,1,0,1122,0,0.0,0.0,203.0,0.0,106.832,0,2
59,cylinder_soft,1180,106.832,-3.601,-7.200,-8.348,-10.125,-14.400,-21.779,-5.176,-5.399,-14.521,29.475,27.226,43.922,0,0,1122,0,0.0,0.0,203.0,0.0,106.832,0,2
59,cylinder_soft,1232,106.832,-0.450,-6.300,-5.445,6.075,9.000,7.260,6.975,3.601,9.438,-1.575,-4.726,-8.350,0,0,1122,0,0.0,0.0,203.0,0.0,106.832,0,2
59,cylinder_soft,1283,106.832,1.351,-6.300,2.541,-11.025,-8.550,-15.248,-9.225,-8.999,-14.521,26.324,26.325,35.211,0,0,1122,0,0.0,0.0,203.0,0.0,106.832,0,2
59,cylinder_soft,1333,106.832,-0.899,-4.500,-2.539,-1.574,-4.949,-2.904,-0.676,0.450,-0.727,13.275,10.575,12.705,0,0,1122,0,0.0,0.0,203.0,0.0,106.832,1333,2
59,cylinder_soft,1384,106.832,-0.450,-3.601,-2.539,-5.625,-6.750,-7.260,3.824,-1.350,-2.178,28.125,21.375,31.580,0,0,1122,0,0.0,0.0,203.0,0.0,106.832,1333,2
59,cylinder_soft,1435,106.832,-3.601,-11.700,-4.719,-8.324,-10.350,-18.150,-0.676,-3.149,-3.629,19.574,12.825,17.061,0,0,1122,0,0.0,0.0,203.0,0.0,106.832,1333,2
59,cylinder_soft,1492,106.832,-6.300,-13.050,-14.156,18.676,20.250,30.490,11.475,6.300,11.615,15.074,10.575,14.156,0,0,1122,0,0.0,0.0,203.0,0.0,106.832,1333,2
59,cylinder_soft,1543,106.832,-11.250,-15.300,-18.512,11.926,9.000,21.053,5.175,5.400,5.809,18.225,14.625,27.225,0,0,1122,0,0.0,0.0,203.0,0.0,106.832,1333,2
59,cylinder_soft,1594,106.832,7.649,2.250,15.609,-4.725,-2.699,-7.260,5.175,5.851,5.082,31.725,28.125,40.293,0,0,1122,0,0.0,0.0,203.0,0.0,106.832,1333,2
59,cylinder_soft,1644,106.832,-5.399,-9.450,-11.254,3.375,0.450,3.629,0.225,-3.600,0.725,20.475,18.675,25.047,0,0,1122,0,0.0,0.0,203.0,0.0,106.832,1333,2
59,cylinder_soft,1695,106.832,-6.750,-12.601,-16.334,-7.875,-9.449,-12.342,9.675,10.351,21.053,-0.225,-5.175,-6.896,0,0,1122,0,0.0,0.0,203.0,0.0,106.832,1333,2
59,cylinder_soft,1747,106.832,-7.200,-13.050,-9.801,5.625,0.900,8.713,0.225,1.351,2.902,18.675,11.925,22.869,0,0,1122,0,0.0,0.0,203.0,0.0,106.832,1333,2
59,cylinder_soft,1797,106.832,-9.000,-13.050,-24.320,6.975,4.500,6.533,6.525,4.501,0.725,18.675,15.075,17.061,0,0,1122,0,0.0,0.0,203.0,0.0,106.832,1333,2
59,cylinder_soft,1848,106.832,-15.750,-20.700,-24.320,3.375,0.450,2.904,7.875,8.550,10.891,12.824,11.476,10.527,0,0,1122,0,0.0,0.0,203.0,0.0,106.832,1333,2
59,cylinder_soft,1900,106.832,-10.351,-15.300,-19.238,-5.175,-2.699,-1.453,23.175,23.400,31.943,-2.926,-5.625,-6.896,0,0,1122,0,0.0,0.0,203.0,0.0,106.832,1333,2
59,cylinder_soft,1951,106.832,-10.800,-13.950,-14.883,4.725,5.850,6.533,11.925,12.601,14.520,1.125,-3.375,-4.719,0,0,1122,0,0.0,0.0,203.0,0.0,106.832,1333,2
59,cylinder_soft,2002,106.832,-5.399,-13.950,-17.061,-2.925,-3.150,-3.631,-1.575,-4.950,-7.986,26.775,18.226,28.676,0,0,1122,0,0.0,0.0,203.0,0.0,106.832,1333,2
59,cylinder_soft,2053,106.832,4.950,-1.800,6.172,4.275,4.500,12.342,-1.575,-4.050,-10.164,23.175,12.825,24.322,0,0,1122,0,0.0,0.0,203.0,0.0,106.832,1333,2
59,cylinder_soft,2104,106.832,-3.149,-7.649,-2.539,11.475,9.450,10.891,-7.875,-8.100,-21.055,19.574,12.825,17.787,0,0,1122,0,0.0,0.0,203.0,0.0,106.832,1333,2
59,cylinder_soft,2155,106.832,3.149,-3.601,3.992,6.975,6.301,5.082,4.275,-0.450,2.176,2.925,3.825,-0.363,0,1,1122,2155,0.0,0.0,203.0,203.0,106.832,1333,2
60,cylinder_soft,6,60.984,17.699,19.800,33.152,-10.500,-7.801,-19.119,-6.301,-6.000,-8.953,10.800,9.899,11.617,0,0,0,0,0.0,0.0,0.0,0.0,0.000,0,0
60,cylinder_soft,57,61.512,-8.100,-13.275,-20.328,0.226,2.475,6.896,-2.476,2.475,-4.719,-20.475,-22.051,-35.576,0,0,0,0,0.0,0.0,0.0,0.0,0.000,0,0
60,cylinder_soft,107,63.448,-1.575,-5.175,-7.623,6.525,4.500,8.713,-6.300,-8.325,-12.342,7.425,10.125,7.984,0,0,0,0,0.0,0.0,0.0,0.0,0.000,0,0
60,cylinder_soft,159,65.824,-4.500,-7.425,-5.084,-3.149,-7.650,1.090,3.824,7.200,8.352,9.225,10.576,10.164,0,0,0,0,0.0,0.0,0.0,0.0,0.000,0,0
60,cylinder_soft,210,68.816,-12.375,-10.350,-18.150,-1.575,-6.075,-3.631,17.775,17.100,19.602,22.725,18.226,27.949,0,0,0,0,0.0,0.0,0.0,0.0,0.000,0,0
60,cylinder_soft,261,71.632,-13.500,-10.350,-15.971,-8.551,-7.649,-12.344,-9.000,-10.801,-15.973,16.650,12.149,18.877,0,0,0,0,0.0,0.0,0.0,0.0,0.000,0,0
60,cylinder_soft,312,74.536,1.125,-1.801,1.814,-15.750,-20.476,-34.484,3.375,3.150,-0.727,1.575,-1.125,-5.445,0,0,0,0,0.0,0.0,0.0,0.0,0.000,0,0
60,cylinder_soft,363,77.528,5.851,4.500,3.629,4.951,6.299,9.438,23.851,23.850,35.574,-12.149,-15.750,-23.234,0,0,0,0,0.0,0.0,0.0,0.0,0.000,0,0
60,cylinder_soft,415,80.608,-31.725,-28.575,-54.813,4.950,2.700,3.994,-4.951,-6.524,-8.711,14.851,14.625,23.232,0,0,0,0,0.0,0.0,0.0,0.0,0.000,0,0
60,cylinder_soft,466,83.600,-22.500,-20.699,-37.027,9.000,11.250,15.971,-9.449,-7.200,-21.055,4.049,10.801,8.713,0,0,0,0,0.0,0.0,0.0,0.0,0.000,0,0
60,cylinder_soft,517,86.592,-4.950,-7.649,-7.260,-4.950,-7.426,-6.170,5.850,7.200,7.984,10.125,8.775,9.801,0,0,0,0,0.0,0.0,0.0,0.0,0.000,0,0
60,cylinder_soft,568,89.496,-9.900,-11.250,-10.164,0.899,4.950,5.809,19.350,14.400,25.408,-9.451,-8.551,-12.344,0,0,0,0,0.0,0.0,0.0,0.0,0.000,0,0
60,cylinder_soft,619,92.488,3.826,2.701,10.164,-6.750,-6.525,-17.061,-6.075,-10.350,-14.520,8.100,8.325,7.260,0,0,0,0,0.0,0.0,0.0,0.0,0.000,0,0
60,cylinder_soft,670,95.304,-10.350,-10.800,-13.066,-4.951,-8.551,-7.986,0.449,-2.250,-13.066,3.600,1.800,3.629,0,0,0,0,0.0,0.0,0.0,0.0,0.000,0,0
60,cylinder_soft,721,98.032,5.851,4.500,7.986,-9.449,-10.350,-14.520,-5.851,-7.199,-17.424,15.299,14.400,18.150,0,0,0,0,0.0,0.0,0.0,0.0,0.000,0,0
60,cylinder_soft,772,100.672,-14.851,-13.950,-22.508,-15.300,-13.726,-15.609,-5.400,-11.700,-15.609,16.650,15.300,10.527,0,0,0,0,0.0,0.0,0.0,0.0,0.000,0,0
60,cylinder_soft,823,103.224,-16.201,-20.250,-31.217,6.750,6.301,8.711,8.100,6.301,10.891,-9.449,-5.399,-12.342,0,0,0,0,0.0,0.0,0.0,0.0,0.000,0,0
60,cylinder_soft,874,105.776,12.600,18.450,29.041,22.051,18.000,34.850,-16.649,-17.549,-31.219,6.750,6.750,-2.906,0,0,0,0,0.0,0.0,0.0,0.0,0.000,0,0
60,cylinder_soft,925,106.744,-12.601,-18.000,-27.225,1.125,3.600,5.082,19.125,15.300,25.410,29.025,23.175,37.389,0,0,0,0,0.0,0.0,0.0,0.0,0.000,0,0
60,cylinder_soft,976,106.832,-15.300,-17.550,-19.238,7.875,4.500,8.713,0.225,1.351,-2.904,19.574,16.875,25.047,0,0,0,0,0.0,0.0,0.0,0.0,0.000,0,0
60,cylinder_soft,1027,106.832,-5.851,-9.450,-14.156,-11.025,-8.550,-18.150,20.475,13.950,22.506,20.475,15.075,22.869,0,0,0,0,0.0,0.0,0.0,0.0,0.000,0,0
60,cylinder_soft,1078,106.832,14.399,9.899,19.238,-10.125,-15.300,-22.506,25.875,19.800,31.943,25.875,22.274,37.389,0,0,0,0,0.0,0.0,0.0,0.0,0.000,0,0
60,cylinder_soft,1129,106.832,-6.750,-9.450,-14.883,0.225,0.000,5.807,0.225,1.351,-1.453,29.025,25.425,31.580,1,0,1129,0,0.0,0.0,204.0,0.0,106.832,0,2
60,cylinder_soft,1187,106.832,4.500,0.899,4.719,23.176,20.700,33.396,-5.625,-7.200,-10.164,6.074,2.476,3.268,0,0,1129,0,0.0,0.0,204.0,0.0,106.832,0,2
60,cylinder_soft,1236,106.832,-18.450,-21.601,-27.951,9.676,9.900,12.342,7.875,5.851,7.984,23.625,19.575,30.129,0,0,1129,0,0.0,0.0,204.0,0.0,106.832,0,2
60,cylinder_soft,1286,106.832,2.250,0.899,3.992,7.426,7.650,13.793,5.625,6.751,8.711,-1.575,-4.726,-7.623,0,0,1129,0,0.0,0.0,204.0,0.0,106.832,0,2
60,cylinder_soft,1337,106.832,-0.450,-6.750,-4.719,-6.975,-9.449,-15.248,4.725,7.650,9.438,25.875,23.175,31.580,0,0,1129,0,0.0,0.0,204.0,0.0,106.832,1337,2
60,cylinder_soft,1389,106.832,-9.000,-17.550,-19.965,5.176,2.700,12.342,11.925,9.900,18.875,32.175,27.675,44.648,0,0,1129,0,0.0,0.0,204.0,0.0,106.832,1337,2
60,cylinder_soft,1439,106.832,5.399,-0.899,3.992,-7.875,-11.250,-21.053,14.175,9.900,13.793,15.074,8.774,12.705,0,0,1129,0,0.0,0.0,204.0,0.0,106.832,1337,2
60,cylinder_soft,1490,106.832,-3.149,-8.550,-11.254,-2.925,-3.600,-2.904,2.025,4.950,4.355,17.324,12.375,23.596,0,0,1129,0,0.0,0.0,204.0,0.0,106.832,1337,2
60,cylinder_soft,1540,106.832,5.399,-2.700,-1.814,-5.175,-7.650,-10.164,21.375,22.050,27.588,12.375,8.774,7.623,0,0,1129,0,0.0,0.0,204.0,0.0,106.832,1337,2
60,cylinder_soft,1591,106.832,-2.700,-7.649,-9.074,-4.725,-4.949,-5.809,-0.676,-3.149,1.451,14.175,7.425,11.254,0,0,1129,0,0.0,0.0,204.0,0.0,106.832,1337,2
60,cylinder_soft,1642,106.832,-6.750,-11.250,-12.705,-9.225,-6.300,-14.521,9.225,7.200,7.984,7.425,6.524,9.076,0,0,1129,0,0.0,0.0,204.0,0.0,106.832,1337,2
60,cylinder_soft,1693,106.832,-13.500,-12.149,-15.609,-4.725,-5.850,-2.904,8.324,6.751,9.438,16.425,11.476,18.514,0,0,1129,0,0.0,0.0,204.0,0.0,106.832,1337,2
60,cylinder_soft,1746,106.832,-0.899,-3.149,-0.363,1.575,0.900,1.451,4.275,2.700,2.902,24.074,21.375,28.676,0,0,1129,0,0.0,0.0,204.0,0.0,106.832,1337,2
60,cylinder_soft,1797,106.832,3.149,-0.450,7.623,-9.675,-16.650,-21.779,0.675,-4.050,-6.535,-2.926,-6.976,-6.170,0,0,1129,0,0.0,0.0,204.0,0.0,106.832,1337,2
60,cylinder_soft,1848,106.832,-4.950,-5.851,-3.992,-3.375,-3.150,-2.904,15.074,11.700,19.602,18.225,18.675,25.047,0,0,1129,0,0.0,0.0,204.0,0.0,106.832,1337,2
60,cylinder_soft,1899,106.832,16.649,11.250,30.129,-7.425,-4.050,-8.713,1.574,1.800,4.355,16.875,13.726,18.514,0,0,1129,0,0.0,0.0,204.0,0.0,106.832,1337,2
60,cylinder_soft,1949,106.832,10.351,9.000,19.238,-6.074,-9.900,-18.877,8.324,10.351,11.615,26.775,22.274,32.307,0,0,1129,0,0.0,0.0,204.0,0.0,106.832,1337,2
60,cylinder_soft,1999,106.832,0.899,-5.399,-0.363,-1.574,-1.350,-7.260,9.675,6.300,13.068,8.324,3.375,11.254,0,0,1129,0,0.0,0.0,204.0,0.0,106.832,1337,2
60,cylinder_soft,2049,106.832,14.399,8.550,25.047,-3.375,-0.449,-5.082,-2.025,-6.749,-8.713,2.475,-6.075,-10.527,0,0,1129,0,0.0,0.0,204.0,0.0,106.832,1337,2
60,cylinder_soft,2101,106.832,4.500,0.000,3.992,13.275,14.400,29.039,-3.375,-5.850,2.902,2.925,1.575,-1.090,0,0,1129,0,0.0,0.0,204.0,0.0,106.832,1337,2
60,cylinder_soft,2152,106.832,13.500,5.399,17.061,7.426,4.950,11.615,12.375,9.450,21.053,-2.475,-6.075,-14.885,0,1,1129,2152,0.0,0.0,204.0,202.0,106.832,1337,2
61,cylinder_stiff,6,60.984,3.299,10.800,15.729,-1.950,-0.600,-9.682,-0.900,4.800,-1.693,31.500,32.399,46.463,0,0,0,0,0.0,0.0,0.0,0.0,0.000,0,0
61,cylinder_stiff,57,61.512,-6.300,-8.775,-5.082,7.875,9.225,15.607,-8.325,-7.875,-14.883,4.725,2.699,1.451,0,0,0,0,0.0,0.0,0.0,0.0,0.000,0,0
61,cylinder_stiff,108,63.448,8.325,8.774,16.336,2.476,0.900,5.082,-6.300,-3.375,-12.342,-6.075,-2.475,-13.793,0,0,0,0,0.0,0.0,0.0,0.0,0.000,0,0
61,cylinder_stiff,159,65.824,-4.050,-4.275,-10.893,-2.699,-3.600,-6.896,20.924,22.950,36.664,13.725,15.076,13.068,0,0,0,0,0.0,0.0,0.0,0.0,0.000,0,0
61,cylinder_stiff,210,68.728,-2.024,0.450,-0.727,11.025,10.125,14.520,2.025,0.899,-3.629,6.075,8.325,11.979,0,0,0,0,0.0,0.0,0.0,0.0,0.000,0,0
61,cylinder_stiff,260,71.544,-3.149,-1.350,7.260,23.399,18.000,37.025,-6.750,-11.700,-11.615,18.000,13.049,17.424,0,0,0,0,0.0,0.0,0.0,0.0,0.000,0,0
61,cylinder_stiff,311,74.448,-6.976,-9.000,-11.254,-11.700,-15.075,-19.965,13.274,10.350,20.328,1.125,2.475,-1.816,0,0,0,0,0.0,0.0,0.0,0.0,0.000,0,0
61,cylinder_stiff,364,77.528,-2.250,-5.400,0.727,-4.949,-0.451,0.727,6.301,7.650,7.986,-3.601,-0.451,2.902,0,0,0,0,0.0,0.0,0.0,0.0,0.000,0,0
61,cylinder_stiff,414,80.520,-17.775,-15.075,-28.676,22.950,23.400,44.648,0.899,1.576,-4.355,2.700,4.725,-0.725,0,0,0,0,0.0,0.0,0.0,0.0,0.000,0,0
61,cylinder_stiff,465,83.424,-18.451,-18.900,-23.959,15.750,24.750,26.135,13.051,7.650,11.615,-5.400,-4.500,-9.438,0,0,0,0,0.0,0.0,0.0,0.0,0.000,0,0
61,cylinder_stiff,516,86.152,-8.100,-11.701,-20.328,-3.600,3.150,-2.178,4.500,0.899,2.902,0.000,-0.449,-1.451,0,0,0,0,0.0,0.0,0.0,0.0,0.000,0,0
61,cylinder_stiff,567,88.704,2.024,-0.450,8.713,25.426,34.425,55.539,-8.774,-8.550,-19.965,-1.351,-13.499,-9.076,0,0,0,0,0.0,0.0,0.0,0.0,0.000,0,0
61,cylinder_stiff,619,91.080,7.199,-1.574,6.172,-13.500,0.450,-10.164,9.900,5.625,6.895,-11.250,-27.900,-23.596,0,0,0,0,0.0,0.0,0.0,0.0,0.000,0,0
61,cylinder_stiff,670,93.368,1.800,-1.801,1.453,14.400,28.350,36.301,10.350,6.750,1.453,1.351,-19.350,-8.713,0,0,0,0,0.0,0.0,0.0,0.0,0.000,0,0
61,cylinder_stiff,721,95.744,0.000,-8.550,-2.178,2.699,13.049,14.520,-15.301,-17.550,-41.381,-16.199,-39.149,-49.369,0,0,0,0,0.0,0.0,0.0,0.0,0.000,0,0
61,cylinder_stiff,771,97.856,22.951,17.100,24.684,9.451,28.800,22.506,1.799,3.601,-5.084,-26.551,-45.449,-49.367,0,0,0,0,0.0,0.0,0.0,0.0,0.000,0,0
61,cylinder_stiff,821,99.616,0.000,-5.850,-8.711,-10.351,9.450,-1.451,-21.149,-23.850,-45.012,-34.649,-50.850,-66.066,0,0,0,0,0.0,0.0,0.0,0.0,0.000,0,0
61,cylinder_stiff,873,101.288,14.399,-7.200,13.066,19.800,36.226,49.730,1.350,-2.249,-6.896,-24.750,-34.650,-54.086,0,0,0,0,0.0,0.0,0.0,0.0,0.000,0,0
61,cylinder_stiff,923,101.816,6.300,-14.400,-7.984,7.649,22.050,15.246,9.000,2.250,1.453,-33.300,-43.200,-68.969,0,0,0,0,0.0,0.0,0.0,0.0,0.000,0,0
61,cylinder_stiff,974,101.816,24.750,-5.850,19.604,11.700,22.050,15.246,0.900,-6.301,-6.531,-33.750,-40.051,-62.436,0,0,0,0,0.0,0.0,0.0,0.0,0.000,0,0
61,cylinder_stiff,1024,101.816,18.450,-9.000,10.166,19.800,32.850,30.492,3.601,-0.450,-6.531,-27.000,-35.551,-55.176,0,0,0,0,0.0,0.0,0.0,0.0,0.000,0,0
61,cylinder_stiff,1075,101.816,26.101,1.350,33.398,25.200,37.350,41.383,7.201,-0.450,3.631,-32.400,-43.200,-68.244,1,0,1075,0,0.0,0.0,454.0,0.0,101.816,0,1
61,cylinder_stiff,1133,101.816,18.000,-12.600,11.617,18.450,26.550,27.590,11.250,4.949,15.973,-27.900,-34.200,-53.723,0,0,1075,0,0.0,0.0,454.0,0.0,101.816,0,1
61,cylinder_stiff,1184,101.816,31.050,0.000,31.219,9.899,23.400,13.795,6.301,1.350,4.357,-33.300,-46.801,-63.887,0,0,1075,0,0.0,0.0,454.0,0.0,101.816,0,1
61,cylinder_stiff,1235,101.816,8.550,-17.100,-4.355,2.700,17.100,7.986,6.750,0.449,10.891,-34.650,-36.000,-63.887,0,0,1075,0,0.0,0.0,454.0,0.0,101.816,0,1
61,cylinder_stiff,1288,101.816,31.950,2.699,34.850,24.750,35.100,35.574,-6.299,-9.900,-18.148,-35.100,-44.100,-67.518,0,0,1075,0,0.0,0.0,454.0,0.0,101.816,1288,1
61,cylinder_stiff,1339,101.816,22.500,-5.400,19.604,26.101,36.900,43.561,5.400,-0.450,3.631,-32.850,-39.600,-63.160,0,0,1075,0,0.0,0.0,454.0,0.0,101.816,1288,1
61,cylinder_stiff,1390,101.816,20.700,-9.000,21.781,13.050,18.000,9.439,10.801,6.300,12.344,-25.650,-37.350,-52.998,0,0,1075,0,0.0,0.0,454.0,0.0,101.816,1288,1
61,cylinder_stiff,1440,101.816,28.351,-8.100,29.766,13.500,24.300,22.506,0.000,-9.900,-7.984,-23.400,-32.400,-50.820,0,0,1075,0,0.0,0.0,454.0,0.0,101.816,1288,1
61,cylinder_stiff,1492,101.816,18.450,-13.500,15.973,16.200,19.800,23.232,3.150,-2.250,2.906,-44.100,-52.650,-80.586,0,0,1075,0,0.0,0.0,454.0,0.0,101.816,1288,1
61,cylinder_stiff,1543,101.816,42.300,12.150,53.727,3.601,13.949,1.451,3.601,-0.450,2.180,-33.300,-42.301,-70.422,0,0,1075,0,0.0,0.0,454.0,0.0,101.816,1288,1
61,cylinder_stiff,1599,101.816,23.851,-6.301,19.604,20.250,32.400,31.943,13.951,6.750,11.617,-15.300,-21.600,-41.381,0,0,1075,0,0.0,0.0,454.0,0.0,101.816,1288,1
61,cylinder_stiff,1650,101.816,39.149,4.949,47.191,2.700,13.500,6.535,-14.850,-19.350,-23.230,-37.350,-44.100,-74.051,0,0,1075,0,0.0,0.0,454.0,0.0,101.816,1288,1
61,cylinder_stiff,1701,101.816,31.950,-4.500,34.123,9.000,14.400,11.617,12.150,6.750,11.617,-54.000,-61.200,-98.010,0,0,1075,0,0.0,0.0,454.0,0.0,101.816,1288,1
61,cylinder_stiff,1752,101.816,21.149,-5.850,21.781,21.149,30.600,31.943,9.000,8.550,12.344,-31.949,-43.200,-67.518,0,0,1075,0,0.0,0.0,454.0,0.0,101.816,1288,1
61,cylinder_stiff,1803,101.816,19.351,-15.301,10.166,25.649,35.100,37.752,-0.449,-2.700,-6.531,-31.500,-40.051,-63.887,0,0,1075,0,0.0,0.0,454.0,0.0,101.816,1288,1
61,cylinder_stiff,1853,101.816,42.300,8.100,55.904,9.000,15.300,10.166,11.250,3.150,13.795,-20.699,-24.750,-48.641,0,0,1075,0,0.0,0.0,454.0,0.0,101.816,1288,1
61,cylinder_stiff,1904,101.816,19.351,-13.500,17.426,26.101,29.699,38.479,6.301,1.800,11.617,-22.500,-31.500,-52.998,0,0,1075,0,0.0,0.0,454.0,0.0,101.816,1288,1
61,cylinder_stiff,1955,101.816,19.800,-13.500,13.068,14.851,22.500,14.521,11.701,6.300,10.891,-47.250,-53.551,-89.297,0,0,1075,0,0.0,0.0,454.0,0.0,101.816,1288,1
61,cylinder_stiff,2006,101.816,22.950,-9.450,14.521,16.649,26.100,22.506,11.701,4.050,6.535,-20.699,-26.100,-45.738,0,0,1075,0,0.0,0.0,454.0,0.0,101.816,1288,1
61,cylinder_stiff,2056,101.816,26.550,-6.301,23.234,13.050,18.900,20.328,-1.799,-9.450,-8.711,-31.500,-37.350,-58.805,0,0,1075,0,0.0,0.0,454.0,0.0,101.816,1288,1
61,cylinder_stiff,2108,101.816,23.399,-11.250,20.328,15.750,26.100,24.686,12.601,2.699,11.617,-49.050,-60.750,-96.559,0,1,1075,2108,0.0,0.0,454.0,441.0,101.816,1288,1
62,cylinder_stiff,6,60.984,6.899,8.999,13.551,14.699,10.650,15.004,-15.750,-9.150,-25.652,20.250,23.399,36.301,0,0,0,0,0.0,0.0,0.0,0.0,0.000,0,0
62,cylinder_stiff,56,61.424,-4.499,-5.175,-7.260,24.075,23.625,39.566,2.024,3.375,1.814,10.125,8.550,17.422,0,0,0,0,0.0,0.0,0.0,0.0,0.000,0,0
62,cylinder_stiff,108,63.448,-1.124,-2.476,-3.994,18.676,17.551,34.121,17.551,18.225,22.506,13.725,13.275,15.246,0,0,0,0,0.0,0.0,0.0,0.0,0.000,0,0
62,cylinder_stiff,158,65.736,1.801,5.175,7.258,-0.899,0.449,3.268,7.875,12.600,19.965,14.625,12.826,10.164,0,0,0,0,0.0,0.0,0.0,0.0,0.000,0,0
62,cylinder_stiff,208,68.640,3.825,5.850,7.986,17.775,10.125,27.588,8.326,9.450,10.164,13.725,12.375,22.141,0,0,0,0,0.0,0.0,0.0,0.0,0.000,0,0
62,cylinder_stiff,259,71.544,14.400,17.551,27.590,3.600,1.801,6.533,30.600,27.900,49.367,20.699,18.000,23.959,0,0,0,0,0.0,0.0,0.0,0.0,0.000,0,0
62,cylinder_stiff,310,74.448,4.725,5.399,11.979,8.101,1.125,2.541,11.024,6.750,9.438,1.575,-4.725,-6.172,0,0,0,0,0.0,0.0,0.0,0.0,0.000,0,0
62,cylinder_stiff,360,77.440,13.051,15.301,21.781,9.900,8.100,18.150,16.201,13.051,19.602,4.050,1.350,0.725,0,0,0,0,0.0,0.0,0.0,0.0,0.000,0,0
62,cylinder_stiff,411,80.344,-29.025,-28.126,-51.908,11.250,15.301,21.416,-6.750,-2.024,-8.711,12.601,16.875,21.055,0,0,0,0,0.0,0.0,0.0,0.0,0.000,0,0
62,cylinder_stiff,462,83.336,-10.351,-9.900,-19.602,3.149,7.200,14.520,6.750,2.699,9.438,10.350,9.450,22.506,0,0,0,0,0.0,0.0,0.0,0.0,0.000,0,0
62,cylinder_stiff,513,85.888,-9.900,-7.650,-17.422,8.550,17.551,19.604,10.801,4.050,8.711,-10.800,-13.949,-15.971,0,0,0,0,0.0,0.0,0.0,0.0,0.000,0,0
62,cylinder_stiff,564,88.528,4.274,-2.700,9.438,30.375,36.226,59.170,-1.574,-4.050,-3.994,-3.601,-19.350,-14.885,0,0,0,0,0.0,0.0,0.0,0.0,0.000,0,0
62,cylinder_stiff,615,90.904,6.750,1.125,2.541,-13.049,0.450,-10.891,8.101,6.525,13.430,6.750,-17.101,6.172,0,0,0,0,0.0,0.0,0.0,0.0,0.000,0,0
62,cylinder_stiff,665,93.104,6.976,0.900,5.807,5.851,19.125,14.883,-11.024,-13.949,-27.588,-18.000,-39.375,-32.672,0,0,0,0,0.0,0.0,0.0,0.0,0.000,0,0
62,cylinder_stiff,716,95.480,-10.799,-14.850,-17.424,11.699,22.500,27.588,-0.900,-4.050,-13.793,8.551,-15.300,2.178,0,0,0,0,0.0,0.0,0.0,0.0,0.000,0,0
62,cylinder_stiff,767,97.592,8.101,0.900,2.178,9.451,26.550,29.041,2.699,5.851,-2.178,-17.551,-38.699,-39.930,0,0,0,0,0.0,0.0,0.0,0.0,0.000,0,0
62,cylinder_stiff,823,99.616,-12.600,-20.250,-29.039,1.351,20.250,15.246,-7.200,-7.650,-21.055,-17.549,-36.449,-33.396,0,0,0,0,0.0,0.0,0.0,0.0,0.000,0,0
62,cylinder_stiff,874,101.200,6.300,-12.149,2.902,-9.899,7.425,-5.445,24.299,22.950,33.760,-18.900,-32.850,-41.020,0,0,0,0,0.0,0.0,0.0,0.0,0.000,0,0
62,cylinder_stiff,925,101.728,18.899,-5.850,14.521,16.200,35.550,31.219,-0.449,-8.100,-15.246,-38.250,-55.350,-68.244,0,0,0,0,0.0,0.0,0.0,0.0,0.000,0,0
62,cylinder_stiff,977,101.728,18.450,-6.750,15.246,19.800,36.449,36.301,14.400,9.000,10.166,-11.250,-26.551,-28.312,0,0,0,0,0.0,0.0,0.0,0.0,0.000,0,0
62,cylinder_stiff,1028,101.728,11.700,-9.450,4.357,23.399,34.199,37.027,-2.699,-9.450,-9.438,-29.699,-41.400,-54.449,0,0,0,0,0.0,0.0,0.0,0.0,0.000,0,0
62,cylinder_stiff,1079,101.728,17.550,-11.700,13.795,14.851,25.199,22.506,9.451,1.350,3.631,-23.850,-37.801,-50.094,0,0,0,0,0.0,0.0,0.0,0.0,0.000,0,0
62,cylinder_stiff,1130,101.816,1.800,-25.200,-10.162,11.700,22.500,16.697,2.701,-4.950,-2.902,-13.949,-28.801,-34.121,1,0,1130,0,0.0,0.0,448.0,0.0,101.816,0,3
62,cylinder_stiff,1188,101.816,28.351,-4.950,22.508,18.450,29.699,25.412,8.101,0.449,10.166,-36.000,-47.250,-69.695,0,0,1130,0,0.0,0.0,448.0,0.0,101.816,0,3
62,cylinder_stiff,1239,101.728,9.899,-19.350,6.535,13.050,26.100,23.232,14.400,7.650,14.520,-22.050,-36.450,-49.367,0,0,1130,0,0.0,0.0,448.0,0.0,101.816,0,3
62,cylinder_stiff,1290,101.728,18.000,-11.250,12.344,25.200,35.100,41.383,8.551,1.800,6.535,-35.550,-46.350,-59.531,0,0,1130,0,0.0,0.0,448.0,0.0,101.816,0,3
62,cylinder_stiff,1341,101.816,25.649,0.449,27.590,24.300,40.050,42.109,25.650,20.699,28.314,-25.650,-36.000,-52.998,0,0,1130,0,0.0,0.0,448.0,0.0,101.816,1341,3
62,cylinder_stiff,1392,101.728,26.101,-5.400,28.314,11.250,29.699,21.781,-0.899,-6.301,-5.807,-27.000,-36.450,-50.820,0,0,1130,0,0.0,0.0,448.0,0.0,101.816,1341,3
62,cylinder_stiff,1443,101.816,18.899,-12.150,18.877,22.050,36.449,35.574,3.601,-4.051,-0.727,-19.800,-31.051,-42.107,0,0,1130,0,0.0,0.0,448.0,0.0,101.816,1341,3
62,cylinder_stiff,1494,101.728,14.399,-13.950,4.357,16.649,32.400,27.590,13.051,5.400,13.068,-46.350,-58.051,-92.201,0,0,1130,0,0.0,0.0,448.0,0.0,101.816,1341,3
62,cylinder_stiff,1545,101.728,18.899,-11.250,18.877,23.399,32.850,41.383,8.101,1.800,10.166,-17.550,-25.650,-31.217,0,0,1130,0,0.0,0.0,448.0,0.0,101.816,1341,3
62,cylinder_stiff,1596,101.816,2.700,-26.100,-9.438,17.101,27.000,30.492,12.150,6.750,13.068,-28.350,-40.950,-57.352,0,0,1130,0,0.0,0.0,448.0,0.0,101.816,1341,3
62,cylinder_stiff,1647,101.816,25.200,-9.000,21.781,25.200,34.650,37.752,9.900,1.800,5.809,-41.400,-51.301,-76.229,0,0,1130,0,0.0,0.0,448.0,0.0,101.816,1341,3
62,cylinder_stiff,1698,101.728,37.351,0.900,45.012,18.000,26.100,28.314,14.400,9.900,18.877,-28.350,-31.500,-45.738,0,0,1130,0,0.0,0.0,448.0,0.0,101.816,1341,3
62,cylinder_stiff,1749,101.728,30.149,-0.900,31.219,11.700,24.300,18.877,9.900,3.150,6.535,-17.100,-27.900,-39.203,0,0,1130,0,0.0,0.0,448.0,0.0,101.816,1341,3
62,cylinder_stiff,1800,101.816,26.550,-3.150,32.672,6.300,20.250,7.986,13.051,7.199,13.068,-33.750,-43.200,-66.066,0,0,1130,0,0.0,0.0,448.0,0.0,101.816,1341,3
62,cylinder_stiff,1852,101.728,1.800,-31.500,-13.066,10.351,20.699,15.973,4.951,4.949,5.082,-9.000,-19.801,-28.312,0,0,1130,0,0.0,0.0,448.0,0.0,101.816,1341,3
62,cylinder_stiff,1903,101.728,21.601,-13.500,19.604,13.500,22.949,17.424,13.500,10.350,17.426,-42.300,-51.301,-76.955,0,0,1130,0,0.0,0.0,448.0,0.0,101.816,1341,3
62,cylinder_stiff,1953,101.728,28.351,-4.950,34.123,8.101,20.699,18.150,12.150,5.400,10.166,-32.850,-41.850,-66.066,0,0,1130,0,0.0,0.0,448.0,0.0,101.816,1341,3
62,cylinder_stiff,2003,101.816,25.200,-8.551,27.590,13.950,28.350,25.412,21.601,16.650,25.412,-18.900,-23.400,-37.752,0,0,1130,0,0.0,0.0,448.0,0.0,101.816,1341,3
62,cylinder_stiff,2054,101.816,13.950,-21.150,7.262,18.899,25.650,29.041,9.900,1.350,9.439,-26.100,-34.650,-51.547,0,0,1130,0,0.0,0.0,448.0,0.0,101.816,1341,3
62,cylinder_stiff,2105,101.816,25.200,-1.350,31.945,6.750,14.850,7.986,13.051,3.150,15.973,-24.750,-31.500,-46.463,0,0,1130,0,0.0,0.0,448.0,0.0,101.816,1341,3
62,cylinder_stiff,2155,101.816,11.250,-17.551,7.988,27.899,30.600,41.383,18.000,8.100,18.150,-27.000,-37.350,-50.820,0,1,1130,2155,0.0,0.0,448.0,439.0,101.816,1341,3
63,cylinder_stiff,6,60.984,7.799,4.499,13.551,0.300,-1.051,-9.682,8.550,6.600,10.648,20.700,17.101,28.314,0,0,0,0,0.0,0.0,0.0,0.0,0.000,0,0
63,cylinder_stiff,57,61.600,-15.300,-12.824,-21.055,6.075,8.324,16.334,-6.524,-3.825,-11.980,2.926,0.449,5.080,0,0,0,0,0.0,0.0,0.0,0.0,0.000,0,0
63,cylinder_stiff,109,63.536,4.275,4.726,6.898,20.476,16.201,34.848,4.500,3.375,5.082,6.074,5.176,4.355,0,0,0,0,0.0,0.0,0.0,0.0,0.000,0,0
63,cylinder_stiff,160,65.824,-9.449,-4.275,-12.344,11.701,11.250,21.418,6.975,9.450,17.062,9.225,10.576,5.809,0,0,0,0,0.0,0.0,0.0,0.0,0.000,0,0
63,cylinder_stiff,211,68.816,0.226,-3.150,2.904,5.175,-0.226,12.342,20.025,16.200,22.508,37.575,34.425,54.086,0,0,0,0,0.0,0.0,0.0,0.0,0.000,0,0
63,cylinder_stiff,262,71.632,-14.399,-7.199,-13.793,18.449,8.101,24.684,3.600,-2.250,2.178,10.800,8.549,13.068,0,0,0,0,0.0,0.0,0.0,0.0,0.000,0,0
63,cylinder_stiff,312,74.448,-14.625,-17.101,-26.500,-0.899,-2.024,5.445,2.476,-2.250,-2.902,18.225,18.675,32.305,0,0,0,0,0.0,0.0,0.0,0.0,0.000,0,0
63,cylinder_stiff,363,77.528,4.051,1.350,2.178,-3.600,-7.201,-7.986,12.150,14.850,21.055,-8.550,-1.801,-13.068,0,0,0,0,0.0,0.0,0.0,0.0,0.000,0,0
63,cylinder_stiff,414,80.432,-18.225,-17.775,-34.484,31.051,35.100,54.813,-8.101,-2.475,-9.438,11.250,14.625,17.424,0,0,0,0,0.0,0.0,0.0,0.0,0.000,0,0
63,cylinder_stiff,465,83.424,-14.400,-14.400,-26.137,-1.351,0.000,0.725,8.551,9.449,6.533,1.799,1.801,2.180,0,0,0,0,0.0,0.0,0.0,0.0,0.000,0,0
63,cylinder_stiff,516,86.064,0.449,-2.701,2.178,0.000,6.301,3.631,15.301,17.101,23.957,-5.400,-12.149,-11.617,0,0,0,0,0.0,0.0,0.0,0.0,0.000,0,0
63,cylinder_stiff,568,88.704,-3.375,-11.250,-7.986,15.975,27.226,38.840,14.176,12.601,23.596,-0.900,-17.100,-8.350,0,0,0,0,0.0,0.0,0.0,0.0,0.000,0,0
63,cylinder_stiff,619,90.992,6.299,-2.925,6.898,-20.699,-8.550,-21.779,0.900,0.225,-1.090,6.750,-13.950,6.896,0,0,0,0,0.0,0.0,0.0,0.0,0.000,0,0
63,cylinder_stiff,669,93.192,7.200,0.449,8.711,22.051,35.549,43.561,-7.650,-9.000,-17.422,-16.199,-35.100,-28.314,0,0,0,0,0.0,0.0,0.0,0.0,0.000,0,0
63,cylinder_stiff,720,95.568,-22.949,-28.800,-47.189,15.750,26.100,39.203,-8.551,-8.100,-22.506,-13.500,-33.300,-35.574,0,0,0,0,0.0,0.0,0.0,0.0,0.000,0,0
63,cylinder_stiff,772,97.768,14.851,10.800,15.246,-10.799,10.800,-5.809,14.850,18.451,15.246,-18.451,-37.799,-37.025,0,0,0,0,0.0,0.0,0.0,0.0,0.000,0,0
63,cylinder_stiff,823,99.616,-3.600,-17.549,-22.506,-5.851,13.051,2.178,-8.550,-3.150,-18.148,-6.750,-27.000,-19.602,0,0,0,0,0.0,0.0,0.0,0.0,0.000,0,0
63,cylinder_stiff,874,101.200,23.399,0.450,25.408,4.950,22.274,14.881,8.549,5.400,8.350,-10.800,-24.750,-26.500,0,0,0,0,0.0,0.0,0.0,0.0,0.000,0,0
63,cylinder_stiff,926,101.816,25.649,-0.900,27.590,3.149,13.500,2.178,-1.799,-4.500,-7.984,-30.600,-43.200,-55.176,0,0,0,0,0.0,0.0,0.0,0.0,0.000,0,0
63,cylinder_stiff,976,101.728,22.050,-2.250,22.508,26.101,42.750,49.369,4.500,-5.850,-6.531,-43.199,-54.000,-72.598,0,0,0,0,0.0,0.0,0.0,0.0,0.000,0,0
63,cylinder_stiff,1026,101.728,28.351,-2.700,26.863,16.200,21.150,23.232,11.701,6.750,15.246,-18.000,-33.301,-37.752,0,0,0,0,0.0,0.0,0.0,0.0,0.000,0,0
63,cylinder_stiff,1077,101.728,10.800,-12.600,1.453,17.550,31.500,34.850,10.351,6.300,13.068,-31.050,-40.051,-58.805,0,0,0,0,0.0,0.0,0.0,0.0,0.000,0,0
63,cylinder_stiff,1128,101.816,24.300,-8.100,21.055,22.950,34.650,35.574,11.701,0.900,5.809,-45.900,-53.551,-82.764,1,0,1128,0,0.0,0.0,445.0,0.0,101.816,0,2
63,cylinder_stiff,1185,101.728,14.851,-13.950,11.617,9.450,19.800,15.246,-3.149,-13.950,-13.793,-40.050,-49.051,-69.695,0,0,1128,0,0.0,0.0,445.0,0.0,101.816,0,2
63,cylinder_stiff,1236,101.728,25.649,-7.650,26.137,10.351,22.949,13.068,9.900,3.600,13.068,-25.199,-40.051,-56.627,0,0,1128,0,0.0,0.0,445.0,0.0,101.816,0,2
63,cylinder_stiff,1287,101.728,28.800,-2.700,37.027,23.851,35.550,41.383,9.451,3.600,9.439,-36.449,-43.650,-68.244,0,0,1128,0,0.0,0.0,445.0,0.0,101.816,0,2
63,cylinder_stiff,1338,101.728,27.000,-4.950,29.041,25.649,35.550,42.109,-6.750,-13.950,-17.424,-46.800,-55.350,-78.406,0,0,1128,0,0.0,0.0,445.0,0.0,101.816,1338,2
63,cylinder_stiff,1389,101.816,25.200,-8.100,27.590,15.750,23.400,23.959,7.650,0.900,10.166,-40.500,-51.301,-74.777,0,0,1128,0,0.0,0.0,445.0,0.0,101.816,1338,2
63,cylinder_stiff,1440,101.728,14.851,-13.051,15.973,18.000,23.400,21.781,3.150,-1.801,0.727,-18.449,-24.750,-39.203,0,0,1128,0,0.0,0.0,445.0,0.0,101.816,1338,2
63,cylinder_stiff,1492,101.728,27.000,-8.100,30.492,27.450,36.000,34.850,4.051,-3.600,2.906,-27.000,-37.350,-47.914,0,0,1128,0,0.0,0.0,445.0,0.0,101.816,1338,2
63,cylinder_stiff,1543,101.728,21.149,-9.450,21.781,13.950,25.650,19.604,-11.250,-18.900,-24.684,-39.600,-47.700,-72.598,0,0,1128,0,0.0,0.0,445.0,0.0,101.816,1338,2
63,cylinder_stiff,1594,101.728,46.351,11.699,60.258,12.149,24.750,24.686,9.451,3.600,13.795,-38.699,-51.301,-74.051,0,0,1128,0,0.0,0.0,445.0,0.0,101.816,1338,2
63,cylinder_stiff,1645,101.816,24.300,-9.450,30.492,6.300,15.750,8.713,14.851,9.000,13.068,-33.300,-41.400,-60.984,0,0,1128,0,0.0,0.0,445.0,0.0,101.816,1338,2
63,cylinder_stiff,1696,101.728,17.550,-19.350,11.617,13.500,23.850,22.506,12.150,6.750,12.344,-22.500,-31.500,-52.271,0,0,1128,0,0.0,0.0,445.0,0.0,101.816,1338,2
63,cylinder_stiff,1746,101.816,37.800,1.800,45.738,20.700,30.150,35.574,6.750,-0.450,-1.451,-22.949,-31.051,-48.641,0,0,1128,0,0.0,0.0,445.0,0.0,101.816,1338,2
63,cylinder_stiff,1797,101.728,30.601,-6.750,30.492,25.200,35.100,39.932,10.801,0.000,11.617,-25.650,-34.650,-55.900,0,0,1128,0,0.0,0.0,445.0,0.0,101.816,1338,2
63,cylinder_stiff,1848,101.728,36.450,1.350,40.658,27.899,36.900,47.916,6.750,2.250,10.166,-27.900,-36.000,-55.900,0,0,1128,0,0.0,0.0,445.0,0.0,101.816,1338,2
63,cylinder_stiff,1899,101.728,12.601,-20.700,3.631,5.851,20.699,7.260,-4.500,-13.051,-12.340,-36.449,-42.750,-63.160,0,0,1128,0,0.0,0.0,445.0,0.0,101.816,1338,2
63,cylinder_stiff,1950,101.728,31.950,-7.200,32.672,35.101,45.000,52.273,-0.899,-2.250,-5.807,-45.900,-58.500,-84.941,0,0,1128,0,0.0,0.0,445.0,0.0,101.816,1338,2
63,cylinder_stiff,2002,101.728,28.351,-8.100,31.945,17.101,25.650,31.943,8.551,0.900,7.988,-23.400,-30.600,-50.094,0,0,1128,0,0.0,0.0,445.0,0.0,101.816,1338,2
63,cylinder_stiff,2053,101.728,27.000,-9.900,29.041,18.000,31.500,26.137,0.900,-6.301,-9.438,-19.350,-27.900,-42.107,0,0,1128,0,0.0,0.0,445.0,0.0,101.816,1338,2
63,cylinder_stiff,2104,101.728,34.649,-3.600,35.574,19.800,31.500,31.943,25.201,15.750,29.041,-31.500,-37.350,-57.352,0,0,1128,0,0.0,0.0,445.0,0.0,101.816,1338,2
63,cylinder_stiff,2155,101.728,21.601,-10.350,25.412,12.601,21.150,23.959,4.051,-2.250,0.727,-36.000,-38.700,-67.518,0,1,1128,2155,0.0,0.0,445.0,433.0,101.816,1338,2
64,cylinder_stiff,6,60.896,16.799,18.450,28.070,6.600,8.400,14.279,5.850,12.000,4.840,4.500,4.950,12.342,0,0,0,0,0.0,0.0,0.0,0.0,0.000,0,0
64,cylinder_stiff,56,61.424,5.851,6.525,15.973,6.524,7.424,11.979,-10.575,-8.775,-15.609,-17.324,-16.200,-24.686,0,0,0,0,0.0,0.0,0.0,0.0,0.000,0,0
64,cylinder_stiff,107,63.360,6.976,5.625,6.898,13.726,16.650,26.863,-9.000,-11.025,-15.973,25.875,21.375,35.574,0,0,0,0,0.0,0.0,0.0,0.0,0.000,0,0
64,cylinder_stiff,158,65.736,-13.050,-12.376,-15.248,27.900,24.750,52.635,5.174,9.900,8.352,22.725,18.676,31.219,0,0,0,0,0.0,0.0,0.0,0.0,0.000,0,0
64,cylinder_stiff,209,68.728,-4.274,-2.699,-3.631,13.275,10.125,21.779,10.125,4.499,1.453,31.725,28.125,51.908,0,0,0,0,0.0,0.0,0.0,0.0,0.000,0,0
64,cylinder_stiff,265,71.808,-0.449,4.500,11.617,23.850,20.250,39.930,9.900,5.850,15.973,25.199,26.549,38.479,0,0,0,0,0.0,0.0,0.0,0.0,0.000,0,0
64,cylinder_stiff,316,74.712,4.725,2.250,4.719,-20.250,-20.476,-28.676,17.325,14.400,21.781,-3.375,-4.725,-1.816,0,0,0,0,0.0,0.0,0.0,0.0,0.000,0,0
64,cylinder_stiff,367,77.704,-15.299,-12.600,-26.863,21.150,24.750,43.561,4.500,2.250,4.355,-13.950,-16.201,-27.590,0,0,0,0,0.0,0.0,0.0,0.0,0.000,0,0
64,cylinder_stiff,419,80.784,-17.325,-12.825,-29.402,24.301,24.301,40.291,9.000,5.176,3.629,15.300,15.975,25.412,0,0,0,0,0.0,0.0,0.0,0.0,0.000,0,0
64,cylinder_stiff,469,83.600,-16.201,-13.500,-23.232,0.000,9.000,7.260,4.950,1.350,-7.986,-11.250,-15.750,-20.328,0,0,0,0,0.0,0.0,0.0,0.0,0.000,0,0
64,cylinder_stiff,520,86.240,4.050,4.500,7.260,-0.899,4.725,6.172,3.150,3.149,2.902,11.476,2.475,13.430,0,0,0,0,0.0,0.0,0.0,0.0,0.000,0,0
64,cylinder_stiff,570,88.704,11.925,2.700,21.781,27.676,34.425,60.621,4.275,-1.800,-0.361,-22.050,-36.899,-40.293,0,0,0,0,0.0,0.0,0.0,0.0,0.000,0,0
64,cylinder_stiff,621,91.168,4.949,-2.925,1.814,-9.449,6.301,1.453,9.451,13.275,14.156,-12.149,-33.300,-25.047,0,0,0,0,0.0,0.0,0.0,0.0,0.000,0,0
64,cylinder_stiff,673,93.368,17.550,13.049,26.863,23.851,39.600,59.533,-7.650,-9.000,-17.422,2.701,-14.399,1.451,0,0,0,0,0.0,0.0,0.0,0.0,0.000,0,0
64,cylinder_stiff,723,95.744,-13.949,-22.050,-26.137,16.199,25.649,35.574,-9.000,-6.300,-30.492,-2.699,-25.200,-12.342,0,0,0,0,0.0,0.0,0.0,0.0,0.000,0,0
64,cylinder_stiff,775,97.856,15.750,10.350,13.793,-14.850,0.449,-11.617,5.399,4.951,0.000,-42.750,-57.600,-71.148,0,0,0,0,0.0,0.0,0.0,0.0,0.000,0,0
64,cylinder_stiff,826,99.704,5.850,-8.100,-1.453,8.550,22.051,21.055,-16.649,-18.449,-32.670,-23.399,-40.050,-52.271,0,0,0,0,0.0,0.0,0.0,0.0,0.000,0,0
64,cylinder_stiff,877,101.288,7.649,-22.500,-1.453,6.750,21.375,20.689,-14.400,-16.649,-23.594,-13.050,-26.100,-34.484,0,0,0,0,0.0,0.0,0.0,0.0,0.000,0,0
64,cylinder_stiff,928,101.728,20.700,-10.801,17.426,32.399,41.850,51.547,12.601,4.949,10.891,-22.949,-36.450,-42.832,0,0,0,0,0.0,0.0,0.0,0.0,0.000,0,0
64,cylinder_stiff,980,101.728,44.550,9.000,51.547,25.649,36.449,42.836,2.701,-3.600,-4.355,-32.850,-44.100,-54.449,0,0,0,0,0.0,0.0,0.0,0.0,0.000,0,0
64,cylinder_stiff,1030,101.728,15.750,-22.500,4.357,31.050,40.050,46.465,7.201,-2.250,-0.727,-45.900,-56.700,-77.682,0,0,0,0,0.0,0.0,0.0,0.0,0.000,0,0
64,cylinder_stiff,1080,101.728,45.000,11.250,58.807,13.050,23.850,23.959,8.551,-2.700,5.082,-36.000,-47.250,-63.160,1,0,1080,0,0.0,0.0,442.0,0.0,101.728,0,1
64,cylinder_stiff,1138,101.728,18.899,-15.301,6.535,25.649,37.800,38.479,12.150,7.650,15.246,-27.000,-39.150,-49.367,0,0,1080,0,0.0,0.0,442.0,0.0,101.728,0,1
64,cylinder_stiff,1190,101.728,16.200,-15.301,20.328,16.200,30.150,30.492,-8.549,-14.400,-21.053,-16.199,-26.100,-34.121,0,0,1080,0,0.0,0.0,442.0,0.0,101.728,0,1
64,cylinder_stiff,1241,101.728,13.050,-22.051,10.166,8.101,22.050,15.973,4.500,1.350,2.180,-22.949,-31.500,-39.930,0,0,1080,0,0.0,0.0,442.0,0.0,101.728,0,1
64,cylinder_stiff,1290,101.728,15.750,-20.250,13.068,26.101,35.550,42.109,2.250,0.000,-2.178,-20.699,-29.700,-46.463,0,0,1080,0,0.0,0.0,442.0,0.0,101.728,1290,1
64,cylinder_stiff,1342,101.728,21.149,-13.051,20.328,36.450,49.500,57.355,-5.399,-13.051,-12.340,-25.199,-35.100,-47.189,0,0,1080,0,0.0,0.0,442.0,0.0,101.728,1290,1
64,cylinder_stiff,1392,101.728,22.050,-12.600,14.521,23.851,36.000,41.383,0.900,-6.750,-1.451,-36.000,-45.450,-68.969,0,0,1080,0,0.0,0.0,442.0,0.0,101.728,1290,1
64,cylinder_stiff,1444,101.728,13.950,-21.600,8.715,33.300,42.750,47.916,7.201,4.050,8.713,-39.150,-44.100,-68.969,0,0,1080,0,0.0,0.0,442.0,0.0,101.728,1290,1
64,cylinder_stiff,1495,101.728,40.500,1.800,51.547,6.300,19.800,13.068,4.051,-2.700,0.727,-30.150,-40.950,-52.998,0,0,1080,0,0.0,0.0,442.0,0.0,101.728,1290,1
64,cylinder_stiff,1546,101.728,11.700,-25.200,0.000,21.601,34.199,34.123,-4.500,-12.150,-18.148,-31.949,-46.801,-68.244,0,0,1080,0,0.0,0.0,442.0,0.0,101.728,1290,1
64,cylinder_stiff,1596,101.728,30.601,-8.100,34.123,21.149,29.699,30.492,-4.049,-8.100,-8.711,-46.800,-58.051,-87.119,0,0,1080,0,0.0,0.0,442.0,0.0,101.728,1290,1
64,cylinder_stiff,1647,101.728,48.149,9.449,63.164,11.250,18.900,19.604,11.250,4.050,9.439,-19.800,-27.900,-37.752,0,0,1080,0,0.0,0.0,442.0,0.0,101.728,1290,1
64,cylinder_stiff,1698,101.728,42.300,2.250,55.904,33.750,41.400,52.273,-6.750,-11.700,-18.875,-31.949,-42.301,-60.258,0,0,1080,0,0.0,0.0,442.0,0.0,101.728,1290,1
64,cylinder_stiff,1749,101.816,37.800,-1.350,42.836,9.450,15.750,11.617,16.201,11.699,18.877,-30.150,-35.100,-49.367,0,0,1080,0,0.0,0.0,442.0,0.0,101.728,1290,1
64,cylinder_stiff,1799,101.728,25.200,-11.250,33.398,15.750,27.000,29.041,-6.299,-14.400,-13.793,-25.199,-30.600,-52.271,0,0,1080,0,0.0,0.0,442.0,0.0,101.728,1290,1
64,cylinder_stiff,1850,101.728,23.851,-14.850,22.508,26.550,35.100,39.205,15.301,7.650,11.617,-28.350,-35.551,-52.271,0,0,1080,0,0.0,0.0,442.0,0.0,101.728,1290,1
64,cylinder_stiff,1901,101.728,26.101,-13.950,19.604,41.399,48.600,63.889,10.801,2.250,13.068,-28.800,-35.551,-52.998,0,0,1080,0,0.0,0.0,442.0,0.0,101.728,1290,1
64,cylinder_stiff,1951,101.728,39.601,0.449,50.820,31.050,33.750,41.383,-16.199,-23.400,-34.121,-19.350,-26.100,-34.848,0,0,1080,0,0.0,0.0,442.0,0.0,101.728,1290,1
64,cylinder_stiff,2003,101.728,34.649,-5.850,42.836,32.399,43.199,50.096,6.750,3.150,2.180,-37.350,-40.950,-68.244,0,0,1080,0,0.0,0.0,442.0,0.0,101.728,1290,1
64,cylinder_stiff,2053,101.728,29.700,-7.650,41.383,29.700,36.449,42.109,5.851,-9.000,-3.629,-27.000,-33.301,-51.547,0,0,1080,0,0.0,0.0,442.0,0.0,101.728,1290,1
64,cylinder_stiff,2104,101.728,28.800,-12.600,30.492,12.601,20.699,18.877,-2.250,-6.750,-7.258,-29.699,-37.350,-50.094,0,1,1080,2104,0.0,0.0,442.0,433.0,101.728,1290,1
65,cylinder_stiff,6,60.984,16.799,20.700,28.797,13.350,15.600,16.455,8.550,7.949,7.018,-4.050,-3.601,0.725,0,0,0,0,0.0,0.0,0.0,0.0,0.000,0,0
65,cylinder_stiff,56,61.512,-11.700,-12.824,-13.795,6.075,11.924,15.607,6.976,11.025,6.170,-2.475,-9.450,-7.986,0,0,0,0,0.0,0.0,0.0,0.0,0.000,0,0
65,cylinder_stiff,107,63.448,21.376,18.226,35.211,11.926,14.851,15.246,4.500,1.125,2.902,10.125,9.225,11.615,0,0,0,0,0.0,0.0,0.0,0.0,0.000,0,0
65,cylinder_stiff,158,65.736,-7.199,2.475,-7.262,7.650,9.000,10.527,6.074,9.000,10.527,13.725,13.275,17.424,0,0,0,0,0.0,0.0,0.0,0.0,0.000,0,0
65,cylinder_stiff,209,68.728,7.875,11.250,16.699,6.976,4.726,10.164,8.326,4.050,6.535,4.725,0.226,5.443,0,0,0,0,0.0,0.0,0.0,0.0,0.000,0,0
65,cylinder_stiff,260,71.544,-15.299,-11.699,-16.697,12.149,9.900,19.602,0.900,-3.150,2.904,-8.100,-8.551,-18.150,0,0,0,0,0.0,0.0,0.0,0.0,0.000,0,0
65,cylinder_stiff,311,74.448,4.274,0.899,2.539,18.899,16.425,30.129,11.476,10.350,21.055,16.426,13.725,17.785,0,0,0,0,0.0,0.0,0.0,0.0,0.000,0,0
65,cylinder_stiff,362,77.440,17.101,16.200,32.670,0.000,1.350,2.178,16.650,12.600,21.781,8.550,9.899,14.520,0,0,0,0,0.0,0.0,0.0,0.0,0.000,0,0
65,cylinder_stiff,413,80.344,-3.375,0.225,-3.268,40.500,39.150,69.332,3.149,1.125,4.355,27.000,24.074,39.205,0,0,0,0,0.0,0.0,0.0,0.0,0.000,0,0
65,cylinder_stiff,464,83.248,-5.851,-8.100,-14.520,18.899,27.450,35.574,5.850,4.500,-0.727,-11.250,-15.750,-22.506,0,0,0,0,0.0,0.0,0.0,0.0,0.000,0,0
65,cylinder_stiff,515,85.976,6.300,2.699,7.986,8.100,15.750,13.068,7.200,4.500,12.340,4.500,0.900,7.260,0,0,0,0,0.0,0.0,0.0,0.0,0.000,0,0
65,cylinder_stiff,566,88.528,5.625,2.700,10.891,22.275,30.825,46.100,7.875,9.000,6.170,6.300,-4.950,7.623,0,0,0,0,0.0,0.0,0.0,0.0,0.000,0,0
65,cylinder_stiff,617,90.904,3.149,-4.725,-3.266,-22.049,-9.900,-21.779,-2.699,-0.675,-3.994,-13.049,-31.050,-19.240,0,0,0,0,0.0,0.0,0.0,0.0,0.000,0,0
65,cylinder_stiff,668,93.192,6.750,2.699,10.164,12.601,22.949,34.850,-17.100,-14.850,-32.668,0.900,-15.299,-0.727,0,0,0,0,0.0,0.0,0.0,0.0,0.000,0,0
65,cylinder_stiff,719,95.480,-12.149,-14.850,-26.137,0.000,6.299,0.000,-18.900,-18.449,-34.121,0.900,-24.300,-10.891,0,0,0,0,0.0,0.0,0.0,0.0,0.000,0,0
65,cylinder_stiff,771,97.680,3.150,-4.950,-7.260,11.250,28.350,28.314,0.449,1.801,-6.535,-42.750,-61.199,-77.682,0,0,0,0,0.0,0.0,0.0,0.0,0.000,0,0
65,cylinder_stiff,822,99.528,4.051,-11.699,-2.904,9.899,24.750,32.670,-5.399,-7.650,-21.055,-35.549,-50.850,-65.340,0,0,0,0,0.0,0.0,0.0,0.0,0.000,0,0
65,cylinder_stiff,873,101.200,13.499,-17.101,14.518,2.250,16.875,9.801,12.600,10.800,9.076,-3.600,-17.100,-11.254,0,0,0,0,0.0,0.0,0.0,0.0,0.000,0,0
65,cylinder_stiff,930,101.728,28.800,-3.600,34.123,15.300,30.150,26.137,-6.299,-12.600,-12.340,-41.850,-55.801,-78.406,0,0,0,0,0.0,0.0,0.0,0.0,0.000,0,0
65,cylinder_stiff,982,101.728,35.101,0.000,34.123,10.351,19.800,19.604,11.250,1.350,5.082,-20.699,-35.551,-37.752,0,0,0,0,0.0,0.0,0.0,0.0,0.000,0,0
65,cylinder_stiff,1032,101.728,20.700,-12.600,26.863,17.550,32.850,31.943,10.351,3.600,11.617,-39.600,-50.400,-67.518,0,0,0,0,0.0,0.0,0.0,0.0,0.000,0,0
65,cylinder_stiff,1082,101.728,31.050,-6.301,32.672,16.200,24.300,24.686,9.000,4.949,7.262,-21.150,-30.150,-37.025,0,0,0,0,0.0,0.0,0.0,0.0,0.000,0,0
65,cylinder_stiff,1133,101.728,36.000,-5.400,42.109,9.450,21.600,15.973,13.051,7.199,13.795,-36.449,-45.900,-58.805,1,0,1133,0,0.0,0.0,445.0,0.0,101.728,0,2
65,cylinder_stiff,1191,101.728,32.399,-5.850,42.109,35.550,46.350,63.162,9.900,0.900,10.166,-27.449,-39.600,-50.094,0,0,1133,0,0.0,0.0,445.0,0.0,101.728,0,2
65,cylinder_stiff,1241,101.728,24.300,-13.950,18.877,31.050,37.800,45.012,4.051,1.350,3.631,-34.199,-40.500,-51.547,0,0,1133,0,0.0,0.0,445.0,0.0,101.728,0,2
65,cylinder_stiff,1291,101.728,40.500,4.500,51.547,23.851,34.650,38.479,5.851,-3.600,4.357,-31.050,-41.400,-53.723,0,0,1133,0,0.0,0.0,445.0,0.0,101.728,0,2
65,cylinder_stiff,1341,101.728,35.101,-6.750,38.480,23.851,33.300,36.301,-2.699,-6.301,-7.984,-24.300,-33.750,-42.832,0,0,1133,0,0.0,0.0,445.0,0.0,101.728,1341,2
65,cylinder_stiff,1391,101.728,36.000,-2.250,43.561,34.200,46.800,57.355,-9.449,-18.000,-22.504,-23.850,-34.650,-40.654,0,0,1133,0,0.0,0.0,445.0,0.0,101.728,1341,2
65,cylinder_stiff,1441,101.728,33.300,-6.301,38.480,20.700,35.550,31.943,2.701,-4.051,-2.178,-31.500,-42.301,-54.449,0,0,1133,0,0.0,0.0,445.0,0.0,101.728,1341,2
65,cylinder_stiff,1491,101.728,25.649,-15.301,26.137,19.351,27.900,23.232,7.201,3.150,10.166,-48.150,-58.051,-87.844,0,0,1133,0,0.0,0.0,445.0,0.0,101.728,1341,2
65,cylinder_stiff,1542,101.728,32.399,-8.100,45.012,7.649,16.199,10.891,10.801,5.400,16.699,-29.699,-40.500,-51.547,0,0,1133,0,0.0,0.0,445.0,0.0,101.728,1341,2
65,cylinder_stiff,1592,101.728,42.300,-3.600,49.369,18.899,30.150,34.850,0.900,-6.750,1.453,-29.250,-39.600,-59.531,0,0,1133,0,0.0,0.0,445.0,0.0,101.728,1341,2
65,cylinder_stiff,1642,101.728,44.101,2.250,56.629,20.700,30.600,34.850,13.951,4.949,15.246,-26.550,-36.450,-50.094,0,0,1133,0,0.0,0.0,445.0,0.0,101.728,1341,2
65,cylinder_stiff,1693,101.728,31.500,-12.150,29.766,21.149,31.949,37.027,-3.600,-8.100,-6.531,-18.900,-28.350,-36.301,0,0,1133,0,0.0,0.0,445.0,0.0,101.728,1341,2
65,cylinder_stiff,1743,101.728,18.000,-23.850,13.795,32.399,39.150,47.189,9.451,2.699,13.068,-18.449,-30.600,-37.025,0,0,1133,0,0.0,0.0,445.0,0.0,101.728,1341,2
65,cylinder_stiff,1793,101.728,37.351,-4.950,43.561,27.000,36.900,40.658,4.951,-5.400,2.906,-28.350,-35.100,-53.723,0,0,1133,0,0.0,0.0,445.0,0.0,101.728,1341,2
65,cylinder_stiff,1843,101.728,35.550,-11.250,42.109,33.750,44.550,52.273,5.851,-3.150,2.906,-44.100,-51.301,-81.313,0,0,1133,0,0.0,0.0,445.0,0.0,101.728,1341,2
65,cylinder_stiff,1893,101.728,49.050,9.449,63.889,34.200,40.500,53.725,9.900,-3.600,9.439,-22.050,-29.250,-35.574,0,0,1133,0,0.0,0.0,445.0,0.0,101.728,1341,2
65,cylinder_stiff,1943,101.728,18.000,-22.950,15.246,23.399,35.100,38.479,6.301,-3.600,3.631,-17.550,-33.301,-42.107,0,0,1133,0,0.0,0.0,445.0,0.0,101.728,1341,2
65,cylinder_stiff,1993,101.728,51.300,11.250,71.150,21.601,29.699,28.314,9.900,4.500,8.713,-26.550,-34.650,-47.914,0,0,1133,0,0.0,0.0,445.0,0.0,101.728,1341,2
65,cylinder_stiff,2043,101.728,36.000,-10.801,39.205,9.899,16.650,7.986,9.000,2.250,2.906,-20.699,-25.200,-41.381,0,0,1133,0,0.0,0.0,445.0,0.0,101.728,1341,2
65,cylinder_stiff,2093,101.728,38.700,-6.750,52.273,26.101,36.900,39.932,1.801,-4.950,-2.902,-18.000,-24.301,-31.943,0,0,1133,0,0.0,0.0,445.0,0.0,101.728,1341,2
65,cylinder_stiff,2143,101.728,49.500,6.300,66.066,12.601,23.850,21.055,4.051,-4.051,-2.902,-23.850,-28.801,-38.477,0,1,1133,2143,0.0,0.0,445.0,432.0,101.728,1341,2
66,cylinder_stiff,6,60.984,6.899,7.200,16.455,-2.850,-2.400,-3.146,0.449,3.900,-0.969,17.550,14.851,26.863,0,0,0,0,0.0,0.0,0.0,0.0,0.000,0,0
66,cylinder_stiff,57,61.512,-6.749,-7.425,-11.617,8.325,6.074,16.334,-13.726,-12.375,-27.951,-13.275,-16.650,-21.781,0,0,0,0,0.0,0.0,0.0,0.0,0.000,0,0
66,cylinder_stiff,108,63.536,-4.274,-4.726,-0.363,34.426,34.650,56.629,-1.800,-2.475,-13.068,20.475,20.475,26.137,0,0,0,0,0.0,0.0,0.0,0.0,0.000,0,0
66,cylinder_stiff,159,65.824,-19.350,-16.876,-29.770,33.750,34.199,60.621,-6.076,-2.699,-5.443,-1.125,-4.725,-10.164,0,0,0,0,0.0,0.0,0.0,0.0,0.000,0,0
66,cylinder_stiff,210,68.728,-15.976,-14.400,-28.314,25.425,19.575,39.930,12.826,14.850,15.973,25.875,21.375,34.484,0,0,0,0,0.0,0.0,0.0,0.0,0.000,0,0
66,cylinder_stiff,260,71.632,1.351,7.200,11.617,19.350,10.351,27.586,8.100,3.150,11.615,42.750,37.799,60.984,0,0,0,0,0.0,0.0,0.0,0.0,0.000,0,0
66,cylinder_stiff,311,74.448,-12.375,-13.500,-18.514,5.851,6.976,14.883,-0.226,1.350,2.906,14.176,16.875,27.225,0,0,0,0,0.0,0.0,0.0,0.0,0.000,0,0
66,cylinder_stiff,362,77.440,2.701,0.900,2.178,23.400,26.100,45.012,8.551,7.650,12.344,0.450,-2.701,-3.631,0,0,0,0,0.0,0.0,0.0,0.0,0.000,0,0
66,cylinder_stiff,413,80.432,-15.525,-11.925,-26.498,26.551,31.950,48.279,0.449,0.226,7.260,16.649,16.875,29.766,0,0,0,0,0.0,0.0,0.0,0.0,0.000,0,0
66,cylinder_stiff,464,83.336,-11.701,-12.600,-27.588,9.000,15.750,17.424,6.301,-1.350,1.451,15.750,15.750,28.314,0,0,0,0,0.0,0.0,0.0,0.0,0.000,0,0
66,cylinder_stiff,515,86.064,-7.650,-9.451,-18.875,2.250,10.801,13.068,8.100,5.851,7.260,-4.949,-7.199,0.000,0,0,0,0,0.0,0.0,0.0,0.0,0.000,0,0
66,cylinder_stiff,566,88.616,-0.226,-7.200,7.260,24.075,26.774,46.100,6.076,9.899,6.170,1.800,-8.550,3.266,0,0,0,0,0.0,0.0,0.0,0.0,0.000,0,0
66,cylinder_stiff,618,90.992,-1.351,-4.725,1.814,0.000,12.150,13.795,-4.049,-7.425,-9.803,-9.899,-22.950,-11.979,0,0,0,0,0.0,0.0,0.0,0.0,0.000,0,0
66,cylinder_stiff,669,93.192,3.149,-3.150,2.180,18.900,29.250,43.561,-4.500,-5.400,-17.422,-13.949,-33.299,-25.412,0,0,0,0,0.0,0.0,0.0,0.0,0.000,0,0
66,cylinder_stiff,720,95.568,0.451,-6.300,-4.355,15.750,24.299,33.396,-2.701,-4.500,-24.684,-5.850,-25.649,-15.246,0,0,0,0,0.0,0.0,0.0,0.0,0.000,0,0
66,cylinder_stiff,771,97.680,18.451,6.750,18.875,12.601,27.900,34.121,13.049,10.801,18.148,-29.701,-42.750,-44.287,0,0,0,0,0.0,0.0,0.0,0.0,0.000,0,0
66,cylinder_stiff,822,99.528,2.250,-22.500,-9.438,2.700,14.850,14.521,-18.899,-18.000,-31.219,-14.399,-27.000,-26.137,0,0,0,0,0.0,0.0,0.0,0.0,0.000,0,0
66,cylinder_stiff,874,101.200,20.249,-11.250,31.941,20.250,33.524,41.020,1.350,-0.450,-5.445,-18.900,-30.150,-27.225,0,0,0,0,0.0,0.0,0.0,0.0,0.000,0,0
66,cylinder_stiff,924,101.728,33.300,-4.500,40.658,12.601,22.500,16.697,17.551,12.150,17.426,-35.550,-43.200,-60.258,0,0,0,0,0.0,0.0,0.0,0.0,0.000,0,0
66,cylinder_stiff,975,101.728,38.250,-4.500,44.287,36.450,44.100,63.889,-2.699,-13.500,-8.711,-25.650,-35.551,-39.930,0,0,0,0,0.0,0.0,0.0,0.0,0.000,0,0
66,cylinder_stiff,1026,101.728,37.351,-2.250,55.904,31.500,41.400,47.916,11.701,4.050,13.795,-37.350,-38.700,-53.723,1,0,1026,0,0.0,0.0,442.0,0.0,101.728,0,1
66,cylinder_stiff,1084,101.728,36.899,-8.100,46.465,9.899,22.050,17.424,17.551,12.600,18.877,-13.949,-21.150,-19.602,0,0,1026,0,0.0,0.0,442.0,0.0,101.728,0,1
66,cylinder_stiff,1134,101.728,38.250,-8.551,39.932,29.250,39.600,52.998,9.000,-1.350,5.082,-42.300,-50.850,-66.791,0,0,1026,0,0.0,0.0,442.0,0.0,101.728,0,1
66,cylinder_stiff,1185,101.728,27.000,-18.000,24.686,18.899,27.449,29.041,9.900,0.000,5.082,-48.600,-55.350,-79.859,0,0,1026,0,0.0,0.0,442.0,0.0,101.728,0,1
66,cylinder_stiff,1236,101.728,53.550,9.900,69.697,31.500,42.300,55.904,18.000,9.449,19.604,-45.000,-52.200,-73.324,0,0,1026,0,0.0,0.0,442.0,0.0,101.728,1236,1
66,cylinder_stiff,1286,101.728,37.800,-5.850,47.191,14.399,21.150,19.604,4.951,-4.051,-2.178,-22.050,-31.950,-45.738,0,0,1026,0,0.0,0.0,442.0,0.0,101.728,1236,1
66,cylinder_stiff,1337,101.728,36.000,-12.150,43.561,24.300,36.000,35.574,11.701,1.800,7.262,-27.900,-33.301,-42.832,0,0,1026,0,0.0,0.0,442.0,0.0,101.728,1236,1
66,cylinder_stiff,1388,101.728,46.351,1.800,59.533,34.649,40.050,52.998,4.051,-2.700,-1.451,-57.600,-61.650,-83.490,0,0,1026,0,0.0,0.0,442.0,0.0,101.728,1236,1
66,cylinder_stiff,1439,101.728,38.250,-9.900,51.547,33.300,43.650,55.904,10.351,7.199,16.699,-41.850,-49.500,-72.598,0,0,1026,0,0.0,0.0,442.0,0.0,101.728,1236,1
66,cylinder_stiff,1491,101.728,38.700,-4.500,45.738,34.649,39.150,55.178,0.900,-9.450,-6.531,-27.900,-34.200,-45.012,0,0,1026,0,0.0,0.0,442.0,0.0,101.728,1236,1
66,cylinder_stiff,1541,101.728,48.149,-0.450,59.533,31.050,39.150,41.383,8.101,-0.450,6.535,-34.650,-39.150,-53.723,0,0,1026,0,0.0,0.0,442.0,0.0,101.728,1236,1
66,cylinder_stiff,1592,101.728,32.399,-15.750,31.219,24.300,35.550,41.383,0.451,-4.051,2.906,-32.400,-46.801,-58.078,0,0,1026,0,0.0,0.0,442.0,0.0,101.728,1236,1
66,cylinder_stiff,1644,101.728,25.649,-22.950,27.590,31.050,42.750,48.643,0.451,-3.600,1.453,-34.650,-38.700,-54.449,0,0,1026,0,0.0,0.0,442.0,0.0,101.728,1236,1
66,cylinder_stiff,1694,101.728,44.101,-8.100,45.738,17.550,24.750,23.232,9.000,2.250,7.988,-18.900,-23.850,-34.848,0,0,1026,0,0.0,0.0,442.0,0.0,101.728,1236,1
66,cylinder_stiff,1745,101.728,49.050,2.250,65.342,22.500,28.800,33.396,14.400,6.750,15.246,-38.699,-43.200,-59.531,0,0,1026,0,0.0,0.0,442.0,0.0,101.728,1236,1
66,cylinder_stiff,1796,101.728,28.351,-15.750,36.301,39.601,45.449,55.904,2.250,-6.301,2.180,-41.400,-49.500,-74.051,0,0,1026,0,0.0,0.0,442.0,0.0,101.728,1236,1
66,cylinder_stiff,1846,101.728,33.750,-12.150,37.754,25.200,35.550,42.836,4.500,-0.900,2.906,-41.400,-51.750,-71.146,0,0,1026,0,0.0,0.0,442.0,0.0,101.728,1236,1
66,cylinder_stiff,1898,101.728,32.399,-17.100,47.191,22.500,30.600,37.027,-10.350,-19.801,-28.312,-35.550,-37.801,-53.723,0,0,1026,0,0.0,0.0,442.0,0.0,101.728,1236,1
66,cylinder_stiff,1957,101.728,54.000,4.500,71.150,11.250,19.350,17.424,8.551,6.750,13.795,-21.150,-27.900,-40.654,0,0,1026,0,0.0,0.0,442.0,0.0,101.728,1236,1
66,cylinder_stiff,2008,101.728,36.000,-13.051,45.012,27.450,34.650,41.383,4.951,-2.250,0.727,-38.250,-47.250,-66.791,0,0,1026,0,0.0,0.0,442.0,0.0,101.728,1236,1
66,cylinder_stiff,2061,101.728,39.149,-8.551,53.000,13.950,22.500,20.328,11.701,2.699,15.246,-37.350,-41.400,-58.805,0,1,1026,2061,0.0,0.0,442.0,433.0,101.728,1236,1
67,cylinder_stiff,6,60.984,11.850,10.350,20.811,-0.150,-2.850,-3.873,4.050,4.350,1.936,14.399,13.050,26.137,0,0,0,0,0.0,0.0,0.0,0.0,0.000,0,0
67,cylinder_stiff,57,61.512,0.450,0.225,5.809,24.976,24.074,44.648,-9.675,-8.325,-19.240,-2.925,-2.250,-5.084,0,0,0,0,0.0,0.0,0.0,0.0,0.000,0,0
67,cylinder_stiff,108,63.536,-7.425,-6.524,-17.062,0.676,-1.799,0.727,-10.350,-11.926,-23.232,15.074,16.426,21.779,0,0,0,0,0.0,0.0,0.0,0.0,0.000,0,0
67,cylinder_stiff,158,65.736,2.250,4.725,5.080,23.851,22.949,44.648,-5.625,-2.250,-11.252,7.875,0.676,9.439,0,0,0,0,0.0,0.0,0.0,0.0,0.000,0,0
67,cylinder_stiff,209,68.728,-2.024,-0.900,-0.727,26.325,26.325,45.012,7.426,9.899,6.535,16.875,16.425,26.498,0,0,0,0,0.0,0.0,0.0,0.0,0.000,0,0
67,cylinder_stiff,260,71.544,-4.949,-7.199,-7.260,26.100,21.601,34.848,-4.051,-9.900,-0.727,27.449,24.750,40.656,0,0,0,0,0.0,0.0,0.0,0.0,0.000,0,0
67,cylinder_stiff,311,74.448,-30.375,-33.301,-47.553,-4.050,-1.575,-9.801,10.125,8.550,7.260,1.125,1.574,2.539,0,0,0,0,0.0,0.0,0.0,0.0,0.000,0,0
67,cylinder_stiff,362,77.440,-8.100,-9.000,-14.520,22.951,21.149,35.574,6.301,5.850,7.986,-9.450,-14.400,-17.426,0,0,0,0,0.0,0.0,0.0,0.0,0.000,0,0
67,cylinder_stiff,413,80.432,-24.075,-16.876,-38.840,26.100,24.750,40.291,0.899,1.576,1.451,0.450,-0.226,2.904,0,0,0,0,0.0,0.0,0.0,0.0,0.000,0,0
67,cylinder_stiff,464,83.336,-33.301,-31.500,-57.354,8.549,14.851,19.602,14.850,6.750,15.971,-5.851,-11.250,-11.615,0,0,0,0,0.0,0.0,0.0,0.0,0.000,0,0
67,cylinder_stiff,515,85.976,-2.700,-3.601,-5.082,22.949,31.051,42.109,13.500,12.601,17.422,1.350,-0.899,5.082,0,0,0,0,0.0,0.0,0.0,0.0,0.000,0,0
67,cylinder_stiff,565,88.528,2.925,-4.950,7.986,12.825,17.325,28.678,9.676,9.450,14.883,-1.800,-17.999,-11.254,0,0,0,0,0.0,0.0,0.0,0.0,0.000,0,0
67,cylinder_stiff,615,90.816,3.600,-2.925,8.350,-2.699,8.551,10.164,8.551,9.225,18.512,-7.649,-22.950,-11.252,0,0,0,0,0.0,0.0,0.0,0.0,0.000,0,0
67,cylinder_stiff,665,93.016,6.525,-0.899,5.807,-10.799,-1.125,-15.609,3.375,-0.899,-5.082,-5.850,-26.325,-13.068,0,0,0,0,0.0,0.0,0.0,0.0,0.000,0,0
67,cylinder_stiff,716,95.304,-30.149,-36.000,-62.436,13.500,25.649,28.314,-3.601,-5.850,-16.697,0.000,-18.899,-6.533,0,0,0,0,0.0,0.0,0.0,0.0,0.000,0,0
67,cylinder_stiff,767,97.504,25.201,21.150,36.301,1.801,16.199,8.713,4.500,3.601,0.000,-39.150,-55.799,-60.984,0,0,0,0,0.0,0.0,0.0,0.0,0.000,0,0
67,cylinder_stiff,818,99.352,9.450,-12.600,2.904,2.250,16.200,7.986,-3.601,-0.900,-15.973,-6.299,-21.150,-6.533,0,0,0,0,0.0,0.0,0.0,0.0,0.000,0,0
67,cylinder_stiff,868,101.024,27.450,-6.750,35.572,13.950,30.375,39.566,-10.801,-13.950,-16.336,-0.900,-16.650,-9.801,0,0,0,0,0.0,0.0,0.0,0.0,0.000,0,0
67,cylinder_stiff,920,101.728,39.601,-2.250,49.369,20.700,29.250,37.752,14.400,8.100,11.617,-24.750,-32.400,-32.670,0,0,0,0,0.0,0.0,0.0,0.0,0.000,0,0
67,cylinder_stiff,971,101.728,37.800,-3.600,36.301,24.750,35.550,40.658,7.650,0.000,-5.080,-24.750,-33.750,-39.203,0,0,0,0,0.0,0.0,0.0,0.0,0.000,0,0
67,cylinder_stiff,1022,101.728,45.000,0.000,54.451,15.300,24.750,24.686,8.551,0.449,4.357,-46.350,-49.950,-70.422,0,0,0,0,0.0,0.0,0.0,0.0,0.000,0,0
67,cylinder_stiff,1073,101.728,32.399,-12.150,30.492,26.550,35.550,43.561,4.500,-1.350,4.357,-32.850,-40.950,-45.012,0,0,0,0,0.0,0.0,0.0,0.0,0.000,0,0
67,cylinder_stiff,1124,101.728,38.700,-4.051,39.205,35.550,41.850,52.998,16.201,9.900,18.877,-25.199,-37.350,-46.463,1,0,1124,0,0.0,0.0,438.0,0.0,101.728,0,2
67,cylinder_stiff,1181,101.728,28.351,-18.450,28.314,21.601,32.400,24.686,-6.299,-11.250,-13.793,-19.350,-30.600,-38.477,0,0,1124,0,0.0,0.0,438.0,0.0,101.728,0,2
67,cylinder_stiff,1233,101.728,62.550,12.150,76.230,26.101,38.699,39.932,-5.850,-12.600,-18.875,-40.500,-52.650,-68.244,0,0,1124,0,0.0,0.0,438.0,0.0,101.728,0,2
67,cylinder_stiff,1283,101.728,34.649,-13.950,28.314,18.450,30.600,23.232,6.750,2.250,10.891,-28.800,-37.350,-50.094,0,0,1124,0,0.0,0.0,438.0,0.0,101.728,0,2
67,cylinder_stiff,1334,101.728,38.250,-6.301,50.820,21.601,31.500,39.205,13.951,12.600,14.520,-44.550,-52.200,-70.422,0,0,1124,0,0.0,0.0,438.0,0.0,101.728,1334,2
67,cylinder_stiff,1385,101.728,29.700,-15.750,33.398,33.750,42.300,51.547,8.551,2.699,3.631,-21.150,-29.250,-26.861,0,0,1124,0,0.0,0.0,438.0,0.0,101.728,1334,2
67,cylinder_stiff,1436,101.728,27.899,-15.301,29.766,33.300,42.750,52.273,15.301,8.550,15.973,-50.850,-56.250,-82.764,0,0,1124,0,0.0,0.0,438.0,0.0,101.728,1334,2
67,cylinder_stiff,1487,101.728,43.200,-9.000,50.096,34.649,43.199,51.547,-2.699,-11.250,-10.164,-25.199,-33.750,-46.463,0,0,1124,0,0.0,0.0,438.0,0.0,101.728,1334,2
67,cylinder_stiff,1538,101.728,19.351,-28.350,12.344,22.500,27.900,28.314,22.500,18.000,32.672,-32.850,-44.551,-63.887,0,0,1124,0,0.0,0.0,438.0,0.0,101.728,1334,2
67,cylinder_stiff,1588,101.728,45.000,-1.350,54.451,24.750,32.400,31.943,-5.850,-15.750,-20.326,-46.350,-49.500,-68.244,0,0,1124,0,0.0,0.0,438.0,0.0,101.728,1334,2
67,cylinder_stiff,1639,101.728,28.800,-20.250,32.672,42.750,47.699,60.258,13.051,3.600,14.520,-33.300,-47.250,-58.078,0,0,1124,0,0.0,0.0,438.0,0.0,101.728,1334,2
67,cylinder_stiff,1690,101.728,39.149,-4.500,48.643,23.851,30.150,39.932,4.951,-4.500,1.453,-29.699,-40.500,-52.998,0,0,1124,0,0.0,0.0,438.0,0.0,101.728,1334,2
67,cylinder_stiff,1748,101.728,39.149,-9.900,47.918,19.351,28.800,21.781,7.201,3.600,5.082,-16.650,-24.750,-29.766,0,0,1124,0,0.0,0.0,438.0,0.0,101.728,1334,2
67,cylinder_stiff,1798,101.728,38.250,-12.150,39.205,21.601,25.650,29.041,11.701,6.300,13.068,-39.600,-47.250,-70.422,0,0,1124,0,0.0,0.0,438.0,0.0,101.728,1334,2
67,cylinder_stiff,1850,101.728,36.450,-15.750,30.492,23.399,29.699,36.301,14.400,11.699,18.150,-19.800,-24.301,-30.492,0,0,1124,0,0.0,0.0,438.0,0.0,101.728,1334,2
67,cylinder_stiff,1901,101.728,27.450,-20.250,24.686,13.950,22.949,21.781,5.400,1.350,0.727,-34.199,-40.500,-51.547,0,0,1124,0,0.0,0.0,438.0,0.0,101.728,1334,2
67,cylinder_stiff,1951,101.728,37.800,-9.000,46.465,23.851,31.949,30.492,8.551,4.500,17.426,-22.949,-31.500,-39.203,0,0,1124,0,0.0,0.0,438.0,0.0,101.728,1334,2
67,cylinder_stiff,2002,101.728,48.601,-0.900,58.807,17.550,28.800,30.492,15.750,8.550,23.234,-42.750,-48.150,-67.518,0,0,1124,0,0.0,0.0,438.0,0.0,101.728,1334,2
67,cylinder_stiff,2053,101.728,43.649,-5.400,47.918,42.300,43.650,53.725,9.451,5.400,11.617,-25.199,-28.801,-37.025,0,0,1124,0,0.0,0.0,438.0,0.0,101.728,1334,2
67,cylinder_stiff,2104,101.728,36.899,-12.600,37.027,12.149,20.250,10.166,17.551,12.600,18.150,-33.300,-39.600,-53.723,0,0,1124,0,0.0,0.0,438.0,0.0,101.728,1334,2
67,cylinder_stiff,2155,101.728,40.050,-4.500,51.547,16.649,21.150,21.781,10.801,3.600,2.906,-34.650,-37.350,-53.723,0,1,1124,2155,0.0,0.0,438.0,430.0,101.728,1334,2
68,cylinder_stiff,6,61.072,-3.451,-6.300,-8.957,-4.200,-1.950,-4.598,-2.700,2.550,-8.229,19.351,17.101,32.670,0,0,0,0,0.0,0.0,0.0,0.0,0.000,0,0
68,cylinder_stiff,57,61.512,-4.950,-7.875,-11.617,2.476,5.625,10.527,1.125,2.925,1.090,6.975,2.250,15.244,0,0,0,0,0.0,0.0,0.0,0.0,0.000,0,0
68,cylinder_stiff,108,63.448,1.126,2.925,6.172,20.025,20.250,31.219,7.200,5.625,7.260,23.625,17.775,28.314,0,0,0,0,0.0,0.0,0.0,0.0,0.000,0,0
68,cylinder_stiff,158,65.736,-2.699,-1.575,-2.180,27.000,27.449,53.361,16.424,16.200,27.227,17.775,11.926,29.039,0,0,0,0,0.0,0.0,0.0,0.0,0.000,0,0
68,cylinder_stiff,208,68.640,-1.575,-0.449,-3.631,20.925,16.425,33.396,15.976,13.499,13.797,5.176,2.925,3.992,0,0,0,0,0.0,0.0,0.0,0.0,0.000,0,0
68,cylinder_stiff,260,71.544,-7.649,-3.600,-5.082,9.000,5.851,10.889,15.300,9.900,25.410,21.150,18.000,32.670,0,0,0,0,0.0,0.0,0.0,0.0,0.000,0,0
68,cylinder_stiff,311,74.448,-4.726,-8.101,-7.623,-9.450,-6.524,-15.609,14.175,8.550,16.699,20.475,18.675,30.127,0,0,0,0,0.0,0.0,0.0,0.0,0.000,0,0
68,cylinder_stiff,362,77.440,-2.699,-5.400,-9.438,23.851,25.199,39.203,24.301,20.250,31.945,1.351,3.149,11.615,0,0,0,0,0.0,0.0,0.0,0.0,0.000,0,0
68,cylinder_stiff,413,80.432,-9.225,-2.025,-11.252,19.801,19.801,31.580,-9.900,-12.375,-16.697,24.750,20.924,31.943,0,0,0,0,0.0,0.0,0.0,0.0,0.000,0,0
68,cylinder_stiff,463,83.336,-28.351,-31.050,-58.805,14.850,15.750,21.779,-4.949,-8.551,-16.697,9.000,7.200,9.438,0,0,0,0,0.0,0.0,0.0,0.0,0.000,0,0
68,cylinder_stiff,514,85.888,-16.650,-20.250,-29.039,7.650,15.301,16.697,1.350,-3.149,2.176,14.400,6.301,21.781,0,0,0,0,0.0,0.0,0.0,0.0,0.000,0,0
68,cylinder_stiff,565,88.440,-1.125,-5.399,5.082,20.025,24.976,43.197,-0.674,-8.101,-12.705,14.399,0.900,21.416,0,0,0,0,0.0,0.0,0.0,0.0,0.000,0,0
68,cylinder_stiff,617,90.816,1.799,-3.824,-2.539,-4.049,4.051,0.000,8.101,7.426,11.252,-20.699,-37.351,-35.938,0,0,0,0,0.0,0.0,0.0,0.0,0.000,0,0
68,cylinder_stiff,668,93.016,-12.375,-19.799,-30.492,-1.799,10.125,9.074,6.524,-1.799,-4.355,0.900,-19.125,-4.357,0,0,0,0,0.0,0.0,0.0,0.0,0.000,0,0
68,cylinder_stiff,719,95.480,-14.399,-17.550,-26.137,17.549,27.000,37.027,-13.951,-14.850,-31.943,1.801,-20.700,2.178,0,0,0,0,0.0,0.0,0.0,0.0,0.000,0,0
68,cylinder_stiff,771,97.592,25.650,17.550,28.312,-2.250,16.199,10.891,-9.451,-5.850,-13.795,-42.301,-58.500,-64.613,0,0,0,0,0.0,0.0,0.0,0.0,0.000,0,0
68,cylinder_stiff,822,99.440,9.000,-12.600,-2.178,15.300,29.700,35.574,-10.351,-11.699,-23.232,-7.199,-22.500,-10.891,0,0,0,0,0.0,0.0,0.0,0.0,0.000,0,0
68,cylinder_stiff,873,101.112,19.800,-16.200,21.053,18.899,35.774,35.936,2.699,4.050,3.268,-16.199,-28.801,-30.129,0,0,0,0,0.0,0.0,0.0,0.0,0.000,0,0
68,cylinder_stiff,923,101.728,45.000,3.150,46.465,31.050,43.199,50.820,2.250,-3.150,-5.080,-41.850,-56.700,-70.422,0,0,0,0,0.0,0.0,0.0,0.0,0.000,0,0
68,cylinder_stiff,975,101.728,48.601,5.400,55.178,27.000,31.500,37.027,14.400,12.150,16.699,-42.300,-53.551,-68.244,0,0,0,0,0.0,0.0,0.0,0.0,0.000,0,0
68,cylinder_stiff,1025,101.728,45.000,3.600,50.820,31.050,41.400,47.189,26.551,19.800,35.574,-41.400,-55.350,-66.066,0,0,0,0,0.0,0.0,0.0,0.0,0.000,0,0
68,cylinder_stiff,1076,101.728,43.200,-1.350,49.369,32.851,41.850,57.355,14.851,11.699,18.877,-26.550,-34.200,-40.654,0,0,0,0,0.0,0.0,0.0,0.0,0.000,0,0
68,cylinder_stiff,1127,101.728,23.851,-23.850,12.344,34.649,41.850,54.451,14.400,9.000,16.699,-30.600,-39.150,-46.463,1,0,1127,0,0.0,0.0,438.0,0.0,101.728,0,2
68,cylinder_stiff,1185,101.728,33.300,-13.051,38.480,20.250,26.100,31.219,2.250,-8.551,-5.807,-28.800,-36.900,-47.189,0,0,1127,0,0.0,0.0,438.0,0.0,101.728,0,2
68,cylinder_stiff,1236,101.728,36.899,-10.350,33.398,27.899,42.750,47.189,22.500,18.000,28.314,-22.949,-30.600,-32.670,0,0,1127,0,0.0,0.0,438.0,0.0,101.728,0,2
68,cylinder_stiff,1288,101.728,42.750,-9.000,31.219,23.399,30.150,30.492,13.051,6.300,15.246,-26.100,-33.301,-38.477,0,0,1127,0,0.0,0.0,438.0,0.0,101.728,0,2
68,cylinder_stiff,1338,101.728,40.500,-6.301,45.738,25.649,38.699,39.932,10.801,1.350,6.535,-56.250,-63.000,-84.215,0,0,1127,0,0.0,0.0,438.0,0.0,101.728,1338,2
68,cylinder_stiff,1389,101.728,38.700,-8.100,37.027,44.550,46.800,58.807,5.400,-1.350,5.082,-39.600,-46.350,-55.900,0,0,1127,0,0.0,0.0,438.0,0.0,101.728,1338,2
68,cylinder_stiff,1440,101.728,43.200,-9.000,47.918,32.851,40.949,41.383,10.351,0.449,9.439,-18.449,-26.551,-35.574,0,0,1127,0,0.0,0.0,438.0,0.0,101.728,1338,2
68,cylinder_stiff,1491,101.728,40.500,-9.000,37.027,31.500,40.500,46.465,3.150,-4.051,-2.178,-29.250,-38.250,-42.832,0,0,1127,0,0.0,0.0,438.0,0.0,101.728,1338,2
68,cylinder_stiff,1542,101.728,44.550,-3.600,55.904,30.601,38.699,50.096,13.051,6.300,14.520,-34.199,-45.450,-61.709,0,0,1127,0,0.0,0.0,438.0,0.0,101.728,1338,2
68,cylinder_stiff,1594,101.728,30.149,-18.900,26.863,23.851,31.500,34.850,-5.399,-13.500,-15.246,-37.350,-46.350,-60.984,0,0,1127,0,0.0,0.0,438.0,0.0,101.728,1338,2
68,cylinder_stiff,1644,101.728,39.149,-9.900,39.205,20.700,28.350,29.041,12.150,6.300,14.520,-34.650,-38.250,-56.627,0,0,1127,0,0.0,0.0,438.0,0.0,101.728,1338,2
68,cylinder_stiff,1695,101.728,39.149,-9.900,43.561,17.550,26.550,23.232,7.650,2.699,6.535,-12.150,-18.900,-17.424,0,0,1127,0,0.0,0.0,438.0,0.0,101.728,1338,2
68,cylinder_stiff,1746,101.728,48.601,-0.900,54.451,15.300,18.449,16.697,15.750,10.800,21.781,-35.100,-43.200,-55.176,0,0,1127,0,0.0,0.0,438.0,0.0,101.728,1338,2
68,cylinder_stiff,1797,101.728,46.800,-4.051,53.727,25.200,37.800,39.205,12.150,2.699,13.068,-29.250,-35.551,-49.367,0,0,1127,0,0.0,0.0,438.0,0.0,101.728,1338,2
68,cylinder_stiff,1848,101.728,51.750,-2.700,63.889,6.750,16.199,11.617,10.351,7.199,13.795,-29.699,-34.200,-49.367,0,0,1127,0,0.0,0.0,438.0,0.0,101.728,1338,2
68,cylinder_stiff,1898,101.728,43.649,-10.801,44.287,35.101,40.949,50.820,10.351,2.250,7.988,-24.300,-34.650,-47.189,0,0,1127,0,0.0,0.0,438.0,0.0,101.728,1338,2
68,cylinder_stiff,1949,101.728,40.950,-8.100,39.932,18.450,25.650,23.232,18.900,8.550,17.426,-24.750,-32.400,-45.012,0,0,1127,0,0.0,0.0,438.0,0.0,101.728,1338,2
68,cylinder_stiff,2000,101.728,54.450,2.699,67.520,36.450,42.300,53.725,6.750,-0.900,11.617,-34.199,-42.301,-64.613,0,0,1127,0,0.0,0.0,438.0,0.0,101.728,1338,2
68,cylinder_stiff,2051,101.728,47.250,-4.500,59.533,22.500,28.350,34.850,7.201,1.350,11.617,-31.050,-36.450,-52.998,0,0,1127,0,0.0,0.0,438.0,0.0,101.728,1338,2
68,cylinder_stiff,2101,101.728,47.250,-4.500,55.178,30.601,36.449,46.465,15.750,9.449,22.508,-55.350,-59.850,-87.844,0,0,1127,0,0.0,0.0,438.0,0.0,101.728,1338,2
68,cylinder_stiff,2152,101.728,44.101,-12.150,50.820,24.300,30.150,37.752,13.051,4.050,16.699,-42.300,-46.350,-66.791,0,1,1127,2152,0.0,0.0,438.0,428.0,101.728,1338,2
69,cylinder_stiff,6,60.984,11.850,8.999,17.906,9.300,5.250,13.553,1.800,1.650,-3.145,22.500,21.601,34.848,0,0,0,0,0.0,0.0,0.0,0.0,0.000,0,0
69,cylinder_stiff,57,61.512,-4.499,-4.725,-5.809,7.425,4.725,17.787,-5.625,1.125,-9.076,-4.725,-7.650,-4.357,0,0,0,0,0.0,0.0,0.0,0.0,0.000,0,0
69,cylinder_stiff,108,63.448,4.726,8.774,12.705,23.625,22.051,40.656,7.200,6.975,6.535,15.975,13.725,22.506,0,0,0,0,0.0,0.0,0.0,0.0,0.000,0,0
69,cylinder_stiff,159,65.736,-4.500,-4.726,-7.262,27.000,27.000,52.635,11.924,15.750,19.965,6.074,3.826,5.809,0,0,0,0,0.0,0.0,0.0,0.0,0.000,0,0
69,cylinder_stiff,210,68.728,3.375,4.051,-1.453,20.925,19.575,31.217,0.226,-0.450,-2.902,21.825,17.774,32.307,0,0,0,0,0.0,0.0,0.0,0.0,0.000,0,0
69,cylinder_stiff,262,71.632,-23.399,-22.949,-34.121,30.149,27.900,47.914,16.650,11.250,25.410,16.650,9.000,17.424,0,0,0,0,0.0,0.0,0.0,0.0,0.000,0,0
69,cylinder_stiff,313,74.536,6.975,2.699,1.814,11.700,7.425,17.787,12.825,10.800,12.344,6.975,8.324,12.705,0,0,0,0,0.0,0.0,0.0,0.0,0.000,0,0
69,cylinder_stiff,364,77.528,-5.399,-7.199,-10.891,5.400,9.899,13.795,11.250,5.850,9.438,-2.700,-4.951,-7.262,0,0,0,0,0.0,0.0,0.0,0.0,0.000,0,0
69,cylinder_stiff,414,80.520,-21.375,-11.925,-32.307,30.600,27.450,45.375,3.149,0.676,3.629,21.149,17.774,36.301,0,0,0,0,0.0,0.0,0.0,0.0,0.000,0,0
69,cylinder_stiff,466,83.424,-14.400,-11.699,-25.410,17.100,19.351,30.492,10.801,8.100,7.260,22.500,22.500,41.383,0,0,0,0,0.0,0.0,0.0,0.0,0.000,0,0
69,cylinder_stiff,517,86.064,-0.450,-6.301,-10.891,12.150,22.500,25.412,16.200,10.800,19.602,10.350,4.051,17.424,0,0,0,0,0.0,0.0,0.0,0.0,0.000,0,0
69,cylinder_stiff,567,88.528,-4.726,-8.550,-4.355,26.775,34.425,52.635,5.625,0.899,-6.170,11.249,0.001,18.512,0,0,0,0,0.0,0.0,0.0,0.0,0.000,0,0
69,cylinder_stiff,618,90.904,6.299,-2.925,3.268,-15.750,-6.300,-15.246,11.701,6.525,16.334,8.101,-12.601,6.896,0,0,0,0,0.0,0.0,0.0,0.0,0.000,0,0
69,cylinder_stiff,669,93.104,9.226,1.801,8.711,-3.600,9.675,0.361,-20.024,-22.049,-33.396,-3.600,-24.075,-15.246,0,0,0,0,0.0,0.0,0.0,0.0,0.000,0,0
69,cylinder_stiff,720,95.480,-12.600,-15.300,-18.875,25.649,36.899,54.449,-18.900,-18.900,-46.463,-4.949,-27.450,-9.438,0,0,0,0,0.0,0.0,0.0,0.0,0.000,0,0
69,cylinder_stiff,772,97.592,5.400,-4.051,-2.904,-15.750,-1.350,-9.438,-4.500,-5.850,-6.535,-25.650,-42.299,-36.299,0,0,0,0,0.0,0.0,0.0,0.0,0.000,0,0
69,cylinder_stiff,824,99.528,9.000,-15.299,-4.355,5.399,25.650,22.506,-12.601,-13.050,-24.684,-12.149,-28.350,-19.602,0,0,0,0,0.0,0.0,0.0,0.0,0.000,0,0
69,cylinder_stiff,875,101.112,17.100,-13.500,16.695,12.149,27.226,29.402,-13.951,-14.399,-19.238,-13.949,-30.150,-33.033,0,0,0,0,0.0,0.0,0.0,0.0,0.000,0,0
69,cylinder_stiff,927,101.728,21.601,-14.850,15.246,24.750,37.350,47.916,4.951,-6.301,-7.258,-30.600,-41.400,-49.367,0,0,0,0,0.0,0.0,0.0,0.0,0.000,0,0
69,cylinder_stiff,978,101.728,36.000,-4.950,38.480,27.450,39.600,42.836,18.451,11.699,27.588,-39.150,-47.700,-61.709,0,0,0,0,0.0,0.0,0.0,0.0,0.000,0,0
69,cylinder_stiff,1028,101.728,50.851,4.500,51.547,31.050,41.400,50.096,12.601,2.250,10.166,-36.000,-45.000,-57.352,0,0,0,0,0.0,0.0,0.0,0.0,0.000,0,0
69,cylinder_stiff,1079,101.728,26.550,-15.301,27.590,33.300,42.300,52.998,1.351,-5.400,-0.727,-48.600,-58.051,-72.598,1,0,1079,0,0.0,0.0,437.0,0.0,101.728,0,1
69,cylinder_stiff,1137,101.728,30.149,-12.150,26.863,11.250,22.949,15.246,8.551,4.050,7.988,-24.300,-35.100,-37.752,0,0,1079,0,0.0,0.0,437.0,0.0,101.728,0,1
69,cylinder_stiff,1188,101.728,53.101,5.850,57.355,11.700,20.250,16.697,2.250,-3.150,2.180,-31.500,-38.700,-48.641,0,0,1079,0,0.0,0.0,437.0,0.0,101.728,0,1
69,cylinder_stiff,1239,101.728,25.200,-21.150,19.604,23.851,32.850,39.932,2.250,-8.100,0.000,-29.250,-39.600,-48.641,0,0,1079,0,0.0,0.0,437.0,0.0,101.728,0,1
69,cylinder_stiff,1290,101.728,36.899,-5.850,44.287,28.800,38.250,41.383,13.500,5.850,13.068,-24.300,-32.850,-41.381,0,0,1079,0,0.0,0.0,437.0,0.0,101.728,1290,1
69,cylinder_stiff,1341,101.728,36.450,-7.650,38.480,35.101,41.850,53.725,0.000,-8.551,-10.889,-41.850,-46.350,-62.436,0,0,1079,0,0.0,0.0,437.0,0.0,101.728,1290,1
69,cylinder_stiff,1392,101.728,31.050,-14.850,28.314,17.550,31.949,38.479,-1.799,-8.100,-9.438,-48.150,-63.450,-81.313,0,0,1079,0,0.0,0.0,437.0,0.0,101.728,1290,1
69,cylinder_stiff,1443,101.728,41.851,-4.500,45.012,28.800,38.250,38.479,7.650,3.600,6.535,-45.000,-50.850,-70.422,0,0,1079,0,0.0,0.0,437.0,0.0,101.728,1290,1
69,cylinder_stiff,1493,101.728,40.950,-6.750,44.287,34.649,40.050,50.820,18.451,10.800,23.234,-36.000,-45.000,-61.709,0,0,1079,0,0.0,0.0,437.0,0.0,101.728,1290,1
69,cylinder_stiff,1544,101.728,18.000,-28.350,8.715,30.601,37.350,39.932,24.750,16.650,31.945,-33.750,-44.100,-50.820,0,0,1079,0,0.0,0.0,437.0,0.0,101.728,1290,1
69,cylinder_stiff,1595,101.728,38.700,-9.900,39.205,34.200,42.750,53.725,16.201,18.449,21.781,-40.500,-43.200,-58.078,0,0,1079,0,0.0,0.0,437.0,0.0,101.728,1290,1
69,cylinder_stiff,1645,101.728,35.101,-11.250,32.672,27.899,35.100,42.109,10.351,2.699,15.246,-25.199,-34.200,-45.738,0,0,1079,0,0.0,0.0,437.0,0.0,101.728,1290,1
69,cylinder_stiff,1696,101.728,31.950,-11.700,31.945,38.250,48.150,57.355,9.000,1.800,7.988,-34.650,-38.250,-49.367,0,0,1079,0,0.0,0.0,437.0,0.0,101.728,1290,1
69,cylinder_stiff,1747,101.728,31.050,-15.750,26.137,30.601,39.600,44.287,9.451,0.449,5.082,-47.250,-51.750,-71.873,0,0,1079,0,0.0,0.0,437.0,0.0,101.728,1290,1
69,cylinder_stiff,1799,101.728,40.950,-6.750,42.836,32.851,40.500,44.287,-2.699,-13.051,-13.793,-28.800,-36.000,-51.547,0,0,1079,0,0.0,0.0,437.0,0.0,101.728,1290,1
69,cylinder_stiff,1850,101.728,53.101,5.850,64.615,35.550,41.850,47.916,11.250,1.350,10.166,-25.199,-30.150,-42.832,0,0,1079,0,0.0,0.0,437.0,0.0,101.728,1290,1
69,cylinder_stiff,1901,101.728,42.750,-8.551,47.918,22.050,31.050,33.396,0.000,-11.250,-10.889,-23.850,-29.700,-38.477,0,0,1079,0,0.0,0.0,437.0,0.0,101.728,1290,1
69,cylinder_stiff,1952,101.728,27.000,-19.801,22.508,36.899,43.650,62.436,16.650,12.150,26.863,-36.000,-36.450,-53.723,0,0,1079,0,0.0,0.0,437.0,0.0,101.728,1290,1
69,cylinder_stiff,2003,101.728,43.200,-3.600,48.643,7.649,18.449,10.166,9.000,8.100,7.988,-36.449,-40.950,-57.352,0,0,1079,0,0.0,0.0,437.0,0.0,101.728,1290,1
69,cylinder_stiff,2053,101.728,45.450,-3.150,53.000,37.351,41.850,51.547,5.851,-0.450,4.357,-29.250,-34.200,-50.094,0,0,1079,0,0.0,0.0,437.0,0.0,101.728,1290,1
69,cylinder_stiff,2104,101.728,28.800,-22.051,21.055,32.851,42.300,52.273,7.650,-2.250,-0.727,-19.800,-27.900,-34.848,0,1,1079,2104,0.0,0.0,437.0,426.0,101.728,1290,1
70,cylinder_stiff,6,61.072,6.000,5.850,10.646,9.750,11.550,22.264,-2.250,-2.400,-4.598,6.300,6.750,9.439,0,0,0,0,0.0,0.0,0.0,0.0,0.000,0,0
70,cylinder_stiff,57,61.512,-4.499,-8.775,-12.342,42.524,40.274,71.512,-16.425,-13.725,-22.871,-4.275,-6.301,-7.262,0,0,0,0,0.0,0.0,0.0,0.0,0.000,0,0
70,cylinder_stiff,107,63.448,9.675,5.625,9.076,23.176,22.951,39.930,-1.800,-1.125,-2.902,6.525,4.275,8.711,0,0,0,0,0.0,0.0,0.0,0.0,0.000,0,0
70,cylinder_stiff,158,65.736,-4.500,-2.025,-6.535,12.601,13.050,28.678,18.674,19.350,31.582,11.475,3.375,11.615,0,0,0,0,0.0,0.0,0.0,0.0,0.000,0,0
70,cylinder_stiff,209,68.728,7.425,5.400,6.535,24.075,22.274,38.479,23.176,20.249,27.590,33.975,27.675,49.004,0,0,0,0,0.0,0.0,0.0,0.0,0.000,0,0
70,cylinder_stiff,260,71.544,-12.149,-9.900,-6.533,13.049,5.851,21.779,12.150,7.199,20.328,18.000,12.600,16.699,0,0,0,0,0.0,0.0,0.0,0.0,0.000,0,0
70,cylinder_stiff,311,74.448,5.174,-0.451,-0.363,15.300,17.774,23.594,4.726,4.500,12.344,14.625,13.725,25.047,0,0,0,0,0.0,0.0,0.0,0.0,0.000,0,0
70,cylinder_stiff,362,77.440,5.400,4.500,2.904,10.801,16.649,29.041,9.900,6.750,11.617,-1.800,-2.250,0.000,0,0,0,0,0.0,0.0,0.0,0.0,0.000,0,0
70,cylinder_stiff,414,80.432,-2.475,0.225,-6.896,14.400,14.400,25.045,-15.301,-13.725,-21.055,22.500,16.875,34.123,0,0,0,0,0.0,0.0,0.0,0.0,0.000,0,0
70,cylinder_stiff,465,83.424,-13.500,-12.150,-23.232,5.850,10.800,15.971,10.801,6.300,7.986,-6.301,-9.000,-10.889,0,0,0,0,0.0,0.0,0.0,0.0,0.000,0,0
70,cylinder_stiff,516,86.064,3.150,1.799,0.000,9.900,21.150,18.150,8.551,6.750,9.438,19.801,13.500,28.314,0,0,0,0,0.0,0.0,0.0,0.0,0.000,0,0
70,cylinder_stiff,567,88.616,-0.226,-6.750,-0.725,23.625,30.375,49.730,12.826,11.700,9.801,13.950,-0.899,17.785,0,0,0,0,0.0,0.0,0.0,0.0,0.000,0,0
70,cylinder_stiff,618,90.992,3.600,-7.425,-3.266,-3.600,9.900,7.260,5.400,4.275,3.266,1.351,-13.501,3.268,0,0,0,0,0.0,0.0,0.0,0.0,0.000,0,0
70,cylinder_stiff,669,93.192,-2.700,-5.400,-2.178,22.051,32.850,50.820,-0.900,-6.300,-18.148,-11.250,-25.649,-12.344,0,0,0,0,0.0,0.0,0.0,0.0,0.000,0,0
70,cylinder_stiff,720,95.568,-9.449,-17.100,-22.506,1.799,12.149,10.164,-0.451,0.450,-16.697,8.100,-9.450,10.889,0,0,0,0,0.0,0.0,0.0,0.0,0.000,0,0
70,cylinder_stiff,772,97.768,28.801,12.600,35.574,8.101,22.050,21.781,9.899,11.701,14.520,-17.551,-34.199,-34.121,0,0,0,0,0.0,0.0,0.0,0.0,0.000,0,0
70,cylinder_stiff,823,99.528,10.350,-14.399,7.262,12.601,26.551,26.137,-1.800,0.450,-15.246,-18.449,-30.150,-23.232,0,0,0,0,0.0,0.0,0.0,0.0,0.000,0,0
70,cylinder_stiff,874,101.112,25.200,-15.300,19.602,22.050,37.575,49.004,-4.051,-3.149,-8.348,-21.150,-35.551,-41.020,0,0,0,0,0.0,0.0,0.0,0.0,0.000,0,0
70,cylinder_stiff,925,101.728,46.800,4.949,55.178,34.649,44.550,55.904,9.900,4.500,14.520,-9.900,-21.600,-20.328,0,0,0,0,0.0,0.0,0.0,0.0,0.000,0,0
70,cylinder_stiff,976,101.728,45.899,4.500,55.178,27.450,37.350,43.561,9.451,-3.150,-1.451,-26.550,-32.850,-47.189,0,0,0,0,0.0,0.0,0.0,0.0,0.000,0,0
70,cylinder_stiff,1027,101.728,38.250,-2.700,44.287,31.050,39.150,46.465,-9.000,-13.500,-15.971,-54.449,-59.850,-86.393,0,0,0,0,0.0,0.0,0.0,0.0,0.000,0,0
70,cylinder_stiff,1079,101.728,42.750,-2.250,46.465,28.351,31.500,40.658,-13.500,-15.301,-24.684,-30.600,-35.551,-52.271,0,0,0,0,0.0,0.0,0.0,0.0,0.000,0,0
70,cylinder_stiff,1129,101.728,33.750,-13.500,34.850,30.601,39.600,49.369,13.051,9.000,13.795,-23.400,-33.750,-50.820,1,0,1129,0,0.0,0.0,430.0,0.0,101.728,0,2
70,cylinder_stiff,1187,101.728,28.351,-20.700,20.328,37.351,43.650,60.258,-2.699,-8.551,-5.807,-45.449,-55.350,-82.764,0,0,1129,0,0.0,0.0,430.0,0.0,101.728,0,2
70,cylinder_stiff,1238,101.728,52.649,6.750,65.342,27.899,38.250,34.850,2.250,-3.150,-5.080,-15.750,-28.350,-35.574,0,0,1129,0,0.0,0.0,430.0,0.0,101.728,0,2
70,cylinder_stiff,1289,101.728,24.300,-24.301,18.877,24.750,29.699,37.027,11.250,4.050,11.617,-19.800,-31.051,-37.752,0,0,1129,0,0.0,0.0,430.0,0.0,101.728,0,2
70,cylinder_stiff,1340,101.728,35.550,-5.850,47.191,32.851,37.350,49.369,0.900,-7.200,-3.629,-37.800,-46.801,-60.984,0,0,1129,0,0.0,0.0,430.0,0.0,101.728,1340,2
70,cylinder_stiff,1392,101.728,44.101,-6.301,50.096,27.899,36.449,39.205,17.551,9.449,25.412,-39.600,-45.000,-65.340,0,0,1129,0,0.0,0.0,430.0,0.0,101.728,1340,2
70,cylinder_stiff,1442,101.728,42.750,-4.950,50.820,34.649,39.600,48.643,11.701,3.600,16.699,-28.350,-36.900,-47.914,0,0,1129,0,0.0,0.0,430.0,0.0,101.728,1340,2
70,cylinder_stiff,1494,101.728,45.000,-4.950,47.918,31.500,36.900,45.012,11.250,2.250,10.166,-36.000,-43.200,-63.160,0,0,1129,0,0.0,0.0,430.0,0.0,101.728,1340,2
70,cylinder_stiff,1545,101.728,54.450,4.050,68.246,27.000,35.100,42.109,-2.250,-8.551,-7.984,-41.400,-44.551,-68.969,0,0,1129,0,0.0,0.0,430.0,0.0,101.728,1340,2
70,cylinder_stiff,1596,101.728,40.050,-11.700,44.287,24.750,32.400,34.123,13.500,8.100,11.617,-36.900,-38.700,-62.436,0,0,1129,0,0.0,0.0,430.0,0.0,101.728,1340,2
70,cylinder_stiff,1647,101.728,44.550,-6.750,50.820,21.601,31.050,35.574,11.250,9.000,15.973,-33.300,-42.301,-56.627,0,0,1129,0,0.0,0.0,430.0,0.0,101.728,1340,2
70,cylinder_stiff,1697,101.728,58.050,8.100,76.957,27.899,36.000,36.301,6.750,2.250,9.439,-35.550,-43.650,-59.531,0,0,1129,0,0.0,0.0,430.0,0.0,101.728,1340,2
70,cylinder_stiff,1748,101.728,40.050,-11.250,35.574,27.899,34.650,40.658,16.201,9.449,23.959,-29.699,-38.250,-57.352,0,0,1129,0,0.0,0.0,430.0,0.0,101.728,1340,2
70,cylinder_stiff,1799,101.728,45.450,-0.450,61.711,29.700,41.850,52.273,-3.600,-7.650,-5.807,-27.449,-39.600,-49.367,0,0,1129,0,0.0,0.0,430.0,0.0,101.728,1340,2
70,cylinder_stiff,1850,101.728,45.450,-4.500,51.547,34.649,41.850,52.273,18.900,9.000,19.604,-36.000,-40.950,-59.531,0,0,1129,0,0.0,0.0,430.0,0.0,101.728,1340,2
70,cylinder_stiff,1901,101.728,43.649,-7.200,47.918,13.500,16.650,11.617,3.150,-2.250,4.357,-21.600,-22.051,-34.848,0,0,1129,0,0.0,0.0,430.0,0.0,101.728,1340,2
70,cylinder_stiff,1952,101.728,40.500,-11.700,45.738,33.300,42.300,51.547,8.551,1.350,7.262,-31.500,-40.500,-55.176,0,0,1129,0,0.0,0.0,430.0,0.0,101.728,1340,2
70,cylinder_stiff,2003,101.728,45.450,-4.950,52.273,26.550,35.100,39.932,9.900,5.400,12.344,-22.050,-27.900,-39.930,0,0,1129,0,0.0,0.0,430.0,0.0,101.728,1340,2
70,cylinder_stiff,2054,101.728,51.300,0.000,62.438,35.550,43.650,49.369,15.301,9.449,21.055,-45.000,-46.801,-74.051,0,0,1129,0,0.0,0.0,430.0,0.0,101.728,1340,2
70,cylinder_stiff,2105,101.728,42.750,-6.750,47.918,21.149,27.900,33.396,-2.250,-8.551,-11.615,-27.449,-34.650,-49.367,0,0,1129,0,0.0,0.0,430.0,0.0,101.728,1340,2
70,cylinder_stiff,2155,101.728,36.450,-14.400,39.932,24.750,30.150,34.850,1.351,-4.950,-3.629,-29.699,-34.200,-49.367,0,1,1129,2155,0.0,0.0,430.0,430.0,101.728,1340,2
71,cylinder_stiff,6,60.984,21.750,17.550,28.070,11.100,9.300,9.922,2.699,7.050,3.387,15.300,19.351,32.670,0,0,0,0,0.0,0.0,0.0,0.0,0.000,0,0
71,cylinder_stiff,57,61.512,-1.800,-6.074,0.727,9.675,5.625,18.514,21.825,24.074,35.209,11.475,6.300,18.148,0,0,0,0,0.0,0.0,0.0,0.0,0.000,0,0
71,cylinder_stiff,109,63.536,16.425,10.575,19.238,16.875,14.851,31.219,6.301,5.175,12.342,9.225,3.825,6.533,0,0,0,0,0.0,0.0,0.0,0.0,0.000,0,0
71,cylinder_stiff,160,65.824,-12.150,-10.575,-13.797,6.301,4.050,9.801,31.725,33.750,54.814,15.975,14.625,25.410,0,0,0,0,0.0,0.0,0.0,0.0,0.000,0,0
71,cylinder_stiff,211,68.728,15.075,9.900,17.424,24.075,18.675,31.217,8.775,4.499,5.809,34.875,34.425,54.813,0,0,0,0,0.0,0.0,0.0,0.0,0.000,0,0
71,cylinder_stiff,261,71.544,-2.250,0.450,2.906,26.549,19.351,34.848,7.650,6.750,13.793,18.449,14.399,23.959,0,0,0,0,0.0,0.0,0.0,0.0,0.000,0,0
71,cylinder_stiff,311,74.448,6.074,0.000,3.992,18.450,16.425,28.678,9.675,8.550,17.426,14.625,15.525,30.127,0,0,0,0,0.0,0.0,0.0,0.0,0.000,0,0
71,cylinder_stiff,361,77.352,2.250,1.801,0.000,0.451,-0.451,0.000,16.201,16.650,29.041,21.601,19.799,29.039,0,0,0,0,0.0,0.0,0.0,0.0,0.000,0,0
71,cylinder_stiff,411,80.256,-23.176,-29.925,-41.744,45.450,44.551,70.783,14.399,12.826,15.973,27.899,28.125,47.189,0,0,0,0,0.0,0.0,0.0,0.0,0.000,0,0
71,cylinder_stiff,461,83.160,-24.750,-22.500,-45.012,13.049,16.649,21.055,16.650,13.500,18.875,-4.051,-5.850,-4.355,0,0,0,0,0.0,0.0,0.0,0.0,0.000,0,0
71,cylinder_stiff,511,85.800,16.650,9.899,26.137,22.050,29.701,39.932,-0.449,-4.950,-0.727,9.900,2.701,14.521,0,0,0,0,0.0,0.0,0.0,0.0,0.000,0,0
71,cylinder_stiff,562,88.352,18.226,9.000,26.863,24.075,29.925,43.924,9.676,10.351,17.061,12.600,-1.800,17.061,0,0,0,0,0.0,0.0,0.0,0.0,0.000,0,0
71,cylinder_stiff,613,90.728,4.049,-7.425,1.090,9.000,15.301,23.232,10.351,11.025,11.252,8.101,-10.351,13.432,0,0,0,0,0.0,0.0,0.0,0.0,0.000,0,0
71,cylinder_stiff,664,93.016,17.775,11.250,24.684,-1.799,6.525,4.719,2.925,2.701,-0.727,-25.650,-48.375,-45.738,0,0,0,0,0.0,0.0,0.0,0.0,0.000,0,0
71,cylinder_stiff,715,95.392,-13.049,-20.699,-26.137,16.649,27.899,36.301,3.600,4.500,-1.451,13.950,-14.399,7.260,0,0,0,0,0.0,0.0,0.0,0.0,0.000,0,0
71,cylinder_stiff,766,97.592,13.051,8.100,7.260,16.201,31.050,39.930,4.500,5.851,5.807,-3.150,-22.500,-19.602,0,0,0,0,0.0,0.0,0.0,0.0,0.000,0,0
71,cylinder_stiff,818,99.352,-0.449,-14.399,-16.699,4.050,20.250,19.602,-8.550,-10.800,-18.148,-12.149,-29.699,-28.314,0,0,0,0,0.0,0.0,0.0,0.0,0.000,0,0
71,cylinder_stiff,868,101.024,22.950,-0.450,24.684,27.000,40.274,43.922,-0.451,-7.200,-6.896,-3.150,-19.350,-13.432,0,0,0,0,0.0,0.0,0.0,0.0,0.000,0,0
71,cylinder_stiff,919,101.728,38.700,1.800,44.287,24.300,34.199,36.301,14.400,12.150,15.246,-18.000,-26.551,-34.848,0,0,0,0,0.0,0.0,0.0,0.0,0.000,0,0
71,cylinder_stiff,970,101.728,35.550,7.199,45.012,22.050,33.750,36.301,13.051,8.550,12.344,-27.000,-40.051,-52.271,0,0,0,0,0.0,0.0,0.0,0.0,0.000,0,0
71,cylinder_stiff,1021,101.728,31.950,-4.500,29.041,26.550,34.199,42.109,22.500,17.550,32.672,-25.199,-40.950,-46.463,0,0,0,0,0.0,0.0,0.0,0.0,0.000,0,0
71,cylinder_stiff,1072,101.728,48.149,12.600,62.438,26.101,38.250,41.383,29.250,22.500,43.561,-17.100,-29.700,-36.301,0,0,0,0,0.0,0.0,0.0,0.0,0.000,0,0
71,cylinder_stiff,1123,101.728,13.950,-16.650,10.166,22.500,32.850,40.658,-0.899,-4.950,-1.451,-29.250,-38.250,-56.627,1,0,1123,0,0.0,0.0,433.0,0.0,101.728,0,2
71,cylinder_stiff,1182,101.728,31.050,-3.150,31.945,21.601,33.750,33.396,13.051,4.949,13.068,-19.350,-31.500,-39.930,0,0,1123,0,0.0,0.0,433.0,0.0,101.728,0,2
71,cylinder_stiff,1232,101.728,23.851,-16.650,18.877,27.899,37.800,50.096,10.351,10.800,14.520,-42.750,-50.400,-70.422,0,0,1123,0,0.0,0.0,433.0,0.0,101.728,0,2
71,cylinder_stiff,1282,101.728,33.300,-3.600,36.301,24.300,29.699,39.932,-7.199,-13.500,-22.504,-27.900,-43.200,-60.258,0,0,1123,0,0.0,0.0,433.0,0.0,101.728,0,2
71,cylinder_stiff,1331,101.728,18.000,-14.850,15.246,24.750,31.949,36.301,13.951,7.650,13.068,-33.750,-41.850,-60.258,0,0,1123,0,0.0,0.0,433.0,0.0,101.728,1331,2
71,cylinder_stiff,1383,101.728,31.950,-4.950,38.480,32.851,40.050,48.643,12.150,4.050,19.604,-15.750,-25.200,-35.574,0,0,1123,0,0.0,0.0,433.0,0.0,101.728,1331,2
71,cylinder_stiff,1434,101.728,39.601,0.000,46.465,34.649,42.300,52.273,9.000,5.400,11.617,-31.949,-40.500,-58.078,0,0,1123,0,0.0,0.0,433.0,0.0,101.728,1331,2
71,cylinder_stiff,1485,101.728,37.351,3.150,45.012,40.050,45.449,55.178,14.851,9.449,21.781,-31.949,-42.750,-51.547,0,0,1123,0,0.0,0.0,433.0,0.0,101.728,1331,2
71,cylinder_stiff,1535,101.728,26.101,-12.150,21.055,32.399,36.449,47.916,4.951,0.449,4.357,-17.550,-27.450,-34.121,0,0,1123,0,0.0,0.0,433.0,0.0,101.728,1331,2
71,cylinder_stiff,1586,101.728,23.851,-13.500,20.328,29.700,37.350,54.451,13.951,2.699,13.068,-22.050,-31.950,-42.832,0,0,1123,0,0.0,0.0,433.0,0.0,101.728,1331,2
71,cylinder_stiff,1638,101.728,33.300,-9.900,31.219,40.050,56.250,69.697,16.201,10.800,15.973,-28.350,-34.650,-52.271,0,0,1123,0,0.0,0.0,433.0,0.0,101.728,1331,2
71,cylinder_stiff,1688,101.728,31.950,-4.500,36.301,18.899,22.949,19.604,10.351,4.500,17.426,-22.949,-32.850,-44.285,0,0,1123,0,0.0,0.0,433.0,0.0,101.728,1331,2
71,cylinder_stiff,1739,101.728,31.050,-7.200,31.945,28.800,39.600,43.561,10.801,4.949,9.439,-18.449,-28.801,-38.477,0,0,1123,0,0.0,0.0,433.0,0.0,101.728,1331,2
71,cylinder_stiff,1791,101.728,45.450,4.949,58.807,22.500,28.800,29.041,10.801,3.600,7.262,-21.150,-28.801,-40.654,0,0,1123,0,0.0,0.0,433.0,0.0,101.728,1331,2
71,cylinder_stiff,1842,101.728,27.000,-7.200,31.219,24.300,28.350,28.314,17.101,11.250,29.041,-22.949,-31.500,-45.738,0,0,1123,0,0.0,0.0,433.0,0.0,101.728,1331,2
71,cylinder_stiff,1893,101.728,37.351,-4.500,42.109,24.300,30.150,34.123,13.951,5.400,16.699,-19.800,-27.900,-36.301,0,0,1123,0,0.0,0.0,433.0,0.0,101.728,1331,2
71,cylinder_stiff,1944,101.728,42.750,6.300,60.258,26.101,33.750,40.658,9.451,1.350,5.809,-31.949,-46.350,-61.709,0,0,1123,0,0.0,0.0,433.0,0.0,101.728,1331,2
71,cylinder_stiff,1995,101.728,37.800,3.600,53.727,19.351,24.300,26.137,12.150,8.100,15.973,-25.199,-34.200,-45.012,0,0,1123,0,0.0,0.0,433.0,0.0,101.728,1331,2
71,cylinder_stiff,2046,101.728,23.399,-17.551,21.055,9.000,13.949,10.166,6.750,0.449,11.617,-25.199,-33.750,-52.998,0,0,1123,0,0.0,0.0,433.0,0.0,101.728,1331,2
71,cylinder_stiff,2098,101.728,37.351,-4.500,45.738,13.500,16.650,15.246,-8.100,-6.750,-9.438,-14.850,-20.700,-34.121,0,0,1123,0,0.0,0.0,433.0,0.0,101.728,1331,2
71,cylinder_stiff,2149,101.728,25.200,-16.200,21.781,33.750,39.600,53.725,2.701,-4.950,-4.355,-28.350,-38.700,-54.449,0,1,1123,2149,0.0,0.0,433.0,424.0,101.728,1331,2
72,cylinder_stiff,6,60.984,16.799,11.700,25.166,3.449,5.250,7.018,5.850,11.550,10.648,20.700,20.700,39.205,0,0,0,0,0.0,0.0,0.0,0.0,0.000,0,0
72,cylinder_stiff,56,61.512,8.550,2.025,6.535,19.575,22.725,38.115,-0.675,1.574,3.992,-1.125,-4.500,4.354,0,0,0,0,0.0,0.0,0.0,0.0,0.000,0,0
72,cylinder_stiff,106,63.448,1.575,-2.476,-0.363,11.926,15.750,27.590,-9.000,-10.125,-10.891,15.975,10.125,15.246,0,0,0,0,0.0,0.0,0.0,0.0,0.000,0,0
72,cylinder_stiff,157,65.648,5.850,9.675,10.889,22.051,20.699,36.664,14.625,16.650,28.678,18.675,17.775,31.945,0,0,0,0,0.0,0.0,0.0,0.0,0.000,0,0
72,cylinder_stiff,207,68.552,2.925,-1.800,0.000,27.675,24.524,43.561,-13.725,-12.150,-21.053,35.325,30.375,54.086,0,0,0,0,0.0,0.0,0.0,0.0,0.000,0,0
72,cylinder_stiff,258,71.456,-4.949,-3.600,1.453,45.000,40.951,67.518,18.000,17.550,33.396,35.100,27.899,47.191,0,0,0,0,0.0,0.0,0.0,0.0,0.000,0,0
72,cylinder_stiff,309,74.360,12.375,6.299,15.607,1.800,1.575,2.541,9.226,9.449,18.877,7.875,5.175,14.156,0,0,0,0,0.0,0.0,0.0,0.0,0.000,0,0
72,cylinder_stiff,360,77.264,9.900,8.100,16.697,15.750,11.699,26.861,16.650,13.950,32.670,0.000,0.000,7.984,0,0,0,0,0.0,0.0,0.0,0.0,0.000,0,0
72,cylinder_stiff,411,80.256,-16.426,-16.876,-26.498,21.150,23.400,37.389,-5.400,-5.625,-7.986,39.149,39.375,66.793,0,0,0,0,0.0,0.0,0.0,0.0,0.000,0,0
72,cylinder_stiff,461,83.160,-22.051,-20.699,-45.012,31.049,32.399,50.094,9.000,7.199,11.615,6.750,5.850,15.246,0,0,0,0,0.0,0.0,0.0,0.0,0.000,0,0
72,cylinder_stiff,512,85.800,8.550,9.000,14.521,6.750,17.551,19.604,13.950,13.950,24.684,4.051,-1.350,7.260,0,0,0,0,0.0,0.0,0.0,0.0,0.000,0,0
72,cylinder_stiff,563,88.352,4.726,0.899,7.986,24.075,30.375,46.826,-14.174,-16.649,-25.047,31.499,18.450,43.195,0,0,0,0,0.0,0.0,0.0,0.0,0.000,0,0
72,cylinder_stiff,614,90.728,-4.051,-15.074,-21.416,11.250,17.100,26.861,10.801,5.176,12.703,-0.899,-17.550,1.814,0,0,0,0,0.0,0.0,0.0,0.0,0.000,0,0
72,cylinder_stiff,665,92.928,1.576,-4.500,-2.904,11.250,25.425,28.676,-20.476,-25.199,-39.205,1.800,-17.774,-5.809,0,0,0,0,0.0,0.0,0.0,0.0,0.000,0,0
72,cylinder_stiff,716,95.304,-13.949,-22.050,-35.574,10.350,20.250,19.604,-9.451,-8.100,-19.602,15.301,-9.450,17.424,0,0,0,0,0.0,0.0,0.0,0.0,0.000,0,0
72,cylinder_stiff,767,97.504,20.701,13.949,24.684,14.851,28.800,33.396,-5.400,-4.500,-14.521,-18.451,-41.399,-31.943,0,0,0,0,0.0,0.0,0.0,0.0,0.000,0,0
72,cylinder_stiff,818,99.352,4.950,-9.000,-11.617,9.899,26.551,32.670,-9.000,-10.350,-19.602,-5.850,-29.699,-15.971,0,0,0,0,0.0,0.0,0.0,0.0,0.000,0,0
72,cylinder_stiff,870,101.024,24.300,-1.351,29.764,6.750,26.325,22.867,14.399,7.200,11.254,-14.850,-34.200,-33.033,0,0,0,0,0.0,0.0,0.0,0.0,0.000,0,0
72,cylinder_stiff,921,101.640,40.050,9.449,43.561,34.200,45.900,55.904,19.351,13.050,23.959,-29.250,-45.900,-49.367,0,0,0,0,0.0,0.0,0.0,0.0,0.000,0,0
72,cylinder_stiff,972,101.640,34.200,5.400,44.287,44.550,56.699,70.424,10.801,3.600,10.891,-18.449,-33.301,-26.861,0,0,0,0,0.0,0.0,0.0,0.0,0.000,0,0
72,cylinder_stiff,1023,101.640,20.250,-16.200,9.439,14.399,22.949,26.137,9.900,8.100,16.699,-31.500,-45.000,-48.641,0,0,0,0,0.0,0.0,0.0,0.0,0.000,0,0
72,cylinder_stiff,1074,101.640,40.950,1.800,47.191,24.750,33.750,43.561,7.201,1.350,1.453,-31.949,-44.551,-57.352,0,0,0,0,0.0,0.0,0.0,0.0,0.000,0,0
72,cylinder_stiff,1125,101.640,31.950,-1.350,34.123,34.200,42.300,53.725,9.900,4.050,15.246,-22.050,-34.200,-41.381,1,0,1125,0,0.0,0.0,436.0,0.0,101.640,0,3
72,cylinder_stiff,1183,101.640,33.750,-5.400,33.398,22.500,30.600,41.383,1.351,-8.551,-6.531,-21.600,-37.350,-39.203,0,0,1125,0,0.0,0.0,436.0,0.0,101.640,0,3
72,cylinder_stiff,1234,101.640,24.300,-15.301,24.686,26.101,35.550,42.836,17.101,12.600,21.781,-36.449,-47.700,-50.094,0,0,1125,0,0.0,0.0,436.0,0.0,101.640,0,3
72,cylinder_stiff,1285,101.728,27.450,-10.350,27.590,26.101,35.100,34.850,7.650,4.500,10.891,-31.500,-40.500,-55.176,0,0,1125,0,0.0,0.0,436.0,0.0,101.640,0,3
72,cylinder_stiff,1336,101.640,35.101,-2.250,41.383,38.250,47.699,68.971,9.000,2.699,10.166,-30.600,-43.650,-52.271,0,0,1125,0,0.0,0.0,436.0,0.0,101.640,1336,3
72,cylinder_stiff,1387,101.640,30.601,-12.600,26.137,20.250,26.550,30.492,28.801,23.400,39.932,-25.650,-37.801,-43.559,0,0,1125,0,0.0,0.0,436.0,0.0,101.640,1336,3
72,cylinder_stiff,1437,101.640,30.601,-8.551,29.766,22.950,32.850,43.561,10.801,4.949,11.617,-28.800,-43.650,-50.820,0,0,1125,0,0.0,0.0,436.0,0.0,101.640,1336,3
72,cylinder_stiff,1487,101.640,43.649,-1.801,47.191,17.550,23.850,21.781,6.301,-1.801,0.000,-21.150,-33.301,-39.930,0,0,1125,0,0.0,0.0,436.0,0.0,101.640,1336,3
72,cylinder_stiff,1538,101.728,22.950,-17.551,26.137,22.050,28.350,36.301,11.250,8.550,9.439,-24.300,-38.700,-50.094,0,0,1125,0,0.0,0.0,436.0,0.0,101.640,1336,3
72,cylinder_stiff,1590,101.640,44.101,1.800,53.727,16.200,23.850,28.314,13.500,3.150,18.150,-10.350,-25.650,-30.492,0,0,1125,0,0.0,0.0,436.0,0.0,101.640,1336,3
72,cylinder_stiff,1641,101.728,45.000,4.500,58.807,28.351,35.550,41.383,-7.199,-10.350,-10.164,-24.300,-37.350,-43.559,0,0,1125,0,0.0,0.0,436.0,0.0,101.640,1336,3
72,cylinder_stiff,1692,101.640,25.200,-15.750,19.604,31.500,39.150,47.189,11.701,5.400,13.795,-32.400,-41.400,-58.078,0,0,1125,0,0.0,0.0,436.0,0.0,101.640,1336,3
72,cylinder_stiff,1742,101.640,44.550,5.400,61.711,32.399,41.850,50.820,12.601,5.400,15.246,-27.900,-38.700,-50.094,0,0,1125,0,0.0,0.0,436.0,0.0,101.640,1336,3
72,cylinder_stiff,1792,101.728,47.250,7.199,56.629,41.399,49.050,71.150,7.650,4.949,8.713,-20.250,-31.051,-37.025,0,0,1125,0,0.0,0.0,436.0,0.0,101.640,1336,3
72,cylinder_stiff,1843,101.728,44.550,0.900,58.080,31.050,38.699,42.109,5.400,-1.801,0.000,-24.750,-34.650,-39.930,0,0,1125,0,0.0,0.0,436.0,0.0,101.640,1336,3
72,cylinder_stiff,1894,101.640,30.149,-12.150,24.686,28.351,31.050,42.109,10.801,5.400,15.246,-30.150,-41.850,-53.723,0,0,1125,0,0.0,0.0,436.0,0.0,101.640,1336,3
72,cylinder_stiff,1945,101.728,36.899,-4.950,51.547,32.399,40.050,51.547,17.551,8.100,20.328,-37.350,-45.900,-66.791,0,0,1125,0,0.0,0.0,436.0,0.0,101.640,1336,3
72,cylinder_stiff,1996,101.640,37.800,-9.000,39.932,27.000,35.100,38.479,17.101,6.750,15.973,-14.400,-27.450,-29.766,0,0,1125,0,0.0,0.0,436.0,0.0,101.640,1336,3
72,cylinder_stiff,2048,101.640,40.050,-2.700,45.738,27.899,32.850,34.850,-4.049,-9.900,-14.520,-24.300,-34.650,-47.189,0,0,1125,0,0.0,0.0,436.0,0.0,101.640,1336,3
72,cylinder_stiff,2099,101.728,30.601,-16.200,30.492,34.649,40.500,50.096,7.650,4.050,10.166,-34.650,-37.801,-53.723,0,0,1125,0,0.0,0.0,436.0,0.0,101.640,1336,3
72,cylinder_stiff,2150,101.640,32.851,-9.900,38.480,4.050,10.350,5.084,6.301,3.150,10.166,-27.449,-38.700,-53.723,0,1,1125,2150,0.0,0.0,436.0,427.0,101.640,1336,3
73,cylinder_stiff,6,61.072,7.799,5.850,12.098,17.400,14.250,28.799,1.350,-0.600,-2.420,17.101,14.851,28.314,0,0,0,0,0.0,0.0,0.0,0.0,0.000,0,0
73,cylinder_stiff,57,61.512,-0.450,0.676,4.355,29.925,29.475,51.908,-2.024,2.025,1.814,11.025,4.949,18.148,0,0,0,0,0.0,0.0,0.0,0.0,0.000,0,0
73,cylinder_stiff,107,63.448,1.126,-0.675,-0.363,25.426,22.951,37.027,2.700,2.025,2.178,15.975,7.875,13.793,0,0,0,0,0.0,0.0,0.0,0.0,0.000,0,0
73,cylinder_stiff,158,65.648,12.150,13.725,24.684,31.051,27.449,50.457,11.475,10.801,21.418,15.525,12.375,19.602,0,0,0,0,0.0,0.0,0.0,0.0,0.000,0,0
73,cylinder_stiff,208,68.640,-0.226,-1.800,-3.631,37.575,29.925,60.982,10.125,11.249,14.521,30.375,28.125,49.730,0,0,0,0,0.0,0.0,0.0,0.0,0.000,0,0
73,cylinder_stiff,258,71.456,0.451,4.950,5.084,41.399,36.451,68.244,-4.500,-9.000,-5.809,14.400,8.549,13.793,0,0,0,0,0.0,0.0,0.0,0.0,0.000,0,0
73,cylinder_stiff,309,74.360,6.074,0.899,-1.090,-0.450,-3.825,-10.527,18.226,16.199,32.672,5.176,-1.575,5.443,0,0,0,0,0.0,0.0,0.0,0.0,0.000,0,0
73,cylinder_stiff,360,77.352,7.650,0.900,9.438,5.851,4.500,7.986,16.201,13.500,28.314,8.550,6.299,15.971,0,0,0,0,0.0,0.0,0.0,0.0,0.000,0,0
73,cylinder_stiff,411,80.256,-19.125,-15.075,-27.225,19.801,21.150,35.211,1.799,1.576,2.902,15.750,14.174,31.219,0,0,0,0,0.0,0.0,0.0,0.0,0.000,0,0
73,cylinder_stiff,462,83.248,-15.301,-20.250,-31.943,13.949,14.399,28.314,2.700,3.150,3.629,13.500,8.100,17.426,0,0,0,0,0.0,0.0,0.0,0.0,0.000,0,0
73,cylinder_stiff,513,85.888,-0.900,-4.500,-14.520,2.250,9.000,7.260,-6.750,-5.399,-8.713,17.100,13.951,32.670,0,0,0,0,0.0,0.0,0.0,0.0,0.000,0,0
73,cylinder_stiff,564,88.352,17.774,1.800,23.959,35.325,39.825,66.430,6.076,5.399,11.252,5.850,-4.050,9.074,0,0,0,0,0.0,0.0,0.0,0.0,0.000,0,0
73,cylinder_stiff,615,90.728,-0.900,-6.525,-1.814,-0.899,1.350,-0.725,5.400,5.176,12.703,7.650,-8.550,16.334,0,0,0,0,0.0,0.0,0.0,0.0,0.000,0,0
73,cylinder_stiff,666,93.016,9.226,4.951,17.424,0.451,9.675,10.527,-1.125,-2.699,-7.262,-7.650,-28.125,-13.795,0,0,0,0,0.0,0.0,0.0,0.0,0.000,0,0
73,cylinder_stiff,716,95.304,-11.699,-15.750,-22.506,12.600,19.350,29.041,-4.051,-0.900,-14.520,5.400,-15.750,0.000,0,0,0,0,0.0,0.0,0.0,0.0,0.000,0,0
73,cylinder_stiff,767,97.416,27.900,22.949,37.027,-0.899,15.300,7.986,11.250,12.601,14.520,-20.250,-45.000,-37.025,0,0,0,0,0.0,0.0,0.0,0.0,0.000,0,0
73,cylinder_stiff,817,99.264,9.226,-10.574,11.617,17.101,29.476,36.664,-11.924,-11.926,-15.246,-2.926,-19.800,-7.623,0,0,0,0,0.0,0.0,0.0,0.0,0.000,0,0
73,cylinder_stiff,868,100.936,15.300,-13.500,23.957,13.500,31.726,29.402,4.049,3.150,1.090,-22.050,-40.051,-41.746,0,0,0,0,0.0,0.0,0.0,0.0,0.000,0,0
73,cylinder_stiff,919,101.640,34.200,-6.750,30.492,22.950,39.150,45.738,6.301,0.449,2.906,-25.199,-41.400,-40.654,0,0,0,0,0.0,0.0,0.0,0.0,0.000,0,0
73,cylinder_stiff,970,101.640,31.950,-7.200,28.314,14.399,24.300,18.150,9.000,6.300,11.617,-22.949,-37.350,-38.477,0,0,0,0,0.0,0.0,0.0,0.0,0.000,0,0
73,cylinder_stiff,1020,101.640,45.000,3.600,48.643,18.000,27.900,24.686,18.451,8.550,18.877,-37.800,-49.051,-61.709,0,0,0,0,0.0,0.0,0.0,0.0,0.000,0,0
73,cylinder_stiff,1070,101.640,30.149,-11.700,30.492,31.500,38.250,55.178,14.400,8.100,19.604,-27.000,-40.051,-40.654,0,0,0,0,0.0,0.0,0.0,0.0,0.000,0,0
73,cylinder_stiff,1121,101.640,46.351,10.350,58.807,20.700,27.449,30.492,6.301,0.900,10.166,-40.050,-48.600,-65.340,1,0,1121,0,0.0,0.0,440.0,0.0,101.640,0,2
73,cylinder_stiff,1178,101.640,20.700,-21.150,15.246,40.950,50.850,66.066,10.351,2.699,9.439,-29.250,-47.700,-47.189,0,0,1121,0,0.0,0.0,440.0,0.0,101.640,0,2
73,cylinder_stiff,1229,101.640,21.149,-20.700,22.508,13.950,23.400,26.137,7.201,0.900,10.166,-31.050,-43.200,-52.998,0,0,1121,0,0.0,0.0,440.0,0.0,101.640,0,2
73,cylinder_stiff,1280,101.728,29.700,-8.100,29.766,32.851,44.100,53.725,12.601,7.650,15.973,-19.800,-31.051,-34.848,0,0,1121,0,0.0,0.0,440.0,0.0,101.640,0,2
73,cylinder_stiff,1331,101.640,40.950,1.350,50.096,22.500,33.300,36.301,-2.699,-9.900,-2.178,-28.350,-40.051,-47.914,0,0,1121,0,0.0,0.0,440.0,0.0,101.640,1331,2
73,cylinder_stiff,1383,101.640,45.899,7.650,60.258,22.950,25.199,30.492,7.201,1.800,7.988,-27.900,-39.600,-44.285,0,0,1121,0,0.0,0.0,440.0,0.0,101.640,1331,2
73,cylinder_stiff,1434,101.640,32.851,-12.600,23.961,23.399,28.350,35.574,10.801,3.150,11.617,-27.900,-36.450,-48.641,0,0,1121,0,0.0,0.0,440.0,0.0,101.640,1331,2
73,cylinder_stiff,1484,101.640,44.101,2.250,47.918,21.601,30.150,34.850,8.551,-1.801,11.617,-36.000,-41.850,-58.805,0,0,1121,0,0.0,0.0,440.0,0.0,101.640,1331,2
73,cylinder_stiff,1534,101.640,45.899,6.750,62.438,36.000,46.800,58.080,0.451,-7.650,-0.727,-33.750,-44.100,-56.627,0,0,1121,0,0.0,0.0,440.0,0.0,101.640,1331,2
73,cylinder_stiff,1584,101.640,31.050,-14.400,29.041,37.800,39.150,49.369,1.801,-2.250,6.535,-31.949,-41.400,-52.271,0,0,1121,0,0.0,0.0,440.0,0.0,101.640,1331,2
73,cylinder_stiff,1635,101.640,47.700,-0.900,55.904,20.700,29.250,29.041,6.750,2.699,5.809,-41.850,-52.200,-67.518,0,0,1121,0,0.0,0.0,440.0,0.0,101.640,1331,2
73,cylinder_stiff,1686,101.640,27.000,-21.600,16.699,31.950,39.150,47.916,11.701,5.400,15.246,-32.400,-39.600,-49.367,0,0,1121,0,0.0,0.0,440.0,0.0,101.640,1331,2
73,cylinder_stiff,1736,101.640,23.399,-18.900,25.412,26.101,31.050,39.205,13.500,2.699,15.246,-14.850,-27.900,-29.766,0,0,1121,0,0.0,0.0,440.0,0.0,101.640,1331,2
73,cylinder_stiff,1788,101.640,52.649,5.850,67.520,17.550,22.949,23.959,15.750,7.650,13.068,-6.750,-16.200,-15.971,0,0,1121,0,0.0,0.0,440.0,0.0,101.640,1331,2
73,cylinder_stiff,1839,101.640,32.399,-8.100,38.480,26.101,34.650,42.109,28.801,22.050,47.918,-17.550,-31.051,-31.217,0,0,1121,0,0.0,0.0,440.0,0.0,101.640,1331,2
73,cylinder_stiff,1889,101.640,55.351,8.550,68.973,21.601,28.350,30.492,15.750,9.000,19.604,-34.650,-38.700,-49.367,0,0,1121,0,0.0,0.0,440.0,0.0,101.640,1331,2
73,cylinder_stiff,1940,101.640,52.649,6.750,66.793,31.950,36.449,45.012,8.551,0.900,7.988,-21.150,-34.650,-42.832,0,0,1121,0,0.0,0.0,440.0,0.0,101.640,1331,2
73,cylinder_stiff,1992,101.640,39.601,-9.000,44.287,39.149,44.550,52.998,-4.500,-8.551,-10.889,-25.650,-31.950,-36.301,0,0,1121,0,0.0,0.0,440.0,0.0,101.640,1331,2
73,cylinder_stiff,2043,101.640,35.550,-9.900,43.561,24.300,31.949,35.574,4.951,-9.000,-2.178,-22.949,-31.500,-46.463,0,0,1121,0,0.0,0.0,440.0,0.0,101.640,1331,2
73,cylinder_stiff,2094,101.640,35.550,-7.200,45.738,34.200,40.050,51.547,14.400,2.250,10.891,-16.650,-28.350,-36.301,0,0,1121,0,0.0,0.0,440.0,0.0,101.640,1331,2
73,cylinder_stiff,2144,101.640,46.800,2.699,54.451,11.250,16.650,7.260,13.951,4.050,10.166,-18.449,-28.350,-35.574,0,1,1121,2144,0.0,0.0,440.0,425.0,101.640,1331,2
74,cylinder_stiff,5,61.072,28.500,29.700,49.125,13.350,12.900,17.182,-2.700,-6.000,-6.051,25.200,24.300,40.656,0,0,0,0,0.0,0.0,0.0,0.0,0.000,0,0
74,cylinder_stiff,56,61.600,1.351,-5.175,-2.904,13.274,11.475,23.596,6.075,4.275,4.719,13.725,8.550,24.684,0,0,0,0,0.0,0.0,0.0,0.0,0.000,0,0
74,cylinder_stiff,107,63.536,1.126,2.024,9.076,20.476,15.750,29.768,-10.350,-9.225,-13.068,20.475,21.825,34.848,0,0,0,0,0.0,0.0,0.0,0.0,0.000,0,0
74,cylinder_stiff,157,65.736,-9.449,-5.175,-13.797,29.250,27.449,53.361,21.375,23.850,42.473,8.775,6.525,11.615,0,0,0,0,0.0,0.0,0.0,0.0,0.000,0,0
74,cylinder_stiff,208,68.728,4.726,3.600,4.355,31.275,24.524,45.736,13.275,13.499,15.973,20.926,18.675,41.018,0,0,0,0,0.0,0.0,0.0,0.0,0.000,0,0
74,cylinder_stiff,259,71.456,10.801,17.100,28.314,27.000,21.601,45.736,7.650,7.199,18.875,16.199,12.600,23.232,0,0,0,0,0.0,0.0,0.0,0.0,0.000,0,0
74,cylinder_stiff,309,74.360,6.524,-2.701,1.814,9.000,10.125,16.336,-2.024,-0.900,-5.082,18.225,9.675,19.965,0,0,0,0,0.0,0.0,0.0,0.0,0.000,0,0
74,cylinder_stiff,360,77.352,2.701,1.350,8.711,27.000,28.350,47.916,16.650,22.950,26.863,1.800,3.149,10.162,0,0,0,0,0.0,0.0,0.0,0.0,0.000,0,0
74,cylinder_stiff,411,80.344,-4.725,-5.175,-9.799,37.350,34.650,60.621,9.899,6.976,10.891,16.200,12.375,28.314,0,0,0,0,0.0,0.0,0.0,0.0,0.000,0,0
74,cylinder_stiff,461,83.248,-26.551,-28.800,-50.094,23.850,26.101,39.203,10.350,10.350,15.971,13.949,9.000,18.877,0,0,0,0,0.0,0.0,0.0,0.0,0.000,0,0
74,cylinder_stiff,513,85.888,6.300,-0.451,-1.451,14.400,22.051,23.959,16.650,15.300,28.312,14.850,11.250,23.959,0,0,0,0,0.0,0.0,0.0,0.0,0.000,0,0
74,cylinder_stiff,563,88.352,15.524,4.050,19.604,20.475,24.976,38.115,11.926,10.351,11.252,5.850,-7.200,8.348,0,0,0,0,0.0,0.0,0.0,0.0,0.000,0,0
74,cylinder_stiff,614,90.728,7.199,-1.574,2.541,-4.949,4.500,1.453,20.250,15.975,30.129,11.250,-11.251,11.252,0,0,0,0,0.0,0.0,0.0,0.0,0.000,0,0
74,cylinder_stiff,664,92.928,13.275,5.851,13.793,0.451,13.725,9.801,9.675,6.301,9.438,4.500,-16.425,6.535,0,0,0,0,0.0,0.0,0.0,0.0,0.000,0,0
74,cylinder_stiff,715,95.304,11.701,5.400,10.164,10.125,24.750,28.676,-12.375,-8.550,-29.404,5.400,-15.975,10.164,0,0,0,0,0.0,0.0,0.0,0.0,0.000,0,0
74,cylinder_stiff,766,97.416,22.500,11.699,15.246,8.101,17.550,18.875,3.600,0.451,-5.084,-5.400,-28.799,-14.521,0,0,0,0,0.0,0.0,0.0,0.0,0.000,0,0
74,cylinder_stiff,817,99.176,19.125,3.375,21.781,18.000,29.025,41.020,0.226,2.025,-2.902,-12.375,-33.750,-17.787,0,0,0,0,0.0,0.0,0.0,0.0,0.000,0,0
74,cylinder_stiff,868,100.848,18.450,-6.750,21.777,12.601,28.575,35.211,-2.250,-4.050,-7.621,-0.449,-15.750,1.090,0,0,0,0,0.0,0.0,0.0,0.0,0.000,0,0
74,cylinder_stiff,919,101.640,38.250,4.050,38.480,27.899,36.900,45.012,16.201,9.000,16.699,-19.350,-34.200,-32.670,0,0,0,0,0.0,0.0,0.0,0.0,0.000,0,0
74,cylinder_stiff,970,101.640,28.800,-4.500,29.041,19.800,29.699,33.396,-5.850,-13.950,-12.340,-27.449,-44.100,-47.914,0,0,0,0,0.0,0.0,0.0,0.0,0.000,0,0
74,cylinder_stiff,1021,101.640,32.399,0.449,35.574,29.700,38.250,43.561,-8.549,-13.950,-16.697,-29.250,-44.100,-43.559,0,0,0,0,0.0,0.0,0.0,0.0,0.000,0,0
74,cylinder_stiff,1071,101.640,29.700,-9.000,23.961,24.750,37.350,48.643,3.601,-2.700,5.082,-33.750,-46.350,-52.998,0,0,0,0,0.0,0.0,0.0,0.0,0.000,0,0
74,cylinder_stiff,1122,101.640,32.399,-2.700,28.314,28.800,38.250,42.836,1.801,-2.700,1.453,-28.800,-42.750,-47.914,1,0,1122,0,0.0,0.0,430.0,0.0,101.640,0,2
74,cylinder_stiff,1179,101.640,45.899,4.949,50.820,30.149,34.650,44.287,-6.750,-16.200,-13.793,-45.900,-56.250,-73.324,0,0,1122,0,0.0,0.0,430.0,0.0,101.640,0,2
74,cylinder_stiff,1230,101.640,30.149,-6.750,31.219,35.550,45.000,58.080,-3.149,-8.551,-9.438,-28.350,-39.150,-42.107,0,0,1122,0,0.0,0.0,430.0,0.0,101.640,0,2
74,cylinder_stiff,1281,101.640,25.200,-10.801,19.604,32.851,41.400,59.533,2.701,-0.900,2.180,-24.750,-32.400,-32.670,0,0,1122,0,0.0,0.0,430.0,0.0,101.640,0,2
74,cylinder_stiff,1333,101.640,27.899,-12.150,20.328,35.101,44.100,53.725,1.351,-8.100,-2.178,-26.100,-37.350,-40.654,0,0,1122,0,0.0,0.0,430.0,0.0,101.640,1333,2
74,cylinder_stiff,1384,101.640,32.851,-6.301,32.672,26.101,32.850,37.752,4.051,-1.801,4.357,-21.600,-39.150,-43.559,0,0,1122,0,0.0,0.0,430.0,0.0,101.640,1333,2
74,cylinder_stiff,1435,101.640,33.300,-4.051,37.027,24.750,30.150,36.301,0.000,-4.500,-0.727,-29.250,-47.250,-50.820,0,0,1122,0,0.0,0.0,430.0,0.0,101.640,1333,2
74,cylinder_stiff,1486,101.640,15.750,-21.150,11.617,16.200,25.199,26.137,22.051,17.100,33.396,-39.600,-51.301,-60.984,0,0,1122,0,0.0,0.0,430.0,0.0,101.640,1333,2
74,cylinder_stiff,1537,101.640,42.300,2.250,46.465,38.250,45.000,63.889,-16.649,-22.950,-27.586,-28.800,-44.100,-53.723,0,0,1122,0,0.0,0.0,430.0,0.0,101.640,1333,2
74,cylinder_stiff,1588,101.640,43.200,4.949,60.984,31.050,36.900,48.643,-2.250,-14.850,-14.520,-24.300,-35.100,-40.654,0,0,1122,0,0.0,0.0,430.0,0.0,101.640,1333,2
74,cylinder_stiff,1640,101.640,49.500,6.300,59.533,22.950,29.699,36.301,5.400,-0.450,3.631,-30.150,-40.051,-50.094,0,0,1122,0,0.0,0.0,430.0,0.0,101.640,1333,2
74,cylinder_stiff,1692,101.640,40.950,0.000,42.836,22.500,31.500,36.301,8.551,-0.900,8.713,-28.350,-39.600,-50.094,0,0,1122,0,0.0,0.0,430.0,0.0,101.640,1333,2
74,cylinder_stiff,1743,101.640,41.399,-2.700,47.191,25.200,35.550,42.836,0.451,-11.700,-4.355,-15.300,-26.100,-24.684,0,0,1122,0,0.0,0.0,430.0,0.0,101.640,1333,2
74,cylinder_stiff,1794,101.640,44.550,3.600,51.547,26.101,33.750,42.836,-3.600,-13.950,-10.164,-29.699,-43.650,-48.641,0,0,1122,0,0.0,0.0,430.0,0.0,101.640,1333,2
74,cylinder_stiff,1845,101.640,37.351,-4.051,41.383,36.000,43.199,55.904,13.951,-0.450,6.535,-27.000,-38.250,-43.559,0,0,1122,0,0.0,0.0,430.0,0.0,101.640,1333,2
74,cylinder_stiff,1896,101.640,39.149,-2.250,50.820,21.601,27.000,29.041,0.451,-6.301,-2.178,-25.199,-34.200,-38.477,0,0,1122,0,0.0,0.0,430.0,0.0,101.640,1333,2
74,cylinder_stiff,1947,101.640,42.300,-1.801,42.836,54.899,58.949,81.313,-2.699,-11.250,-9.438,-21.600,-33.301,-43.559,0,0,1122,0,0.0,0.0,430.0,0.0,101.640,1333,2
74,cylinder_stiff,1998,101.640,24.300,-18.450,20.328,36.000,40.949,56.629,-6.750,-13.950,-10.164,-20.250,-33.750,-39.930,0,0,1122,0,0.0,0.0,430.0,0.0,101.640,1333,2
74,cylinder_stiff,2049,101.640,47.700,0.900,54.451,24.300,28.350,34.123,-3.149,-9.000,-4.355,-36.449,-40.950,-61.709,0,0,1122,0,0.0,0.0,430.0,0.0,101.640,1333,2
74,cylinder_stiff,2100,101.640,49.500,9.900,66.793,23.851,31.949,34.123,10.801,4.500,13.068,-32.850,-43.200,-57.352,0,0,1122,0,0.0,0.0,430.0,0.0,101.640,1333,2
74,cylinder_stiff,2151,101.640,39.601,-8.551,42.836,27.899,37.800,42.109,-7.199,-18.000,-8.711,-37.350,-45.450,-60.984,0,1,1122,2151,0.0,0.0,430.0,427.0,101.640,1333,2
75,cylinder_stiff,5,60.984,-1.650,-0.001,-1.695,17.400,16.500,20.811,3.150,3.900,1.936,-1.800,-1.800,-0.727,0,0,0,0,0.0,0.0,0.0,0.0,0.000,0,0
75,cylinder_stiff,57,61.512,-12.600,-16.875,-19.604,28.575,25.424,51.908,4.726,10.574,8.348,-3.375,-4.500,3.629,0,0,0,0,0.0,0.0,0.0,0.0,0.000,0,0
75,cylinder_stiff,107,63.448,5.175,8.774,8.350,29.476,28.351,45.738,11.700,7.875,10.891,14.175,9.676,16.699,0,0,0,0,0.0,0.0,0.0,0.0,0.000,0,0
75,cylinder_stiff,158,65.736,6.750,6.524,6.531,21.601,17.550,33.760,14.625,18.900,30.855,8.775,4.275,12.342,0,0,0,0,0.0,0.0,0.0,0.0,0.000,0,0
75,cylinder_stiff,208,68.640,1.125,0.000,-0.727,36.675,29.024,52.998,20.025,19.350,31.945,21.825,15.075,32.307,0,0,0,0,0.0,0.0,0.0,0.0,0.000,0,0
75,cylinder_stiff,258,71.456,-1.350,0.000,2.906,20.699,15.750,26.859,4.949,3.150,12.342,28.800,22.949,39.205,0,0,0,0,0.0,0.0,0.0,0.0,0.000,0,0
75,cylinder_stiff,309,74.360,11.475,8.100,18.512,-4.950,-8.774,-6.898,1.125,0.900,-3.629,-11.475,-12.825,-22.145,0,0,0,0,0.0,0.0,0.0,0.0,0.000,0,0
75,cylinder_stiff,360,77.352,-13.949,-18.900,-31.945,20.701,21.149,35.574,18.000,18.000,25.410,5.399,1.350,10.889,0,0,0,0,0.0,0.0,0.0,0.0,0.000,0,0
75,cylinder_stiff,419,80.784,-11.475,-8.775,-21.416,22.500,19.801,41.018,0.000,-4.274,-5.809,40.050,35.324,64.615,0,0,0,0,0.0,0.0,0.0,0.0,0.000,0,0
75,cylinder_stiff,470,83.688,-24.301,-24.750,-42.834,20.699,22.500,35.574,-0.900,-2.700,-10.166,9.899,9.000,17.426,0,0,0,0,0.0,0.0,0.0,0.0,0.000,0,0
75,cylinder_stiff,521,86.328,-5.399,-8.101,-7.986,18.000,19.574,33.033,4.051,5.851,5.082,8.775,-0.675,8.350,0,0,0,0,0.0,0.0,0.0,0.0,0.000,0,0
75,cylinder_stiff,572,88.792,19.125,5.851,24.684,20.926,28.575,40.293,16.875,17.550,19.965,3.600,-10.800,1.088,0,0,0,0,0.0,0.0,0.0,0.0,0.000,0,0
75,cylinder_stiff,624,91.256,14.850,8.325,27.227,5.851,13.950,18.150,10.351,6.525,14.156,-3.149,-21.601,-0.363,0,0,0,0,0.0,0.0,0.0,0.0,0.000,0,0
75,cylinder_stiff,674,93.456,-6.750,-13.951,-17.424,39.601,49.049,71.148,-9.450,-15.300,-28.312,-7.649,-24.299,-11.617,0,0,0,0,0.0,0.0,0.0,0.0,0.000,0,0
75,cylinder_stiff,725,95.744,-9.000,-14.400,-23.232,25.649,33.750,44.287,-13.500,-14.850,-31.943,7.650,-11.700,9.438,0,0,0,0,0.0,0.0,0.0,0.0,0.000,0,0
75,cylinder_stiff,776,97.768,5.851,0.900,-2.180,-4.949,13.949,7.260,17.549,23.400,18.875,-9.900,-28.350,-13.068,0,0,0,0,0.0,0.0,0.0,0.0,0.000,0,0
75,cylinder_stiff,827,99.616,4.950,-9.449,-6.533,12.601,30.150,36.301,-6.750,-7.650,-19.602,-3.149,-21.150,-5.809,0,0,0,0,0.0,0.0,0.0,0.0,0.000,0,0
75,cylinder_stiff,878,101.200,26.999,-1.800,30.490,10.351,26.774,29.402,2.699,0.001,3.992,-13.500,-32.850,-28.676,0,0,0,0,0.0,0.0,0.0,0.0,0.000,0,0
75,cylinder_stiff,929,101.640,27.899,-6.301,20.328,38.700,48.150,64.615,10.801,4.500,11.617,-29.699,-45.450,-55.900,0,0,0,0,0.0,0.0,0.0,0.0,0.000,0,0
75,cylinder_stiff,980,101.640,44.550,8.100,47.918,25.200,39.600,42.836,11.701,10.350,15.246,-21.600,-38.700,-43.559,0,0,0,0,0.0,0.0,0.0,0.0,0.000,0,0
75,cylinder_stiff,1031,101.640,52.649,14.400,68.246,12.601,23.850,23.232,3.601,1.350,10.166,-31.949,-44.100,-53.723,0,0,0,0,0.0,0.0,0.0,0.0,0.000,0,0
75,cylinder_stiff,1083,101.640,35.550,-1.801,36.301,33.750,43.650,51.547,2.250,-5.850,-0.727,-14.850,-30.600,-26.861,0,0,0,0,0.0,0.0,0.0,0.0,0.000,0,0
75,cylinder_stiff,1133,101.640,41.399,3.150,46.465,27.899,32.850,47.916,20.701,16.199,29.041,-21.600,-35.100,-38.477,1,0,1133,0,0.0,0.0,442.0,0.0,101.640,0,2
75,cylinder_stiff,1190,101.640,26.550,-12.600,23.961,31.500,44.100,50.096,2.701,-5.400,0.000,-18.449,-35.100,-36.301,0,0,1133,0,0.0,0.0,442.0,0.0,101.640,0,2
75,cylinder_stiff,1241,101.640,28.351,-13.051,20.328,24.750,34.650,39.205,5.851,1.800,10.891,-23.850,-33.750,-34.848,0,0,1133,0,0.0,0.0,442.0,0.0,101.640,0,2
75,cylinder_stiff,1292,101.640,39.601,0.900,47.918,24.750,30.150,39.932,8.101,2.699,10.891,-33.750,-46.350,-58.078,0,0,1133,0,0.0,0.0,442.0,0.0,101.640,0,2
75,cylinder_stiff,1342,101.640,45.899,6.750,54.451,22.050,27.449,36.301,18.000,16.199,22.508,-20.250,-33.301,-33.395,0,0,1133,0,0.0,0.0,442.0,0.0,101.640,1342,2
75,cylinder_stiff,1393,101.640,27.000,-13.950,20.328,32.851,40.050,51.547,10.351,4.050,13.068,-37.350,-47.250,-56.627,0,0,1133,0,0.0,0.0,442.0,0.0,101.640,1342,2
75,cylinder_stiff,1445,101.640,45.899,3.600,52.273,26.550,35.100,43.561,16.201,8.550,16.699,-37.350,-49.500,-61.709,0,0,1133,0,0.0,0.0,442.0,0.0,101.640,1342,2
75,cylinder_stiff,1495,101.640,49.050,5.400,53.727,15.300,20.699,21.781,9.000,1.350,5.082,-22.500,-37.801,-38.477,0,0,1133,0,0.0,0.0,442.0,0.0,101.640,1342,2
75,cylinder_stiff,1546,101.640,34.200,-11.700,28.314,27.899,35.100,41.383,20.250,13.050,19.604,-25.199,-39.600,-42.832,0,0,1133,0,0.0,0.0,442.0,0.0,101.640,1342,2
75,cylinder_stiff,1597,101.640,51.750,8.100,57.355,27.899,36.000,42.109,4.951,0.000,7.262,-24.750,-37.350,-39.930,0,0,1133,0,0.0,0.0,442.0,0.0,101.640,1342,2
75,cylinder_stiff,1648,101.640,34.200,-9.900,35.574,33.300,40.500,55.178,8.551,2.699,8.713,-23.400,-31.500,-41.381,0,0,1133,0,0.0,0.0,442.0,0.0,101.640,1342,2
75,cylinder_stiff,1699,101.728,59.851,18.900,70.424,34.649,45.000,53.725,15.301,6.750,15.246,-28.350,-37.350,-45.012,0,0,1133,0,0.0,0.0,442.0,0.0,101.640,1342,2
75,cylinder_stiff,1750,101.640,31.050,-14.850,18.877,30.149,39.150,46.465,12.601,8.550,15.973,-30.150,-43.650,-56.627,0,0,1133,0,0.0,0.0,442.0,0.0,101.640,1342,2
75,cylinder_stiff,1801,101.640,30.149,-12.150,24.686,37.351,45.449,60.984,2.250,-4.500,-2.178,-27.900,-40.500,-46.463,0,0,1133,0,0.0,0.0,442.0,0.0,101.640,1342,2
75,cylinder_stiff,1852,101.728,18.000,-23.850,13.068,15.300,21.600,17.424,23.400,17.100,31.945,-29.699,-41.850,-53.723,0,0,1133,0,0.0,0.0,442.0,0.0,101.640,1342,2
75,cylinder_stiff,1903,101.640,27.450,-16.650,18.877,38.700,45.000,60.258,22.051,17.100,32.672,-31.500,-37.350,-44.285,0,0,1133,0,0.0,0.0,442.0,0.0,101.640,1342,2
75,cylinder_stiff,1954,101.640,38.250,-4.051,36.301,30.601,38.250,46.465,8.101,2.699,10.891,-36.900,-48.150,-57.352,0,0,1133,0,0.0,0.0,442.0,0.0,101.640,1342,2
75,cylinder_stiff,2005,101.640,44.550,-0.450,47.918,24.750,31.050,35.574,-4.500,-11.250,-13.793,-23.850,-38.250,-41.381,0,0,1133,0,0.0,0.0,442.0,0.0,101.640,1342,2
75,cylinder_stiff,2056,101.640,46.800,2.699,54.451,24.300,28.800,34.123,27.000,21.150,45.738,-25.199,-40.500,-41.381,0,0,1133,0,0.0,0.0,442.0,0.0,101.640,1342,2
75,cylinder_stiff,2107,101.640,50.851,4.050,58.807,34.649,39.600,53.725,12.601,8.100,15.973,-40.050,-47.700,-63.887,0,0,1133,0,0.0,0.0,442.0,0.0,101.640,1342,2
75,cylinder_stiff,2158,101.640,31.050,-12.600,34.850,40.950,46.800,60.258,9.900,7.199,18.877,-26.100,-33.301,-42.107,0,1,1133,2158,0.0,0.0,442.0,432.0,101.640,1342,2
76,cylinder_stiff,6,61.072,14.100,11.249,16.455,24.600,29.100,42.592,-8.100,-3.301,-11.133,9.899,4.950,23.232,0,0,0,0,0.0,0.0,0.0,0.0,0.000,0,0
76,cylinder_stiff,57,61.512,-2.700,-5.175,-4.357,28.125,23.625,46.100,2.476,2.475,9.074,-12.375,-14.400,-13.795,0,0,0,0,0.0,0.0,0.0,0.0,0.000,0,0
76,cylinder_stiff,109,63.536,11.025,5.175,10.527,29.025,30.601,50.820,7.200,7.425,14.520,15.074,11.926,23.957,0,0,0,0,0.0,0.0,0.0,0.0,0.000,0,0
76,cylinder_stiff,160,65.736,6.301,8.774,5.080,17.551,20.699,35.211,22.725,23.400,40.295,20.475,17.326,27.588,0,0,0,0,0.0,0.0,0.0,0.0,0.000,0,0
76,cylinder_stiff,211,68.728,-2.925,-7.199,-10.164,42.525,40.726,71.875,25.875,21.149,35.574,22.725,19.125,40.293,0,0,0,0,0.0,0.0,0.0,0.0,0.000,0,0
76,cylinder_stiff,262,71.632,10.351,10.801,22.506,32.399,27.900,48.641,19.800,17.550,39.205,25.199,22.049,37.027,0,0,0,0,0.0,0.0,0.0,0.0,0.000,0,0
76,cylinder_stiff,312,74.448,1.125,-2.250,-0.363,8.101,0.675,6.172,0.675,1.350,-6.533,0.225,-1.125,2.539,0,0,0,0,0.0,0.0,0.0,0.0,0.000,0,0
76,cylinder_stiff,363,77.440,23.851,20.250,34.848,16.201,15.299,24.684,21.150,18.450,25.410,14.399,7.649,19.600,0,0,0,0,0.0,0.0,0.0,0.0,0.000,0,0
76,cylinder_stiff,414,80.432,-5.625,-5.626,-12.705,21.150,22.500,34.484,10.350,9.676,10.164,29.700,28.125,45.012,0,0,0,0,0.0,0.0,0.0,0.0,0.000,0,0
76,cylinder_stiff,465,83.336,-7.201,-7.199,-18.875,26.100,27.450,40.654,7.650,5.850,12.342,8.100,0.900,7.260,0,0,0,0,0.0,0.0,0.0,0.0,0.000,0,0
76,cylinder_stiff,516,86.064,4.949,0.000,0.000,25.650,33.301,41.383,14.400,11.700,23.230,4.051,3.150,10.891,0,0,0,0,0.0,0.0,0.0,0.0,0.000,0,0
76,cylinder_stiff,567,88.528,2.024,-10.351,0.727,27.225,29.925,48.277,4.275,0.899,3.992,7.200,-4.950,14.156,0,0,0,0,0.0,0.0,0.0,0.0,0.000,0,0
76,cylinder_stiff,618,90.816,13.049,5.176,16.336,-0.449,8.100,8.713,10.351,10.125,18.512,-1.799,-15.300,5.445,0,0,0,0,0.0,0.0,0.0,0.0,0.000,0,0
76,cylinder_stiff,668,93.104,6.076,0.900,9.438,4.951,13.725,15.607,-2.024,-1.799,-8.713,11.699,-8.774,15.246,0,0,0,0,0.0,0.0,0.0,0.0,0.000,0,0
76,cylinder_stiff,720,95.480,-25.649,-32.850,-47.189,8.549,20.699,23.957,-4.951,-7.199,-19.602,-3.150,-25.200,-5.082,0,0,0,0,0.0,0.0,0.0,0.0,0.000,0,0
76,cylinder_stiff,772,97.592,35.101,25.199,39.930,15.750,29.699,36.301,1.350,4.951,5.080,-23.400,-43.199,-41.381,0,0,0,0,0.0,0.0,0.0,0.0,0.000,0,0
76,cylinder_stiff,822,99.352,5.400,-6.299,-2.178,14.851,28.801,35.574,-9.450,-9.900,-17.424,-13.049,-30.150,-21.053,0,0,0,0,0.0,0.0,0.0,0.0,0.000,0,0
76,cylinder_stiff,873,101.024,17.999,-11.250,13.066,18.450,37.125,42.471,12.600,6.751,12.705,-6.300,-20.700,-17.062,0,0,0,0,0.0,0.0,0.0,0.0,0.000,0,0
76,cylinder_stiff,924,101.640,51.750,17.100,60.258,21.149,32.400,31.219,11.250,7.199,2.906,-16.650,-33.301,-27.586,0,0,0,0,0.0,0.0,0.0,0.0,0.000,0,0
76,cylinder_stiff,975,101.640,48.601,13.050,53.000,40.500,50.400,63.889,14.851,7.650,17.426,-33.300,-47.700,-55.900,0,0,0,0,0.0,0.0,0.0,0.0,0.000,0,0
76,cylinder_stiff,1026,101.640,31.050,-5.850,22.508,29.250,41.400,52.998,8.551,3.600,8.713,-30.150,-45.450,-47.914,0,0,0,0,0.0,0.0,0.0,0.0,0.000,0,0
76,cylinder_stiff,1077,101.640,44.550,4.050,45.012,39.149,48.600,63.889,13.951,9.000,10.166,-31.050,-45.450,-50.094,0,0,0,0,0.0,0.0,0.0,0.0,0.000,0,0
76,cylinder_stiff,1128,101.640,40.950,1.350,44.287,37.800,49.500,62.436,13.051,7.650,10.166,-27.000,-41.400,-45.738,1,0,1128,0,0.0,0.0,437.0,0.0,101.640,0,2
76,cylinder_stiff,1186,101.640,34.200,-8.100,30.492,38.250,47.699,65.342,10.351,3.150,4.357,-27.449,-38.250,-41.381,0,0,1128,0,0.0,0.0,437.0,0.0,101.640,0,2
76,cylinder_stiff,1237,101.640,19.800,-23.400,5.082,40.050,49.500,63.889,14.851,7.650,23.959,-18.000,-33.301,-36.301,0,0,1128,0,0.0,0.0,437.0,0.0,101.640,0,2
76,cylinder_stiff,1287,101.640,32.851,-4.051,30.492,39.601,48.150,58.080,4.951,2.699,10.166,-8.100,-24.750,-15.971,0,0,1128,0,0.0,0.0,437.0,0.0,101.640,0,2
76,cylinder_stiff,1337,101.640,38.250,-4.500,45.738,24.300,31.949,37.027,8.551,4.050,20.328,-16.199,-30.150,-31.217,0,0,1128,0,0.0,0.0,437.0,0.0,101.640,1337,2
76,cylinder_stiff,1389,101.640,46.800,0.000,51.547,32.399,40.500,51.547,-0.449,-9.000,-8.711,-31.050,-41.850,-48.641,0,0,1128,0,0.0,0.0,437.0,0.0,101.640,1337,2
76,cylinder_stiff,1440,101.640,28.351,-16.200,22.508,34.200,43.650,50.820,9.451,3.150,9.439,-27.000,-34.200,-38.477,0,0,1128,0,0.0,0.0,437.0,0.0,101.640,1337,2
76,cylinder_stiff,1491,101.640,50.851,6.300,59.533,36.450,46.800,62.436,8.101,0.449,8.713,-28.800,-42.750,-45.012,0,0,1128,0,0.0,0.0,437.0,0.0,101.640,1337,2
76,cylinder_stiff,1542,101.640,51.300,5.400,60.258,34.649,43.650,53.725,9.451,5.850,13.068,-28.350,-45.450,-50.094,0,0,1128,0,0.0,0.0,437.0,0.0,101.640,1337,2
76,cylinder_stiff,1593,101.640,59.399,15.300,76.957,26.101,31.050,34.850,4.500,1.350,2.906,-28.350,-38.700,-42.107,0,0,1128,0,0.0,0.0,437.0,0.0,101.640,1337,2
76,cylinder_stiff,1643,101.640,40.500,-4.950,37.754,32.399,41.850,51.547,22.500,18.000,28.314,-17.550,-31.500,-31.217,0,0,1128,0,0.0,0.0,437.0,0.0,101.640,1337,2
76,cylinder_stiff,1694,101.640,38.250,-12.150,39.205,37.351,40.050,52.998,-4.049,-14.400,-10.889,-50.400,-60.301,-75.504,0,0,1128,0,0.0,0.0,437.0,0.0,101.640,1337,2
76,cylinder_stiff,1746,101.640,49.950,4.050,63.164,34.649,40.050,52.273,6.301,4.500,9.439,-20.699,-32.400,-33.395,0,0,1128,0,0.0,0.0,437.0,0.0,101.640,1337,2
76,cylinder_stiff,1796,101.640,50.399,3.150,53.727,18.000,27.000,32.670,13.951,9.000,21.055,-11.699,-22.500,-27.586,0,0,1128,0,0.0,0.0,437.0,0.0,101.640,1337,2
76,cylinder_stiff,1847,101.640,50.399,5.400,64.615,28.800,35.100,40.658,16.201,8.100,20.328,-16.199,-25.650,-27.586,0,0,1128,0,0.0,0.0,437.0,0.0,101.640,1337,2
76,cylinder_stiff,1898,101.640,49.950,-0.450,55.904,27.899,32.400,42.109,9.000,-0.900,10.166,-26.550,-37.350,-45.738,0,0,1128,0,0.0,0.0,437.0,0.0,101.640,1337,2
76,cylinder_stiff,1949,101.640,45.450,-2.250,47.191,34.649,41.850,55.178,8.101,4.050,5.809,-33.750,-43.650,-58.805,0,0,1128,0,0.0,0.0,437.0,0.0,101.640,1337,2
76,cylinder_stiff,2001,101.640,39.601,-8.100,47.191,34.200,42.750,53.725,14.400,5.400,15.246,-25.199,-35.551,-36.301,0,0,1128,0,0.0,0.0,437.0,0.0,101.640,1337,2
76,cylinder_stiff,2052,101.640,37.800,-5.850,45.012,23.399,32.850,35.574,7.650,0.449,9.439,-24.750,-35.100,-43.559,0,0,1128,0,0.0,0.0,437.0,0.0,101.640,1337,2
76,cylinder_stiff,2103,101.640,42.300,-8.551,46.465,26.101,29.250,36.301,33.301,24.750,45.738,-34.650,-45.000,-60.984,0,0,1128,0,0.0,0.0,437.0,0.0,101.640,1337,2
76,cylinder_stiff,2155,101.640,45.000,0.449,54.451,42.300,48.150,62.436,11.250,5.400,13.795,-21.600,-27.900,-35.574,0,1,1128,2155,0.0,0.0,437.0,424.0,101.640,1337,2
77,cylinder_stiff,6,61.072,12.750,11.700,15.004,37.199,36.300,60.742,9.900,10.650,12.102,26.101,23.399,45.738,0,0,0,0,0.0,0.0,0.0,0.0,0.000,0,0
77,cylinder_stiff,57,61.512,13.501,15.975,28.312,8.325,7.875,22.143,7.875,10.574,11.252,10.575,10.800,23.230,0,0,0,0,0.0,0.0,0.0,0.0,0.000,0,0
77,cylinder_stiff,108,63.448,18.675,18.675,22.869,33.525,33.750,54.451,-6.300,-1.125,-8.711,37.574,34.426,57.354,0,0,0,0,0.0,0.0,0.0,0.0,0.000,0,0
77,cylinder_stiff,159,65.736,12.600,14.175,26.859,14.851,9.900,19.967,2.924,1.801,7.625,26.775,19.125,33.396,0,0,0,0,0.0,0.0,0.0,0.0,0.000,0,0
77,cylinder_stiff,210,68.728,21.825,18.000,27.588,36.675,29.476,51.545,13.726,14.399,18.877,19.575,18.226,35.209,0,0,0,0,0.0,0.0,0.0,0.0,0.000,0,0
77,cylinder_stiff,261,71.544,17.101,22.950,34.123,19.350,11.250,26.859,1.800,-0.900,8.713,23.850,18.000,31.219,0,0,0,0,0.0,0.0,0.0,0.0,0.000,0,0
77,cylinder_stiff,311,74.448,2.024,-1.801,7.621,9.000,6.524,10.527,-1.575,-3.600,-2.178,8.325,6.074,10.527,0,0,0,0,0.0,0.0,0.0,0.0,0.000,0,0
77,cylinder_stiff,362,77.440,-4.500,-5.850,-10.164,6.750,8.100,12.342,-2.699,-7.650,-2.902,11.250,11.250,23.957,0,0,0,0,0.0,0.0,0.0,0.0,0.000,0,0
77,cylinder_stiff,413,80.432,-10.125,-12.825,-20.691,45.000,45.000,70.059,-6.301,-5.625,-5.809,22.050,23.174,39.932,0,0,0,0,0.0,0.0,0.0,0.0,0.000,0,0
77,cylinder_stiff,464,83.336,-2.250,-8.550,-16.699,32.850,33.750,55.900,-1.800,-1.350,-7.260,6.299,6.301,9.438,0,0,0,0,0.0,0.0,0.0,0.0,0.000,0,0
77,cylinder_stiff,516,85.976,-3.600,-9.451,-10.891,22.500,27.900,35.574,13.051,13.500,22.506,7.200,3.150,14.521,0,0,0,0,0.0,0.0,0.0,0.0,0.000,0,0
77,cylinder_stiff,567,88.528,-1.125,-10.351,-2.902,24.075,28.575,47.553,10.125,9.450,15.609,-16.650,-27.899,-27.953,0,0,0,0,0.0,0.0,0.0,0.0,0.000,0,0
77,cylinder_stiff,618,90.992,1.350,-9.225,-9.074,7.201,13.500,24.684,5.851,2.475,7.621,-7.649,-22.501,-8.350,0,0,0,0,0.0,0.0,0.0,0.0,0.000,0,0
77,cylinder_stiff,669,93.192,-7.424,-13.500,-13.068,8.101,18.675,17.785,-18.675,-22.049,-32.670,-2.700,-18.675,-2.904,0,0,0,0,0.0,0.0,0.0,0.0,0.000,0,0
77,cylinder_stiff,720,95.480,-11.250,-17.550,-29.039,24.299,30.600,48.643,-19.801,-17.550,-34.848,2.250,-11.250,2.904,0,0,0,0,0.0,0.0,0.0,0.0,0.000,0,0
77,cylinder_stiff,772,97.592,22.051,0.000,15.973,6.301,16.199,17.424,9.899,10.801,13.068,-19.351,-30.600,-28.314,0,0,0,0,0.0,0.0,0.0,0.0,0.000,0,0
77,cylinder_stiff,823,99.440,31.051,-0.449,27.588,27.899,35.551,45.738,-13.950,-11.250,-24.684,-11.699,-22.949,-10.164,0,0,0,0,0.0,0.0,0.0,0.0,0.000,0,0
77,cylinder_stiff,873,101.024,43.200,-6.750,45.010,39.601,51.075,72.236,-6.750,-6.749,-7.621,-28.350,-37.350,-42.471,0,0,0,0,0.0,0.0,0.0,0.0,0.000,0,0
77,cylinder_stiff,924,101.640,59.399,5.400,62.438,39.601,45.900,63.162,9.000,4.050,13.068,-26.550,-40.051,-41.381,0,0,0,0,0.0,0.0,0.0,0.0,0.000,0,0
77,cylinder_stiff,975,101.640,58.050,1.350,55.178,29.250,38.699,42.836,-0.899,-4.500,-6.531,-41.400,-48.150,-65.340,0,0,0,0,0.0,0.0,0.0,0.0,0.000,0,0
77,cylinder_stiff,1026,101.640,63.450,8.550,74.053,30.149,33.750,41.383,10.801,5.850,14.520,-30.150,-35.100,-47.914,0,0,0,0,0.0,0.0,0.0,0.0,0.000,0,0
77,cylinder_stiff,1077,101.640,55.800,2.699,63.889,47.700,51.300,72.602,7.650,6.750,13.795,-55.800,-63.900,-84.941,0,0,0,0,0.0,0.0,0.0,0.0,0.000,0,0
77,cylinder_stiff,1128,101.640,58.050,5.400,63.164,35.550,42.300,53.725,9.900,5.850,8.713,-37.800,-46.801,-57.352,1,0,1128,0,0.0,0.0,434.0,0.0,101.640,0,2
77,cylinder_stiff,1186,101.640,42.750,-8.551,44.287,36.450,40.050,52.273,2.250,-9.000,-5.807,-33.750,-40.051,-50.094,0,0,1128,0,0.0,0.0,434.0,0.0,101.640,0,2
77,cylinder_stiff,1237,101.640,52.649,-2.700,52.273,24.300,27.000,25.412,-0.449,-10.801,-9.438,-22.949,-29.700,-33.395,0,0,1128,0,0.0,0.0,434.0,0.0,101.640,0,2
77,cylinder_stiff,1289,101.640,66.601,8.550,71.875,44.550,48.150,62.436,12.150,4.949,15.246,-15.300,-24.301,-24.684,0,0,1128,0,0.0,0.0,434.0,0.0,101.640,0,2
77,cylinder_stiff,1340,101.640,54.450,-4.051,60.258,48.601,49.500,71.875,7.650,4.949,18.150,-29.699,-34.200,-47.189,0,0,1128,0,0.0,0.0,434.0,0.0,101.640,1340,2
77,cylinder_stiff,1392,101.728,64.351,7.199,74.053,43.649,47.699,67.520,9.900,2.699,5.809,-27.900,-36.450,-42.107,0,0,1128,0,0.0,0.0,434.0,0.0,101.640,1340,2
77,cylinder_stiff,1443,101.640,60.300,3.150,66.793,31.050,36.900,43.561,5.851,0.000,9.439,-22.500,-27.000,-37.752,0,0,1128,0,0.0,0.0,434.0,0.0,101.640,1340,2
77,cylinder_stiff,1494,101.640,51.300,-4.051,58.080,37.800,41.400,52.998,9.451,-0.900,5.082,-33.750,-41.400,-62.436,0,0,1128,0,0.0,0.0,434.0,0.0,101.640,1340,2
77,cylinder_stiff,1545,101.728,54.899,0.000,63.889,39.149,44.100,55.904,13.951,5.850,21.781,-22.949,-28.350,-37.025,0,0,1128,0,0.0,0.0,434.0,0.0,101.640,1340,2
77,cylinder_stiff,1596,101.640,49.950,-10.350,51.547,28.800,33.750,41.383,15.750,5.400,16.699,-52.650,-59.400,-89.297,0,0,1128,0,0.0,0.0,434.0,0.0,101.640,1340,2
77,cylinder_stiff,1647,101.640,54.450,-3.600,58.080,35.101,41.850,52.998,9.451,0.449,6.535,-26.550,-27.900,-34.848,0,0,1128,0,0.0,0.0,434.0,0.0,101.640,1340,2
77,cylinder_stiff,1698,101.640,45.450,-13.950,40.658,38.700,45.449,60.258,8.551,4.949,13.795,-31.050,-35.551,-47.189,0,0,1128,0,0.0,0.0,434.0,0.0,101.640,1340,2
77,cylinder_stiff,1749,101.640,62.550,2.699,69.697,27.899,36.000,39.205,31.500,23.850,45.738,-30.600,-40.950,-53.723,0,0,1128,0,0.0,0.0,434.0,0.0,101.640,1340,2
77,cylinder_stiff,1800,101.640,56.700,-0.450,63.889,50.399,53.550,77.682,18.000,16.199,27.588,-31.500,-36.450,-47.189,0,0,1128,0,0.0,0.0,434.0,0.0,101.640,1340,2
77,cylinder_stiff,1850,101.640,54.000,-7.650,53.000,42.750,46.350,66.066,15.750,6.300,17.426,-35.550,-37.350,-55.900,0,0,1128,0,0.0,0.0,434.0,0.0,101.640,1340,2
77,cylinder_stiff,1902,101.640,56.700,-3.600,57.355,36.000,40.500,53.725,17.551,5.400,20.328,-41.850,-47.250,-68.969,0,0,1128,0,0.0,0.0,434.0,0.0,101.640,1340,2
77,cylinder_stiff,1953,101.640,59.851,4.949,64.615,27.899,34.650,41.383,11.701,2.250,13.795,-38.250,-43.650,-61.709,0,0,1128,0,0.0,0.0,434.0,0.0,101.640,1340,2
77,cylinder_stiff,2004,101.640,73.800,10.800,84.943,40.950,45.449,58.807,11.250,2.699,7.988,-24.300,-27.900,-42.832,0,0,1128,0,0.0,0.0,434.0,0.0,101.640,1340,2
77,cylinder_stiff,2054,101.640,61.200,4.050,75.504,38.700,45.449,56.629,8.551,2.699,10.891,-33.750,-40.950,-57.352,0,0,1128,0,0.0,0.0,434.0,0.0,101.640,1340,2
77,cylinder_stiff,2105,101.640,68.851,10.350,82.766,27.000,28.800,36.301,12.601,7.650,20.328,-32.850,-37.350,-48.641,0,0,1128,0,0.0,0.0,434.0,0.0,101.640,1340,2
77,cylinder_stiff,2155,101.640,67.500,3.600,74.053,37.800,40.949,52.998,6.750,-0.900,-1.451,-29.699,-35.100,-45.012,0,1,1128,2155,0.0,0.0,434.0,423.0,101.640,1340,2
78,cylinder_stiff,6,61.072,13.649,8.999,17.906,30.000,26.850,49.125,7.650,7.949,14.277,43.200,41.399,72.600,0,0,0,0,0.0,0.0,0.0,0.0,0.000,0,0
78,cylinder_stiff,57,61.512,7.200,6.975,12.342,28.125,28.125,49.730,2.925,6.525,3.266,-6.975,-13.950,-5.084,0,0,0,0,0.0,0.0,0.0,0.0,0.000,0,0
78,cylinder_stiff,108,63.448,27.675,23.625,40.293,32.625,35.551,58.082,-1.350,-3.375,-3.629,27.675,22.725,39.930,0,0,0,0,0.0,0.0,0.0,0.0,0.000,0,0
78,cylinder_stiff,158,65.736,-0.449,0.225,-0.729,20.701,18.000,36.664,8.324,9.900,13.432,21.375,18.676,29.039,0,0,0,0,0.0,0.0,0.0,0.0,0.000,0,0
78,cylinder_stiff,210,68.728,-1.125,-0.900,-0.727,33.075,29.476,52.998,15.976,14.850,23.234,24.975,24.075,37.387,0,0,0,0,0.0,0.0,0.0,0.0,0.000,0,0
78,cylinder_stiff,261,71.544,2.250,3.150,10.891,26.100,21.150,40.654,6.750,3.600,12.342,32.850,27.899,48.643,0,0,0,0,0.0,0.0,0.0,0.0,0.000,0,0
78,cylinder_stiff,311,74.448,10.574,5.850,13.430,15.300,11.476,19.240,11.024,8.550,13.068,8.775,8.775,12.705,0,0,0,0,0.0,0.0,0.0,0.0,0.000,0,0
78,cylinder_stiff,362,77.440,1.351,4.051,-6.533,13.951,17.100,26.861,8.551,7.200,11.617,11.250,4.949,15.971,0,0,0,0,0.0,0.0,0.0,0.0,0.000,0,0
78,cylinder_stiff,413,80.344,-8.775,-6.976,-7.623,25.650,27.900,35.211,-0.451,-4.725,-0.727,13.050,18.225,31.943,0,0,0,0,0.0,0.0,0.0,0.0,0.000,0,0
78,cylinder_stiff,464,83.336,7.649,4.950,7.984,27.899,34.649,54.449,13.500,8.100,16.697,8.100,4.500,13.795,0,0,0,0,0.0,0.0,0.0,0.0,0.000,0,0
78,cylinder_stiff,515,85.976,13.500,9.449,16.699,29.699,38.250,55.178,-2.250,-1.800,2.902,3.600,-1.799,7.260,0,0,0,0,0.0,0.0,0.0,0.0,0.000,0,0
78,cylinder_stiff,566,88.616,2.925,-7.200,5.809,32.625,41.175,67.154,7.426,4.500,6.896,8.999,-8.100,9.799,0,0,0,0,0.0,0.0,0.0,0.0,0.000,0,0
78,cylinder_stiff,616,90.992,-4.051,-16.425,-17.061,2.701,15.750,17.424,3.150,4.275,0.363,4.951,-19.351,-1.814,0,0,0,0,0.0,0.0,0.0,0.0,0.000,0,0
78,cylinder_stiff,667,93.280,-4.950,-8.101,-9.438,23.851,34.649,49.369,-13.950,-13.949,-33.395,22.500,-8.549,15.971,0,0,0,0,0.0,0.0,0.0,0.0,0.000,0,0
78,cylinder_stiff,717,95.568,-10.799,-13.050,-21.055,28.799,39.149,55.176,-28.351,-23.400,-47.914,-0.900,-36.000,-29.766,0,0,0,0,0.0,0.0,0.0,0.0,0.000,0,0
78,cylinder_stiff,768,97.504,14.851,7.650,6.535,0.451,14.850,9.438,6.299,9.900,6.533,8.100,-27.000,-18.875,0,0,0,0,0.0,0.0,0.0,0.0,0.000,0,0
78,cylinder_stiff,819,99.264,1.125,-6.074,-9.438,21.601,31.275,41.020,2.926,2.925,-2.178,8.775,-26.100,-22.143,0,0,0,0,0.0,0.0,0.0,0.0,0.000,0,0
78,cylinder_stiff,871,100.760,-0.450,-3.601,-13.070,21.149,37.575,50.457,0.449,-4.950,-10.527,-2.699,-27.000,-33.033,0,0,0,0,0.0,0.0,0.0,0.0,0.000,0,0
78,cylinder_stiff,922,101.464,6.300,-3.149,-0.729,11.700,25.425,22.867,8.100,-0.899,6.898,-6.750,-32.400,-49.006,0,0,0,0,0.0,0.0,0.0,0.0,0.000,0,0
78,cylinder_stiff,973,101.464,-14.400,-22.050,-42.109,27.450,40.274,54.086,-4.951,-7.200,-13.430,-12.150,-34.200,-46.102,0,0,0,0,0.0,0.0,0.0,0.0,0.000,0,0
78,cylinder_stiff,1024,101.464,5.850,0.000,-3.631,9.000,24.524,27.225,9.899,6.300,17.787,-6.300,-24.750,-35.938,0,0,0,0,0.0,0.0,0.0,0.0,0.000,0,0
78,cylinder_stiff,1075,101.464,8.999,1.800,-1.453,19.800,33.075,33.758,10.799,3.150,12.705,-0.449,-21.600,-28.676,0,0,0,0,0.0,0.0,0.0,0.0,0.000,0,0
78,cylinder_stiff,1127,101.464,4.499,-0.899,-5.082,17.550,30.375,38.113,-3.150,-7.649,-10.527,-4.949,-26.551,-34.484,1,0,1127,0,0.0,0.0,437.0,0.0,101.464,0,2
78,cylinder_stiff,1185,101.464,4.950,-0.899,-3.631,20.250,33.976,30.127,-4.500,-8.100,-3.992,-7.199,-27.900,-34.484,0,0,1127,0,0.0,0.0,437.0,0.0,101.464,0,2
78,cylinder_stiff,1236,101.464,-4.050,-9.899,-18.152,0.450,15.976,6.170,-3.601,-4.050,-2.541,4.950,-12.600,-20.691,0,0,1127,0,0.0,0.0,437.0,0.0,101.464,0,2
78,cylinder_stiff,1288,101.464,8.999,4.950,2.902,9.450,17.774,19.238,9.449,5.851,13.430,-4.500,-21.150,-31.582,0,0,1127,0,0.0,0.0,437.0,0.0,101.464,0,2
78,cylinder_stiff,1338,101.464,12.149,2.700,5.807,19.351,30.825,33.758,2.250,-1.800,6.898,-10.800,-30.600,-41.746,0,0,1127,0,0.0,0.0,437.0,0.0,101.464,1338,2
78,cylinder_stiff,1389,101.464,-7.200,-12.149,-21.055,13.950,30.375,34.484,-9.000,-8.550,-11.979,-15.750,-28.350,-46.102,0,0,1127,0,0.0,0.0,437.0,0.0,101.464,1338,2
78,cylinder_stiff,1440,101.464,14.399,4.050,11.615,33.300,43.425,59.168,18.449,12.601,22.145,-4.500,-20.700,-38.840,0,0,1127,0,0.0,0.0,437.0,0.0,101.464,1338,2
78,cylinder_stiff,1490,101.464,8.999,-2.700,2.176,24.750,38.925,46.100,0.899,-4.950,-2.541,3.150,-15.750,-29.402,0,0,1127,0,0.0,0.0,437.0,0.0,101.464,1338,2
78,cylinder_stiff,1542,101.464,6.749,-1.351,4.355,15.300,24.075,25.047,-0.451,-3.600,8.350,0.000,-18.450,-30.855,0,0,1127,0,0.0,0.0,437.0,0.0,101.464,1338,2
78,cylinder_stiff,1592,101.464,2.700,-5.399,-5.809,28.351,41.625,48.277,18.000,10.351,23.596,-3.600,-16.650,-27.951,0,0,1127,0,0.0,0.0,437.0,0.0,101.464,1338,2
78,cylinder_stiff,1644,101.464,-0.001,-9.000,-10.166,9.899,22.726,24.320,8.100,1.800,5.445,2.250,-12.150,-27.225,0,0,1127,0,0.0,0.0,437.0,0.0,101.464,1338,2
78,cylinder_stiff,1695,101.464,-10.800,-16.200,-21.055,9.450,20.476,22.143,-2.250,-6.300,-6.170,-10.800,-25.650,-43.922,0,0,1127,0,0.0,0.0,437.0,0.0,101.464,1338,2
78,cylinder_stiff,1747,101.464,-8.101,-17.550,-14.521,6.750,18.675,12.705,-10.801,-13.950,-11.979,-9.900,-25.650,-49.730,0,0,1127,0,0.0,0.0,437.0,0.0,101.464,1338,2
78,cylinder_stiff,1798,101.464,6.300,-9.450,-8.715,27.450,36.675,46.100,4.949,1.800,9.076,-6.750,-19.350,-40.293,0,0,1127,0,0.0,0.0,437.0,0.0,101.464,1338,2
78,cylinder_stiff,1849,101.464,3.149,-4.950,-5.809,24.750,35.774,43.195,3.149,-3.149,-3.268,-8.550,-19.801,-35.938,0,0,1127,0,0.0,0.0,437.0,0.0,101.464,1338,2
78,cylinder_stiff,1900,101.464,-4.950,-13.950,-18.152,28.800,39.375,47.551,5.850,4.050,6.898,-7.199,-21.600,-37.389,0,0,1127,0,0.0,0.0,437.0,0.0,101.464,1338,2
78,cylinder_stiff,1953,101.464,-4.950,-15.750,-15.248,14.399,20.476,19.965,8.100,2.700,9.076,4.500,-10.350,-24.320,0,0,1127,0,0.0,0.0,437.0,0.0,101.464,1338,2
78,cylinder_stiff,2004,101.464,-0.001,-10.351,-2.180,20.250,34.425,41.020,27.000,19.351,41.744,-4.500,-19.350,-30.855,0,0,1127,0,0.0,0.0,437.0,0.0,101.464,1338,2
78,cylinder_stiff,2055,101.464,1.350,-11.700,-2.180,21.601,31.726,37.389,4.049,1.800,7.623,-1.350,-18.450,-30.855,0,0,1127,0,0.0,0.0,437.0,0.0,101.464,1338,2
78,cylinder_stiff,2105,101.464,25.649,12.149,28.312,13.500,21.375,19.965,18.449,15.300,30.129,5.400,-8.551,-20.691,0,0,1127,0,0.0,0.0,437.0,0.0,101.464,1338,2
78,cylinder_stiff,2157,101.464,9.450,-3.601,10.164,24.300,35.774,41.744,7.199,2.700,7.623,4.500,-13.051,-26.500,0,1,1127,2157,0.0,0.0,437.0,430.0,101.464,1338,2
79,cylinder_stiff,6,61.072,11.399,10.350,16.455,15.600,15.600,27.346,17.100,12.900,25.895,24.300,22.500,42.834,0,0,0,0,0.0,0.0,0.0,0.0,0.000,0,0
79,cylinder_stiff,57,61.512,6.300,1.575,2.904,19.575,20.924,36.662,-18.226,-16.875,-29.402,2.926,-5.400,3.629,0,0,0,0,0.0,0.0,0.0,0.0,0.000,0,0
79,cylinder_stiff,108,63.448,16.425,15.976,26.498,37.125,35.551,61.711,-4.050,-3.825,-7.986,13.275,12.825,25.410,0,0,0,0,0.0,0.0,0.0,0.0,0.000,0,0
79,cylinder_stiff,158,65.736,12.150,11.024,15.969,48.601,46.350,78.771,2.024,6.301,11.254,38.025,38.926,57.354,0,0,0,0,0.0,0.0,0.0,0.0,0.000,0,0
79,cylinder_stiff,209,68.640,17.774,13.051,21.055,12.376,6.976,10.891,15.525,10.350,25.410,25.875,20.476,37.387,0,0,0,0,0.0,0.0,0.0,0.0,0.000,0,0
79,cylinder_stiff,261,71.544,13.500,13.950,24.684,53.549,49.051,80.586,7.650,3.150,11.615,8.550,4.500,12.342,0,0,0,0,0.0,0.0,0.0,0.0,0.000,0,0
79,cylinder_stiff,311,74.448,15.524,7.199,20.691,21.149,18.226,30.855,-5.625,-7.650,-12.340,9.676,3.824,12.705,0,0,0,0,0.0,0.0,0.0,0.0,0.000,0,0
79,cylinder_stiff,362,77.440,14.400,9.000,23.232,10.801,13.949,21.781,2.701,0.000,6.535,-11.250,-13.951,-14.521,0,0,0,0,0.0,0.0,0.0,0.0,0.000,0,0
79,cylinder_stiff,413,80.344,-1.575,-1.575,-10.525,32.400,27.000,42.471,-5.400,-8.324,-7.986,25.200,29.924,49.369,0,0,0,0,0.0,0.0,0.0,0.0,0.000,0,0
79,cylinder_stiff,464,83.336,-1.351,-0.449,-0.727,25.199,28.800,47.189,13.950,15.750,15.971,15.299,9.450,21.781,0,0,0,0,0.0,0.0,0.0,0.0,0.000,0,0
79,cylinder_stiff,516,86.064,24.750,22.500,38.479,27.000,40.051,49.369,-7.199,-10.800,-11.617,19.801,10.351,32.670,0,0,0,0,0.0,0.0,0.0,0.0,0.000,0,0
79,cylinder_stiff,566,88.616,18.226,8.550,26.137,21.375,33.524,47.553,1.125,1.351,0.363,21.600,3.150,25.771,0,0,0,0,0.0,0.0,0.0,0.0,0.000,0,0
79,cylinder_stiff,617,90.992,17.549,11.475,27.953,14.400,27.450,41.383,12.150,11.926,14.156,16.201,-8.101,13.432,0,0,0,0,0.0,0.0,0.0,0.0,0.000,0,0
79,cylinder_stiff,668,93.368,18.450,13.049,15.973,25.201,33.750,45.012,-15.301,-11.699,-35.574,18.000,-9.899,12.342,0,0,0,0,0.0,0.0,0.0,0.0,0.000,0,0
79,cylinder_stiff,719,95.568,-7.199,-14.400,-23.232,32.850,39.149,58.080,-0.900,-2.699,-13.066,27.450,-13.050,14.520,0,0,0,0,0.0,0.0,0.0,0.0,0.000,0,0
79,cylinder_stiff,770,97.592,34.650,30.150,37.027,4.951,18.000,13.068,9.449,6.301,4.354,7.199,-26.100,-19.602,0,0,0,0,0.0,0.0,0.0,0.0,0.000,0,0
79,cylinder_stiff,820,99.176,11.925,7.875,8.713,16.649,27.675,36.664,6.076,0.225,-1.451,10.574,-24.300,-9.801,0,0,0,0,0.0,0.0,0.0,0.0,0.000,0,0
79,cylinder_stiff,870,100.672,8.999,4.050,2.902,17.101,31.726,34.484,6.750,1.800,0.363,2.700,-27.000,-27.951,0,0,0,0,0.0,0.0,0.0,0.0,0.000,0,0
79,cylinder_stiff,921,101.376,10.350,2.250,1.449,4.050,19.125,10.527,4.949,1.351,2.541,16.200,-11.250,-7.623,0,0,0,0,0.0,0.0,0.0,0.0,0.000,0,0
79,cylinder_stiff,975,101.376,-13.050,-14.399,-29.043,21.601,35.774,37.389,-6.750,-10.350,-9.074,22.950,-3.600,8.350,0,0,0,0,0.0,0.0,0.0,0.0,0.000,0,0
79,cylinder_stiff,1026,101.376,13.950,5.399,8.711,9.450,25.425,20.689,-13.051,-17.999,-25.047,-0.900,-29.700,-37.389,0,0,0,0,0.0,0.0,0.0,0.0,0.000,0,0
79,cylinder_stiff,1077,101.376,-3.150,-6.750,-17.426,17.550,31.726,30.854,-6.301,-12.600,-17.787,17.551,-12.150,-14.883,0,0,0,0,0.0,0.0,0.0,0.0,0.000,0,0
79,cylinder_stiff,1129,101.376,10.350,4.500,1.449,22.050,35.325,46.100,-0.451,-0.450,5.445,13.500,-12.150,-12.705,1,0,1129,0,0.0,0.0,448.0,0.0,101.376,0,2
79,cylinder_stiff,1187,101.376,-2.700,-5.399,-18.152,25.200,33.075,47.551,0.899,-3.149,3.992,4.950,-25.200,-32.309,0,0,1129,0,0.0,0.0,448.0,0.0,101.376,0,2
79,cylinder_stiff,1237,101.376,-0.450,-2.700,-19.604,28.800,38.925,46.826,-5.400,-4.950,-6.896,11.250,-13.950,-19.238,0,0,1129,0,0.0,0.0,448.0,0.0,101.376,0,2
79,cylinder_stiff,1288,101.376,13.950,6.300,10.164,31.500,42.075,49.004,6.299,0.900,9.076,5.400,-15.750,-24.320,0,0,1129,0,0.0,0.0,448.0,0.0,101.376,0,2
79,cylinder_stiff,1339,101.376,12.149,6.300,9.438,16.649,28.125,30.854,21.600,14.400,28.676,9.000,-12.600,-20.691,0,0,1129,0,0.0,0.0,448.0,0.0,101.376,1339,2
79,cylinder_stiff,1390,101.376,-1.351,-6.300,-15.248,25.649,38.476,50.457,-7.650,-10.350,-9.801,3.600,-15.750,-27.225,0,0,1129,0,0.0,0.0,448.0,0.0,101.376,1339,2
79,cylinder_stiff,1441,101.376,9.450,5.399,-1.453,19.351,29.024,32.305,11.250,1.800,12.705,11.700,-10.350,-10.527,0,0,1129,0,0.0,0.0,448.0,0.0,101.376,1339,2
79,cylinder_stiff,1492,101.376,-5.400,-10.800,-21.781,26.101,35.325,49.730,-20.701,-27.450,-33.760,0.450,-18.900,-34.484,0,0,1129,0,0.0,0.0,448.0,0.0,101.376,1339,2
79,cylinder_stiff,1543,101.376,8.999,5.851,-0.002,22.050,39.375,40.293,1.799,5.400,5.445,0.900,-19.801,-33.033,0,0,1129,0,0.0,0.0,448.0,0.0,101.376,1339,2
79,cylinder_stiff,1594,101.376,6.300,1.800,-7.988,18.450,24.524,30.854,1.799,-2.249,5.445,0.000,-19.801,-27.225,0,0,1129,0,0.0,0.0,448.0,0.0,101.376,1339,2
79,cylinder_stiff,1646,101.376,-0.001,-4.500,-15.248,9.899,19.575,15.607,13.500,9.450,16.336,12.600,-9.000,-12.705,0,0,1129,0,0.0,0.0,448.0,0.0,101.376,1339,2
79,cylinder_stiff,1697,101.376,-10.351,-13.050,-23.234,13.050,17.774,22.143,4.500,1.351,10.527,-2.699,-22.051,-41.020,0,0,1129,0,0.0,0.0,448.0,0.0,101.376,1339,2
79,cylinder_stiff,1748,101.464,1.800,-0.899,-7.262,21.601,36.226,38.840,-2.250,-8.550,-1.090,3.600,-10.801,-27.225,0,0,1129,0,0.0,0.0,448.0,0.0,101.376,1339,2
79,cylinder_stiff,1800,101.464,-0.900,-8.550,-14.521,29.700,36.675,48.277,7.199,1.351,5.445,-0.900,-21.150,-36.662,0,0,1129,0,0.0,0.0,448.0,0.0,101.376,1339,2
79,cylinder_stiff,1851,101.376,-0.900,-5.399,-15.248,22.950,29.024,35.936,16.649,6.751,22.869,4.950,-13.051,-21.416,0,0,1129,0,0.0,0.0,448.0,0.0,101.376,1339,2
79,cylinder_stiff,1903,101.376,4.050,-2.700,-4.357,29.250,37.575,49.730,11.250,11.700,23.596,23.850,2.250,3.992,0,0,1129,0,0.0,0.0,448.0,0.0,101.376,1339,2
79,cylinder_stiff,1953,101.464,-4.050,-7.649,-18.877,26.101,35.774,37.389,31.949,24.751,48.279,10.801,-2.700,-12.705,0,0,1129,0,0.0,0.0,448.0,0.0,101.376,1339,2
79,cylinder_stiff,2003,101.376,12.149,7.200,10.164,28.351,33.976,51.908,-12.150,-16.200,-21.416,0.000,-13.950,-36.662,0,0,1129,0,0.0,0.0,448.0,0.0,101.376,1339,2
79,cylinder_stiff,2054,101.464,-7.200,-13.500,-26.137,16.649,23.175,21.416,-4.500,-12.600,-8.348,-8.100,-22.950,-45.375,0,0,1129,0,0.0,0.0,448.0,0.0,101.376,1339,2
79,cylinder_stiff,2105,101.464,19.800,7.649,17.422,6.300,15.075,11.979,13.500,5.851,11.254,-3.150,-13.051,-31.582,0,0,1129,0,0.0,0.0,448.0,0.0,101.376,1339,2
79,cylinder_stiff,2156,101.376,18.450,7.200,18.875,37.351,48.375,66.428,-12.601,-18.450,-21.416,-14.400,-33.301,-54.813,0,1,1129,2156,0.0,0.0,448.0,433.0,101.376,1339,2
80,cylinder_stiff,6,60.984,19.049,18.899,25.893,25.050,21.900,41.139,-3.600,-0.600,-3.145,31.500,27.899,50.820,0,0,0,0,0.0,0.0,0.0,0.0,0.000,0,0
80,cylinder_stiff,56,61.512,6.300,9.676,7.986,38.476,39.824,70.785,1.125,0.675,0.363,6.075,0.449,8.711,0,0,0,0,0.0,0.0,0.0,0.0,0.000,0,0
80,cylinder_stiff,106,63.448,6.525,5.625,13.430,24.076,19.801,40.656,8.551,5.175,11.617,12.375,9.225,17.424,0,0,0,0,0.0,0.0,0.0,0.0,0.000,0,0
80,cylinder_stiff,157,65.648,-4.050,-5.626,-5.809,40.951,37.800,66.430,-0.226,4.950,2.543,19.574,12.375,27.588,0,0,0,0,0.0,0.0,0.0,0.0,0.000,0,0
80,cylinder_stiff,208,68.640,5.625,4.051,2.178,23.626,17.325,30.490,10.576,13.499,18.150,13.275,10.125,20.689,0,0,0,0,0.0,0.0,0.0,0.0,0.000,0,0
80,cylinder_stiff,259,71.456,3.150,1.801,10.164,37.799,28.801,50.820,-1.801,-5.400,-6.533,21.600,21.149,31.219,0,0,0,0,0.0,0.0,0.0,0.0,0.000,0,0
80,cylinder_stiff,310,74.360,8.324,2.699,10.527,17.101,13.726,25.773,5.175,2.699,3.631,28.125,24.074,39.566,0,0,0,0,0.0,0.0,0.0,0.0,0.000,0,0
80,cylinder_stiff,361,77.352,15.301,15.301,22.506,16.201,18.449,29.041,2.250,0.000,6.535,-0.450,0.449,3.629,0,0,0,0,0.0,0.0,0.0,0.0,0.000,0,0
80,cylinder_stiff,411,80.344,-11.025,-12.376,-26.498,37.350,41.400,67.154,6.750,8.775,16.697,16.649,15.524,23.959,0,0,0,0,0.0,0.0,0.0,0.0,0.000,0,0
80,cylinder_stiff,463,83.248,-7.650,-9.000,-15.246,37.799,39.149,58.807,13.500,11.250,15.971,4.500,0.000,6.535,0,0,0,0,0.0,0.0,0.0,0.0,0.000,0,0
80,cylinder_stiff,514,85.976,4.949,-2.250,5.809,10.350,19.801,23.959,29.250,26.550,40.654,-15.750,-19.799,-23.957,0,0,0,0,0.0,0.0,0.0,0.0,0.000,0,0
80,cylinder_stiff,565,88.528,21.825,13.050,29.041,34.426,37.575,57.717,6.525,7.649,9.076,-4.050,-20.700,-16.336,0,0,0,0,0.0,0.0,0.0,0.0,0.000,0,0
80,cylinder_stiff,616,90.904,4.949,-6.074,0.363,-4.049,7.200,8.713,12.601,14.176,18.512,9.000,-20.700,0.363,0,0,0,0,0.0,0.0,0.0,0.0,0.000,0,0
80,cylinder_stiff,667,93.192,13.050,5.850,21.055,22.951,33.750,41.381,-21.600,-24.750,-41.381,14.400,-13.500,7.984,0,0,0,0,0.0,0.0,0.0,0.0,0.000,0,0
80,cylinder_stiff,718,95.480,21.601,13.051,19.602,30.600,40.049,53.725,-6.301,-3.150,-20.328,27.900,-9.899,12.342,0,0,0,0,0.0,0.0,0.0,0.0,0.000,0,0
80,cylinder_stiff,768,97.416,23.851,20.250,26.135,11.701,30.150,26.137,3.600,4.500,-1.451,-9.000,-40.500,-41.381,0,0,0,0,0.0,0.0,0.0,0.0,0.000,0,0
80,cylinder_stiff,819,99.088,5.175,-1.125,0.727,26.101,36.675,53.361,-7.424,-7.426,-22.506,3.375,-35.550,-26.498,0,0,0,0,0.0,0.0,0.0,0.0,0.000,0,0
80,cylinder_stiff,870,100.584,9.899,3.601,1.449,19.800,36.226,37.389,5.850,3.601,8.350,-4.949,-39.600,-41.746,0,0,0,0,0.0,0.0,0.0,0.0,0.000,0,0
80,cylinder_stiff,921,101.288,3.600,-6.300,-11.617,27.450,39.375,46.100,27.899,29.700,43.922,6.750,-27.450,-25.773,0,0,0,0,0.0,0.0,0.0,0.0,0.000,0,0
80,cylinder_stiff,972,101.376,-8.101,-16.200,-30.494,16.200,28.575,28.676,5.399,3.150,9.076,5.850,-31.950,-33.033,0,0,0,0,0.0,0.0,0.0,0.0,0.000,0,0
80,cylinder_stiff,1024,101.376,14.399,9.450,4.355,21.601,37.125,41.020,4.500,1.351,9.076,3.600,-27.900,-29.402,0,0,0,0,0.0,0.0,0.0,0.0,0.000,0,0
80,cylinder_stiff,1074,101.288,9.450,3.601,-2.906,18.899,32.625,32.305,0.449,-4.050,-2.541,2.700,-21.600,-37.389,0,0,0,0,0.0,0.0,0.0,0.0,0.000,0,0
80,cylinder_stiff,1124,101.376,13.950,4.050,1.449,22.050,39.825,43.922,5.850,1.800,11.979,14.400,-10.801,-14.156,1,0,1124,0,0.0,0.0,444.0,0.0,101.376,0,2
80,cylinder_stiff,1182,101.288,4.499,-0.899,-3.631,25.200,37.575,39.566,-11.701,-14.850,-13.430,8.100,-20.250,-20.691,0,0,1124,0,0.0,0.0,444.0,0.0,101.376,0,2
80,cylinder_stiff,1233,101.288,-0.450,-7.200,-18.152,26.101,39.825,42.471,6.750,6.751,10.527,15.301,-11.250,-8.348,0,0,1124,0,0.0,0.0,444.0,0.0,101.376,0,2
80,cylinder_stiff,1284,101.288,-12.601,-18.450,-39.205,7.200,19.125,15.607,-1.801,-0.899,-1.816,9.450,-18.000,-25.773,0,0,1124,0,0.0,0.0,444.0,0.0,101.376,0,2
80,cylinder_stiff,1335,101.288,-6.751,-8.101,-23.959,37.800,46.575,56.266,14.399,4.501,19.238,19.801,-4.500,-0.363,0,0,1124,0,0.0,0.0,444.0,0.0,101.376,1335,2
80,cylinder_stiff,1386,101.376,-15.751,-17.550,-31.945,20.700,33.075,33.031,-9.900,-13.950,-15.609,21.150,-7.650,-3.994,0,0,1124,0,0.0,0.0,444.0,0.0,101.376,1335,2
80,cylinder_stiff,1437,101.288,8.999,3.601,-3.631,7.200,19.125,14.881,-9.000,-7.200,-6.170,2.700,-22.500,-31.582,0,0,1124,0,0.0,0.0,444.0,0.0,101.376,1335,2
80,cylinder_stiff,1488,101.288,-2.251,-4.500,-16.699,19.351,30.825,30.854,6.750,0.001,8.350,22.500,-3.600,-3.994,0,0,1124,0,0.0,0.0,444.0,0.0,101.376,1335,2
80,cylinder_stiff,1539,101.376,-4.501,-11.700,-25.412,24.300,35.774,39.566,6.750,3.150,13.430,4.500,-20.250,-27.225,0,0,1124,0,0.0,0.0,444.0,0.0,101.376,1335,2
80,cylinder_stiff,1591,101.376,-16.650,-14.851,-41.383,9.450,23.175,19.238,-5.400,-7.200,-14.156,11.700,-12.150,-12.705,0,0,1124,0,0.0,0.0,444.0,0.0,101.376,1335,2
80,cylinder_stiff,1642,101.288,-2.251,-4.500,-23.234,19.800,31.274,38.113,19.350,12.601,33.033,1.801,-23.850,-31.582,0,0,1124,0,0.0,0.0,444.0,0.0,101.376,1335,2
80,cylinder_stiff,1694,101.376,13.499,9.899,10.164,25.649,37.575,52.635,22.049,20.251,33.033,7.200,-13.500,-19.965,0,0,1124,0,0.0,0.0,444.0,0.0,101.376,1335,2
80,cylinder_stiff,1745,101.288,13.050,12.149,7.258,27.450,35.325,40.293,11.699,5.400,14.883,9.900,-16.200,-25.773,0,0,1124,0,0.0,0.0,444.0,0.0,101.376,1335,2
80,cylinder_stiff,1795,101.376,5.399,0.450,-5.809,35.101,45.226,56.266,7.199,0.450,8.350,19.801,-1.350,-3.268,0,0,1124,0,0.0,0.0,444.0,0.0,101.376,1335,2
80,cylinder_stiff,1845,101.376,9.899,5.399,-0.002,34.649,52.425,65.703,3.600,-2.700,-1.816,4.500,-13.950,-21.416,0,0,1124,0,0.0,0.0,444.0,0.0,101.376,1335,2
80,cylinder_stiff,1896,101.288,6.749,4.950,-5.809,18.450,27.226,29.402,5.850,-2.249,7.623,5.850,-18.000,-28.676,0,0,1124,0,0.0,0.0,444.0,0.0,101.376,1335,2
80,cylinder_stiff,1946,101.376,1.350,-0.899,-8.715,22.950,35.325,43.195,22.949,21.601,33.760,4.051,-19.801,-28.676,0,0,1124,0,0.0,0.0,444.0,0.0,101.376,1335,2
80,cylinder_stiff,1997,101.288,-9.450,-14.399,-32.672,36.450,48.825,64.977,15.299,12.150,25.047,3.150,-18.000,-25.047,0,0,1124,0,0.0,0.0,444.0,0.0,101.376,1335,2
80,cylinder_stiff,2048,101.376,-5.400,-3.601,-23.234,22.950,33.075,38.840,-2.701,-11.249,-11.979,8.100,-13.051,-24.320,0,0,1124,0,0.0,0.0,444.0,0.0,101.376,1335,2
80,cylinder_stiff,2100,101.376,-5.851,-10.351,-24.686,10.800,20.476,18.512,1.350,-1.350,6.172,9.900,-10.801,-16.336,0,0,1124,0,0.0,0.0,444.0,0.0,101.376,1335,2
80,cylinder_stiff,2150,101.376,1.350,-1.351,-12.344,36.450,43.875,62.072,8.100,2.251,7.623,8.100,-14.400,-25.047,0,1,1124,2150,0.0,0.0,444.0,434.0,101.376,1335,2
