grasp_id,label,timestamp_ms,enc_deg,s0_dx,s0_dy,s0_dz,s1_dx,s1_dy,s1_dz,s2_dx,s2_dy,s2_dz,s3_dx,s3_dy,s3_dz,t1_flag,t2_flag,t1_ms,t2_ms,load_t1,load_t2,current_t1,current_t2,enc_t1,time_to_stall_ms,t1_source
1,cube_soft,5,60.896,9.3,8.55,16.939,-2.7,-4.499,-4.84,-0.3,4.2,5.809,18.15,15.15,27.104,0,0,0,0,0,0,0,0,0,0,0
1,cube_soft,56,61.424,5.625,6.75,11.979,-2.475,0.675,2.18,19.574,13.95,26.861,-8.999,-9.675,-12.342,0,0,0,0,0,0,0,0,0,0,0
1,cube_soft,107,63.448,9,11.924,14.158,-6.975,-5.175,-7.26,-16.426,-14.625,-19.602,-16.65,-15.976,-26.861,0,0,0,0,0,0,0,0,0,0,0
1,cube_soft,157,65.824,-16.425,-18.451,-28.676,-6.301,-9.675,-16.332,-13.725,-13.726,-20.691,-2.25,-2.926,0,0,0,0,0,0,0,0,0,0,0,0
1,cube_soft,209,68.904,17.101,14.4,30.492,2.25,-0.9,0.727,22.5,17.1,42.109,-3.15,-2.7,-0.727,0,0,0,0,0,0,0,0,0,0,0
1,cube_soft,261,71.72,3.6,8.1,11.615,14.4,10.801,18.875,-0.9,4.051,-4.355,-7.2,-10.35,-12.34,0,0,0,0,0,0,0,0,0,0,0
1,cube_soft,312,74.712,4.95,3.375,3.633,20.25,12.376,26.137,-4.05,-1.126,-11.979,7.425,-1.126,4.355,0,0,0,0,0,0,0,0,0,0,0
1,cube_soft,363,77.616,-1.35,-1.799,-1.451,-0.899,4.5,-2.904,18.45,21.6,31.217,24.75,24.3,39.93,0,0,0,0,0,0,0,0,0,0,0
1,cube_soft,414,80.608,4.726,6.75,5.082,2.925,6.524,2.18,27.899,31.049,46.104,-10.35,-8.775,-11.252,0,0,0,0,0,0,0,0,0,0,0
1,cube_soft,465,83.6,12.149,11.699,19.604,-24.75,-22.5,-39.203,0,1.8,7.986,-1.35,-7.649,-7.262,0,0,0,0,0,0,0,0,0,0,0
1,cube_soft,516,86.504,-22.725,-20.699,-34.121,-6.75,-7.65,-15.607,10.126,9.225,15.973,-11.925,-18.675,-16.697,0,0,0,0,0,0,0,0,0,0,0
1,cube_soft,567,89.408,2.25,-0.9,-3.633,-14.85,-12.149,-29.039,6.3,7.65,18.875,2.7,1.35,-2.18,0,0,0,0,0,0,0,0,0,0,0
1,cube_soft,618,92.312,2.924,-1.574,-5.445,-9.451,-9.449,-15.973,11.025,14.625,21.779,2.25,-1.125,-2.902,0,0,0,0,0,0,0,0,0,0,0
1,cube_soft,669,95.04,-4.725,-3.824,-6.172,27.675,26.775,45.012,-15.3,-18.226,-22.508,4.05,7.874,12.342,0,0,0,0,0,0,0,0,0,0,0
1,cube_soft,719,97.768,-4.5,-5.176,-9.801,10.801,6.75,7.623,-24.525,-15.525,-31.217,3.6,0,5.445,0,0,0,0,0,0,0,0,0,0,0
1,cube_soft,769,100.232,-9.449,-12.6,-21.781,13.05,18.9,23.959,36.9,36.45,51.547,-25.65,-27.449,-42.834,0,0,0,0,0,0,0,0,0,0,0
1,cube_soft,819,102.696,-1.35,-0.675,-5.082,0.9,2.475,5.809,9.899,8.325,11.617,2.25,-2.024,-9.076,0,0,0,0,0,0,0,0,0,0,0
1,cube_soft,869,105.248,-8.775,-10.125,-20.689,-1.801,-2.699,-6.896,-13.949,-17.325,-21.418,10.576,3.149,4.721,0,0,0,0,0,0,0,0,0,0,0
1,cube_soft,920,106.48,-6.525,-8.325,-17.785,12.6,14.85,25.773,5.85,6.976,9.074,17.326,10.351,14.158,0,0,0,0,0,0,0,0,0,0,0
1,cube_soft,970,106.744,-7.425,-8.101,-12.705,2.25,7.425,5.809,18.449,11.924,19.238,-0.226,-0.45,-12.703,0,0,0,0,0,0,0,0,0,0,0
1,cube_soft,1020,106.744,-6.976,-3.601,-4.719,12.601,17.325,18.875,25.649,21.824,31.582,-6.075,-9.45,-24.32,0,0,0,0,0,0,0,0,0,0,0
1,cube_soft,1070,106.744,-29.025,-31.95,-51.91,19.351,21.376,34.121,4.049,4.274,4.719,15.976,13.5,18.516,0,0,0,0,0,0,0,0,0,0,0
1,cube_soft,1120,106.744,-4.275,-3.149,0.363,-9,-5.175,-18.877,9.449,6.975,9.076,9.675,10.351,1.09,1,0,1120,0,0,0,229,0,106.744,0,2
1,cube_soft,1177,106.744,-5.175,-6.75,-10.527,-4.95,-2.024,-11.617,-1.351,-2.476,-6.896,-29.024,-28.351,-58.441,0,0,1120,0,0,0,229,0,106.744,0,2
1,cube_soft,1228,106.744,-28.126,-29.7,-47.555,-4.5,0.675,-2.18,13.949,9.225,11.979,3.375,1.8,-4.717,0,0,1120,0,0,0,229,0,106.744,0,2
1,cube_soft,1278,106.832,-11.476,-12.149,-13.432,-6.75,-6.524,-18.15,6.75,4.725,6.17,-20.925,-24.75,-43.195,0,0,1120,0,0,0,229,0,106.744,0,2
1,cube_soft,1328,106.744,-11.025,-16.2,-27.951,5.851,8.775,13.793,9,10.125,16.336,-3.825,-3.601,-17.785,0,0,1120,0,0,0,229,0,106.744,1328,2
1,cube_soft,1380,106.744,-14.175,-15.75,-22.869,13.95,16.876,19.602,3.149,-1.576,-4.719,4.274,4.5,-2.539,0,0,1120,0,0,0,229,0,106.744,1328,2
1,cube_soft,1431,106.744,-15.976,-18,-24.32,6.75,3.376,10.164,12.6,6.524,6.17,9.226,3.601,3.994,0,0,1120,0,0,0,229,0,106.744,1328,2
1,cube_soft,1482,106.744,-12.376,-10.8,-17.062,8.55,12.825,13.066,11.699,13.274,13.432,11.476,4.5,6.898,0,0,1120,0,0,0,229,0,106.744,1328,2
1,cube_soft,1533,106.744,-10.575,-13.5,-12.705,0.899,-2.475,-0.727,7.649,6.524,9.076,6.524,1.8,-8.348,0,0,1120,0,0,0,229,0,106.744,1328,2
1,cube_soft,1583,106.744,-20.476,-22.5,-27.951,-11.25,-3.825,-13.068,5.85,2.024,-1.088,6.976,3.149,-6.895,0,0,1120,0,0,0,229,0,106.744,1328,2
1,cube_soft,1635,106.744,-5.626,-6.3,-14.156,0,2.925,8.713,17.549,17.774,28.678,1.125,-3.149,-7.621,0,0,1120,0,0,0,229,0,106.744,1328,2
1,cube_soft,1686,106.744,5.175,1.8,5.445,-3.601,-2.475,-4.357,4.049,-0.676,-6.17,-1.125,-5.399,-12.703,0,0,1120,0,0,0,229,0,106.744,1328,2
1,cube_soft,1737,106.744,2.024,-2.25,3.992,-0.899,2.476,-1.453,-4.051,-11.025,-16.334,-1.575,-7.649,-11.25,0,0,1120,0,0,0,229,0,106.744,1328,2
1,cube_soft,1788,106.744,-28.126,-29.7,-43.924,-10.351,-5.624,-16.699,5.85,2.924,4.719,-1.125,0.45,-11.977,0,0,1120,0,0,0,229,0,106.744,1328,2
1,cube_soft,1840,106.832,-3.376,-7.649,-13.432,-1.8,2.025,-4.357,-10.801,-14.176,-19.965,13.726,11.25,11.256,0,0,1120,0,0,0,229,0,106.744,1328,2
1,cube_soft,1891,106.744,-1.126,-2.7,5.445,-8.55,-2.475,-15.246,6.75,2.924,2.541,1.575,-1.351,-6.895,0,0,1120,0,0,0,229,0,106.744,1328,2
1,cube_soft,1944,106.744,-16.876,-20.25,-30.855,-5.851,-2.024,-6.533,-5.851,-7.426,-13.432,-5.175,-8.101,-20.687,0,0,1120,0,0,0,229,0,106.744,1328,2
1,cube_soft,1995,106.744,-19.126,-19.8,-30.855,2.7,4.726,2.904,8.1,8.774,7.623,-0.226,-3.601,-11.977,0,0,1120,0,0,0,229,0,106.744,1328,2
1,cube_soft,2045,106.744,-19.126,-19.8,-30.129,10.351,13.275,12.342,0.449,-3.375,-10.527,-0.675,-3.601,-13.43,0,0,1120,0,0,0,229,0,106.744,1328,2
1,cube_soft,2095,106.744,-18.226,-13.5,-25.047,-2.7,5.626,2.904,18.449,18.225,28.678,2.476,-2.7,-9.799,0,0,1120,0,0,0,229,0,106.744,1328,2
1,cube_soft,2145,106.832,2.475,-0.45,3.266,9.899,11.476,15.246,14.399,9.225,11.979,2.024,1.8,-7.621,0,1,1120,2145,0,0,229,225,106.744,1328,2
2,cube_soft,6,60.896,10.65,11.25,16.213,-12.6,-22.05,-32.43,15.45,19.05,24.684,-5.699,-7.35,-11.375,0,0,0,0,0,0,0,0,0,0,0
2,cube_soft,57,61.512,2.476,1.35,-0.363,0.676,-0.675,-1.451,-12.375,-9.899,-20.328,-7.649,-7.425,-14.52,0,0,0,0,0,0,0,0,0,0,0
2,cube_soft,108,63.536,14.399,15.975,19.967,8.775,7.425,16.697,-1.576,1.574,-2.904,-10.8,-8.774,-14.52,0,0,0,0,0,0,0,0,0,0,0
2,cube_soft,159,65.912,-2.024,-2.25,-8.35,-9.9,-9.226,-11.252,-13.725,-11.926,-27.225,-5.851,-0.225,2.178,0,0,0,0,0,0,0,0,0,0,0
2,cube_soft,211,68.904,-5.399,-6.299,-10.164,-1.8,2.699,7.26,30.601,23.85,50.82,-1.801,-3.15,-0.727,0,0,0,0,0,0,0,0,0,0,0
2,cube_soft,261,71.72,-3.6,-3.15,-3.631,5.85,-0.449,7.986,1.8,6.75,0,-13.051,-14.399,-17.422,0,0,0,0,0,0,0,0,0,0,0
2,cube_soft,312,74.624,-14.851,-15.525,-24.682,17.551,14.626,26.861,-4.501,-5.175,-1.816,0.226,-0.675,0.725,0,0,0,0,0,0,0,0,0,0,0
2,cube_soft,363,77.704,12.15,12.15,22.508,-5.399,-5.4,-6.533,13.5,15.75,16.697,9.9,9.449,24.684,0,0,0,0,0,0,0,0,0,0,0
2,cube_soft,413,80.608,7.425,13.051,17.424,-4.725,-2.926,-13.793,0,3.6,2.543,-6.75,-9.675,-6.17,0,0,0,0,0,0,0,0,0,0,0
2,cube_soft,463,83.512,2.25,-1.801,2.178,-18.45,-15.301,-33.395,-3.601,-0.45,-7.26,12.6,6.75,15.971,0,0,0,0,0,0,0,0,0,0,0
2,cube_soft,514,86.416,6.975,9.9,15.973,-10.799,-8.55,-20.689,1.126,-3.375,-0.727,-3.825,-7.425,2.18,0,0,0,0,0,0,0,0,0,0,0
2,cube_soft,566,89.32,-8.101,-17.1,-27.59,0.45,-1.35,-1.453,-8.551,-4.95,-5.082,4.95,5.399,7.258,0,0,0,0,0,0,0,0,0,0,0
2,cube_soft,616,92.224,-13.5,-13.95,-26.863,-6.299,0,-0.727,-9,-11.7,-18.875,-4.051,-4.5,-1.451,0,0,0,0,0,0,0,0,0,0,0
2,cube_soft,667,94.952,5.175,-0.225,-2.543,14.625,15.075,16.697,-16.65,-17.325,-26.861,-3.6,1.124,-5.08,0,0,0,0,0,0,0,0,0,0,0
2,cube_soft,718,97.68,-8.101,-10.125,-10.527,1.801,0,-1.814,-8.325,-10.125,-18.875,18.45,13.05,29.402,0,0,0,0,0,0,0,0,0,0,0
2,cube_soft,768,100.232,-6.75,-7.65,-5.809,-9.9,-9.899,-20.326,2.699,3.6,-5.082,-22.951,-21.6,-37.025,0,0,0,0,0,0,0,0,0,0,0
2,cube_soft,824,103.048,4.051,2.476,2.18,-6.3,0.225,-2.902,-20.251,-24.074,-40.654,1.351,0.226,-3.268,0,0,0,0,0,0,0,0,0,0,0
2,cube_soft,875,105.6,-0.676,-0.675,-6.17,-0.9,-0.9,-4.719,-17.55,-17.325,-27.951,5.176,1.351,0.363,0,0,0,0,0,0,0,0,0,0,0
2,cube_soft,926,106.568,-20.925,-24.3,-33.033,9.45,8.775,15.246,-0.9,-3.375,-11.979,-4.274,-3.601,-17.059,0,0,0,0,0,0,0,0,0,0,0
2,cube_soft,976,106.744,-10.126,-10.8,-14.883,-8.101,-2.475,-6.533,-9.451,-12.375,-19.965,0.675,-4.5,-10.525,0,0,0,0,0,0,0,0,0,0,0
2,cube_soft,1027,106.744,-22.726,-24.3,-43.197,11.7,14.175,17.424,8.549,4.725,5.445,-5.175,-9,-27.949,0,0,0,0,0,0,0,0,0,0,0
2,cube_soft,1077,106.744,-19.575,-23.399,-30.129,12.601,16.876,19.602,-0.9,-1.125,-11.979,6.524,2.25,-2.539,0,0,0,0,0,0,0,0,0,0,0
2,cube_soft,1128,106.744,-1.126,-0.45,1.088,5.851,9.675,6.535,14.399,13.725,14.885,-1.575,-2.25,-14.883,1,0,1128,0,0,0,226,0,106.744,0,2
2,cube_soft,1186,106.744,-17.775,-18.899,-28.678,-10.351,-11.475,-20.328,-13.051,-9.676,-23.596,2.476,-1.351,-8.348,0,0,1128,0,0,0,226,0,106.744,0,2
2,cube_soft,1236,106.744,-8.775,-9,-14.883,8.101,12.376,12.342,-4.5,-7.426,-13.432,2.476,-0.899,-10.525,0,0,1128,0,0,0,226,0,106.744,0,2
2,cube_soft,1287,106.744,2.925,4.95,8.35,-9.899,-9.225,-15.246,2.699,4.274,1.09,7.425,-0.899,-5.443,0,0,1128,0,0,0,226,0,106.744,0,2
2,cube_soft,1338,106.744,8.325,5.399,9.801,-13.95,-12.374,-20.328,1.35,-3.375,-10.527,-5.175,-2.25,-17.785,0,0,1128,0,0,0,226,0,106.744,1338,2
2,cube_soft,1389,106.744,-0.675,-1.351,2.541,8.101,9.675,10.164,-4.951,-9.226,-9.801,2.925,-1.351,-11.25,0,0,1128,0,0,0,226,0,106.744,1338,2
2,cube_soft,1440,106.744,3.825,3.149,6.896,-0.899,1.575,-1.453,11.699,11.475,16.336,-3.825,-5.851,-16.334,0,0,1128,0,0,0,226,0,106.744,1338,2
2,cube_soft,1490,106.744,1.575,-1.351,0.363,-5.399,-5.175,-6.533,4.049,1.574,-0.361,-0.226,-4.5,-14.883,0,0,1128,0,0,0,226,0,106.744,1338,2
2,cube_soft,1542,106.744,-2.476,-11.7,-8.35,11.7,16.876,18.875,-4.951,-10.125,-13.432,0.675,-1.8,-12.703,0,0,1128,0,0,0,226,0,106.744,1338,2
2,cube_soft,1593,106.744,-2.925,-8.101,-3.994,-6.3,-2.475,-2.904,-8.101,-6.976,-11.979,-22.274,-23.851,-51.18,0,0,1128,0,0,0,226,0,106.744,1338,2
2,cube_soft,1645,106.744,-10.126,-12.149,-13.432,2.7,4.726,5.809,3.6,1.125,-1.088,2.024,-1.8,-11.977,0,0,1128,0,0,0,226,0,106.744,1338,2
2,cube_soft,1696,106.744,-9.675,-14.851,-21.418,12.601,13.275,11.615,13.049,10.125,10.527,-6.524,-6.3,-17.059,0,0,1128,0,0,0,226,0,106.744,1338,2
2,cube_soft,1747,106.744,-6.525,-4.05,-3.994,-18.899,-10.575,-25.41,6.299,2.475,-2.541,2.024,-4.95,-11.25,0,0,1128,0,0,0,226,0,106.744,1338,2
2,cube_soft,1799,106.744,-8.775,-7.2,-11.254,-1.8,-3.374,-11.617,24.299,22.274,31.582,-13.274,-19.351,-30.854,0,0,1128,0,0,0,226,0,106.744,1338,2
2,cube_soft,1850,106.744,-6.976,-6.75,-9.074,-11.7,-4.725,-14.52,-6.75,-8.326,-17.061,-5.625,-7.649,-17.785,0,0,1128,0,0,0,226,0,106.744,1338,2
2,cube_soft,1900,106.744,-2.025,-9,-4.719,-8.55,-6.075,-12.342,-2.701,-7.875,-14.156,23.175,18.899,27.227,0,0,1128,0,0,0,226,0,106.744,1338,2
2,cube_soft,1952,106.744,-0.675,-2.7,1.814,-9.45,-6.075,-18.877,6.299,7.424,5.445,2.024,-2.7,-9.799,0,0,1128,0,0,0,226,0,106.744,1338,2
2,cube_soft,2003,106.744,-19.575,-21.601,-34.486,-15.75,-9.675,-23.957,12.149,6.975,10.527,-19.575,-24.75,-43.922,0,0,1128,0,0,0,226,0,106.744,1338,2
2,cube_soft,2054,106.744,-3.376,-8.101,-1.816,-5.851,-5.624,-10.164,5.399,0.225,-4.719,10.125,6.3,8.352,0,0,1128,0,0,0,226,0,106.744,1338,2
2,cube_soft,2105,106.744,-4.726,-3.601,-3.994,1.351,2.476,0.727,-0.451,-2.926,-4.719,-1.125,-2.7,-16.334,0,0,1128,0,0,0,226,0,106.744,1338,2
2,cube_soft,2157,106.744,-6.525,-4.05,-3.994,2.25,6.525,3.629,9.449,6.074,8.35,-1.125,-4.5,-3.99,0,1,1128,2157,0,0,226,224,106.744,1338,2
3,cube_soft,5,60.896,12.9,6.75,14.035,-11.25,-16.649,-21.539,2.85,2.399,7.262,10.95,10.65,16.213,0,0,0,0,0,0,0,0,0,0,0
3,cube_soft,57,61.512,2.476,8.549,1.088,11.475,11.925,16.699,-13.275,-11.25,-14.521,-14.399,-16.875,-27.588,0,0,0,0,0,0,0,0,0,0,0
3,cube_soft,108,63.536,9.449,6.524,11.254,-2.024,-5.175,-9.438,-6.076,-0.225,-7.26,-19.8,-20.476,-29.039,0,0,0,0,0,0,0,0,0,0,0
3,cube_soft,159,65.912,-11.925,-13.951,-21.416,12.6,7.875,13.434,-17.325,-15.076,-33.033,-10.351,-4.275,-6.533,0,0,0,0,0,0,0,0,0,0,0
3,cube_soft,210,68.904,5.399,-3.149,-0.727,-15.3,-18.45,-30.492,28.351,22.5,50.82,0,-0.9,1.451,0,0,0,0,0,0,0,0,0,0,0
3,cube_soft,261,71.72,2.7,7.65,17.424,2.25,-8.1,-2.904,16.199,20.25,21.055,-5.4,-9.449,-2.902,0,0,0,0,0,0,0,0,0,0,0
3,cube_soft,312,74.712,-6.3,-9.226,-12.34,15.301,14.175,26.861,-7.2,-7.425,-2.541,6.524,1.124,0,0,0,0,0,0,0,0,0,0,0,0
3,cube_soft,364,77.704,1.801,-2.25,-0.727,2.25,-0.451,6.535,0.9,5.85,7.986,22.95,18.9,42.107,0,0,0,0,0,0,0,0,0,0,0
3,cube_soft,416,80.784,6.976,5.4,15.973,-0.676,-3.826,0.727,8.549,13.949,20.691,-4.051,-3.375,-4.719,0,0,0,0,0,0,0,0,0,0,0
3,cube_soft,467,83.688,10.35,5.85,16.697,-10.35,-9.45,-16.697,6.75,9.9,13.795,-1.35,-4.05,-9.439,0,0,0,0,0,0,0,0,0,0,0
3,cube_soft,517,86.592,-1.125,-4.949,-5.08,-16.199,-15.75,-22.867,2.476,2.926,3.631,-8.325,-10.575,-7.26,0,0,0,0,0,0,0,0,0,0,0
3,cube_soft,568,89.496,12.601,11.25,15.971,-18.9,-17.549,-31.219,-4.95,4.5,2.178,3.601,5.85,8.711,0,0,0,0,0,0,0,0,0,0,0
3,cube_soft,618,92.312,-12.826,-14.625,-22.143,-6.301,-10.35,-13.795,-12.825,-7.875,-10.164,7.65,6.075,9.438,0,0,0,0,0,0,0,0,0,0,0
3,cube_soft,669,95.04,12.375,10.125,14.883,18.675,12.825,21.053,-7.199,-8.325,-15.246,8.55,12.374,20.328,0,0,0,0,0,0,0,0,0,0,0
3,cube_soft,719,97.768,-11.7,-12.375,-22.145,-9.449,-11.25,-22.145,-18.225,-13.275,-33.395,-3.601,-8.101,-9.801,0,0,0,0,0,0,0,0,0,0,0
3,cube_soft,769,100.32,-7.425,-9.45,-14.883,-10.124,-10.125,-20.691,-5.625,-5.175,-7.258,-21.375,-23.4,-39.932,0,0,0,0,0,0,0,0,0,0,0
3,cube_soft,820,102.872,2.25,1.126,0.727,2.7,6.525,3.629,-17.101,-21.375,-31.215,0,-5.175,-10.527,0,0,0,0,0,0,0,0,0,0,0
3,cube_soft,871,105.512,-11.926,-12.375,-22.867,-8.551,-5.85,-9.074,12.15,9.675,10.527,14.625,10.351,12.707,0,0,0,0,0,0,0,0,0,0,0
3,cube_soft,922,106.568,-33.075,-33.3,-54.086,-0.899,-1.575,-2.18,-7.65,-14.625,-19.238,1.125,1.8,-4.717,0,0,0,0,0,0,0,0,0,0,0
3,cube_soft,973,106.744,2.024,-1.351,1.814,-0.45,1.575,-4.357,12.149,13.725,10.527,0.226,-3.601,-11.25,0,0,0,0,0,0,0,0,0,0,0
3,cube_soft,1024,106.744,-13.726,-13.5,-20.691,-3.601,3.376,0,-9.9,-10.125,-23.596,-7.425,-10.8,-19.963,0,0,0,0,0,0,0,0,0,0,0
3,cube_soft,1075,106.744,-17.775,-22.05,-32.309,6.75,10.126,7.26,18.449,15.074,26.498,-2.476,-5.851,-14.156,0,0,0,0,0,0,0,0,0,0,0
3,cube_soft,1126,106.744,8.325,5.851,11.252,-4.95,-0.225,-5.809,5.85,2.924,4.719,-2.925,-7.649,-19.236,1,0,1126,0,0,0,225,0,106.744,0,2
3,cube_soft,1184,106.744,-7.876,-11.25,-22.143,-14.851,-15.975,-27.588,5.399,1.125,2.541,5.175,3.149,-2.539,0,0,1126,0,0,0,225,0,106.744,0,2
3,cube_soft,1235,106.744,-16.425,-18.45,-26.5,9.899,11.925,15.246,11.699,5.174,6.896,13.274,15.75,14.158,0,0,1126,0,0,0,225,0,106.744,0,2
3,cube_soft,1286,106.744,-19.575,-22.05,-41.02,-26.101,-26.774,-42.834,18.449,15.524,17.061,1.575,-3.601,-10.525,0,0,1126,0,0,0,225,0,106.744,0,2
3,cube_soft,1337,106.744,7.425,1.351,10.525,-2.25,3.825,1.451,1.799,1.125,-3.992,0.226,0,-11.977,0,0,1126,0,0,0,225,0,106.744,1337,2
3,cube_soft,1388,106.744,-6.075,-7.2,-8.35,-12.601,-6.975,-15.973,-5.4,-9.226,-13.432,16.425,12.601,15.609,0,0,1126,0,0,0,225,0,106.744,1337,2
3,cube_soft,1440,106.744,8.325,4.5,11.979,-5.851,-4.725,-8.711,9.899,6.074,7.623,0.226,-2.7,-11.25,0,0,1126,0,0,0,225,0,106.744,1337,2
3,cube_soft,1491,106.744,-14.175,-16.2,-19.24,-1.8,1.126,0,-0.451,-3.826,-10.527,-9.675,-16.2,-26.496,0,0,1126,0,0,0,225,0,106.744,1337,2
3,cube_soft,1542,106.744,-11.476,-10.8,-15.609,-11.25,-6.075,-21.779,-11.701,-16.875,-24.322,15.075,10.8,14.885,0,0,1126,0,0,0,225,0,106.744,1337,2
3,cube_soft,1593,106.744,2.024,2.25,8.35,-11.25,-7.874,-21.779,-5.4,-7.426,-11.979,-7.875,-9,-22.141,0,0,1126,0,0,0,225,0,106.744,1337,2
3,cube_soft,1644,106.744,-2.025,0,-1.09,5.851,11.925,13.066,19.35,16.875,22.143,17.325,13.95,12.707,0,0,1126,0,0,0,225,0,106.744,1337,2
3,cube_soft,1694,106.744,-2.925,-8.101,-10.527,3.601,1.575,4.355,10.799,11.924,12.705,11.925,9,6.172,0,0,1126,0,0,0,225,0,106.744,1337,2
3,cube_soft,1744,106.744,-3.825,-1.8,1.814,-1.351,-1.575,-7.26,7.199,1.125,2.541,13.726,13.05,14.885,0,0,1126,0,0,0,225,0,106.744,1337,2
3,cube_soft,1795,106.744,-2.476,-4.95,-9.801,-4.95,-0.675,-2.18,3.149,-1.576,-1.088,2.925,-0.45,-3.266,0,0,1126,0,0,0,225,0,106.744,1337,2
3,cube_soft,1846,106.744,-16.425,-16.2,-22.143,4.05,8.775,10.164,-0.451,-4.726,-10.527,-18.226,-25.649,-45.373,0,0,1126,0,0,0,225,0,106.744,1337,2
3,cube_soft,1898,106.744,2.475,-0.899,1.814,-9.45,-5.624,-13.068,-5.851,-6.076,-12.705,-0.226,-7.649,-18.512,0,0,1126,0,0,0,225,0,106.744,1337,2
3,cube_soft,1949,106.744,-7.425,-9.45,-14.156,0.45,2.025,-4.357,0,-2.926,-8.35,-6.524,-12.149,-25.045,0,0,1126,0,0,0,225,0,106.744,1337,2
3,cube_soft,2000,106.744,9.225,6.75,10.525,-18.45,-12.825,-27.588,0.449,-1.576,-9.801,6.524,6.3,-1.088,0,0,1126,0,0,0,225,0,106.744,1337,2
3,cube_soft,2050,106.744,-11.476,-17.101,-23.594,-4.95,-1.124,-6.533,-8.551,-12.375,-19.238,-0.675,-5.851,-11.25,0,0,1126,0,0,0,225,0,106.744,1337,2
3,cube_soft,2102,106.744,-11.025,-10.8,-14.156,-2.25,2.476,0,0.899,-2.926,-3.268,21.825,13.5,19.967,0,0,1126,0,0,0,225,0,106.744,1337,2
3,cube_soft,2154,106.744,-0.675,-6.3,-9.801,10.351,9.226,13.066,3.149,3.824,3.992,2.476,-1.8,-1.812,0,1,1126,2154,0,0,225,223,106.744,1337,2
4,cube_soft,6,60.896,-1.05,-5.85,0.242,-1.35,-5.85,-2.664,10.95,13.649,17.424,5.551,2.101,6.775,0,0,0,0,0,0,0,0,0,0,0
4,cube_soft,56,61.424,5.625,9,14.883,-6.975,-6.524,-11.615,-5.176,-3.601,-7.262,-20.7,-21.375,-29.766,0,0,0,0,0,0,0,0,0,0,0
4,cube_soft,106,63.448,18.899,13.274,25.047,2.025,2.024,7.26,-1.125,-0.225,-2.904,-5.85,-3.825,-10.889,0,0,0,0,0,0,0,0,0,0,0
4,cube_soft,158,65.824,-6.075,-9.451,-16.334,3.6,2.925,6.898,-10.575,-8.775,-17.787,-32.851,-28.575,-47.189,0,0,0,0,0,0,0,0,0,0,0
4,cube_soft,208,68.728,12.601,12.15,9.438,-11.25,-9.9,-11.615,21.15,17.1,36.301,-1.801,0,0,0,0,0,0,0,0,0,0,0,0,0
4,cube_soft,259,71.632,0.45,0.45,4.355,2.25,-7.65,-4.355,5.85,11.25,7.986,-8.1,-9.899,-10.889,0,0,0,0,0,0,0,0,0,0,0
4,cube_soft,317,74.976,-4.5,-1.125,-5.082,4.051,-1.124,0.727,1.8,3.374,2.541,-1.125,-5.175,-7.986,0,0,0,0,0,0,0,0,0,0,0
4,cube_soft,368,77.968,3.601,3.601,7.262,2.25,0,2.178,4.051,8.549,15.246,9,3.15,15.973,0,0,0,0,0,0,0,0,0,0,0
4,cube_soft,419,80.872,10.126,11.701,14.521,0.675,0.674,0.727,18,17.1,23.596,-13.051,-11.475,-10.525,0,0,0,0,0,0,0,0,0,0,0
4,cube_soft,470,83.864,8.1,4.049,13.068,-26.551,-24.301,-38.477,14.851,17.55,24.684,6.75,0.899,12.34,0,0,0,0,0,0,0,0,0,0,0
4,cube_soft,521,86.768,9.225,4.5,7.988,-16.649,-11.699,-27.949,-16.874,-18.675,-32.67,-18.226,-22.275,-26.135,0,0,0,0,0,0,0,0,0,0,0
4,cube_soft,572,89.76,12.601,11.7,21.777,-0.449,2.25,-0.727,7.65,10.8,13.793,11.7,11.25,16.697,0,0,0,0,0,0,0,0,0,0,0
4,cube_soft,623,92.576,-11.025,-13.275,-17.061,-4.951,-10.8,-15.248,-12.825,-11.024,-9.438,-20.25,-22.725,-35.574,0,0,0,0,0,0,0,0,0,0,0
4,cube_soft,674,95.392,13.051,15.75,30.492,3.6,8.549,7.986,-0.9,2.25,1.453,4.05,-0.9,5.807,0,0,0,0,0,0,0,0,0,0,0
4,cube_soft,724,98.032,-1.351,-0.676,-1.09,-3.6,-7.199,-8.35,-18.676,-13.725,-34.848,5.399,0.45,6.896,0,0,0,0,0,0,0,0,0,0,0
4,cube_soft,776,100.584,-13.274,-16.649,-24.32,-13.274,-14.174,-27.951,12.375,10.124,21.057,-6.076,-4.949,-18.877,0,0,0,0,0,0,0,0,0,0,0
4,cube_soft,826,103.224,15.75,10.126,21.055,0,0.676,-7.26,-3.15,-11.025,-14.518,-5.399,-12.825,-15.607,0,0,0,0,0,0,0,0,0,0,0
4,cube_soft,877,105.688,-2.475,-1.575,-4.717,-1.35,-2.699,-2.541,3.6,1.575,6.17,14.625,7.2,14.158,0,0,0,0,0,0,0,0,0,0,0
4,cube_soft,927,106.656,-12.376,-10.8,-22.869,-4.95,-2.925,-7.26,-5.851,-9.226,-17.787,-1.125,-4.5,-11.25,0,0,0,0,0,0,0,0,0,0,0
4,cube_soft,977,106.744,-19.126,-23.851,-35.211,5.851,7.876,5.809,-8.551,-12.826,-23.596,24.524,20.25,22.871,0,0,0,0,0,0,0,0,0,0,0
4,cube_soft,1028,106.744,-13.275,-14.399,-27.951,-8.55,-6.975,-10.891,-5.4,-13.275,-11.254,-9.226,-15.75,-30.127,0,0,0,0,0,0,0,0,0,0,0
4,cube_soft,1078,106.744,12.825,10.351,19.965,9.45,14.175,13.066,-2.25,-6.076,-9.801,14.175,12.149,15.609,0,0,0,0,0,0,0,0,0,0,0
4,cube_soft,1128,106.744,-10.126,-11.7,-21.418,17.101,23.626,34.121,6.299,4.274,-1.814,-15.524,-17.55,-30.127,1,0,1128,0,0,0,223,0,106.744,0,2
4,cube_soft,1186,106.832,1.124,-0.45,-1.816,9.899,11.925,13.066,3.6,-2.025,3.268,-19.575,-23.851,-41.018,0,0,1128,0,0,0,223,0,106.744,0,2
4,cube_soft,1237,106.744,-2.476,-4.95,-5.445,-6.75,-2.475,-7.26,-8.101,-11.476,-19.965,2.024,-1.8,-14.156,0,0,1128,0,0,0,223,0,106.744,0,2
4,cube_soft,1287,106.744,5.175,-0.45,9.801,-4.05,4.726,-1.453,-3.15,-7.426,-4.719,1.125,-0.45,-8.348,0,0,1128,0,0,0,223,0,106.744,0,2
4,cube_soft,1338,106.744,1.575,-0.45,2.541,9.899,12.376,16.697,10.799,9.674,16.336,-19.575,-23.399,-45.373,0,0,1128,0,0,0,223,0,106.744,1338,2
4,cube_soft,1389,106.744,-1.126,-4.95,-1.816,1.351,3.376,2.178,-1.351,-3.375,-11.254,0.675,-5.851,-11.25,0,0,1128,0,0,0,223,0,106.744,1338,2
4,cube_soft,1440,106.744,-10.575,-12.149,-19.965,-0.45,1.575,0,10.799,10.574,9.076,6.976,3.601,-3.266,0,0,1128,0,0,0,223,0,106.744,1338,2
4,cube_soft,1491,106.744,-15.976,-18,-23.594,10.8,14.175,14.52,-9,-15.076,-21.416,-18.226,-24.3,-39.564,0,0,1128,0,0,0,223,0,106.744,1338,2
4,cube_soft,1542,106.744,-0.226,-5.399,-0.363,-1.8,0.226,-0.727,0.449,-1.125,-5.445,-1.125,-9,-15.607,0,0,1128,0,0,0,223,0,106.744,1338,2
4,cube_soft,1594,106.832,8.774,3.149,9.801,9,8.775,15.973,0,-6.076,-6.896,0.226,-6.3,-3.266,0,0,1128,0,0,0,223,0,106.744,1338,2
4,cube_soft,1645,106.744,-2.476,-4.95,-5.445,9,13.275,18.15,-5.851,-8.775,-11.254,-2.024,-3.601,-10.525,0,0,1128,0,0,0,223,0,106.744,1338,2
4,cube_soft,1696,106.744,6.075,4.05,7.623,-8.55,-6.524,-8.711,8.1,0.225,6.17,2.024,-4.05,-5.443,0,0,1128,0,0,0,223,0,106.744,1338,2
4,cube_soft,1746,106.744,-8.325,-9.899,-10.527,-13.95,-10.124,-17.426,4.949,2.475,6.17,15.075,11.25,11.98,0,0,1128,0,0,0,223,0,106.744,1338,2
4,cube_soft,1797,106.744,3.374,1.8,5.445,9.899,12.825,17.424,-7.201,-11.926,-16.334,7.875,-3.149,0.363,0,0,1128,0,0,0,223,0,106.744,1338,2
4,cube_soft,1849,106.744,-3.825,-5.399,-3.268,10.351,9.226,8.713,4.949,2.924,-0.361,-6.524,-8.55,-22.867,0,0,1128,0,0,0,223,0,106.744,1338,2
4,cube_soft,1900,106.744,-0.226,-1.8,-4.719,-3.149,-1.124,0,-14.4,-18.676,-33.033,-0.226,-5.851,-14.156,0,0,1128,0,0,0,223,0,106.744,1338,2
4,cube_soft,1952,106.744,1.124,-4.05,-4.719,-3.601,-2.925,-10.164,-2.25,-3.375,-9.801,0.675,-2.7,-9.799,0,0,1128,0,0,0,223,0,106.744,1338,2
4,cube_soft,2002,106.744,-6.075,-10.351,-8.35,6.75,8.775,13.066,-7.201,-7.426,-14.156,1.125,-2.7,-16.334,0,0,1128,0,0,0,223,0,106.744,1338,2
4,cube_soft,2053,106.744,7.425,7.2,9.801,6.3,13.275,15.246,0,-1.125,-3.268,-6.524,-6.75,-19.963,0,0,1128,0,0,0,223,0,106.744,1338,2
4,cube_soft,2103,106.744,2.024,-5.851,-8.35,-7.2,-2.925,-7.986,0.449,-3.826,-11.254,1.125,-4.05,-11.25,0,0,1128,0,0,0,223,0,106.744,1338,2
4,cube_soft,2153,106.744,-0.675,-0.45,2.541,0,10.575,8.713,15.75,10.574,17.061,-0.226,-7.649,-14.883,0,1,1128,2153,0,0,223,223,106.744,1338,2
5,cube_soft,5,60.896,4.351,2.699,-1.211,-0.9,-3.6,-4.115,-7.05,-4.351,-13.793,1.051,2.101,6.775,0,0,0,0,0,0,0,0,0,0,0
5,cube_soft,56,61.512,13.726,13.949,14.156,10.575,13.275,16.699,10.125,6.75,13.066,-17.1,-20.475,-30.49,0,0,0,0,0,0,0,0,0,0,0
5,cube_soft,108,63.536,14.85,9.674,18.516,4.726,4.726,11.615,-8.775,-7.875,-14.521,-8.55,-8.774,-13.068,0,0,0,0,0,0,0,0,0,0,0
5,cube_soft,159,65.912,9.675,9.449,16.336,-3.15,-5.175,-4.719,-10.575,-7.875,-16.334,-11.25,-6.525,-13.068,0,0,0,0,0,0,0,0,0,0,0
5,cube_soft,211,68.904,9.899,9.9,13.793,-16.2,-13.051,-15.971,14.851,9.9,28.314,-22.051,-23.85,-34.848,0,0,0,0,0,0,0,0,0,0,0
5,cube_soft,262,71.808,9.45,7.2,19.602,1.35,-8.1,2.904,0,4.951,-2.904,-30.6,-39.6,-58.078,0,0,0,0,0,0,0,0,0,0,0
5,cube_soft,313,74.712,9.45,12.375,13.07,17.1,15.525,29.039,-14.851,-11.476,-11.979,-3.825,-7.425,-8.713,0,0,0,0,0,0,0,0,0,0,0
5,cube_soft,364,77.792,-6.299,-5.85,-14.52,-4.05,-3.15,-10.164,14.85,19.35,29.766,11.25,9.449,24.684,0,0,0,0,0,0,0,0,0,0,0
5,cube_soft,416,80.696,-15.975,-13.5,-26.861,-1.575,4.725,3.633,10.799,9.899,9.803,-6.75,-10.125,-7.623,0,0,0,0,0,0,0,0,0,0,0
5,cube_soft,467,83.688,8.549,6.299,15.246,-22.5,-22.051,-42.107,-9,-3.6,-9.438,-3.15,-5.399,0,0,0,0,0,0,0,0,0,0,0,0
5,cube_soft,518,86.592,-1.125,0,-1.451,-20.699,-18,-32.305,-4.725,-3.375,-8.711,-16.425,-21.825,-18.148,0,0,0,0,0,0,0,0,0,0,0
5,cube_soft,569,89.496,-13.05,-14.4,-29.041,-2.699,-3.149,1.453,-1.35,4.05,-0.727,4.5,4.949,9.438,0,0,0,0,0,0,0,0,0,0,0
5,cube_soft,620,92.488,7.875,2.475,13.43,0,-0.9,-7.986,-7.426,-2.925,-10.164,-3.6,-0.225,-8.711,0,0,0,0,0,0,0,0,0,0,0
5,cube_soft,672,95.304,-0.9,-0.9,2.906,-4.95,-3.601,-5.809,-12.15,-8.549,-15.971,-19.351,-22.5,-35.574,0,0,0,0,0,0,0,0,0,0,0
5,cube_soft,723,98.032,-2.7,-6.525,-14.156,5.4,5.4,3.268,-17.775,-13.725,-34.121,-9.001,-12.601,-14.883,0,0,0,0,0,0,0,0,0,0,0
5,cube_soft,774,100.584,16.876,5.851,19.967,-15.075,-13.725,-27.951,2.475,-0.675,-2.902,13.725,12.15,16.697,0,0,0,0,0,0,0,0,0,0,0
5,cube_soft,826,103.136,-1.35,-1.575,-5.807,-3.6,-7.425,-12.342,-20.251,-24.525,-39.203,-9.449,-9.226,-17.787,0,0,0,0,0,0,0,0,0,0,0
5,cube_soft,876,105.688,-10.125,-11.476,-19.963,-4.95,0.45,-6.17,11.7,10.575,14.883,20.025,12.601,25.049,0,0,0,0,0,0,0,0,0,0,0
5,cube_soft,928,106.568,-10.126,-11.7,-17.062,-2.7,2.025,-2.904,11.25,8.324,9.801,2.925,0.899,-0.361,0,0,0,0,0,0,0,0,0,0,0
5,cube_soft,979,106.744,-9.226,-11.7,-11.254,-8.101,-6.075,-12.342,-1.351,-6.976,-9.076,15.075,10.351,7.625,0,0,0,0,0,0,0,0,0,0,0
5,cube_soft,1030,106.744,-3.825,-0.899,2.541,-4.5,-4.725,-7.986,12.149,12.375,9.076,6.524,-0.45,-5.443,0,0,0,0,0,0,0,0,0,0,0
5,cube_soft,1080,106.744,0.225,-6.75,-3.994,3.601,11.476,12.342,15.75,11.924,14.158,-2.024,-4.05,-14.883,0,0,0,0,0,0,0,0,0,0,0
5,cube_soft,1132,106.744,2.925,-1.8,5.445,-10.351,-8.774,-18.877,9,4.725,9.076,-0.675,-5.399,-10.525,1,0,1132,0,0,0,224,0,106.744,0,2
5,cube_soft,1190,106.744,-7.876,-9.899,-17.789,1.351,11.476,10.164,-4.051,-7.426,-17.787,6.524,-1.351,0.363,0,0,1132,0,0,0,224,0,106.744,0,2
5,cube_soft,1241,106.744,-0.226,-1.351,3.266,-2.7,-2.024,-6.533,8.549,5.625,9.801,5.625,0.45,-3.266,0,0,1132,0,0,0,224,0,106.744,0,2
5,cube_soft,1292,106.744,4.274,-1.351,3.266,-9,-4.274,-19.602,3.149,-3.375,-3.992,5.175,-1.351,-3.266,0,0,1132,0,0,0,224,0,106.744,0,2
5,cube_soft,1343,106.744,-4.275,-7.649,-11.254,-7.649,-6.975,-12.342,7.199,3.375,-2.541,3.375,-3.601,-9.799,0,0,1132,0,0,0,224,0,106.744,1343,2
5,cube_soft,1394,106.744,-0.226,-4.5,0.363,-3.601,-2.024,1.451,-14.4,-19.576,-34.484,3.375,3.601,-8.348,0,0,1132,0,0,0,224,0,106.744,1343,2
5,cube_soft,1445,106.744,-7.876,-12.149,-17.062,-9.899,-6.524,-10.164,18.899,11.924,11.979,4.726,3.601,-2.539,0,0,1132,0,0,0,224,0,106.744,1343,2
5,cube_soft,1496,106.744,-12.825,-13.95,-13.432,10.351,11.476,16.697,5.399,1.125,6.17,-0.675,-7.649,-13.43,0,0,1132,0,0,0,224,0,106.744,1343,2
5,cube_soft,1547,106.744,3.825,0,3.266,-3.601,-2.024,-6.533,13.049,12.375,14.885,-2.925,-6.75,-14.156,0,0,1132,0,0,0,224,0,106.744,1343,2
5,cube_soft,1598,106.744,3.374,1.8,3.992,10.8,14.175,15.246,-0.451,-2.926,-6.17,-1.125,-0.899,-16.334,0,0,1132,0,0,0,224,0,106.744,1343,2
5,cube_soft,1649,106.744,-7.425,-13.95,-17.062,-11.25,-2.475,-10.891,-2.701,-2.926,-7.623,4.726,0.45,-4.717,0,0,1132,0,0,0,224,0,106.744,1343,2
5,cube_soft,1700,106.744,-7.425,-11.7,-13.432,-14.399,-12.374,-18.15,-13.951,-13.726,-30.129,-7.425,-16.2,-29.402,0,0,1132,0,0,0,224,0,106.744,1343,2
5,cube_soft,1751,106.744,-11.925,-15.75,-21.418,-5.851,-2.925,-6.533,8.1,1.574,6.17,-10.125,-16.649,-25.045,0,0,1132,0,0,0,224,0,106.744,1343,2
5,cube_soft,1803,106.744,1.575,-1.351,3.992,9.45,10.126,14.52,-1.351,-5.625,-6.896,-6.524,-11.25,-23.594,0,0,1132,0,0,0,224,0,106.744,1343,2
5,cube_soft,1855,106.744,-2.025,-4.95,-3.994,4.5,4.275,7.26,9.449,6.975,3.992,-15.075,-19.351,-34.482,0,0,1132,0,0,0,224,0,106.744,1343,2
5,cube_soft,1906,106.744,2.024,-3.601,-6.172,-6.3,-3.374,-16.699,-9.451,-14.625,-17.061,3.375,-2.25,-9.074,0,0,1132,0,0,0,224,0,106.744,1343,2
5,cube_soft,1958,106.744,-4.726,-14.851,-16.336,-9.899,-6.975,-14.52,0.449,-1.125,-3.268,-19.125,-21.149,-40.291,0,0,1132,0,0,0,224,0,106.744,1343,2
5,cube_soft,2008,106.744,5.175,1.8,5.445,-9.45,-1.124,-2.904,-19.351,-17.775,-33.033,7.875,3.149,-6.168,0,0,1132,0,0,0,224,0,106.744,1343,2
5,cube_soft,2058,106.744,-9.675,-12.601,-15.609,8.101,7.425,7.986,4.949,1.125,3.268,-10.125,-15.75,-27.223,0,0,1132,0,0,0,224,0,106.744,1343,2
5,cube_soft,2108,106.744,-9.226,-8.101,-3.994,-14.399,-16.425,-23.957,8.549,1.574,1.814,-1.125,-5.851,-13.43,0,0,1132,0,0,0,224,0,106.744,1343,2
5,cube_soft,2159,106.744,-0.226,-2.25,1.814,-2.25,2.025,-2.904,1.799,2.024,1.814,2.024,-1.8,-3.266,0,1,1132,2159,0,0,224,223,106.744,1343,2
6,cube_soft,6,60.896,5.7,6.3,7.502,-3.15,-7.649,-7.018,8.7,5.1,15.973,23.551,21.9,37.268,0,0,0,0,0,0,0,0,0,0,0
6,cube_soft,57,61.424,4.275,7.199,2.541,-4.275,-5.624,-3.629,-23.625,-19.8,-31.221,-21.149,-23.175,-40.656,0,0,0,0,0,0,0,0,0,0,0
6,cube_soft,108,63.448,22.949,15.975,32.309,-2.924,-6.524,-7.26,-0.676,0.225,4.355,-22.949,-22.726,-38.477,0,0,0,0,0,0,0,0,0,0,0
6,cube_soft,159,65.912,-9.675,-13.951,-25.047,-0.451,0.226,6.898,-33.975,-30.375,-48.279,6.299,7.875,14.521,0,0,0,0,0,0,0,0,0,0,0
6,cube_soft,210,68.904,16.649,19.351,27.588,-13.95,-14.4,-21.055,10.351,4.95,21.055,-3.6,-5.4,-2.904,0,0,0,0,0,0,0,0,0,0,0
6,cube_soft,262,71.72,9.9,13.051,23.957,14.85,4.5,24.684,9.9,14.4,8.711,-18.9,-24.299,-25.408,0,0,0,0,0,0,0,0,0,0,0
6,cube_soft,313,74.712,0.899,0.674,4.357,1.35,-3.374,-3.629,-22.95,-24.525,-34.486,-8.325,-17.325,-20.328,0,0,0,0,0,0,0,0,0,0,0
6,cube_soft,364,77.704,-1.799,-4.049,-2.178,-0.45,1.799,5.082,18.45,24.75,36.301,13.5,11.25,29.768,0,0,0,0,0,0,0,0,0,0,0
6,cube_soft,415,80.608,6.075,3.601,9.438,17.324,14.625,20.33,11.25,15.299,19.967,2.25,-1.125,3.268,0,0,0,0,0,0,0,0,0,0,0
6,cube_soft,466,83.6,0.899,0,2.178,-18.9,-19.35,-29.039,20.25,20.25,31.219,-1.8,-8.55,-9.439,0,0,0,0,0,0,0,0,0,0,0
6,cube_soft,517,86.592,-2.025,-4.5,0,-7.199,-7.199,-9.801,-12.825,-15.074,-23.957,-36.226,-36.675,-46.463,0,0,0,0,0,0,0,0,0,0,0
6,cube_soft,568,89.496,0.899,-2.699,-6.535,5.85,5.4,-0.727,-9,-6.301,-4.357,5.851,5.85,8.711,0,0,0,0,0,0,0,0,0,0,0
6,cube_soft,619,92.4,-6.525,-7.425,-9.074,4.949,6.75,7.26,-4.275,2.476,1.453,0.9,-0.225,-3.629,0,0,0,0,0,0,0,0,0,0,0
6,cube_soft,671,95.216,9.675,10.125,15.609,27.225,28.575,39.203,-5.85,-7.425,-5.809,5.4,8.325,10.164,0,0,0,0,0,0,0,0,0,0,0
6,cube_soft,722,97.944,4.95,2.475,12.705,-18.449,-17.1,-33.033,-19.575,-17.775,-28.314,-4.95,-8.55,-6.172,0,0,0,0,0,0,0,0,0,0,0
6,cube_soft,772,100.496,5.175,3.601,7.625,-9.225,-4.274,-6.896,2.475,0.675,-2.902,-8.775,-16.65,-23.232,0,0,0,0,0,0,0,0,0,0,0
6,cube_soft,824,103.048,8.1,6.976,9.439,4.95,7.426,2.904,-18.001,-15.525,-34.846,-1.35,-3.375,-6.896,0,0,0,0,0,0,0,0,0,0,0
6,cube_soft,875,105.6,10.574,6.524,6.172,-3.6,-9,-6.17,-10.35,-14.175,-25.047,8.326,3.149,8.35,0,0,0,0,0,0,0,0,0,0,0
6,cube_soft,926,106.568,-3.825,-8.55,-8.35,9.45,12.376,17.424,11.25,5.174,2.541,-6.524,-14.851,-25.045,0,0,0,0,0,0,0,0,0,0,0
6,cube_soft,977,106.744,-6.976,-8.55,-10.527,-0.45,0.675,-3.631,16.649,12.824,22.869,-7.425,-8.101,-25.771,0,0,0,0,0,0,0,0,0,0,0
6,cube_soft,1028,106.744,-1.126,-3.601,-1.816,-3.601,0.226,-5.809,6.75,3.375,5.445,-6.075,-11.25,-18.512,0,0,0,0,0,0,0,0,0,0,0
6,cube_soft,1079,106.744,-11.925,-15.3,-20.691,7.649,6.525,8.713,8.1,6.074,9.801,-3.375,-4.05,-15.607,0,0,0,0,0,0,0,0,0,0,0
6,cube_soft,1130,106.744,-6.976,-13.05,-13.432,10.8,14.175,19.602,-1.801,-4.275,-9.076,2.476,2.25,-2.539,1,0,1130,0,0,0,224,0,106.744,0,2
6,cube_soft,1188,106.744,-14.175,-17.55,-19.965,-5.851,-4.274,-8.711,-1.801,-5.625,-13.432,2.024,1.8,-1.812,0,0,1130,0,0,0,224,0,106.744,0,2
6,cube_soft,1239,106.744,-6.075,-7.2,-9.801,-6.3,0.675,-4.357,9,1.574,1.814,-1.575,-4.5,-11.977,0,0,1130,0,0,0,224,0,106.744,0,2
6,cube_soft,1290,106.744,-10.126,-11.25,-8.35,-7.649,-4.725,-13.068,-8.101,-8.775,-11.979,-3.375,-3.601,-15.607,0,0,1130,0,0,0,224,0,106.744,0,2
6,cube_soft,1342,106.744,-8.325,-13.5,-16.336,-0.45,0.675,-4.357,3.149,3.375,3.268,-14.625,-22.05,-35.209,0,0,1130,0,0,0,224,0,106.744,1342,2
6,cube_soft,1393,106.744,2.925,-1.351,0.363,-3.149,-0.225,-4.357,9.449,5.625,1.814,0.675,-2.25,-3.266,0,0,1130,0,0,0,224,0,106.744,1342,2
6,cube_soft,1444,106.744,-9.226,-11.25,-16.336,-4.95,0.675,-2.18,6.299,5.625,9.076,6.524,-2.25,-5.443,0,0,1130,0,0,0,224,0,106.744,1342,2
6,cube_soft,1494,106.744,-11.925,-14.851,-13.432,4.05,6.525,4.355,-2.701,-1.576,-14.156,-14.175,-18.899,-34.482,0,0,1130,0,0,0,224,0,106.744,1342,2
6,cube_soft,1545,106.744,2.475,-1.351,1.814,6.75,7.876,15.973,7.649,4.274,-1.814,-21.375,-22.95,-46.1,0,0,1130,0,0,0,224,0,106.744,1342,2
6,cube_soft,1597,106.744,-7.425,-9.899,-9.074,-4.05,-1.575,-10.891,-8.101,-10.576,-20.691,0.226,0.45,-2.539,0,0,1130,0,0,0,224,0,106.744,1342,2
6,cube_soft,1648,106.744,-11.925,-14.851,-24.32,-2.7,2.025,-5.082,12.6,7.424,6.17,-1.575,-3.149,-10.525,0,0,1130,0,0,0,224,0,106.744,1342,2
6,cube_soft,1699,106.744,6.075,2.7,6.896,6.3,8.775,7.26,11.699,11.024,11.252,-14.625,-18,-30.854,0,0,1130,0,0,0,224,0,106.744,1342,2
6,cube_soft,1750,106.744,-8.325,-12.601,-19.965,-6.75,-4.725,-11.617,9.899,7.424,4.719,-3.825,-9.899,-18.512,0,0,1130,0,0,0,224,0,106.744,1342,2
6,cube_soft,1800,106.744,7.874,1.351,8.35,1.351,2.925,2.904,-5.4,-9.676,-20.691,-0.226,-6.75,-18.512,0,0,1130,0,0,0,224,0,106.744,1342,2
6,cube_soft,1851,106.744,4.274,0.899,10.525,0.45,1.126,-2.18,4.049,5.174,10.527,17.325,11.25,20.693,0,0,1130,0,0,0,224,0,106.744,1342,2
6,cube_soft,1901,106.744,-20.476,-19.351,-28.678,-16.2,-12.374,-26.137,19.799,16.424,29.404,7.425,1.8,0.363,0,0,1130,0,0,0,224,0,106.744,1342,2
6,cube_soft,1952,106.744,3.825,-0.45,6.172,4.95,7.876,7.986,-7.201,-11.025,-22.143,0.226,-6.3,-14.156,0,0,1130,0,0,0,224,0,106.744,1342,2
6,cube_soft,2004,106.744,6.524,0,10.525,-2.7,1.575,-2.904,-2.25,-6.076,-11.254,4.726,1.8,-3.266,0,0,1130,0,0,0,224,0,106.744,1342,2
6,cube_soft,2055,106.744,0.225,-3.149,0.363,-6.75,1.126,-5.809,-2.701,-9.676,-13.432,-4.274,-9.899,-16.334,0,0,1130,0,0,0,224,0,106.744,1342,2
6,cube_soft,2106,106.744,-2.025,-3.149,-4.719,7.2,7.876,13.066,8.1,2.475,1.814,-1.575,-6.3,-15.607,0,0,1130,0,0,0,224,0,106.744,1342,2
6,cube_soft,2157,106.744,8.774,9.45,20.691,9.899,8.775,13.793,12.6,11.475,20.689,0.675,-3.149,-13.43,0,1,1130,2157,0,0,224,222,106.744,1342,2
7,cube_soft,6,60.896,4.351,1.8,5.324,-8.1,-11.7,-16.457,8.249,8.249,8.713,2.4,-1.05,0.967,0,0,0,0,0,0,0,0,0,0,0
7,cube_soft,56,61.512,3.375,3.6,6.17,2.475,3.376,7.262,-0.676,-2.25,-5.809,-13.05,-13.275,-19.602,0,0,0,0,0,0,0,0,0,0,0
7,cube_soft,107,63.448,26.1,19.125,38.115,-0.674,-7.875,-4.355,-2.476,-1.575,1.451,-22.05,-22.274,-37.025,0,0,0,0,0,0,0,0,0,0,0
7,cube_soft,157,65.736,9.226,4.949,14.885,4.949,-0.226,6.172,1.125,5.174,-6.17,4.949,8.775,15.973,0,0,0,0,0,0,0,0,0,0,0
7,cube_soft,206,68.728,0.45,-6.299,-5.082,-4.05,-4.95,-9.438,26.101,22.95,51.547,-6.75,-9,-15.973,0,0,0,0,0,0,0,0,0,0,0
7,cube_soft,257,71.456,-3.6,-4.5,-5.082,-3.15,-13.05,-8.713,-3.15,1.801,-0.727,-9.9,-9,-11.613,0,0,0,0,0,0,0,0,0,0,0
7,cube_soft,308,74.448,-7.2,-9.676,-12.34,-10.35,-13.274,-15.246,5.85,0.675,10.527,2.476,-3.825,-7.986,0,0,0,0,0,0,0,0,0,0,0
7,cube_soft,360,77.528,14.851,13.051,21.781,-18.45,-17.101,-23.957,4.051,6.75,12.342,13.051,11.25,30.492,0,0,0,0,0,0,0,0,0,0,0
7,cube_soft,411,80.432,18.675,21.601,39.205,5.175,5.625,8.713,21.6,21.6,33.035,0.9,-3.824,1.814,0,0,0,0,0,0,0,0,0,0,0
7,cube_soft,461,83.336,14.399,13.049,22.506,-17.1,-11.7,-23.957,9.899,15.3,25.41,13.051,10.8,19.6,0,0,0,0,0,0,0,0,0,0,0
7,cube_soft,511,86.24,10.125,7.65,15.973,-2.699,0.45,-1.812,-4.274,-4.725,-11.615,-23.175,-31.726,-34.848,0,0,0,0,0,0,0,0,0,0,0
7,cube_soft,562,89.144,23.85,18.001,31.221,11.25,11.475,20.691,-5.176,-3.376,-3.629,-9,-9,-15.609,0,0,0,0,0,0,0,0,0,0,0
7,cube_soft,612,91.96,-2.699,-1.351,-5.082,-17.1,-13.051,-15.246,-7.649,-7.2,-15.971,-10.351,-11.25,-15.246,0,0,0,0,0,0,0,0,0,0,0
7,cube_soft,663,94.776,5.175,3.375,6.895,24.074,20.475,30.49,-6.75,-4.275,-6.535,4.05,6.975,8.713,0,0,0,0,0,0,0,0,0,0,0
7,cube_soft,713,97.504,-1.351,-4.275,-2.541,-5.4,-8.549,-14.156,-19.125,-18.225,-34.848,3.6,-0.899,5.445,0,0,0,0,0,0,0,0,0,0,0
7,cube_soft,764,100.056,2.25,-4.5,-7.262,-12.6,-9,-19.602,20.25,21.6,29.039,3.6,4.051,-2.902,0,0,0,0,0,0,0,0,0,0,0
7,cube_soft,814,102.608,1.801,-2.475,6.535,9.45,10.125,13.795,0.899,-2.025,-9.438,-21.149,-21.375,-38.842,0,0,0,0,0,0,0,0,0,0,0
7,cube_soft,866,105.248,-0.225,-4.726,-5.443,5.4,7.65,10.527,-0.9,-2.925,0.363,11.476,9.899,9.076,0,0,0,0,0,0,0,0,0,0,0
7,cube_soft,915,106.48,6.975,5.851,12.703,-2.7,-3.374,-2.18,2.25,-2.926,-4.719,11.024,7.2,3.27,0,0,0,0,0,0,0,0,0,0,0
7,cube_soft,966,106.744,4.274,4.05,3.266,-6.75,-3.825,-5.082,-5.4,-11.926,-13.432,-11.925,-14.399,-29.402,0,0,0,0,0,0,0,0,0,0,0
7,cube_soft,1018,106.744,-19.575,-21.601,-33.033,-9,-2.925,-15.973,13.949,13.274,19.238,7.875,9,0.363,0,0,0,0,0,0,0,0,0,0,0
7,cube_soft,1069,106.744,5.624,1.8,6.172,-10.351,-6.975,-13.795,-1.801,-6.976,-11.979,4.726,-0.899,-3.266,0,0,0,0,0,0,0,0,0,0,0
7,cube_soft,1119,106.744,-14.175,-18,-24.32,5.399,9.675,9.438,0.899,-3.375,-7.623,6.524,0.45,-7.621,1,0,1119,0,0,0,223,0,106.744,0,2
7,cube_soft,1176,106.744,3.374,-1.351,9.074,8.101,10.575,16.697,6.299,4.274,2.541,-21.825,-30.601,-49.729,0,0,1119,0,0,0,223,0,106.744,0,2
7,cube_soft,1226,106.744,-6.525,-7.2,-11.98,-4.05,-3.374,-11.617,9,6.524,6.896,2.024,-5.851,-10.525,0,0,1119,0,0,0,223,0,106.744,0,2
7,cube_soft,1276,106.744,-6.976,-13.05,-17.062,-10.8,-12.825,-18.877,11.25,2.024,6.17,-2.476,-5.851,-18.512,0,0,1119,0,0,0,223,0,106.744,0,2
7,cube_soft,1327,106.744,3.825,-2.25,-1.09,10.8,15.976,20.328,0.899,-1.125,-6.17,-6.075,-11.25,-19.963,0,0,1119,0,0,0,223,0,106.744,1327,2
7,cube_soft,1379,106.744,7.874,4.95,12.703,-10.351,-0.675,-6.533,-2.25,-6.076,-10.527,-1.125,-3.601,-15.607,0,0,1119,0,0,0,223,0,106.744,1327,2
7,cube_soft,1430,106.744,1.124,-0.45,3.992,5.399,7.425,8.713,7.649,0.674,3.268,-7.425,-9,-22.141,0,0,1119,0,0,0,223,0,106.744,1327,2
7,cube_soft,1481,106.744,-1.126,-4.95,-10.527,6.75,9.675,14.52,7.649,3.375,-0.361,1.125,1.8,-6.168,0,0,1119,0,0,0,223,0,106.744,1327,2
7,cube_soft,1533,106.744,4.274,-0.899,3.992,-2.7,-1.575,-3.631,0,2.024,-3.268,-5.625,-7.649,-16.334,0,0,1119,0,0,0,223,0,106.744,1327,2
7,cube_soft,1584,106.744,-4.275,-9,-13.432,-2.7,-1.575,-6.533,14.85,12.824,17.061,4.274,0.45,-8.348,0,0,1119,0,0,0,223,0,106.744,1327,2
7,cube_soft,1636,106.744,-6.976,-12.149,-19.965,-7.649,-2.925,-6.533,18.449,13.725,25.773,3.825,-4.5,-9.799,0,0,1119,0,0,0,223,0,106.744,1327,2
7,cube_soft,1686,106.744,7.874,1.8,6.896,-4.05,-0.225,-2.18,2.699,-1.125,-3.992,10.125,4.95,2.543,0,0,1119,0,0,0,223,0,106.744,1327,2
7,cube_soft,1742,106.744,-6.525,-9.45,-13.432,-1.351,-0.225,-2.904,2.25,1.125,-3.268,-6.524,-9,-15.607,0,0,1119,0,0,0,223,0,106.744,1327,2
7,cube_soft,1793,106.744,-15.525,-20.25,-30.129,-7.2,-5.624,-14.52,3.149,-2.476,-1.088,-16.425,-16.2,-30.127,0,0,1119,0,0,0,223,0,106.744,1327,2
7,cube_soft,1844,106.744,2.925,0,5.445,10.8,11.476,16.697,-8.551,-15.076,-21.416,-11.476,-12.149,-25.045,0,0,1119,0,0,0,223,0,106.744,1327,2
7,cube_soft,1893,106.744,7.425,0.899,11.252,12.601,13.275,13.793,15.75,8.324,18.514,-7.875,-12.601,-21.414,0,0,1119,0,0,0,223,0,106.744,1327,2
7,cube_soft,1944,106.744,-15.976,-18,-19.965,-3.149,-0.225,1.451,-4.951,-4.726,-6.17,4.726,-4.05,-4.717,0,0,1119,0,0,0,223,0,106.744,1327,2
7,cube_soft,1995,106.744,4.725,4.05,11.252,-2.7,6.525,5.809,-2.701,-4.726,-11.254,-5.625,-8.101,-19.963,0,0,1119,0,0,0,223,0,106.744,1327,2
7,cube_soft,2045,106.744,-3.825,-4.05,-6.896,5.399,6.525,13.793,17.549,16.875,27.951,-14.625,-18.899,-33.758,0,0,1119,0,0,0,223,0,106.744,1327,2
7,cube_soft,2095,106.744,2.024,0.899,1.814,-9,-10.124,-11.617,9.449,5.625,5.445,-2.925,-7.649,-16.334,0,0,1119,0,0,0,223,0,106.744,1327,2
7,cube_soft,2146,106.744,2.475,0,8.35,1.351,3.825,-2.904,-6.301,-7.426,-13.432,-16.425,-18.899,-32.305,0,1,1119,2146,0,0,223,221,106.744,1327,2
8,cube_soft,6,60.896,-9.149,-11.25,-17.908,-5.85,-9.899,-14.277,-6.601,-10.65,-12.342,-6.15,-9.149,-6.293,0,0,0,0,0,0,0,0,0,0,0
8,cube_soft,57,61.512,7.426,6.299,9.076,1.575,2.025,2.906,-24.975,-26.55,-42.109,-14.85,-18.675,-28.314,0,0,0,0,0,0,0,0,0,0,0
8,cube_soft,108,63.448,-2.25,-9.226,-8.348,-2.024,-4.274,-3.631,-6.976,-6.975,-8.713,-18.449,-20.476,-28.314,0,0,0,0,0,0,0,0,0,0,0
8,cube_soft,158,65.824,-3.375,-8.101,-9.801,-3.601,-0.675,-5.443,-6.525,-6.076,-13.432,-10.801,-6.525,-8.711,0,0,0,0,0,0,0,0,0,0,0
8,cube_soft,210,68.816,6.3,2.25,-0.727,-6.75,-8.551,-18.15,19.801,16.65,40.656,9,7.199,11.615,0,0,0,0,0,0,0,0,0,0,0
8,cube_soft,261,71.72,-12.6,-8.1,-13.795,-5.85,-15.3,-14.52,-11.25,-5.85,-26.135,4.949,8.551,21.055,0,0,0,0,0,0,0,0,0,0,0
8,cube_soft,313,74.624,6.75,6.074,8.713,4.051,-1.575,-1.453,14.85,16.874,28.676,-6.524,-11.476,-12.342,0,0,0,0,0,0,0,0,0,0,0
8,cube_soft,364,77.704,-6.75,-4.949,-6.533,-11.25,-11.701,-19.604,7.65,9.899,18.148,10.35,11.699,22.506,0,0,0,0,0,0,0,0,0,0,0
8,cube_soft,414,80.608,8.775,2.701,5.082,8.775,8.774,8.713,18.899,19.35,32.309,8.55,11.475,20.691,0,0,0,0,0,0,0,0,0,0,0
8,cube_soft,465,83.6,13.049,13.5,28.314,-20.7,-21.6,-36.299,0.45,4.05,5.809,0.45,-2.7,-0.727,0,0,0,0,0,0,0,0,0,0,0
8,cube_soft,516,86.504,-2.925,-2.25,2.18,-11.25,-7.199,-6.895,0.675,-2.025,1.453,-9.226,-17.775,-14.52,0,0,0,0,0,0,0,0,0,0,0
8,cube_soft,567,89.32,12.149,12.6,16.697,1.801,3.601,6.535,-5.85,-1.801,0.727,10.351,6.299,12.34,0,0,0,0,0,0,0,0,0,0,0
8,cube_soft,618,92.224,-1.125,-3.375,-2.541,-18.9,-24.3,-32.67,3.824,6.524,11.617,-6.75,-9.225,-15.971,0,0,0,0,0,0,0,0,0,0,0
8,cube_soft,669,95.04,17.324,15.076,24.32,24.074,24.075,32.668,-16.199,-20.025,-29.039,-22.05,-22.726,-39.203,0,0,0,0,0,0,0,0,0,0,0
8,cube_soft,720,97.856,6.3,6.074,8.348,-11.25,-9.449,-19.238,-17.775,-13.275,-25.41,-2.251,-6.75,-7.623,0,0,0,0,0,0,0,0,0,0,0
8,cube_soft,771,100.408,-0.225,-1.35,1.816,-26.325,-23.174,-35.936,2.924,6.075,10.891,-20.926,-22.949,-42.109,0,0,0,0,0,0,0,0,0,0,0
8,cube_soft,822,102.96,-2.25,-1.575,-5.807,6.75,9.676,13.068,-13.501,-16.875,-31.215,18.451,12.825,17.061,0,0,0,0,0,0,0,0,0,0,0
8,cube_soft,873,105.512,-0.225,-2.024,-4.717,12.6,13.95,22.869,10.801,10.125,16.336,3.826,-4.05,-5.443,0,0,0,0,0,0,0,0,0,0,0
8,cube_soft,924,106.568,-4.275,-9.45,-9.074,-6.75,-4.725,-17.426,-2.701,-3.375,-8.35,-9.226,-8.55,-21.414,0,0,0,0,0,0,0,0,0,0,0
8,cube_soft,975,106.744,-12.825,-17.101,-25.047,0,2.476,-3.631,22.049,15.524,25.773,-0.226,-6.3,-12.703,0,0,0,0,0,0,0,0,0,0,0
8,cube_soft,1027,106.656,-20.925,-21.149,-34.486,-11.25,-6.975,-13.795,29.699,21.375,35.936,6.524,-0.45,-3.99,0,0,0,0,0,0,0,0,0,0,0
8,cube_soft,1077,106.744,-9.226,-12.601,-19.24,10.351,13.275,13.066,15.299,10.574,14.158,-0.675,-4.95,-17.785,0,0,0,0,0,0,0,0,0,0,0
8,cube_soft,1128,106.744,-12.376,-11.25,-12.705,10.351,11.476,17.424,-4.5,-10.125,-17.061,-6.075,-13.05,-17.785,1,0,1128,0,0,0,222,0,106.744,0,2
8,cube_soft,1185,106.744,-2.025,-1.8,4.719,8.101,11.025,11.615,4.5,4.725,3.268,-1.575,-8.55,-16.334,0,0,1128,0,0,0,222,0,106.744,0,2
8,cube_soft,1236,106.744,-4.726,-5.399,-6.172,-2.7,-3.825,-6.533,11.699,9.225,15.609,-9.226,-14.851,-24.32,0,0,1128,0,0,0,222,0,106.744,0,2
8,cube_soft,1287,106.744,-11.025,-11.7,-19.965,-4.05,2.476,3.629,9.899,6.975,9.076,-3.825,-5.399,-13.43,0,0,1128,0,0,0,222,0,106.744,0,2
8,cube_soft,1337,106.744,-3.376,-3.601,-2.543,11.25,12.376,15.246,16.649,13.274,20.689,4.274,3.149,-3.266,0,0,1128,0,0,0,222,0,106.744,1337,2
8,cube_soft,1388,106.744,-3.376,-3.601,-2.543,13.5,13.726,20.328,-8.101,-13.726,-17.061,3.825,-1.351,-4.717,0,0,1128,0,0,0,222,0,106.744,1337,2
8,cube_soft,1440,106.656,-11.025,-10.8,-14.156,-15.3,-8.774,-21.779,-1.351,-2.926,-3.992,1.125,-4.5,-3.99,0,0,1128,0,0,0,222,0,106.744,1337,2
8,cube_soft,1491,106.744,-10.575,-13.05,-18.514,-5.851,-1.575,-9.438,11.25,11.475,9.076,1.575,-1.8,-9.799,0,0,1128,0,0,0,222,0,106.744,1337,2
8,cube_soft,1543,106.744,-6.075,-12.149,-11.254,-12.601,-5.624,-15.246,-5.4,-5.625,-11.979,9.675,8.101,1.09,0,0,1128,0,0,0,222,0,106.744,1337,2
8,cube_soft,1594,106.744,-2.476,-4.95,-4.719,0.45,1.126,-2.18,5.399,2.475,3.268,-5.625,-12.149,-21.414,0,0,1128,0,0,0,222,0,106.744,1337,2
8,cube_soft,1645,106.744,-1.575,-2.25,-7.623,10.351,11.925,15.246,-1.351,-7.875,-10.527,2.476,-4.5,-11.25,0,0,1128,0,0,0,222,0,106.744,1337,2
8,cube_soft,1696,106.744,-2.476,-6.3,-3.268,-14.851,-12.374,-22.506,-1.801,-1.125,-8.35,-26.774,-31.5,-56.988,0,0,1128,0,0,0,222,0,106.744,1337,2
8,cube_soft,1748,106.744,-12.376,-10.8,-16.336,11.7,17.325,20.328,14.85,12.824,20.689,-4.726,-6.75,-13.43,0,0,1128,0,0,0,222,0,106.744,1337,2
8,cube_soft,1800,106.744,4.725,-1.351,3.266,16.649,19.575,26.135,13.5,11.475,15.609,-10.125,-15.3,-25.771,0,0,1128,0,0,0,222,0,106.744,1337,2
8,cube_soft,1850,106.744,-8.325,-9.899,-17.789,4.5,7.876,10.889,-22.051,-22.275,-36.662,-7.875,-9.45,-15.607,0,0,1128,0,0,0,222,0,106.744,1337,2
8,cube_soft,1901,106.744,-22.275,-22.5,-35.938,-4.05,-0.675,-3.631,-9.451,-14.625,-13.432,-7.425,-13.5,-27.223,0,0,1128,0,0,0,222,0,106.744,1337,2
8,cube_soft,1952,106.744,-3.825,-12.601,-13.432,1.351,5.626,7.26,5.85,-0.226,0.363,-2.024,-5.399,-19.236,0,0,1128,0,0,0,222,0,106.744,1337,2
8,cube_soft,2002,106.744,-13.275,-14.851,-22.143,-4.05,-2.475,-7.986,-8.101,-7.426,-11.254,8.325,1.8,-1.088,0,0,1128,0,0,0,222,0,106.744,1337,2
8,cube_soft,2053,106.744,-19.575,-20.7,-28.678,4.05,7.876,8.713,21.6,16.875,26.498,-2.476,-5.399,-17.059,0,0,1128,0,0,0,222,0,106.744,1337,2
8,cube_soft,2103,106.744,-12.825,-15.75,-21.418,-4.05,-3.374,-7.26,1.35,0.225,-1.088,14.625,13.05,11.256,0,0,1128,0,0,0,222,0,106.744,1337,2
8,cube_soft,2153,106.744,6.075,1.351,8.35,-1.351,-2.925,-4.357,-2.25,-2.926,-14.883,-2.925,-7.2,-11.977,0,1,1128,2153,0,0,222,221,106.744,1337,2
9,cube_soft,6,60.896,11.101,12.15,15.488,-10.801,-14.399,-22.99,-1.2,-3.9,-5.082,-6.6,-8.7,-7.018,0,0,0,0,0,0,0,0,0,0,0
9,cube_soft,57,61.512,12.826,18.449,22.869,18.225,20.476,31.945,-4.725,-2.25,-7.262,-10.35,-15.975,-22.506,0,0,0,0,0,0,0,0,0,0,0
9,cube_soft,109,63.536,8.1,7.424,4.721,10.576,7.425,18.15,-7.875,-8.325,-13.795,-22.05,-22.274,-31.943,0,0,0,0,0,0,0,0,0,0,0
9,cube_soft,160,66,1.125,-2.701,2.541,-2.701,-6.976,-6.895,6.975,7.875,14.158,-7.65,-9.676,-8.711,0,0,0,0,0,0,0,0,0,0,0
9,cube_soft,212,68.904,-0.45,1.351,3.629,-0.45,-6.75,2.178,14.851,9,31.219,-9,-13.5,-6.535,0,0,0,0,0,0,0,0,0,0,0
9,cube_soft,263,71.896,-2.699,0.45,5.08,0.449,-8.55,-2.904,-0.45,2.701,-5.082,-9.9,-7.649,-10.889,0,0,0,0,0,0,0,0,0,0,0
9,cube_soft,313,74.712,0.45,-2.025,2.906,9,8.775,15.246,-7.2,-5.175,-2.541,-7.425,-13.275,-15.246,0,0,0,0,0,0,0,0,0,0,0
9,cube_soft,364,77.704,9.9,8.101,16.699,-2.25,1.799,2.904,13.051,13.949,26.137,9,2.699,14.521,0,0,0,0,0,0,0,0,0,0,0
9,cube_soft,415,80.608,5.626,5.851,13.07,4.725,1.125,0.727,2.699,-1.351,5.445,-4.5,-5.625,-5.445,0,0,0,0,0,0,0,0,0,0,0
9,cube_soft,466,83.688,11.25,8.1,15.246,-12.6,-13.051,-18.148,15.75,16.199,30.492,10.35,7.2,8.711,0,0,0,0,0,0,0,0,0,0,0
9,cube_soft,517,86.592,2.926,8.101,17.426,-1.799,-0.449,-1.086,-6.524,-3.824,-9.438,-34.875,-35.775,-46.463,0,0,0,0,0,0,0,0,0,0,0
9,cube_soft,568,89.496,4.05,-1.35,-2.906,9.45,6.301,15.246,-0.9,3.15,7.258,19.351,12.149,24.684,0,0,0,0,0,0,0,0,0,0,0
9,cube_soft,620,92.4,-6.976,-3.824,-6.896,-15.301,-18,-28.314,-2.025,-2.024,0,4.5,3.375,2.18,0,0,0,0,0,0,0,0,0,0,0
9,cube_soft,671,95.216,6.975,3.375,1.814,19.125,14.625,26.861,-16.199,-15.976,-26.861,5.4,1.124,5.082,0,0,0,0,0,0,0,0,0,0,0
9,cube_soft,722,97.944,-5.399,-5.625,-15.609,-3.15,-2.25,-4.719,-7.875,-6.975,-12.342,7.2,3.601,10.527,0,0,0,0,0,0,0,0,0,0,0
9,cube_soft,773,100.496,5.175,3.601,10.529,-8.325,-6.524,-14.156,-7.426,-12.376,-15.971,-6.525,-12.15,-20.328,0,0,0,0,0,0,0,0,0,0,0
9,cube_soft,824,103.048,-2.25,-10.124,-15.244,-7.199,-5.625,-15.971,-17.55,-19.125,-35.572,-8.549,-9.226,-22.143,0,0,0,0,0,0,0,0,0,0,0
9,cube_soft,877,105.688,-1.575,-7.425,-6.895,-6.75,-4.949,-14.156,1.35,-1.575,-5.445,11.476,5.851,11.254,0,0,0,0,0,0,0,0,0,0,0
9,cube_soft,928,106.568,-2.025,-6.75,-6.172,-5.399,-4.274,-11.617,0.449,-0.676,-3.992,-4.274,-2.7,-12.703,0,0,0,0,0,0,0,0,0,0,0
9,cube_soft,979,106.744,-22.275,-28.351,-38.84,12.601,16.876,18.15,4.049,4.274,-2.541,-2.476,-8.55,-15.607,0,0,0,0,0,0,0,0,0,0,0
9,cube_soft,1030,106.744,-17.775,-22.95,-35.938,12.601,15.075,21.055,21.6,17.774,24.322,0.226,-2.7,-3.99,0,0,0,0,0,0,0,0,0,0,0
9,cube_soft,1080,106.744,-7.876,-14.399,-17.789,-5.399,-1.575,-5.082,7.649,7.424,0.363,-13.274,-14.851,-31.58,0,0,0,0,0,0,0,0,0,0,0
9,cube_soft,1130,106.744,-7.425,-13.95,-15.609,3.149,8.325,9.438,8.549,3.824,9.801,-2.024,-6.75,-9.074,1,0,1130,0,0,0,222,0,106.744,0,2
9,cube_soft,1188,106.744,4.725,4.05,9.074,-12.601,-11.024,-20.328,18.899,12.375,14.885,-11.476,-17.55,-30.127,0,0,1130,0,0,0,222,0,106.744,0,2
9,cube_soft,1238,106.744,-15.525,-19.8,-22.869,8.55,9.675,15.246,-9.9,-16.875,-22.869,-2.925,-6.3,-13.43,0,0,1130,0,0,0,222,0,106.744,0,2
9,cube_soft,1290,106.744,-17.325,-17.55,-24.32,8.55,11.476,16.697,13.049,9.674,17.787,9.675,4.5,-3.266,0,0,1130,0,0,0,222,0,106.744,0,2
9,cube_soft,1340,106.744,-14.626,-18.45,-30.855,-6.75,-5.624,-13.795,-12.15,-15.976,-22.869,-22.274,-22.95,-46.826,0,0,1130,0,0,0,222,0,106.744,1340,2
9,cube_soft,1392,106.656,-28.575,-29.7,-47.555,0.899,1.575,-2.18,0.449,-3.826,-3.268,-12.375,-13.5,-32.305,0,0,1130,0,0,0,222,0,106.744,1340,2
9,cube_soft,1444,106.744,-5.626,-6.3,-10.527,9.899,10.126,13.793,4.5,-1.576,-4.719,5.625,2.7,-1.088,0,0,1130,0,0,0,222,0,106.744,1340,2
9,cube_soft,1495,106.744,-2.925,-9,-10.527,-6.75,-8.774,-10.164,22.049,17.324,27.951,-8.325,-6.75,-14.883,0,0,1130,0,0,0,222,0,106.744,1340,2
9,cube_soft,1546,106.744,-13.275,-15.75,-22.869,4.5,9.675,9.438,6.299,3.824,9.076,5.175,0.45,1.09,0,0,1130,0,0,0,222,0,106.744,1340,2
9,cube_soft,1598,106.744,6.524,1.8,6.172,-3.601,2.925,0.727,0,-2.476,-8.35,9.226,3.149,1.09,0,0,1130,0,0,0,222,0,106.744,1340,2
9,cube_soft,1648,106.656,-4.275,-1.8,-6.896,3.149,9.226,9.438,9.899,5.625,10.527,-26.325,-28.8,-55.537,0,0,1130,0,0,0,222,0,106.744,1340,2
9,cube_soft,1700,106.744,-5.626,-9.45,-10.527,-2.25,-0.225,-7.986,8.1,7.424,6.896,4.726,0,-3.266,0,0,1130,0,0,0,222,0,106.744,1340,2
9,cube_soft,1750,106.744,-8.325,-12.601,-12.705,10.8,14.626,20.328,8.549,1.125,1.09,-1.125,-1.351,-5.443,0,0,1130,0,0,0,222,0,106.744,1340,2
9,cube_soft,1801,106.744,-6.075,-8.101,-11.254,6.3,6.976,13.793,14.85,11.024,17.787,3.375,2.25,-11.25,0,0,1130,0,0,0,222,0,106.744,1340,2
9,cube_soft,1852,106.744,-11.025,-12.601,-19.965,13.5,15.525,18.15,17.1,12.375,17.787,2.024,0,-4.717,0,0,1130,0,0,0,222,0,106.744,1340,2
9,cube_soft,1902,106.744,-4.275,-8.101,-7.623,-3.601,2.025,-4.357,4.949,2.024,-1.088,-10.575,-12.149,-21.414,0,0,1130,0,0,0,222,0,106.744,1340,2
9,cube_soft,1953,106.744,-18.226,-20.7,-26.5,-4.95,-1.124,-2.18,-9,-12.375,-20.691,-2.476,-7.2,-14.883,0,0,1130,0,0,0,222,0,106.744,1340,2
9,cube_soft,2005,106.744,-8.775,-8.55,-19.965,5.851,8.775,8.713,-6.75,-12.375,-19.965,-7.425,-13.5,-23.594,0,0,1130,0,0,0,222,0,106.744,1340,2
9,cube_soft,2056,106.744,0.225,-4.95,-5.445,13.5,20.025,26.861,27,22.725,28.678,2.476,-1.351,-11.25,0,0,1130,0,0,0,222,0,106.744,1340,2
9,cube_soft,2107,106.744,-14.175,-18.899,-19.24,-7.2,-5.624,-12.342,-8.101,-9.226,-21.416,-2.925,-3.601,-16.334,0,0,1130,0,0,0,222,0,106.744,1340,2
9,cube_soft,2159,106.744,2.475,-2.25,-0.363,5.851,12.825,14.52,3.6,0.225,1.09,-4.274,-7.649,-14.883,0,1,1130,2159,0,0,222,220,106.744,1340,2
10,cube_soft,6,60.896,12.001,9,23.473,-4.95,-11.249,-19.361,5.999,3.749,12.342,2.4,2.55,1.693,0,0,0,0,0,0,0,0,0,0,0
10,cube_soft,57,61.512,-4.725,-3.15,-6.17,10.125,9.226,13.068,-7.426,-3.601,-13.07,-8.999,-8.324,-15.244,0,0,0,0,0,0,0,0,0,0,0
10,cube_soft,108,63.536,13.949,10.574,17.062,-2.475,1.125,7.986,11.475,8.775,13.068,-27.449,-27.226,-42.834,0,0,0,0,0,0,0,0,0,0,0
10,cube_soft,158,65.824,6.075,-0.451,1.09,-17.101,-14.625,-20.689,-7.875,-3.826,-14.156,3.6,4.275,0,0,0,0,0,0,0,0,0,0,0,0
10,cube_soft,209,68.816,10.351,6.301,11.617,-11.7,-14.4,-21.779,16.65,11.25,35.574,6.75,2.25,10.164,0,0,0,0,0,0,0,0,0,0,0
10,cube_soft,259,71.632,2.25,2.25,5.807,5.4,-2.699,5.807,14.4,17.101,18.877,-9,-10.35,-10.162,0,0,0,0,0,0,0,0,0,0,0
10,cube_soft,309,74.448,13.05,15.524,22.508,10.801,9.226,11.617,8.55,4.274,12.705,-16.425,-20.025,-29.041,0,0,0,0,0,0,0,0,0,0,0
10,cube_soft,359,77.44,13.051,12.601,20.328,-5.399,-0.451,-2.904,0.9,4.5,1.451,11.25,5.4,26.135,0,0,0,0,0,0,0,0,0,0,0
10,cube_soft,409,80.344,8.325,6.75,12.344,-5.176,-2.926,-11.613,15.299,14.85,22.145,0.9,-2.475,1.09,0,0,0,0,0,0,0,0,0,0,0
10,cube_soft,460,83.336,22.049,16.649,30.492,-17.551,-18.45,-32.668,0,-0.9,4.357,-5.85,-7.2,-2.906,0,0,0,0,0,0,0,0,0,0,0
10,cube_soft,512,86.328,5.625,4.5,13.068,-7.199,-6.75,-9.801,2.925,4.725,5.809,-27.226,-27.226,-34.848,0,0,0,0,0,0,0,0,0,0,0
10,cube_soft,563,89.232,4.949,0.9,9.439,-3.15,-0.675,-1.088,7.424,4.274,3.633,-5.85,-9.449,-14.156,0,0,0,0,0,0,0,0,0,0,0
10,cube_soft,614,92.048,7.65,7.2,15.971,-9.449,-9,-7.986,-9,-5.851,-13.066,-13.5,-13.049,-16.697,0,0,0,0,0,0,0,0,0,0,0
10,cube_soft,665,94.864,2.025,1.125,1.814,32.175,33.075,51.545,2.7,-2.025,5.082,-0.45,0.675,10.164,0,0,0,0,0,0,0,0,0,0,0
10,cube_soft,715,97.592,-5.851,-4.275,-6.898,1.801,-1.799,4.719,4.725,8.775,6.535,-11.251,-14.851,-14.158,0,0,0,0,0,0,0,0,0,0,0
10,cube_soft,765,100.144,-19.799,-19.801,-36.301,-11.7,-8.549,-15.973,9,9,10.889,-29.701,-37.35,-55.174,0,0,0,0,0,0,0,0,0,0,0
10,cube_soft,815,102.608,6.75,6.525,5.082,-0.449,3.375,5.809,1.8,-1.125,-8.711,-8.549,-11.024,-20.691,0,0,0,0,0,0,0,0,0,0,0
10,cube_soft,866,105.16,-6.975,-4.726,-9.801,13.05,16.65,20.691,19.35,14.175,22.867,-3.375,-6.3,-9.074,0,0,0,0,0,0,0,0,0,0,0
10,cube_soft,916,106.48,-3.375,-4.726,-6.895,-3.15,-1.8,-5.445,4.5,0.675,3.992,-7.424,-14.851,-21.416,0,0,0,0,0,0,0,0,0,0,0
10,cube_soft,966,106.744,-21.376,-22.5,-41.02,-5.851,-2.475,-8.711,3.149,-1.125,-0.361,-11.476,-14.399,-27.223,0,0,0,0,0,0,0,0,0,0,0
10,cube_soft,1017,106.656,1.575,1.8,8.35,11.25,8.775,13.066,-1.801,-3.375,-9.076,-19.575,-21.601,-44.648,0,0,0,0,0,0,0,0,0,0,0
10,cube_soft,1068,106.656,-5.175,-10.8,-11.254,9,12.825,15.973,19.35,17.774,23.596,-1.125,-6.75,-11.977,0,0,0,0,0,0,0,0,0,0,0
10,cube_soft,1118,106.744,-4.275,-7.649,-11.254,2.25,5.626,2.904,15.75,9.674,15.609,-14.625,-22.95,-40.291,1,0,1118,0,0,0,223,0,106.744,0,2
10,cube_soft,1176,106.744,1.575,4.05,4.719,-4.95,-3.825,-11.617,-11.25,-15.076,-27.225,-14.625,-15.3,-29.402,0,0,1118,0,0,0,223,0,106.744,0,2
10,cube_soft,1227,106.744,-15.525,-20.7,-28.678,3.149,8.775,5.809,-5.851,-7.426,-14.156,-9.226,-9.899,-24.32,0,0,1118,0,0,0,223,0,106.744,0,2
10,cube_soft,1278,106.744,-3.376,-3.149,-3.268,-2.7,0.675,-5.082,1.35,-1.125,-1.088,7.425,3.149,-5.443,0,0,1118,0,0,0,223,0,106.744,0,2
10,cube_soft,1328,106.656,2.024,1.351,6.896,5.851,8.775,9.438,9,11.024,14.158,-17.774,-22.5,-41.742,0,0,1118,0,0,0,223,0,106.744,1328,2
10,cube_soft,1378,106.744,6.524,-1.351,11.979,-9.45,-5.624,-15.246,7.649,4.725,6.17,-2.476,-5.851,-14.883,0,0,1118,0,0,0,223,0,106.744,1328,2
10,cube_soft,1428,106.656,2.475,-2.25,3.992,10.8,16.425,23.957,-6.75,-11.926,-17.061,-12.825,-18,-34.482,0,0,1118,0,0,0,223,0,106.744,1328,2
10,cube_soft,1479,106.744,-6.525,-10.351,-13.432,7.649,12.825,11.615,-5.851,-9.226,-16.334,-6.976,-14.851,-24.32,0,0,1118,0,0,0,223,0,106.744,1328,2
10,cube_soft,1529,106.744,7.425,0,6.896,-6.3,-0.675,-10.164,-2.701,-11.926,-14.883,2.476,0.45,-6.895,0,0,1118,0,0,0,223,0,106.744,1328,2
10,cube_soft,1580,106.744,-8.325,-8.101,-9.074,-7.2,-2.925,-10.164,12.6,8.324,14.158,-0.675,-5.399,-12.703,0,0,1118,0,0,0,223,0,106.744,1328,2
10,cube_soft,1630,106.656,5.624,1.351,9.801,-2.25,4.275,-5.082,3.149,3.375,6.17,-16.425,-19.351,-35.934,0,0,1118,0,0,0,223,0,106.744,1328,2
10,cube_soft,1681,106.656,18.225,14.399,27.225,-3.601,1.575,-2.904,7.649,6.074,10.527,0.226,-4.95,-9.799,0,0,1118,0,0,0,223,0,106.744,1328,2
10,cube_soft,1733,106.744,-2.025,-0.45,3.266,9,11.025,15.973,-2.701,-7.426,-11.979,-2.024,-5.399,-16.334,0,0,1118,0,0,0,223,0,106.744,1328,2
10,cube_soft,1784,106.656,-14.175,-14.851,-23.594,-7.2,-1.575,-2.904,-11.701,-15.076,-23.596,0.675,-4.95,-15.607,0,0,1118,0,0,0,223,0,106.744,1328,2
10,cube_soft,1835,106.744,-0.675,0.45,1.814,7.2,11.025,14.52,-9.9,-10.576,-22.869,-19.575,-21.149,-40.291,0,0,1118,0,0,0,223,0,106.744,1328,2
10,cube_soft,1886,106.656,-9.226,-10.351,-15.609,4.95,11.025,7.986,-1.351,-5.625,-9.076,-2.476,-7.2,-17.059,0,0,1118,0,0,0,223,0,106.744,1328,2
10,cube_soft,1938,106.744,-4.726,-6.3,-4.719,11.7,9.675,15.973,-0.451,-4.275,-10.527,-10.575,-17.55,-30.127,0,0,1118,0,0,0,223,0,106.744,1328,2
10,cube_soft,1989,106.744,-8.325,-9,-9.074,9,16.876,21.055,7.649,4.274,9.076,-1.575,-6.75,-13.43,0,0,1118,0,0,0,223,0,106.744,1328,2
10,cube_soft,2040,106.744,2.475,1.8,3.266,14.851,13.726,21.055,8.1,4.274,2.541,-9.226,-14.399,-23.594,0,0,1118,0,0,0,223,0,106.744,1328,2
10,cube_soft,2091,106.744,1.575,-2.25,-0.363,1.351,10.126,2.178,-1.801,-2.476,-9.801,-21.375,-29.7,-48.277,0,0,1118,0,0,0,223,0,106.744,1328,2
10,cube_soft,2142,106.744,0.225,-3.149,3.266,-4.5,-1.575,-11.617,4.5,-1.125,2.541,-6.075,-8.101,-27.223,0,1,1118,2142,0,0,223,222,106.744,1328,2
11,cube_soft,6,60.896,14.7,13.949,25.652,0,-5.399,-5.566,13.2,11.399,10.891,-1.65,-4.649,-1.211,0,0,0,0,0,0,0,0,0,0,0
11,cube_soft,63,61.688,8.326,10.35,11.254,-1.125,0.675,3.631,-13.275,-14.399,-20.328,-11.7,-9.675,-18.15,0,0,0,0,0,0,0,0,0,0,0
11,cube_soft,114,63.8,19.35,18.674,24.322,-2.475,-2.476,2.904,-4.275,-3.825,-12.344,-12.15,-20.024,-23.232,0,0,0,0,0,0,0,0,0,0,0
11,cube_soft,165,66.264,5.4,0,2.178,-5.4,-9.449,-8.711,-14.4,-16.65,-21.779,0.451,2.25,10.164,0,0,0,0,0,0,0,0,0,0,0
11,cube_soft,216,69.256,-2.926,-7.874,-11.613,-7.875,-8.326,-14.158,-22.275,-20.7,-34.123,-11.926,-12.375,-14.52,0,0,0,0,0,0,0,0,0,0,0
11,cube_soft,268,72.072,8.324,2.925,9.076,-5.4,-15.3,-15.609,3.375,0,3.266,-7.65,-9,-7.984,0,0,0,0,0,0,0,0,0,0,0
11,cube_soft,319,75.064,0,-1.125,-3.629,6.301,2.925,11.617,4.95,9.225,26.498,-22.274,-24.976,-37.752,0,0,0,0,0,0,0,0,0,0,0
11,cube_soft,370,78.056,4.5,5.851,5.809,-5.851,-6.301,-10.889,9,13.949,26.137,-0.449,0.449,2.904,0,0,0,0,0,0,0,0,0,0,0
11,cube_soft,421,80.96,24.525,19.801,39.205,6.525,6.074,11.617,5.85,10.799,11.98,-30.15,-29.925,-41.744,0,0,0,0,0,0,0,0,0,0,0
11,cube_soft,472,83.952,9,1.799,10.164,-20.7,-11.7,-22.506,0.45,4.5,8.713,-0.9,-5.399,-7.988,0,0,0,0,0,0,0,0,0,0,0
11,cube_soft,522,86.768,20.475,17.101,34.123,-6.299,-6.3,-3.266,2.025,3.375,3.631,1.575,1.575,10.164,0,0,0,0,0,0,0,0,0,0,0
11,cube_soft,572,89.672,-4.5,-7.199,-18.152,10.801,10.351,29.766,1.8,5.85,8.711,-5.399,-10.801,-9.439,0,0,0,0,0,0,0,0,0,0,0
11,cube_soft,623,92.488,-0.676,-8.324,1.09,1.799,-3.6,1.451,-10.125,-4.274,-7.986,-3.6,-5.175,-10.889,0,0,0,0,0,0,0,0,0,0,0
11,cube_soft,675,95.304,8.1,0,12.344,-5.85,-3.15,0.727,-12.15,-6.75,-20.326,14.399,9.9,24.684,0,0,0,0,0,0,0,0,0,0,0
11,cube_soft,726,97.944,-11.7,-12.375,-25.773,-0.449,-1.799,3.268,-17.775,-16.426,-29.766,-3.601,-4.5,-0.363,0,0,0,0,0,0,0,0,0,0,0
11,cube_soft,777,100.32,0.675,-3.149,-0.363,-16.874,-15.975,-17.061,12.375,17.774,17.426,-5.176,-6.75,-14.52,0,0,0,0,0,0,0,0,0,0,0
11,cube_soft,828,102.696,9.45,6.075,15.973,5.85,5.625,13.068,-11.7,-11.025,-20.326,3.601,1.125,-3.268,0,0,0,0,0,0,0,0,0,0,0
11,cube_soft,879,104.984,40.951,26.549,59.531,4.5,1.801,2.904,7.65,9,6.535,-18.449,-22.5,-37.752,0,0,0,0,0,0,0,0,0,0,0
11,cube_soft,930,105.776,2.025,-2.476,-5.443,-3.15,-6.75,-6.896,7.2,6.976,9.074,7.875,-3.149,-3.99,0,0,0,0,0,0,0,0,0,0,0
11,cube_soft,981,105.776,-7.426,-9.675,-13.43,-9,-9.9,-8.348,16.2,16.425,24.32,0.226,-8.101,-9.074,0,0,0,0,0,0,0,0,0,0,0
11,cube_soft,1032,105.776,10.125,7.425,5.445,-4.051,-2.25,-6.17,13.051,10.575,11.254,18.676,14.399,19.967,0,0,0,0,0,0,0,0,0,0,0
11,cube_soft,1090,105.776,6.074,5.625,6.172,8.55,7.65,16.336,12.6,14.175,14.156,11.025,9,11.98,0,0,0,0,0,0,0,0,0,0,0
11,cube_soft,1141,105.864,-4.275,-5.175,-9.801,10.35,8.551,19.965,4.5,3.375,5.445,0.226,-4.05,-9.074,1,0,1141,0,0,0,279,0,105.864,0,2
11,cube_soft,1199,105.864,-5.176,-9.226,-12.703,11.25,11.25,17.061,22.5,18.675,22.867,3.826,-4.95,-2.539,0,0,1141,0,0,0,279,0,105.864,0,2
11,cube_soft,1249,105.776,-6.525,-10.575,-19.963,-7.65,-14.4,-14.883,8.1,7.875,7.623,18.676,13.5,24.322,0,0,1141,0,0,0,279,0,105.864,0,2
11,cube_soft,1300,105.776,3.824,-1.125,0.363,-5.85,-4.949,-6.896,12.15,8.774,11.979,-1.574,-9,-9.074,0,0,1141,0,0,0,279,0,105.864,0,2
11,cube_soft,1352,105.864,2.025,-2.476,-1.814,9.9,6.75,14.156,8.551,6.976,10.527,-14.174,-17.55,-23.594,0,0,1141,0,0,0,279,0,105.864,1352,2
11,cube_soft,1403,105.776,8.775,6.075,4.721,-11.7,-11.699,-13.432,2.7,2.024,-3.268,13.275,8.55,9.076,0,0,1141,0,0,0,279,0,105.864,1352,2
11,cube_soft,1454,105.776,-11.025,-8.325,-15.609,-4.95,-5.85,-6.17,14.85,10.125,11.979,2.926,-1.8,-4.717,0,0,1141,0,0,0,279,0,105.864,1352,2
11,cube_soft,1505,105.776,-18.225,-21.825,-38.84,-4.051,-2.25,-3.994,3.6,-0.675,-3.268,3.826,-1.351,-3.266,0,0,1141,0,0,0,279,0,105.864,1352,2
11,cube_soft,1556,105.864,7.425,4.726,3.994,-7.2,-5.4,-5.445,10.35,11.925,14.156,-10.574,-17.55,-25.771,0,0,1141,0,0,0,279,0,105.864,1352,2
11,cube_soft,1607,105.776,18.675,17.325,24.322,-9.45,-7.199,-16.336,11.25,14.175,11.254,-2.024,-3.149,-11.979,0,0,1141,0,0,0,279,0,105.864,1352,2
11,cube_soft,1657,105.776,8.324,1.575,4.721,12.6,10.35,22.145,9.9,7.875,9.074,2.926,-3.149,-5.443,0,0,1141,0,0,0,279,0,105.864,1352,2
11,cube_soft,1707,105.864,1.125,-4.726,-2.539,-1.35,-2.699,-0.363,-7.199,-8.325,-19.238,-14.174,-15.3,-28.676,0,0,1141,0,0,0,279,0,105.864,1352,2
11,cube_soft,1759,105.776,-7.875,-10.575,-18.512,-2.7,-1.8,3.268,18.9,20.925,26.5,-5.625,-13.5,-19.963,0,0,1141,0,0,0,279,0,105.864,1352,2
11,cube_soft,1809,105.776,-13.275,-13.274,-22.867,-6.75,-9.9,-3.268,13.051,5.625,17.787,5.625,4.05,-0.361,0,0,1141,0,0,0,279,0,105.864,1352,2
11,cube_soft,1861,105.864,-20.475,-18.675,-38.113,-0.45,-2.25,-1.816,-11.699,-7.875,-16.336,3.826,2.25,-0.361,0,0,1141,0,0,0,279,0,105.864,1352,2
11,cube_soft,1912,105.864,-11.475,-13.726,-25.771,-11.25,-10.8,-9.074,7.2,6.075,-2.541,14.176,9,14.158,0,0,1141,0,0,0,279,0,105.864,1352,2
11,cube_soft,1963,105.864,-2.475,-6.524,-19.238,2.25,3.15,3.992,4.95,1.575,3.268,1.125,-4.5,-9.799,0,0,1141,0,0,0,279,0,105.864,1352,2
11,cube_soft,2015,105.864,-13.275,-15.976,-29.402,-0.45,-0.449,1.09,-1.35,-2.024,-11.254,-5.174,-11.25,-17.061,0,0,1141,0,0,0,279,0,105.864,1352,2
11,cube_soft,2065,105.864,-16.875,-18.675,-35.209,6.75,3.15,14.883,-2.25,-6.075,-10.527,6.076,0.45,3.268,0,0,1141,0,0,0,279,0,105.864,1352,2
11,cube_soft,2116,105.864,6.975,9.675,3.268,0,-2.25,-2.541,20.25,17.774,23.594,-7.875,-14.399,-22.867,0,0,1141,0,0,0,279,0,105.864,1352,2
11,cube_soft,2167,105.776,-2.926,-5.175,-11.252,6.3,2.7,14.156,-4.949,-2.925,-16.336,7.426,-1.351,1.814,0,1,1141,2167,0,0,279,274,105.864,1352,2
12,cube_soft,6,60.896,16.05,18.449,33.637,-18.45,-25.2,-30.977,9.149,10.95,20.328,14.1,10.65,19.842,0,0,0,0,0,0,0,0,0,0,0
12,cube_soft,57,61.512,2.025,0.899,-3.268,8.325,6.075,15.246,-3.375,1.351,-4.357,-0.899,-3.375,-2.904,0,0,0,0,0,0,0,0,0,0,0
12,cube_soft,108,63.448,18.449,15.074,31.582,-1.125,-3.375,5.809,8.774,10.574,15.246,-9,-8.774,-13.795,0,0,0,0,0,0,0,0,0,0,0
12,cube_soft,158,65.824,4.726,2.25,1.816,-11.701,-11.476,-21.416,-16.875,-18.226,-32.307,-8.551,-11.475,-10.164,0,0,0,0,0,0,0,0,0,0,0
12,cube_soft,209,68.816,24.3,18.9,32.668,-18.45,-22.95,-32.67,31.951,26.1,60.258,-13.051,-17.551,-26.137,0,0,0,0,0,0,0,0,0,0,0
12,cube_soft,259,71.632,-9.9,-5.85,-10.891,1.35,-5.4,-2.904,-5.85,-3.6,-19.602,-37.801,-36.899,-51.545,0,0,0,0,0,0,0,0,0,0,0
12,cube_soft,311,74.536,12.149,11.024,15.246,17.551,10.126,18.15,-6.751,-6.525,-3.268,-1.575,-3.376,-2.178,0,0,0,0,0,0,0,0,0,0,0
12,cube_soft,361,77.528,12.601,8.551,15.246,-1.351,-0.9,0,-2.25,1.35,-0.727,3.15,3.6,19.604,0,0,0,0,0,0,0,0,0,0,0
12,cube_soft,411,80.432,20.476,21.601,36.301,-6.525,-6.076,-3.629,18.899,20.25,27.953,-22.95,-21.824,-30.129,0,0,0,0,0,0,0,0,0,0,0
12,cube_soft,462,83.336,32.85,31.5,62.436,-28.801,-28.801,-37.025,27.899,28.8,47.189,4.95,3.149,2.176,0,0,0,0,0,0,0,0,0,0,0
12,cube_soft,512,86.24,-6.975,-9.899,-9.438,9.451,11.7,30.131,5.175,3.825,2.18,-27.675,-30.376,-36.299,0,0,0,0,0,0,0,0,0,0,0
12,cube_soft,562,89.056,17.1,15.751,28.316,0.9,3.375,12.705,-4.726,-3.376,-6.533,-13.049,-14.85,-17.787,0,0,0,0,0,0,0,0,0,0,0
12,cube_soft,612,91.96,8.1,7.649,9.438,-9.449,-10.801,-8.711,-4.949,-4.95,-12.34,-3.15,-6.75,-1.451,0,0,0,0,0,0,0,0,0,0,0
12,cube_soft,662,94.688,3.375,3.826,3.266,18.675,15.975,37.752,-3.15,-0.226,-2.904,-10.35,-6.075,-12.342,0,0,0,0,0,0,0,0,0,0,0
12,cube_soft,713,97.328,4.95,-0.676,-1.816,-8.55,-12.149,-11.979,-28.575,-23.176,-44.285,-18.001,-19.351,-29.404,0,0,0,0,0,0,0,0,0,0,0
12,cube_soft,763,99.792,-11.25,-12.15,-19.602,0,2.701,2.18,17.1,21.15,23.957,-15.75,-13.949,-31.217,0,0,0,0,0,0,0,0,0,0,0
12,cube_soft,813,102.168,-15.301,-21.15,-28.314,8.551,-0.449,16.697,-6.299,-5.399,-10.166,-28.35,-27.45,-50.818,0,0,0,0,0,0,0,0,0,0,0
12,cube_soft,864,104.632,28.351,16.649,37.025,11.7,7.2,13.795,4.95,7.2,3.631,-23.85,-26.549,-39.93,0,0,0,0,0,0,0,0,0,0,0
12,cube_soft,914,105.776,4.725,-0.226,-2.539,-7.65,-5.85,-6.17,3.6,3.825,1.816,-4.274,-9.899,-17.785,0,0,0,0,0,0,0,0,0,0,0
12,cube_soft,964,105.864,6.975,0.675,1.816,-5.85,-6.3,-3.268,3.6,2.925,1.816,11.476,7.2,7.623,0,0,0,0,0,0,0,0,0,0,0
12,cube_soft,1014,105.864,-1.125,-2.024,-9.801,9.9,11.7,13.43,0,2.024,1.816,-17.324,-20.7,-35.936,0,0,0,0,0,0,0,0,0,0,0
12,cube_soft,1064,105.864,1.574,0.675,-6.895,-6.75,-5.85,-4.719,-1.8,-2.476,-10.527,10.576,5.851,4.721,0,0,0,0,0,0,0,0,0,0,0
12,cube_soft,1114,105.864,-2.475,-6.524,-13.43,-9.9,-11.699,-11.979,7.65,1.575,4.719,0.676,-8.101,-11.252,1,0,1114,0,0,0,274,0,105.864,0,2
12,cube_soft,1172,105.864,1.574,-1.575,-5.443,13.05,12.6,21.418,-4.5,-0.226,-6.898,-4.274,-7.649,-11.979,0,0,1114,0,0,0,274,0,105.864,0,2
12,cube_soft,1222,105.864,-2.475,-2.476,-8.348,1.35,0,4.719,-1.8,-3.825,-8.35,8.326,3.149,0.363,0,0,1114,0,0,0,274,0,105.864,0,2
12,cube_soft,1272,105.864,-12.375,-15.075,-30.854,-1.35,-4.949,-2.541,-10.8,-6.976,-19.238,6.525,1.351,-0.361,0,0,1114,0,0,0,274,0,105.864,0,2
12,cube_soft,1322,105.864,-7.426,-11.476,-24.32,-9.45,-8.1,-3.268,1.35,1.125,-0.363,9.676,4.95,9.076,0,0,1114,0,0,0,274,0,105.864,1322,2
12,cube_soft,1373,105.864,-0.225,-0.226,4.721,-9.9,-11.25,-10.527,4.5,6.075,-1.09,14.625,9.899,15.609,0,0,1114,0,0,0,274,0,105.864,1322,2
12,cube_soft,1424,105.864,2.025,-0.226,-2.539,4.5,4.051,14.156,5.85,5.175,1.816,-1.125,-7.649,-9.074,0,0,1114,0,0,0,274,0,105.864,1322,2
12,cube_soft,1475,105.864,-3.375,-4.274,-9.074,-7.2,-8.1,-9.801,6.301,8.774,7.623,7.875,-1.8,-0.361,0,0,1114,0,0,0,274,0,105.864,1322,2
12,cube_soft,1526,105.864,-9.225,-10.575,-22.867,10.35,9,20.691,-0.449,3.375,-5.445,2.025,-4.5,-3.99,0,0,1114,0,0,0,274,0,105.864,1322,2
12,cube_soft,1576,105.864,-9.225,-14.175,-22.867,3.15,7.2,9.801,-3.15,-3.375,-14.883,6.525,-3.149,-3.99,0,0,1114,0,0,0,274,0,105.864,1322,2
12,cube_soft,1626,105.864,0.225,-2.476,-0.363,0,-2.699,-3.268,11.7,13.274,24.32,-2.924,-9.899,-13.43,0,0,1114,0,0,0,274,0,105.864,1322,2
12,cube_soft,1676,105.864,16.875,10.125,14.883,6.75,3.15,6.172,-8.1,-8.325,-22.145,-11.024,-18,-25.771,0,0,1114,0,0,0,274,0,105.864,1322,2
12,cube_soft,1726,105.864,-2.025,-7.875,-9.801,6.3,6.301,9.801,11.25,11.476,17.062,7.875,5.399,5.447,0,0,1114,0,0,0,274,0,105.864,1322,2
12,cube_soft,1777,105.864,-7.875,-10.575,-22.867,9.449,4.051,15.609,9.45,8.325,11.979,-2.475,-6.75,-9.799,0,0,1114,0,0,0,274,0,105.864,1322,2
12,cube_soft,1828,105.864,-16.875,-18.226,-33.758,7.199,3.6,9.801,-0.449,-1.575,-1.09,16.426,13.5,20.691,0,0,1114,0,0,0,274,0,105.864,1322,2
12,cube_soft,1878,105.864,-7.426,-9.226,-16.334,-8.1,-7.65,-8.348,9.9,7.425,9.801,11.476,7.2,6.898,0,0,1114,0,0,0,274,0,105.864,1322,2
12,cube_soft,1928,105.864,-14.625,-14.625,-27.949,-8.1,-8.55,-11.979,4.5,2.925,1.09,10.576,6.3,17.061,0,0,1114,0,0,0,274,0,105.864,1322,2
12,cube_soft,1978,105.864,2.025,-1.575,-5.443,7.65,0,-2.541,-9.9,-7.875,-11.254,-11.024,-18,-32.307,0,0,1114,0,0,0,274,0,105.864,1322,2
12,cube_soft,2028,105.864,-17.325,-21.375,-41.018,-1.35,-4.5,-2.541,14.85,11.024,12.705,1.576,-3.149,-7.623,0,0,1114,0,0,0,274,0,105.864,1322,2
12,cube_soft,2078,105.864,-18.676,-24.075,-42.469,16.199,14.85,32.307,1.35,1.125,1.09,4.275,1.8,-5.443,0,0,1114,0,0,0,274,0,105.864,1322,2
12,cube_soft,2128,105.864,-2.926,-3.825,-11.252,3.6,2.7,6.172,10.35,10.575,11.979,7.875,0,-3.266,0,1,1114,2128,0,0,274,270,105.864,1322,2
13,cube_soft,6,60.896,9.3,3.6,14.762,3.6,-0.899,8.229,2.399,-6.601,1.453,-18.75,-23.999,-26.621,0,0,0,0,0,0,0,0,0,0,0
13,cube_soft,56,61.512,3.826,9.449,12.705,-1.574,0.675,3.631,0.675,-0.45,-1.453,-7.649,-11.025,-15.244,0,0,0,0,0,0,0,0,0,0,0
13,cube_soft,107,63.536,13.949,11.024,24.322,-16.424,-20.024,-23.23,-1.576,1.125,2.178,-8.55,-7.875,-12.342,0,0,0,0,0,0,0,0,0,0,0
13,cube_soft,159,65.824,-7.875,-11.701,-18.512,-12.15,-12.825,-17.059,-24.975,-26.326,-45.375,-7.201,-9.676,-10.891,0,0,0,0,0,0,0,0,0,0,0
13,cube_soft,211,68.816,15.3,12.601,24.684,-11.7,-14.4,-18.15,19.801,12.15,35.574,-13.5,-16.65,-20.328,0,0,0,0,0,0,0,0,0,0,0
13,cube_soft,261,71.72,-3.6,-3.15,-4.357,13.5,3.6,15.246,-22.95,-15.75,-37.752,-29.7,-31.5,-37.025,0,0,0,0,0,0,0,0,0,0,0
13,cube_soft,313,74.712,14.851,9.674,24.684,23.4,17.775,37.754,8.55,7.425,19.965,-0.675,-2.476,1.451,0,0,0,0,0,0,0,0,0,0,0
13,cube_soft,364,77.704,8.551,4.5,15.246,-16.649,-17.551,-21.779,0.9,6.299,7.986,13.5,11.699,31.219,0,0,0,0,0,0,0,0,0,0,0
13,cube_soft,415,80.608,15.075,13.951,23.959,2.475,2.475,7.986,13.049,13.949,17.789,-5.85,-6.074,-3.994,0,0,0,0,0,0,0,0,0,0,0
13,cube_soft,466,83.6,12.6,13.049,23.957,-13.051,-9,-8.711,13.95,14.85,20.33,-1.8,-3.601,-1.453,0,0,0,0,0,0,0,0,0,0,0
13,cube_soft,517,86.504,11.475,9.9,25.412,4.051,7.2,14.16,4.726,7.875,9.439,-30.375,-30.376,-42.832,0,0,0,0,0,0,0,0,0,0,0
13,cube_soft,567,89.408,-5.399,-9.449,-12.344,-8.55,-5.399,-8.711,-14.4,-8.551,-10.891,-9,-8.101,-12.344,0,0,0,0,0,0,0,0,0,0,0
13,cube_soft,619,92.312,-3.826,-8.324,-11.979,-1.801,-8.1,-6.533,-15.075,-10.575,-16.697,3.15,0.676,-7.26,0,0,0,0,0,0,0,0,0,0,0
13,cube_soft,670,95.128,4.275,3.826,1.814,21.824,15.075,34.121,-11.699,-5.175,-18.15,9.001,9.225,14.52,0,0,0,0,0,0,0,0,0,0,0
13,cube_soft,722,97.768,5.851,1.574,3.992,-18,-22.5,-25.773,-11.926,-8.325,-18.875,11.249,10.8,17.061,0,0,0,0,0,0,0,0,0,0,0
13,cube_soft,773,100.144,0.451,-6.301,-4.355,-3.15,-4.5,-3.629,8.55,15.75,14.52,-14.851,-18.449,-27.588,0,0,0,0,0,0,0,0,0,0,0
13,cube_soft,824,102.608,6.301,4.726,3.631,6.75,5.625,8.713,-12.15,-13.725,-25.408,-0.899,-5.625,-13.432,0,0,0,0,0,0,0,0,0,0,0
13,cube_soft,875,105.072,24.75,13.5,30.492,1.801,2.7,4.357,8.551,8.1,13.068,-18.9,-22.5,-38.479,0,0,0,0,0,0,0,0,0,0,0
13,cube_soft,926,105.864,5.625,-0.226,-3.266,-1.801,-0.449,-1.09,15.75,13.726,22.867,-7.424,-9,-16.334,0,0,0,0,0,0,0,0,0,0,0
13,cube_soft,978,105.864,0.675,-6.075,-11.252,-4.051,-8.55,-2.541,16.65,14.625,21.416,10.576,3.601,9.076,0,0,0,0,0,0,0,0,0,0,0
13,cube_soft,1028,105.864,-17.775,-21.375,-35.936,7.65,2.7,10.527,-5.85,1.125,-6.898,-4.725,-11.7,-16.334,0,0,0,0,0,0,0,0,0,0,0
13,cube_soft,1079,105.864,-13.725,-17.774,-36.66,5.85,2.25,14.883,2.7,2.476,3.992,3.375,-4.05,-5.443,0,0,0,0,0,0,0,0,0,0,0
13,cube_soft,1130,105.864,3.375,-4.274,-3.266,-6.75,-7.199,-6.17,-1.35,1.125,-1.814,6.076,-2.25,0.363,1,0,1130,0,0,0,274,0,105.864,0,2
13,cube_soft,1188,105.864,5.625,2.024,0.363,9.9,7.65,14.156,-5.85,-5.625,-12.705,-11.475,-12.149,-23.594,0,0,1130,0,0,0,274,0,105.864,0,2
13,cube_soft,1239,105.864,-11.475,-17.325,-28.676,-2.25,-6.3,-1.816,2.7,-2.476,-1.814,-2.924,-9.45,-14.883,0,0,1130,0,0,0,274,0,105.864,0,2
13,cube_soft,1290,105.864,-6.525,-8.325,-11.977,-4.5,-8.55,-8.348,1.35,2.925,2.541,6.976,3.601,8.35,0,0,1130,0,0,0,274,0,105.864,0,2
13,cube_soft,1340,105.864,1.574,2.476,-2.539,-4.5,-8.55,-6.17,6.301,11.476,10.527,6.525,2.25,1.814,0,0,1130,0,0,0,274,0,105.864,1340,2
13,cube_soft,1391,105.864,-1.575,-8.325,-5.443,11.25,11.25,22.869,6.301,2.925,2.541,-17.774,-22.5,-33.031,0,0,1130,0,0,0,274,0,105.864,1340,2
13,cube_soft,1443,105.864,-5.625,-8.774,-19.963,-14.85,-17.1,-26.5,-1.35,1.125,-6.898,10.125,10.351,9.076,0,0,1130,0,0,0,274,0,105.864,1340,2
13,cube_soft,1493,105.864,6.525,6.524,6.898,10.35,6.75,9.076,-10.35,-11.925,-22.869,2.926,-1.8,-3.266,0,0,1130,0,0,0,274,0,105.864,1340,2
13,cube_soft,1544,105.864,11.025,3.375,12.705,2.25,1.801,-1.09,12.15,14.175,17.787,6.076,-0.45,-0.361,0,0,1130,0,0,0,274,0,105.864,1340,2
13,cube_soft,1593,105.864,5.175,2.024,3.268,-4.5,-6.3,-7.623,12.6,13.726,14.156,5.176,-2.25,2.541,0,0,1130,0,0,0,274,0,105.864,1340,2
13,cube_soft,1643,105.864,-11.475,-14.175,-20.689,7.199,5.4,13.43,-1.35,-0.675,1.816,13.726,9,14.158,0,0,1130,0,0,0,274,0,105.864,1340,2
13,cube_soft,1694,105.864,-6.975,-8.774,-19.238,7.199,4.95,14.156,1.801,4.274,0.363,20.926,19.351,26.5,0,0,1130,0,0,0,274,0,105.864,1340,2
13,cube_soft,1744,105.864,0.675,-1.575,-8.348,4.949,2.7,11.252,17.1,15.976,17.787,5.625,-2.7,2.541,0,0,1130,0,0,0,274,0,105.864,1340,2
13,cube_soft,1793,105.864,-12.375,-15.976,-27.223,5.85,2.25,7.623,2.25,3.375,5.445,29.025,19.351,33.76,0,0,1130,0,0,0,274,0,105.864,1340,2
13,cube_soft,1844,105.864,-21.825,-22.726,-43.922,-16.65,-15.75,-26.5,6.301,6.524,10.527,6.525,1.351,2.541,0,0,1130,0,0,0,274,0,105.864,1340,2
13,cube_soft,1895,105.864,0.675,-2.925,-3.992,2.25,1.35,5.445,1.801,-0.226,-3.992,10.576,4.95,1.09,0,0,1130,0,0,0,274,0,105.864,1340,2
13,cube_soft,1945,105.864,1.574,-3.375,-3.992,-3.15,-7.199,-5.445,2.7,5.625,1.09,24.525,20.7,34.486,0,0,1130,0,0,0,274,0,105.864,1340,2
13,cube_soft,1995,105.864,-9.225,-15.524,-28.676,-1.801,-0.449,4.719,-2.699,1.575,1.09,6.076,-0.899,0.363,0,0,1130,0,0,0,274,0,105.864,1340,2
13,cube_soft,2045,105.864,-13.725,-11.925,-28.676,11.699,7.2,14.156,16.2,14.175,17.787,12.375,8.101,10.529,0,0,1130,0,0,0,274,0,105.864,1340,2
13,cube_soft,2095,105.864,-2.025,-4.726,-13.43,19.35,20.7,32.307,7.2,8.774,2.541,22.726,18.45,27.953,0,0,1130,0,0,0,274,0,105.864,1340,2
13,cube_soft,2145,105.864,-3.825,-5.175,-17.785,22.05,17.551,34.484,-3.15,0.675,-5.445,21.375,18.899,27.227,0,1,1130,2145,0,0,274,271,105.864,1340,2
14,cube_soft,6,60.896,-8.249,-11.7,-16.455,-9.9,-15.749,-20.086,-2.101,-6.601,-5.082,-3.9,-9.6,-4.115,0,0,0,0,0,0,0,0,0,0,0
14,cube_soft,57,61.512,1.125,3.6,3.268,-7.875,-8.325,-11.615,-5.176,-6.75,-8.713,-18.45,-16.425,-25.41,0,0,0,0,0,0,0,0,0,0,0
14,cube_soft,109,63.536,30.149,25.875,40.293,0.676,-4.726,0,-5.625,-6.075,-5.809,-33.75,-35.774,-54.449,0,0,0,0,0,0,0,0,0,0,0
14,cube_soft,159,65.912,1.125,-4.5,-8.35,-12.601,-17.325,-27.949,-20.475,-23.625,-30.854,-4.051,-3.825,0,0,0,0,0,0,0,0,0,0,0,0
14,cube_soft,211,68.904,22.5,13.951,30.492,-14.851,-15.75,-16.697,16.65,5.85,30.492,-12.15,-18.45,-23.959,0,0,0,0,0,0,0,0,0,0,0
14,cube_soft,263,71.808,-3.15,-0.9,-2.18,16.199,7.65,19.602,-6.301,-1.799,-6.535,-7.2,-9.899,-3.629,0,0,0,0,0,0,0,0,0,0,0
14,cube_soft,314,74.8,14.851,10.574,25.41,13.5,6.976,17.424,-0.45,-2.476,3.992,2.476,-6.976,-4.357,0,0,0,0,0,0,0,0,0,0,0
14,cube_soft,365,77.704,15.75,15.301,29.766,15.3,9.449,21.781,18.45,17.549,26.863,-7.65,-8.551,-4.355,0,0,0,0,0,0,0,0,0,0,0
14,cube_soft,416,80.608,14.175,11.25,21.055,2.475,-1.576,2.906,29.699,33.75,55.541,-34.2,-34.425,-50.457,0,0,0,0,0,0,0,0,0,0,0
14,cube_soft,467,83.6,16.199,11.25,23.232,-19.801,-23.4,-30.49,4.95,5.4,8.713,14.85,10.8,15.244,0,0,0,0,0,0,0,0,0,0,0
14,cube_soft,519,86.592,11.926,11.701,24.686,-12.6,-12.6,-15.607,3.376,7.875,11.617,-24.524,-27.226,-33.395,0,0,0,0,0,0,0,0,0,0,0
14,cube_soft,569,89.496,5.851,2.25,2.176,-14.85,-16.199,-23.23,-3.15,5.4,1.451,1.8,2.25,5.08,0,0,0,0,0,0,0,0,0,0,0
14,cube_soft,620,92.4,10.125,7.426,19.238,6.75,0.45,15.244,2.475,2.476,11.617,1.35,0.225,-1.451,0,0,0,0,0,0,0,0,0,0,0
14,cube_soft,671,95.128,6.975,10.125,17.061,15.975,11.025,31.217,2.25,3.825,6.533,-28.35,-25.425,-45.738,0,0,0,0,0,0,0,0,0,0,0
14,cube_soft,722,97.768,13.5,8.324,14.883,13.95,9.451,17.062,-23.176,-23.176,-37.752,-9.45,-10.351,-10.527,0,0,0,0,0,0,0,0,0,0,0
14,cube_soft,772,100.232,-11.699,-14.85,-18.877,-3.6,-1.35,3.631,18.9,22.95,22.506,-21.601,-18.449,-42.107,0,0,0,0,0,0,0,0,0,0,0
14,cube_soft,823,102.608,14.85,7.876,10.891,-3.6,-6.975,-10.164,-3.15,0.676,-10.162,2.25,3.825,-2.541,0,0,0,0,0,0,0,0,0,0,0
14,cube_soft,874,104.984,14.851,-0.9,7.984,0.9,-2.25,-3.629,-10.8,-15.3,-19.602,-6.75,-13.949,-13.068,0,0,0,0,0,0,0,0,0,0,0
14,cube_soft,925,105.864,4.275,2.476,-0.363,-5.85,-8.55,-8.348,1.801,1.575,-3.268,1.125,-1.351,-3.99,0,0,0,0,0,0,0,0,0,0,0
14,cube_soft,977,105.864,-6.975,-6.075,-15.609,-13.95,-10.8,-18.514,6.301,8.774,6.896,-8.324,-13.05,-19.963,0,0,0,0,0,0,0,0,0,0,0
14,cube_soft,1028,105.864,-0.225,-2.476,-3.266,22.05,23.85,34.484,6.301,3.825,4.719,15.525,14.399,17.061,0,0,0,0,0,0,0,0,0,0,0
14,cube_soft,1078,105.864,2.025,4.274,1.816,4.05,4.5,11.979,2.25,5.625,0.363,9.226,4.5,5.447,0,0,0,0,0,0,0,0,0,0,0
14,cube_soft,1130,105.864,-10.125,-11.476,-24.32,5.85,4.5,11.252,22.5,22.726,31.582,5.625,1.351,1.09,1,0,1130,0,0,0,271,0,105.864,0,2
14,cube_soft,1187,105.864,7.425,1.575,0.363,-5.85,-8.1,-8.348,-4.05,-3.825,-11.254,9.676,8.101,8.35,0,0,1130,0,0,0,271,0,105.864,0,2
14,cube_soft,1238,105.864,5.175,-1.125,1.816,5.4,5.85,14.156,9,11.024,12.705,4.275,4.05,-2.539,0,0,1130,0,0,0,271,0,105.864,0,2
14,cube_soft,1289,105.864,10.574,4.726,9.803,9.9,7.65,11.252,4.051,0.675,-3.992,-20.475,-25.2,-43.922,0,0,1130,0,0,0,271,0,105.864,0,2
14,cube_soft,1340,105.864,-2.926,-4.274,-11.252,8.1,9,17.787,4.051,2.476,-6.172,3.826,-6.75,-6.17,0,0,1130,0,0,0,271,0,105.864,1340,2
14,cube_soft,1391,105.864,7.875,6.976,5.445,9.449,5.85,17.061,4.95,4.726,3.992,9.676,6.3,6.172,0,0,1130,0,0,0,271,0,105.864,1340,2
14,cube_soft,1442,105.864,-18.225,-21.825,-32.307,4.949,4.051,11.979,-11.25,-12.375,-19.965,7.875,0.899,0.363,0,0,1130,0,0,0,271,0,105.864,1340,2
14,cube_soft,1493,105.864,-0.225,-2.024,-9.801,5.4,4.051,10.527,16.65,14.625,19.965,-0.225,-6.75,-11.979,0,0,1130,0,0,0,271,0,105.864,1340,2
14,cube_soft,1543,105.864,-8.325,-7.875,-17.061,7.65,4.051,6.898,-1.35,0.226,-1.814,9.676,-0.45,3.268,0,0,1130,0,0,0,271,0,105.864,1340,2
14,cube_soft,1595,105.864,14.175,6.075,11.254,13.5,7.65,14.883,-1.35,1.575,-2.541,24.076,20.25,24.322,0,0,1130,0,0,0,271,0,105.864,1340,2
14,cube_soft,1646,105.864,-2.926,-7.425,-10.525,-4.95,-7.65,-7.623,4.051,3.375,2.541,7.875,-2.25,-2.539,0,0,1130,0,0,0,271,0,105.864,1340,2
14,cube_soft,1697,105.864,-8.325,-9.675,-16.334,-3.6,-1.35,1.09,-2.699,-2.476,-11.979,-2.475,-7.2,-12.705,0,0,1130,0,0,0,271,0,105.864,1340,2
14,cube_soft,1748,105.864,-2.025,-4.726,-9.801,19.35,18,34.484,0.9,2.925,-6.172,10.125,5.399,8.35,0,0,1130,0,0,0,271,0,105.864,1340,2
14,cube_soft,1799,105.952,-2.025,-12.375,-18.512,6.3,2.7,6.172,-6.3,-11.024,-17.787,11.926,7.2,15.609,0,0,1130,0,0,0,271,0,105.864,1340,2
14,cube_soft,1850,105.864,2.925,-4.726,-3.266,5.85,3.15,13.43,-0.449,-0.675,-2.541,14.625,9,9.803,0,0,1130,0,0,0,271,0,105.864,1340,2
14,cube_soft,1901,105.864,-5.176,-4.726,-9.801,3.6,3.15,6.172,-11.25,-11.925,-22.869,0.676,-2.25,-3.99,0,0,1130,0,0,0,271,0,105.864,1340,2
14,cube_soft,1952,105.864,-6.525,-4.274,-13.43,-1.801,-4.949,-0.363,16.2,14.175,23.594,9.676,6.3,9.803,0,0,1130,0,0,0,271,0,105.864,1340,2
14,cube_soft,2010,105.864,-2.926,-5.625,-14.156,-4.5,-9,-6.17,-6.75,-6.524,-15.609,11.476,6.75,4.721,0,0,1130,0,0,0,271,0,105.864,1340,2
14,cube_soft,2061,105.864,-1.125,-4.274,-10.525,3.15,3.6,4.719,3.15,3.375,6.896,7.426,4.95,4.721,0,0,1130,0,0,0,271,0,105.864,1340,2
14,cube_soft,2112,105.864,-12.375,-13.726,-23.594,2.699,4.5,9.076,12.15,13.726,14.883,15.076,5.851,11.254,0,0,1130,0,0,0,271,0,105.864,1340,2
14,cube_soft,2163,105.864,2.025,-3.825,-6.17,-9.45,-11.699,-7.623,8.551,5.625,3.992,11.025,5.399,12.707,0,1,1130,2163,0,0,271,268,105.864,1340,2
15,cube_soft,6,60.896,3.9,1.8,5.324,-16.65,-21.149,-30.25,7.8,9.149,13.068,13.65,7.501,20.568,0,0,0,0,0,0,0,0,0,0,0
15,cube_soft,57,61.424,1.576,6.299,6.17,1.575,-2.475,0,0.675,0.45,2.902,-24.3,-25.425,-38.479,0,0,0,0,0,0,0,0,0,0,0
15,cube_soft,107,63.448,14.399,12.824,22.145,-3.824,-8.325,-4.355,-5.176,-2.926,-7.26,-19.8,-18.675,-30.492,0,0,0,0,0,0,0,0,0,0,0
15,cube_soft,158,65.824,-9.675,-14.4,-20.689,-6.75,-6.075,1.09,-14.625,-13.275,-19.238,5.85,3.375,9.438,0,0,0,0,0,0,0,0,0,0,0
15,cube_soft,209,68.816,-9,-7.649,-18.875,-14.851,-11.7,-21.779,28.351,20.25,47.189,-7.65,-13.5,-13.795,0,0,0,0,0,0,0,0,0,0,0
15,cube_soft,260,71.632,8.551,7.65,16.697,4.05,-2.25,6.533,-13.5,-9.449,-21.781,-4.95,-8.549,-5.082,0,0,0,0,0,0,0,0,0,0,0
15,cube_soft,311,74.536,-6.75,-9.676,-13.793,-1.35,-3.374,5.082,-4.05,-7.425,1.814,-5.625,-11.925,-10.889,0,0,0,0,0,0,0,0,0,0,0
15,cube_soft,362,77.616,1.801,3.15,7.988,-15.75,-10.801,-17.424,19.35,19.799,30.492,7.65,4.949,10.891,0,0,0,0,0,0,0,0,0,0,0
15,cube_soft,413,80.52,18.226,16.65,31.219,-15.525,-12.826,-21.779,1.35,3.6,1.816,-8.551,-13.275,-13.432,0,0,0,0,0,0,0,0,0,0,0
15,cube_soft,464,83.512,-3.15,0.449,2.178,-33.301,-33.75,-52.998,12.601,14.85,22.506,-13.5,-13.95,-20.33,0,0,0,0,0,0,0,0,0,0,0
15,cube_soft,516,86.416,-4.725,-6.75,-5.807,-15.75,-14.4,-20.689,-2.024,-0.225,-2.178,-20.476,-20.476,-26.859,0,0,0,0,0,0,0,0,0,0,0
15,cube_soft,567,89.32,6.3,3.15,4.354,-10.35,-10.35,-13.068,-5.85,-1.35,-3.631,6.3,9,9.438,0,0,0,0,0,0,0,0,0,0,0
15,cube_soft,618,92.224,-4.275,-4.275,-7.621,-3.15,-6.3,-5.082,-19.575,-12.375,-26.135,3.15,0.676,0.727,0,0,0,0,0,0,0,0,0,0,0
15,cube_soft,670,95.04,15.975,14.625,24.32,22.275,13.725,33.395,-20.699,-17.775,-36.301,-4.95,-6.976,-5.807,0,0,0,0,0,0,0,0,0,0,0
15,cube_soft,721,97.768,-7.2,-12.375,-20.691,-22.5,-23.85,-37.391,-12.375,-7.426,-21.779,-8.101,-9,-6.898,0,0,0,0,0,0,0,0,0,0,0
15,cube_soft,772,100.232,-1.35,-3.6,-2.904,-4.95,-0.899,2.18,2.699,6.75,1.451,-28.351,-27.9,-53.723,0,0,0,0,0,0,0,0,0,0,0
15,cube_soft,823,102.608,3.15,-0.225,-1.449,20.25,21.375,40.656,8.55,10.575,0.729,9.9,6.976,14.158,0,0,0,0,0,0,0,0,0,0,0
15,cube_soft,874,105.072,18.451,12.149,27.588,-0.449,1.35,-5.807,-4.05,-9.9,-10.889,-10.35,-16.199,-26.861,0,0,0,0,0,0,0,0,0,0,0
15,cube_soft,925,105.864,-4.275,-10.575,-15.609,-11.25,-15.75,-16.336,-15.75,-14.175,-30.855,15.976,6.75,13.432,0,0,0,0,0,0,0,0,0,0,0
15,cube_soft,976,105.864,5.175,2.476,-2.539,-16.65,-14.4,-17.062,-10.35,-9.675,-19.965,4.275,-0.899,4.721,0,0,0,0,0,0,0,0,0,0,0
15,cube_soft,1028,105.864,6.074,6.976,9.803,-5.85,-4.05,-9.801,15.301,14.625,20.691,10.576,3.149,6.898,0,0,0,0,0,0,0,0,0,0,0
15,cube_soft,1079,105.864,-6.075,-7.425,-12.703,-2.7,-4.05,-0.363,-6.75,-5.625,-17.061,-3.375,-14.399,-22.867,0,0,0,0,0,0,0,0,0,0,0
15,cube_soft,1130,105.864,6.525,2.476,5.445,11.699,8.1,20.691,8.1,11.024,11.254,7.875,2.25,4.721,1,0,1130,0,0,0,271,0,105.864,0,2
15,cube_soft,1188,105.864,6.975,2.925,-2.539,-4.95,-5.85,-6.896,0.9,3.375,-2.541,-2.024,-6.3,-11.979,0,0,1130,0,0,0,271,0,105.864,0,2
15,cube_soft,1239,105.864,10.125,6.524,5.445,6.75,2.7,9.076,12.15,13.726,17.787,5.176,-1.351,-3.266,0,0,1130,0,0,0,271,0,105.864,0,2
15,cube_soft,1290,105.864,-9.676,-7.425,-19.963,-15.75,-16.199,-20.691,10.801,14.625,18.514,18.226,13.5,19.24,0,0,1130,0,0,0,271,0,105.864,0,2
15,cube_soft,1341,105.864,1.125,-2.925,-6.17,13.5,9.9,22.145,11.7,11.024,12.705,-3.375,-10.8,-14.156,0,0,1130,0,0,0,271,0,105.864,1341,2
15,cube_soft,1392,105.864,-8.325,-13.274,-19.238,16.199,16.65,27.225,9.9,14.175,14.156,13.726,5.399,4.721,0,0,1130,0,0,0,271,0,105.864,1341,2
15,cube_soft,1443,105.864,-2.025,-4.274,-8.348,-2.25,-8.1,-8.348,9,7.425,8.348,-2.475,-5.399,-14.156,0,0,1130,0,0,0,271,0,105.864,1341,2
15,cube_soft,1494,105.864,-8.775,-17.325,-25.771,-3.15,-4.949,-2.541,4.5,2.476,0.363,-4.725,-6.75,-15.607,0,0,1130,0,0,0,271,0,105.864,1341,2
15,cube_soft,1545,105.864,-2.926,-8.774,-18.512,-8.1,-7.65,-14.883,5.85,11.476,6.17,-17.324,-18.899,-27.225,0,0,1130,0,0,0,271,0,105.864,1341,2
15,cube_soft,1596,105.864,-6.975,-6.976,-19.238,-23.4,-23.4,-35.938,0.45,1.575,-0.363,2.476,-4.5,-3.266,0,0,1130,0,0,0,271,0,105.864,1341,2
15,cube_soft,1648,105.864,-5.625,-7.875,-17.785,7.199,4.051,6.172,3.6,2.925,-4.719,3.826,-3.149,-1.814,0,0,1130,0,0,0,271,0,105.864,1341,2
15,cube_soft,1699,105.864,8.324,5.175,5.445,-17.551,-18.449,-25.047,-3.15,-4.274,-6.172,8.326,3.601,-1.088,0,0,1130,0,0,0,271,0,105.864,1341,2
15,cube_soft,1749,105.864,-6.975,-9.226,-19.963,-9.9,-14.4,-17.787,20.7,22.726,26.5,14.625,13.95,16.336,0,0,1130,0,0,0,271,0,105.864,1341,2
15,cube_soft,1800,105.864,2.475,-0.226,-1.088,6.75,4.5,8.35,-23.85,-22.274,-36.664,5.625,0.899,-0.361,0,0,1130,0,0,0,271,0,105.864,1341,2
15,cube_soft,1850,105.864,10.574,9.226,7.625,15.75,15.75,26.498,1.35,-1.575,-3.268,-6.975,-9,-14.883,0,0,1130,0,0,0,271,0,105.864,1341,2
15,cube_soft,1901,105.864,-8.775,-12.375,-20.689,-2.7,-1.8,-0.363,-11.25,-11.925,-13.43,15.976,11.25,19.24,0,0,1130,0,0,0,271,0,105.864,1341,2
15,cube_soft,1952,105.864,-6.075,-11.476,-18.512,-12.6,-15.3,-19.238,1.35,0.226,-1.814,17.326,13.05,17.061,0,0,1130,0,0,0,271,0,105.864,1341,2
15,cube_soft,2003,105.864,-3.825,-7.875,-8.348,-6.301,-7.199,-11.254,13.95,15.976,15.609,0.676,-0.45,-1.814,0,0,1130,0,0,0,271,0,105.864,1341,2
15,cube_soft,2055,105.864,-9.225,-15.075,-25.047,-5.85,-6.3,-5.445,0.9,-0.675,-3.992,-0.674,-1.8,-5.443,0,0,1130,0,0,0,271,0,105.864,1341,2
15,cube_soft,2107,105.864,-11.475,-8.774,-23.594,-16.65,-16.65,-25.773,-9.449,-7.425,-16.336,13.275,6.75,6.898,0,0,1130,0,0,0,271,0,105.864,1341,2
15,cube_soft,2158,105.864,1.125,-5.175,-10.525,-22.051,-23.4,-38.113,4.5,5.625,6.896,8.326,4.05,8.35,0,1,1130,2158,0,0,271,268,105.864,1341,2
16,cube_soft,5,60.896,16.95,15.3,28.557,-2.7,-4.499,-10.648,15.45,14.1,23.959,1.5,-1.499,2.42,0,0,0,0,0,0,0,0,0,0,0
16,cube_soft,56,61.424,1.125,0.899,-2.541,-15.525,-16.874,-21.053,9.675,8.55,11.615,-31.499,-33.975,-50.094,0,0,0,0,0,0,0,0,0,0,0
16,cube_soft,107,63.536,14.85,7.875,17.789,1.125,-2.925,1.453,-15.525,-12.825,-26.137,-0.9,-2.024,0,0,0,0,0,0,0,0,0,0,0,0
16,cube_soft,157,65.824,-0.675,-2.25,-2.541,-7.65,-8.774,-13.43,-14.625,-15.976,-29.402,9.449,7.875,21.781,0,0,0,0,0,0,0,0,0,0,0
16,cube_soft,209,68.816,8.101,8.101,6.533,-12.601,-15.301,-18.877,6.301,0.45,19.602,-20.25,-20.25,-29.768,0,0,0,0,0,0,0,0,0,0,0
16,cube_soft,260,71.632,-14.4,-13.5,-26.137,-6.75,-13.05,-14.52,0.449,1.801,-2.904,-11.25,-12.149,-10.889,0,0,0,0,0,0,0,0,0,0,0
16,cube_soft,310,74.536,4.5,0.674,9.439,4.95,-0.225,2.18,2.249,2.925,14.883,3.375,-2.025,0.725,0,0,0,0,0,0,0,0,0,0,0
16,cube_soft,361,77.528,5.851,5.4,13.795,5.851,5.399,14.52,1.35,9.899,15.246,5.4,4.949,11.615,0,0,0,0,0,0,0,0,0,0,0
16,cube_soft,412,80.52,12.376,13.5,26.863,-7.426,-7.875,-5.807,9,9,11.254,-12.15,-11.025,-8.348,0,0,0,0,0,0,0,0,0,0,0
16,cube_soft,462,83.424,3.149,3.149,6.533,-21.15,-22.051,-31.217,15.75,17.1,26.137,10.35,6.75,13.793,0,0,0,0,0,0,0,0,0,0,0
16,cube_soft,512,86.328,15.975,15.301,26.863,-8.1,-8.1,-1.812,-12.825,-6.975,-11.615,-24.524,-23.175,-25.408,0,0,0,0,0,0,0,0,0,0,0
16,cube_soft,563,89.232,8.101,6.75,5.805,-9.449,-9.449,-8.711,3.6,11.25,22.504,-8.55,-10.351,-15.246,0,0,0,0,0,0,0,0,0,0,0
16,cube_soft,615,92.136,6.301,7.649,12.34,-15.75,-15.301,-11.617,-12.149,-13.05,-22.506,11.699,8.551,18.148,0,0,0,0,0,0,0,0,0,0,0
16,cube_soft,665,94.864,11.025,11.025,19.238,29.025,27.225,55.902,-15.3,-15.075,-18.877,-9.899,-8.325,-15.973,0,0,0,0,0,0,0,0,0,0,0
16,cube_soft,715,97.504,4.95,1.574,3.992,7.65,5.4,17.787,-24.525,-24.075,-41.383,-1.8,-6.3,-3.992,0,0,0,0,0,0,0,0,0,0,0
16,cube_soft,766,99.968,-8.549,-9.45,-16.699,8.55,7.65,17.426,26.55,28.35,38.479,-16.65,-18.9,-34.846,0,0,0,0,0,0,0,0,0,0,0
16,cube_soft,816,102.344,10.35,5.175,7.988,4.051,4.275,3.629,-12.15,-11.925,-26.135,-2.25,-2.925,-14.156,0,0,0,0,0,0,0,0,0,0,0
16,cube_soft,867,104.808,32.851,20.25,45.738,-2.699,-6.75,-9.438,-5.4,-4.949,-13.793,-6.75,-11.25,-13.068,0,0,0,0,0,0,0,0,0,0,0
16,cube_soft,917,105.864,9.675,2.925,3.994,6.75,6.301,17.061,1.35,4.726,-5.445,1.125,-2.25,1.814,0,0,0,0,0,0,0,0,0,0,0
16,cube_soft,968,105.864,3.375,-1.575,-6.17,7.199,8.551,14.883,-4.05,-5.175,-16.336,10.125,4.05,8.35,0,0,0,0,0,0,0,0,0,0,0
16,cube_soft,1019,105.864,-2.475,-2.476,-10.525,-10.35,-13.949,-18.514,-5.85,-1.125,-6.898,13.275,9,13.432,0,0,0,0,0,0,0,0,0,0,0
16,cube_soft,1069,105.864,-4.275,-7.425,-4.717,0,-2.699,-1.09,4.95,10.575,7.623,3.826,-1.8,-1.814,0,0,0,0,0,0,0,0,0,0,0
16,cube_soft,1121,105.864,10.574,9.226,17.062,-8.1,-11.25,-16.336,8.1,6.075,8.348,-16.424,-19.351,-34.482,1,0,1121,0,0,0,271,0,105.864,0,2
16,cube_soft,1179,105.952,3.375,2.925,0.363,-12.6,-12.6,-21.416,-14.4,-14.175,-24.322,-0.674,-4.95,-15.607,0,0,1121,0,0,0,271,0,105.864,0,2
16,cube_soft,1230,105.864,-8.775,-8.325,-11.252,6.3,4.95,5.445,7.65,12.825,9.074,7.875,-0.45,-0.361,0,0,1121,0,0,0,271,0,105.864,0,2
16,cube_soft,1281,105.864,14.175,9.226,14.158,4.5,8.551,14.883,-3.6,0.226,-7.623,8.775,5.399,5.447,0,0,1121,0,0,0,271,0,105.864,0,2
16,cube_soft,1332,105.864,-1.575,-6.976,-11.977,-4.051,-4.949,-7.623,18.9,13.274,19.238,5.625,-2.25,3.268,0,0,1121,0,0,0,271,0,105.864,1332,2
16,cube_soft,1384,105.864,6.525,5.175,3.268,-9,-7.65,-7.623,-6.3,-5.175,-14.883,3.375,-3.601,-6.17,0,0,1121,0,0,0,271,0,105.864,1332,2
16,cube_soft,1434,105.864,-3.375,-8.325,-13.43,7.65,6.301,15.609,7.2,9.675,10.527,13.726,6.3,9.076,0,0,1121,0,0,0,271,0,105.864,1332,2
16,cube_soft,1485,105.864,11.025,9.226,19.967,-3.15,-4.949,-7.623,4.5,5.625,-1.09,5.625,0,-4.717,0,0,1121,0,0,0,271,0,105.864,1332,2
16,cube_soft,1537,105.864,0.675,-1.575,-4.717,3.15,3.15,3.268,-4.5,-0.675,-6.898,10.576,4.5,7.623,0,0,1121,0,0,0,271,0,105.864,1332,2
16,cube_soft,1588,105.864,4.725,2.024,3.994,-1.801,-4.05,-7.623,12.6,11.024,14.156,5.176,0.899,4.721,0,0,1121,0,0,0,271,0,105.864,1332,2
16,cube_soft,1638,105.952,1.574,-2.024,-2.539,4.949,4.051,11.979,-2.699,-3.375,-9.801,-0.225,-4.5,-10.525,0,0,1121,0,0,0,271,0,105.864,1332,2
16,cube_soft,1690,105.864,4.275,-0.226,6.172,2.25,6.75,3.992,-14.4,-9.226,-27.225,13.275,8.55,9.076,0,0,1121,0,0,0,271,0,105.864,1332,2
16,cube_soft,1740,105.864,7.425,9.675,2.543,-5.4,-5.85,-6.17,-13.5,-12.375,-25.047,8.775,2.25,-1.814,0,0,1121,0,0,0,271,0,105.864,1332,2
16,cube_soft,1791,105.864,-8.775,-11.476,-17.785,6.3,3.6,8.35,-18.449,-20.024,-30.855,9.226,-1.8,9.076,0,0,1121,0,0,0,271,0,105.864,1332,2
16,cube_soft,1842,105.864,-2.025,-1.125,-4.717,-0.9,-4.05,-3.994,-9.449,-9.226,-19.965,10.125,5.399,10.529,0,0,1121,0,0,0,271,0,105.864,1332,2
16,cube_soft,1893,105.864,-3.825,-5.175,-11.252,0,0.45,2.541,7.2,10.575,10.527,-8.774,-9.45,-16.334,0,0,1121,0,0,0,271,0,105.864,1332,2
16,cube_soft,1944,105.952,2.925,1.125,-9.801,2.25,-0.9,5.445,1.801,2.024,1.09,-5.625,-9.45,-12.705,0,0,1121,0,0,0,271,0,105.864,1332,2
16,cube_soft,1995,105.864,2.925,-1.125,-3.992,-13.051,-13.5,-17.062,11.7,11.476,13.43,11.025,5.851,9.803,0,0,1121,0,0,0,271,0,105.864,1332,2
16,cube_soft,2046,105.952,-2.025,-4.274,-11.252,-9.9,-13.05,-15.609,9,7.425,9.074,9.226,2.25,0.363,0,0,1121,0,0,0,271,0,105.864,1332,2
16,cube_soft,2103,105.864,-1.575,-1.575,-2.539,5.85,2.7,9.801,-4.949,-7.425,-13.43,-11.024,-11.25,-23.594,0,0,1121,0,0,0,271,0,105.864,1332,2
16,cube_soft,2154,105.864,1.574,0.226,-3.266,0,-5.4,-0.363,15.301,17.774,18.514,0.676,-3.149,-5.443,0,1,1121,2154,0,0,271,267,105.864,1332,2
17,cube_soft,5,60.896,2.55,1.35,3.871,-15.75,-23.85,-24.441,10.499,8.249,14.52,-1.65,-3.3,-7.018,0,0,0,0,0,0,0,0,0,0,0
17,cube_soft,56,61.512,-11.024,-13.951,-22.143,6.525,7.876,9.439,-11.926,-8.101,-11.617,-14.399,-11.925,-20.328,0,0,0,0,0,0,0,0,0,0,0
17,cube_soft,107,63.448,6.299,6.524,5.445,0.676,0.226,7.26,-17.775,-21.825,-36.301,-13.5,-13.274,-24.684,0,0,0,0,0,0,0,0,0,0,0
17,cube_soft,159,65.912,-9.226,-8.101,-14.881,-6.301,-8.325,-11.979,-17.325,-18.676,-26.5,-5.851,-3.375,-2.902,0,0,0,0,0,0,0,0,0,0,0
17,cube_soft,210,68.816,15.75,13.951,20.328,1.351,0.449,7.986,12.601,8.551,28.314,-10.801,-12.6,-13.068,0,0,0,0,0,0,0,0,0,0,0
17,cube_soft,260,71.632,-19.8,-17.55,-36.301,13.949,4.5,15.246,-5.85,-1.35,-5.082,-17.1,-21.6,-17.422,0,0,0,0,0,0,0,0,0,0,0
17,cube_soft,312,74.624,7.2,7.875,9.439,-3.6,-2.925,-2.904,-10.351,-8.325,-10.527,-11.925,-20.925,-26.861,0,0,0,0,0,0,0,0,0,0,0
17,cube_soft,363,77.704,9.451,9.451,15.973,-7.2,-6.75,-5.809,-13.949,-6.75,-10.891,0.9,-4.051,5.809,0,0,0,0,0,0,0,0,0,0,0
17,cube_soft,415,80.696,-6.524,-3.6,-1.451,9.225,10.574,17.426,9,12.6,11.254,-12.6,-11.475,-11.979,0,0,0,0,0,0,0,0,0,0,0
17,cube_soft,467,83.688,0,2.25,-0.727,-16.65,-17.551,-25.408,12.601,19.8,26.137,-19.8,-22.5,-33.398,0,0,0,0,0,0,0,0,0,0,0
17,cube_soft,518,86.592,-2.025,-4.049,-2.178,-0.899,0.45,1.816,4.726,6.975,13.068,-20.024,-19.575,-24.684,0,0,0,0,0,0,0,0,0,0,0
17,cube_soft,569,89.584,9.899,7.65,7.984,-9.449,-7.649,-9.438,2.699,9,14.52,8.101,4.5,9.438,0,0,0,0,0,0,0,0,0,0,0
17,cube_soft,620,92.4,6.524,7.426,9.801,-14.851,-18.9,-23.959,-4.725,6.075,4.355,-1.8,-6.074,-7.984,0,0,0,0,0,0,0,0,0,0,0
17,cube_soft,671,95.216,-0.676,-2.924,-6.898,8.324,3.375,15.971,-5.85,-2.925,-14.52,-15.3,-11.476,-23.957,0,0,0,0,0,0,0,0,0,0,0
17,cube_soft,723,97.944,3.601,-2.025,-6.898,-4.949,-11.25,-11.252,-2.475,4.725,-1.451,6.749,6.3,11.254,0,0,0,0,0,0,0,0,0,0,0
17,cube_soft,774,100.32,-23.175,-25.2,-43.922,-16.425,-12.375,-22.143,-13.275,-14.626,-24.682,-7.875,-10.8,-19.604,0,0,0,0,0,0,0,0,0,0,0
17,cube_soft,825,102.784,-14.4,-17.325,-25.41,-1.35,0.225,-0.725,-7.2,-8.775,-18.148,-7.199,-8.325,-13.432,0,0,0,0,0,0,0,0,0,0,0
17,cube_soft,877,105.16,22.5,9.449,22.506,6.75,-1.35,5.082,9,11.25,6.535,-13.5,-16.199,-19.604,0,0,0,0,0,0,0,0,0,0,0
17,cube_soft,928,105.864,-2.475,-4.726,-9.074,-11.25,-10.8,-15.609,3.6,2.476,-1.814,8.326,2.25,3.994,0,0,0,0,0,0,0,0,0,0,0
17,cube_soft,979,105.864,3.824,2.024,-1.814,5.85,3.6,8.35,0,3.825,-6.172,8.326,6.3,5.447,0,0,0,0,0,0,0,0,0,0,0
17,cube_soft,1030,105.864,14.175,11.024,17.789,-8.551,-9.9,-17.787,0.9,1.125,-9.076,2.025,-4.5,-6.896,0,0,0,0,0,0,0,0,0,0,0
17,cube_soft,1080,105.864,2.925,0.675,-5.443,-2.7,-3.6,-2.541,-8.1,-8.774,-19.238,2.926,-1.8,-6.17,0,0,0,0,0,0,0,0,0,0,0
17,cube_soft,1132,105.864,-5.176,-4.726,-18.512,5.4,0.45,6.898,-3.6,-0.675,-10.527,-1.574,-8.55,-15.607,1,0,1132,0,0,0,268,0,105.864,0,2
17,cube_soft,1190,105.864,5.175,1.125,2.543,9,6.301,17.061,4.95,3.375,1.09,12.826,10.351,11.98,0,0,1132,0,0,0,268,0,105.864,0,2
17,cube_soft,1241,105.952,6.525,2.476,1.09,4.5,4.5,5.445,14.4,15.075,18.514,-2.024,-3.149,-14.883,0,0,1132,0,0,0,268,0,105.864,0,2
17,cube_soft,1291,105.864,2.925,3.825,-0.363,8.55,9.9,14.156,7.2,8.774,10.527,16.875,13.5,18.514,0,0,1132,0,0,0,268,0,105.864,0,2
17,cube_soft,1342,105.864,9.225,5.175,9.076,-10.801,-9,-16.336,11.7,11.024,14.883,2.926,-3.149,-5.443,0,0,1132,0,0,0,268,0,105.864,1342,2
17,cube_soft,1393,105.952,6.074,5.625,-1.088,-5.4,-5.85,-6.17,0,-2.024,-11.254,2.476,-5.399,-7.623,0,0,1132,0,0,0,268,0,105.864,1342,2
17,cube_soft,1443,105.952,4.725,-0.226,3.994,0.449,-2.699,-3.994,11.7,13.726,9.801,11.926,8.101,14.158,0,0,1132,0,0,0,268,0,105.864,1342,2
17,cube_soft,1494,105.952,-0.225,-6.524,-10.525,-2.25,-3.6,-1.09,-11.25,-15.075,-21.418,5.625,-4.05,-3.266,0,0,1132,0,0,0,268,0,105.864,1342,2
17,cube_soft,1545,105.864,3.375,-0.675,-2.539,-3.6,-5.85,-6.17,-0.449,0.226,-0.363,6.976,2.25,8.35,0,0,1132,0,0,0,268,0,105.864,1342,2
17,cube_soft,1597,105.864,-18.676,-26.325,-41.018,-6.301,-4.949,-5.445,-0.9,-0.675,-11.254,10.125,6.75,8.35,0,0,1132,0,0,0,268,0,105.864,1342,2
17,cube_soft,1648,105.864,8.775,5.625,7.625,-17.1,-14.4,-22.869,-3.6,-4.274,-14.156,-6.975,-7.2,-15.607,0,0,1132,0,0,0,268,0,105.864,1342,2
17,cube_soft,1699,105.864,-11.025,-16.875,-30.129,8.1,7.2,17.061,0.9,-2.024,-6.898,4.275,0,-3.266,0,0,1132,0,0,0,268,0,105.864,1342,2
17,cube_soft,1750,105.952,-4.275,-4.726,-11.252,-15.75,-16.199,-26.5,7.2,9.675,3.992,5.625,-0.899,0.363,0,0,1132,0,0,0,268,0,105.864,1342,2
17,cube_soft,1801,105.864,-4.275,-6.524,-19.963,9.449,8.1,13.43,15.75,15.524,19.965,-0.674,-8.101,-8.348,0,0,1132,0,0,0,268,0,105.864,1342,2
17,cube_soft,1852,105.952,-6.075,-6.976,-17.785,6.3,3.6,3.992,20.25,20.024,23.594,-18.225,-25.649,-35.936,0,0,1132,0,0,0,268,0,105.864,1342,2
17,cube_soft,1901,105.864,-10.125,-11.024,-21.414,-10.801,-9.9,-13.432,18.45,20.925,25.773,-8.324,-7.649,-21.416,0,0,1132,0,0,0,268,0,105.864,1342,2
17,cube_soft,1952,105.864,6.975,8.325,8.352,-4.051,-6.75,-10.527,-3.15,0.226,-13.43,-4.274,-9.45,-11.979,0,0,1132,0,0,0,268,0,105.864,1342,2
17,cube_soft,2002,105.864,6.975,0.675,1.816,-4.95,-6.75,-7.623,11.7,7.425,9.074,1.125,-5.851,-11.979,0,0,1132,0,0,0,268,0,105.864,1342,2
17,cube_soft,2053,105.864,7.425,3.825,4.721,9.449,8.1,19.965,12.15,11.476,11.254,15.976,13.95,16.336,0,0,1132,0,0,0,268,0,105.864,1342,2
17,cube_soft,2104,105.952,-6.075,-8.325,-14.156,-5.85,-5.4,-6.17,14.4,14.625,16.336,11.476,7.2,7.623,0,0,1132,0,0,0,268,0,105.864,1342,2
17,cube_soft,2155,105.864,-3.825,-11.024,-18.512,3.6,6.75,13.43,-3.15,-2.476,-7.623,10.125,2.25,7.623,0,1,1132,2155,0,0,268,267,105.864,1342,2
18,cube_soft,6,60.896,12.9,10.8,22.748,-13.5,-17.1,-28.799,1.499,-2.101,-2.904,10.051,10.2,22.021,0,0,0,0,0,0,0,0,0,0,0
18,cube_soft,57,61.424,16.426,18,22.869,2.025,-1.124,-1.451,-12.825,-9,-10.166,-1.8,-2.925,-2.904,0,0,0,0,0,0,0,0,0,0,0
18,cube_soft,109,63.536,13.049,15.524,19.24,0.676,-6.524,0,-16.875,-14.625,-25.41,-18,-18.675,-24.684,0,0,0,0,0,0,0,0,0,0,0
18,cube_soft,160,65.912,-9.226,-9.9,-18.512,-9.451,-13.726,-17.059,-2.475,0.225,-8.35,-0.451,-2.475,-4.355,0,0,0,0,0,0,0,0,0,0,0
18,cube_soft,212,68.904,8.101,6.75,12.342,-12.149,-13.5,-12.342,37.351,37.35,65.34,-19.35,-23.4,-36.301,0,0,0,0,0,0,0,0,0,0,0
18,cube_soft,264,71.896,-17.55,-17.55,-21.781,-2.25,-9.9,-8.713,3.15,6.301,3.631,-9.45,-10.35,-14.52,0,0,0,0,0,0,0,0,0,0,0
18,cube_soft,314,74.8,-17.55,-17.775,-34.848,3.6,1.126,9.439,19.8,23.175,46.826,-10.125,-14.175,-23.232,0,0,0,0,0,0,0,0,0,0,0
18,cube_soft,364,77.704,-2.699,-4.049,-4.355,4.95,8.1,10.164,6.75,12.149,19.602,10.35,7.65,20.33,0,0,0,0,0,0,0,0,0,0,0
18,cube_soft,415,80.608,11.476,13.951,28.316,-21.825,-24.525,-36.299,27.449,35.549,51.184,-21.6,-17.775,-28.676,0,0,0,0,0,0,0,0,0,0,0
18,cube_soft,466,83.6,2.25,-0.9,2.904,-2.7,-5.4,-2.176,22.05,25.65,39.93,9,3.601,9.438,0,0,0,0,0,0,0,0,0,0,0
18,cube_soft,517,86.592,3.375,2.701,-0.725,-15.75,-16.199,-19.963,13.275,12.825,17.426,-22.726,-23.175,-29.766,0,0,0,0,0,0,0,0,0,0,0
18,cube_soft,567,89.408,5.399,0.45,-1.453,-1.8,-2.699,3.631,5.85,11.699,16.697,-15.75,-13.5,-18.877,0,0,0,0,0,0,0,0,0,0,0
18,cube_soft,617,92.224,-2.25,-2.7,1.451,-3.6,-0.9,9.438,-6.299,-4.95,-10.889,7.199,5.4,5.08,0,0,0,0,0,0,0,0,0,0,0
18,cube_soft,667,94.952,1.574,4.726,4.719,2.475,-1.574,6.533,2.25,-0.675,2.178,-5.399,-2.025,-7.986,0,0,0,0,0,0,0,0,0,0,0
18,cube_soft,718,97.592,1.8,-2.025,-6.898,-6.75,-7.199,-12.705,-10.125,-7.426,-18.148,3.149,-0.45,1.814,0,0,0,0,0,0,0,0,0,0,0
18,cube_soft,770,100.144,-11.25,-10.801,-15.973,-15.301,-14.85,-18.875,20.25,22.051,23.957,-19.801,-21.6,-37.025,0,0,0,0,0,0,0,0,0,0,0
18,cube_soft,822,102.608,11.25,8.325,13.07,-1.35,-4.275,0.727,-12.15,-10.125,-24.684,2.701,-2.476,-7.623,0,0,0,0,0,0,0,0,0,0,0
18,cube_soft,873,105.072,24.75,13.049,29.766,-3.15,-1.8,-4.355,3.15,1.801,3.631,-10.8,-13.049,-21.781,0,0,0,0,0,0,0,0,0,0,0
18,cube_soft,924,105.864,-6.975,-10.575,-18.512,-9.9,-13.05,-19.965,-4.5,-2.476,-10.527,1.576,-4.05,-9.799,0,0,0,0,0,0,0,0,0,0,0
18,cube_soft,976,105.864,3.824,2.476,3.994,2.25,0.45,8.35,7.2,6.976,9.801,-2.924,-11.7,-14.883,0,0,0,0,0,0,0,0,0,0,0
18,cube_soft,1026,105.864,0.675,-5.625,-10.525,-5.4,-1.8,-1.09,18.45,23.175,27.225,8.326,6.75,4.721,0,0,0,0,0,0,0,0,0,0,0
18,cube_soft,1077,105.864,1.574,-0.226,-4.717,-11.25,-6.75,-16.336,22.051,23.625,30.855,8.775,4.05,1.09,0,0,0,0,0,0,0,0,0,0,0
18,cube_soft,1128,105.864,-0.225,-2.024,-15.609,4.949,3.6,10.527,5.4,7.425,3.268,-4.725,-8.55,-11.252,1,0,1128,0,0,0,270,0,105.864,0,2
18,cube_soft,1186,105.864,0.675,-3.825,-2.539,-1.801,-4.5,-0.363,2.7,3.375,1.816,6.076,1.351,0.363,0,0,1128,0,0,0,270,0,105.864,0,2
18,cube_soft,1237,105.864,-8.325,-10.125,-18.512,9.449,6.301,13.43,7.2,7.875,11.254,9.676,5.399,5.447,0,0,1128,0,0,0,270,0,105.864,0,2
18,cube_soft,1288,105.864,-9.225,-11.024,-18.512,0.9,0.9,6.172,20.25,17.774,21.416,7.875,2.25,-1.088,0,0,1128,0,0,0,270,0,105.864,0,2
18,cube_soft,1338,105.864,-2.475,-4.726,-11.977,-10.35,-12.15,-10.527,12.15,9.226,14.156,-0.225,-5.399,-11.979,0,0,1128,0,0,0,270,0,105.864,1338,2
18,cube_soft,1389,105.952,0.225,-2.925,-0.363,6.3,1.35,6.898,4.95,4.274,5.445,-9.674,-16.649,-23.594,0,0,1128,0,0,0,270,0,105.864,1338,2
18,cube_soft,1440,105.864,6.074,3.375,2.543,-13.5,-12.6,-20.691,-1.35,-0.226,-5.445,1.576,-2.7,-0.361,0,0,1128,0,0,0,270,0,105.864,1338,2
18,cube_soft,1492,105.864,-6.075,-6.976,-20.689,6.3,6.75,15.609,10.801,12.825,11.254,-5.625,-9.45,-13.43,0,0,1128,0,0,0,270,0,105.864,1338,2
18,cube_soft,1542,105.864,-7.875,-10.575,-19.963,-0.45,-0.9,3.992,-8.1,-4.726,-13.43,17.326,12.149,21.418,0,0,1128,0,0,0,270,0,105.864,1338,2
18,cube_soft,1593,105.864,6.975,4.726,7.625,8.1,5.4,14.883,5.85,9.226,4.719,-2.924,-11.7,-14.883,0,0,1128,0,0,0,270,0,105.864,1338,2
18,cube_soft,1644,105.864,-3.375,-7.425,-19.963,-15.75,-18,-22.869,9.9,14.625,19.238,0.676,-0.899,-3.99,0,0,1128,0,0,0,270,0,105.864,1338,2
18,cube_soft,1696,105.864,-13.725,-18.226,-27.223,-16.65,-16.199,-25.047,-4.949,-3.825,-12.705,14.625,10.8,14.885,0,0,1128,0,0,0,270,0,105.864,1338,2
18,cube_soft,1748,105.864,-1.125,-4.726,-13.43,4.5,4.95,10.527,-4.949,-0.675,-9.801,10.576,0,2.541,0,0,1128,0,0,0,270,0,105.864,1338,2
18,cube_soft,1799,105.952,-5.176,-8.325,-18.512,-1.801,-3.15,-5.445,22.95,21.375,33.033,-5.174,-8.55,-17.785,0,0,1128,0,0,0,270,0,105.864,1338,2
18,cube_soft,1850,105.864,5.625,4.274,3.994,-13.051,-11.699,-18.514,-0.449,5.175,-4.719,4.275,-0.899,-5.443,0,0,1128,0,0,0,270,0,105.864,1338,2
18,cube_soft,1900,105.864,-1.125,-4.726,-12.703,7.65,9,13.43,-1.35,-0.675,-1.814,15.525,10.351,21.418,0,0,1128,0,0,0,270,0,105.864,1338,2
18,cube_soft,1951,105.864,-2.025,-5.175,-9.801,-9,-9,-12.705,-3.6,-0.226,-8.35,11.926,6.3,13.432,0,0,1128,0,0,0,270,0,105.864,1338,2
18,cube_soft,2003,105.864,-8.325,-7.425,-19.963,-2.25,2.7,0.363,0.45,2.476,-3.992,9.676,3.601,4.721,0,0,1128,0,0,0,270,0,105.864,1338,2
18,cube_soft,2054,105.864,-9.676,-10.575,-20.689,13.05,9.9,11.252,4.051,6.075,-2.541,29.476,22.05,32.307,0,0,1128,0,0,0,270,0,105.864,1338,2
18,cube_soft,2105,105.864,6.975,2.024,-1.088,-11.7,-7.199,-12.705,-14.4,-11.925,-22.869,13.726,11.7,21.418,0,0,1128,0,0,0,270,0,105.864,1338,2
18,cube_soft,2156,105.864,-10.575,-11.476,-26.498,-21.15,-20.699,-28.676,6.75,11.925,9.074,0.676,-2.25,-9.799,0,1,1128,2156,0,0,270,267,105.864,1338,2
19,cube_soft,5,60.896,-1.499,-2.25,3.145,-17.551,-23.85,-29.523,1.499,3.749,2.904,-3.9,-10.499,-9.197,0,0,0,0,0,0,0,0,0,0,0
19,cube_soft,56,61.512,-1.125,-3.15,-6.896,6.975,7.876,12.344,-17.325,-14.851,-22.508,-27.45,-28.125,-43.561,0,0,0,0,0,0,0,0,0,0,0
19,cube_soft,109,63.536,13.5,10.125,21.418,-9.674,-12.825,-6.533,-8.775,-9.676,-8.713,-20.25,-24.075,-29.039,0,0,0,0,0,0,0,0,0,0,0
19,cube_soft,159,65.912,-1.575,-2.25,-0.361,-4.051,-5.625,-3.992,0.225,0.225,-0.361,-2.25,-3.375,-1.451,0,0,0,0,0,0,0,0,0,0,0
19,cube_soft,211,68.904,5.851,2.25,2.902,-9.45,-12.6,-12.342,33.301,26.1,49.367,-9.45,-14.4,-15.973,0,0,0,0,0,0,0,0,0,0,0
19,cube_soft,262,71.72,-4.5,1.35,2.902,5.85,-0.9,10.164,22.949,30.15,38.477,-4.95,-9.899,-2.902,0,0,0,0,0,0,0,0,0,0,0
19,cube_soft,313,74.712,9.899,10.574,16.699,14.4,9.226,21.781,-0.9,3.374,6.896,-5.175,-8.325,-9.438,0,0,0,0,0,0,0,0,0,0,0
19,cube_soft,364,77.704,2.701,3.15,9.439,2.7,3.149,2.904,-4.05,-1.801,2.902,5.85,4.949,13.795,0,0,0,0,0,0,0,0,0,0,0
19,cube_soft,415,80.608,8.325,13.051,21.781,3.824,2.924,8.713,6.299,13.5,17.062,7.65,11.025,19.967,0,0,0,0,0,0,0,0,0,0,0
19,cube_soft,464,83.512,5.399,-1.801,6.533,-14.4,-16.65,-19.6,8.55,11.25,13.068,9,5.399,8.711,0,0,0,0,0,0,0,0,0,0,0
19,cube_soft,516,86.504,-2.475,-3.149,1.453,2.701,0.45,13.434,-18.225,-13.725,-21.779,-24.976,-25.425,-28.312,0,0,0,0,0,0,0,0,0,0,0
19,cube_soft,567,89.408,12.601,11.25,12.34,0.9,0.9,5.809,10.8,18.449,29.039,7.649,10.35,17.424,0,0,0,0,0,0,0,0,0,0,0
19,cube_soft,618,92.312,-17.775,-19.574,-30.129,-2.701,-9,-10.891,-7.875,-3.825,-10.891,1.801,-2.025,-4.355,0,0,0,0,0,0,0,0,0,0,0
19,cube_soft,669,95.04,-13.275,-18.225,-37.391,20.475,16.426,34.121,7.65,7.874,18.875,14.851,16.874,24.686,0,0,0,0,0,0,0,0,0,0,0
19,cube_soft,720,97.768,-15.3,-18.676,-32.309,-0.9,-2.25,-2.541,-7.875,-6.075,-11.615,15.749,16.2,26.5,0,0,0,0,0,0,0,0,0,0,0
19,cube_soft,771,100.232,-6.75,-8.1,-7.988,-5.4,-2.25,-5.08,3.15,7.65,-2.904,-35.101,-31.949,-60.982,0,0,0,0,0,0,0,0,0,0,0
19,cube_soft,823,102.696,-3.15,-9.225,-15.971,9.9,9.676,16.697,4.95,2.926,-4.355,8.101,2.476,1.09,0,0,0,0,0,0,0,0,0,0,0
19,cube_soft,874,105.16,19.351,9.899,28.314,3.6,1.801,2.178,12.6,13.5,15.973,1.35,-5.399,-5.084,0,0,0,0,0,0,0,0,0,0,0
19,cube_soft,925,105.864,0.675,-5.175,-11.977,-11.25,-7.199,-13.432,-5.4,-5.625,-17.787,8.775,2.25,6.898,0,0,0,0,0,0,0,0,0,0,0
19,cube_soft,975,105.864,-0.225,-2.925,-11.252,-1.35,-1.8,-2.541,-1.8,0.675,1.816,27.676,23.851,30.855,0,0,0,0,0,0,0,0,0,0,0
19,cube_soft,1027,105.864,10.574,3.825,3.268,-15.301,-9.9,-14.156,14.4,15.524,18.514,10.576,3.601,6.172,0,0,0,0,0,0,0,0,0,0,0
19,cube_soft,1078,105.864,-19.125,-20.925,-36.66,-1.801,-4.05,-2.541,3.6,1.575,-6.172,-6.524,-11.7,-14.156,0,0,0,0,0,0,0,0,0,0,0
19,cube_soft,1129,105.864,-4.275,-7.875,-17.785,-13.051,-13.5,-17.062,12.15,12.825,14.156,2.025,-2.25,-6.17,1,0,1129,0,0,0,270,0,105.864,0,2
19,cube_soft,1187,105.864,6.074,2.476,-2.539,0,-0.9,0.363,21.6,23.625,31.582,6.076,5.399,7.623,0,0,1129,0,0,0,270,0,105.864,0,2
19,cube_soft,1237,105.864,12.375,7.875,5.445,-3.6,-2.699,-1.09,17.1,18.226,17.062,11.926,10.351,17.061,0,0,1129,0,0,0,270,0,105.864,0,2
19,cube_soft,1288,105.952,-11.926,-16.425,-28.676,-0.45,-4.5,-1.816,7.65,9.226,6.896,11.926,5.851,14.158,0,0,1129,0,0,0,270,0,105.864,0,2
19,cube_soft,1339,105.864,-5.625,-9.675,-16.334,-4.95,-7.65,-6.17,0.9,-0.675,-5.445,13.726,9.899,15.609,0,0,1129,0,0,0,270,0,105.864,1339,2
19,cube_soft,1390,105.952,8.324,6.075,3.994,2.25,1.35,14.156,-13.5,-12.825,-24.322,-0.225,-2.7,-5.443,0,0,1129,0,0,0,270,0,105.864,1339,2
19,cube_soft,1441,105.864,2.475,-2.476,-2.539,-4.5,-8.1,-3.994,7.65,8.325,10.527,17.775,9,21.418,0,0,1129,0,0,0,270,0,105.864,1339,2
19,cube_soft,1491,105.864,-17.775,-20.024,-34.484,11.699,6.75,11.252,18,14.175,19.238,5.176,3.149,-2.539,0,0,1129,0,0,0,270,0,105.864,1339,2
19,cube_soft,1542,105.864,-0.676,-6.075,-8.348,-8.1,-13.05,-12.705,10.35,6.976,10.527,16.426,14.399,25.049,0,0,1129,0,0,0,270,0,105.864,1339,2
19,cube_soft,1592,105.864,-13.275,-21.375,-40.293,-8.551,-6.3,-6.17,9.9,10.125,9.074,6.525,1.8,3.994,0,0,1129,0,0,0,270,0,105.864,1339,2
19,cube_soft,1644,105.864,5.175,-0.226,-2.539,-12.6,-14.4,-19.238,11.25,11.925,16.336,5.176,-2.7,0.363,0,0,1129,0,0,0,270,0,105.864,1339,2
19,cube_soft,1694,105.864,4.275,-3.375,-3.992,3.6,8.1,6.898,18,19.575,20.691,4.726,3.149,4.721,0,0,1129,0,0,0,270,0,105.864,1339,2
19,cube_soft,1745,105.864,0.675,-0.675,-3.266,5.85,4.051,13.43,4.051,4.726,3.268,24.525,20.7,28.678,0,0,1129,0,0,0,270,0,105.864,1339,2
19,cube_soft,1796,105.952,-18.225,-18.226,-37.387,-9.9,-14.85,-16.336,0.9,-3.375,-9.801,11.926,7.649,11.98,0,0,1129,0,0,0,270,0,105.864,1339,2
19,cube_soft,1847,105.864,6.975,0.675,2.543,-8.1,-5.4,-14.156,2.7,2.925,6.896,2.476,-4.05,-3.266,0,0,1129,0,0,0,270,0,105.864,1339,2
19,cube_soft,1898,105.864,-10.125,-11.476,-19.963,-4.95,-6.75,-3.994,2.7,4.726,1.09,-1.125,-4.95,-12.705,0,0,1129,0,0,0,270,0,105.864,1339,2
19,cube_soft,1948,105.864,-2.926,-1.125,-14.883,10.8,9,14.883,8.551,7.875,8.348,11.926,6.3,4.721,0,0,1129,0,0,0,270,0,105.864,1339,2
19,cube_soft,1998,105.864,-1.125,-6.075,-11.977,-18,-18.9,-22.143,3.6,6.976,2.541,5.625,0,5.447,0,0,1129,0,0,0,270,0,105.864,1339,2
19,cube_soft,2049,105.864,-4.725,-6.524,-18.512,13.949,13.5,19.965,5.85,5.175,3.992,4.726,4.95,3.268,0,0,1129,0,0,0,270,0,105.864,1339,2
19,cube_soft,2099,105.864,-0.225,2.925,-7.621,4.5,1.35,9.076,6.75,6.524,8.348,12.826,10.351,9.076,0,0,1129,0,0,0,270,0,105.864,1339,2
19,cube_soft,2150,105.864,3.375,-1.575,-9.074,0.449,0,1.09,-5.4,-2.476,-6.172,19.125,11.25,19.24,0,1,1129,2150,0,0,270,267,105.864,1339,2
20,cube_soft,6,60.896,6.15,1.35,8.227,-13.051,-21.149,-29.523,1.05,-3.9,5.082,-0.3,-0.6,3.871,0,0,0,0,0,0,0,0,0,0,0
20,cube_soft,57,61.512,-0.674,1.799,-0.363,-4.725,-3.374,-5.08,2.025,7.649,12.34,-28.8,-31.725,-40.656,0,0,0,0,0,0,0,0,0,0,0
20,cube_soft,108,63.536,25.199,18.674,31.582,6.076,1.125,10.891,0.225,0.675,5.082,-26.1,-28.125,-38.477,0,0,0,0,0,0,0,0,0,0,0
20,cube_soft,159,65.824,-4.274,-7.65,-9.801,-9.9,-10.575,-14.156,-4.725,-3.826,-3.992,-15.301,-11.475,-19.602,0,0,0,0,0,0,0,0,0,0,0
20,cube_soft,211,68.904,17.101,13.051,22.506,-7.649,-10.35,-13.795,2.701,-8.1,7.26,-2.25,-3.6,-3.629,0,0,0,0,0,0,0,0,0,0,0
20,cube_soft,261,71.72,-13.949,-12.6,-14.52,11.25,-2.25,12.342,9.9,14.4,14.52,-17.1,-18,-24.684,0,0,0,0,0,0,0,0,0,0,0
20,cube_soft,313,74.712,0.45,-1.125,0.727,-0.449,-6.975,-5.082,-3.15,-1.126,1.09,-2.925,-11.025,-10.889,0,0,0,0,0,0,0,0,0,0,0
20,cube_soft,364,77.704,11.701,9.9,21.055,-6.75,-8.101,-10.164,0.9,4.5,11.617,8.1,4.5,17.424,0,0,0,0,0,0,0,0,0,0,0
20,cube_soft,414,80.608,15.976,18,23.232,-6.075,-10.125,-13.066,18,20.699,30.857,-25.2,-28.125,-34.484,0,0,0,0,0,0,0,0,0,0,0
20,cube_soft,465,83.512,-4.051,-10.351,-8.713,-14.4,-11.7,-15.246,21.601,27.449,43.561,-3.6,-6.75,-5.084,0,0,0,0,0,0,0,0,0,0,0
20,cube_soft,516,86.504,2.025,7.65,8.715,-12.149,-13.949,-18.512,-10.124,-9.675,-25.41,-22.726,-29.476,-34.121,0,0,0,0,0,0,0,0,0,0,0
20,cube_soft,567,89.408,2.25,1.801,1.451,-23.85,-20.699,-30.492,0.449,5.4,17.424,18,20.25,41.381,0,0,0,0,0,0,0,0,0,0,0
20,cube_soft,618,92.312,-10.576,-11.025,-17.787,-9.451,-14.85,-13.068,-3.825,-3.375,-8.713,-9.449,-12.375,-22.506,0,0,0,0,0,0,0,0,0,0,0
20,cube_soft,670,95.128,7.875,4.275,6.17,13.725,11.025,22.506,-4.949,-5.175,-7.986,-4.95,0.675,-2.178,0,0,0,0,0,0,0,0,0,0,0
20,cube_soft,727,98.032,9,8.775,11.252,-4.949,-5.399,-6.172,-10.575,-0.676,-13.068,-2.7,-4.05,-3.992,0,0,0,0,0,0,0,0,0,0,0
20,cube_soft,778,100.496,1.126,-1.35,5.445,-9.225,-10.574,-13.43,14.174,14.624,19.605,-6.976,-9.449,-17.424,0,0,0,0,0,0,0,0,0,0,0
20,cube_soft,830,102.96,7.2,5.175,7.262,9.9,6.525,15.246,-1.351,-2.025,-8.711,5.4,3.825,4.719,0,0,0,0,0,0,0,0,0,0,0
20,cube_soft,881,105.336,-3.375,-5.175,-11.252,5.4,2.7,4.719,4.051,0.226,-6.898,13.726,4.95,11.98,0,0,0,0,0,0,0,0,0,0,0
20,cube_soft,933,105.864,-5.176,-2.925,-9.074,2.25,-0.449,1.814,2.7,4.726,4.719,14.176,6.3,12.707,0,0,0,0,0,0,0,0,0,0,0
20,cube_soft,983,105.864,2.475,0.675,-3.266,-11.7,-9.9,-13.432,9.9,6.976,8.348,10.125,7.2,3.268,0,0,0,0,0,0,0,0,0,0,0
20,cube_soft,1034,105.864,-9.676,-11.925,-25.047,3.15,5.85,8.35,11.7,10.575,16.336,3.375,-2.7,-2.539,0,0,0,0,0,0,0,0,0,0,0
20,cube_soft,1085,105.864,7.875,5.625,5.445,-10.35,-12.6,-17.062,4.051,4.726,1.09,-5.174,-12.149,-14.883,0,0,0,0,0,0,0,0,0,0,0
20,cube_soft,1136,105.864,10.125,5.175,3.994,-7.65,-9.9,-11.254,6.301,4.274,6.896,-2.024,-1.8,-3.266,1,0,1136,0,0,0,269,0,105.864,0,2
20,cube_soft,1194,105.864,-2.475,-1.125,-13.43,-4.95,-6.75,-6.17,1.35,0.675,-3.268,1.576,-4.5,-3.266,0,0,1136,0,0,0,269,0,105.864,0,2
20,cube_soft,1244,105.864,-14.176,-15.075,-30.129,-6.75,-4.05,-8.348,2.25,2.476,-4.719,-11.924,-18.45,-22.867,0,0,1136,0,0,0,269,0,105.864,0,2
20,cube_soft,1295,105.864,1.125,-5.175,-11.252,9,10.35,22.869,-11.25,-7.875,-19.238,-1.574,-6.75,-10.525,0,0,1136,0,0,0,269,0,105.864,0,2
20,cube_soft,1346,105.864,-6.525,-9.675,-18.512,11.25,7.2,17.061,3.6,-0.675,-5.445,9.226,1.351,9.803,0,0,1136,0,0,0,269,0,105.864,1346,2
20,cube_soft,1397,105.864,2.925,-2.024,-1.088,-1.801,-4.949,-8.348,2.25,6.524,4.719,-1.574,-5.851,-11.252,0,0,1136,0,0,0,269,0,105.864,1346,2
20,cube_soft,1448,105.864,-6.975,-8.774,-12.703,-14.85,-17.55,-25.773,16.2,15.524,19.238,0.226,-6.3,-7.623,0,0,1136,0,0,0,269,0,105.864,1346,2
20,cube_soft,1499,105.864,7.425,2.925,0.363,4.05,2.7,6.172,-0.449,0.675,-5.445,6.525,4.5,3.994,0,0,1136,0,0,0,269,0,105.864,1346,2
20,cube_soft,1550,105.864,-2.926,-4.274,-9.801,-3.15,-7.199,-9.801,11.7,11.024,13.43,4.275,-2.7,-6.896,0,0,1136,0,0,0,269,0,105.864,1346,2
20,cube_soft,1601,105.864,-7.875,-9.675,-19.238,-3.6,-4.5,-3.268,10.801,11.925,12.705,-11.475,-16.649,-31.58,0,0,1136,0,0,0,269,0,105.864,1346,2
20,cube_soft,1651,105.864,-25.426,-27.675,-41.744,3.15,5.85,9.801,0,3.375,-4.719,-2.924,-10.8,-16.334,0,0,1136,0,0,0,269,0,105.864,1346,2
20,cube_soft,1703,105.864,-0.225,-4.274,-11.252,6.3,5.4,7.623,0,1.575,-5.445,0.226,-1.8,-6.896,0,0,1136,0,0,0,269,0,105.864,1346,2
20,cube_soft,1754,105.864,2.925,0.675,-6.17,-3.6,-5.4,-6.17,21.15,24.075,34.484,2.926,-3.601,-9.799,0,0,1136,0,0,0,269,0,105.864,1346,2
20,cube_soft,1805,105.864,-6.525,-4.726,-14.156,0,2.25,3.992,-3.15,-1.125,-7.623,13.726,11.25,22.145,0,0,1136,0,0,0,269,0,105.864,1346,2
20,cube_soft,1856,105.864,-3.375,-6.524,-17.061,0.449,4.95,7.623,0,0.675,-3.268,10.576,6.3,5.447,0,0,1136,0,0,0,269,0,105.864,1346,2
20,cube_soft,1907,105.864,-4.275,-4.726,-15.609,-4.5,-6.3,-7.623,-13.5,-10.575,-21.418,13.275,9.899,11.98,0,0,1136,0,0,0,269,0,105.864,1346,2
20,cube_soft,1958,105.864,-0.225,-5.625,-11.977,-9.45,-8.1,-9.074,-4.5,-4.726,-10.527,-6.074,-13.05,-16.334,0,0,1136,0,0,0,269,0,105.864,1346,2
20,cube_soft,2010,105.864,-8.325,-5.625,-19.963,-4.051,-0.449,3.992,15.75,15.524,19.238,8.326,4.05,10.529,0,0,1136,0,0,0,269,0,105.864,1346,2
20,cube_soft,2061,105.864,-3.375,-3.825,-13.43,-1.35,-3.6,1.09,19.35,17.774,26.5,-12.375,-17.55,-27.951,0,0,1136,0,0,0,269,0,105.864,1346,2
20,cube_soft,2112,105.864,-0.676,-1.575,-1.088,-9.9,-10.35,-19.965,7.2,5.625,0.363,0.676,-3.149,-9.799,0,0,1136,0,0,0,269,0,105.864,1346,2
20,cube_soft,2164,105.864,5.175,2.024,1.816,4.949,5.85,13.43,18.9,19.125,21.416,8.775,6.3,6.172,0,1,1136,2164,0,0,269,266,105.864,1346,2
21,cube_stiff,6,60.896,3.449,1.65,-0.727,-1.8,-3.751,-7.26,3.601,-2.699,-11.373,-4.35,-3.899,-18.875,0,0,0,0,0,0,0,0,0,0,0
21,cube_stiff,57,61.512,-0.226,3.824,5.445,-17.775,-16.65,-27.951,10.799,12.15,14.156,-0.45,1.574,-1.453,0,0,0,0,0,0,0,0,0,0,0
21,cube_stiff,108,63.536,-22.274,-20.7,-41.383,-25.649,-23.399,-39.932,15.3,17.549,22.145,10.126,11.475,16.699,0,0,0,0,0,0,0,0,0,0,0
21,cube_stiff,159,65.912,-18.449,-22.274,-33.033,-17.775,-18,-23.957,-13.95,-17.774,-20.328,2.925,6.074,1.088,0,0,0,0,0,0,0,0,0,0,0
21,cube_stiff,211,68.904,-3.6,-10.799,-6.535,3.149,2.699,2.904,17.101,19.801,27.588,-4.5,-3.6,-10.889,0,0,0,0,0,0,0,0,0,0,0
21,cube_stiff,262,71.72,10.35,12.15,15.246,-21.15,-20.7,-36.301,9.449,13.95,13.795,-9.451,-9.451,-10.889,0,0,0,0,0,0,0,0,0,0,0
21,cube_stiff,312,74.624,10.801,10.8,19.965,-29.024,-31.5,-43.559,3.6,1.8,2.902,9,3.826,9.801,0,0,0,0,0,0,0,0,0,0,0
21,cube_stiff,362,77.44,13.051,13.05,22.508,-15.75,-10.351,-24.684,11.25,14.85,13.068,-13.5,-16.649,-22.506,0,0,0,0,0,0,0,0,0,0,0
21,cube_stiff,414,80.08,5.4,3.6,2.904,-8.1,-7.65,-8.711,-12.149,-9.9,-14.52,-9.9,-10.799,-13.795,0,0,0,0,0,0,0,0,0,0,0
21,cube_stiff,465,82.368,-23.399,-27.226,-48.641,-5.85,4.051,-5.445,6.975,8.1,7.26,2.924,-11.25,4.357,0,0,0,0,0,0,0,0,0,0,0
21,cube_stiff,516,84.392,-14.625,-19.575,-35.213,-16.875,-15.75,-34.121,2.926,3.825,-0.363,0.9,-15.75,2.178,0,0,0,0,0,0,0,0,0,0,0
21,cube_stiff,567,86.504,10.125,5.85,1.088,-2.025,3.825,-14.883,9.899,14.851,11.98,2.25,-27.899,-1.453,0,0,0,0,0,0,0,0,0,0,0
21,cube_stiff,618,88.44,2.025,-2.699,-15.246,-15.975,-17.55,-42.471,13.95,11.925,5.082,-14.4,-37.576,-16.336,0,0,0,0,0,0,0,0,0,0,0
21,cube_stiff,669,90.288,0.451,-4.5,-6.533,-22.05,-23.851,-56.627,9.449,9.9,5.082,-5.851,-34.649,-2.902,0,0,0,0,0,0,0,0,0,0,0
21,cube_stiff,720,92.048,-0.449,-1.35,-20.328,8.549,2.25,-10.164,-1.35,4.051,-6.533,-18.899,-49.051,-21.779,0,0,0,0,0,0,0,0,0,0,0
21,cube_stiff,772,93.896,-18,-21.15,-46.463,-11.25,-10.8,-39.93,14.4,13.95,11.615,-19.351,-55.351,-19.602,0,0,0,0,0,0,0,0,0,0,0
21,cube_stiff,822,95.832,3.6,-0.449,-14.52,-21.6,-19.35,-59.533,-12.149,-6.301,-22.508,-25.201,-66.149,-38.479,0,0,0,0,0,0,0,0,0,0,0
21,cube_stiff,874,96.8,-4.949,-4.274,-28.312,4.5,3.601,-20.328,17.101,14.399,11.617,-8.325,-44.325,2.904,0,0,0,0,0,0,0,0,0,0,0
21,cube_stiff,924,96.888,-8.1,-6.976,-31.217,1.8,8.551,-23.957,-23.85,-26.101,-52.271,-9.675,-44.774,1.451,1,0,924,0,0,0,629,0,96.888,0,1
21,cube_stiff,982,96.888,-13.049,-8.774,-36.299,2.7,5.4,-22.506,6.301,5.399,-11.615,-20.476,-51.524,-15.973,0,0,924,0,0,0,629,0,96.888,0,1
21,cube_stiff,1033,96.888,4.5,-0.675,-16.697,5.851,4.5,-19.602,-17.549,-17.551,-39.203,-6.524,-42.976,3.629,0,0,924,0,0,0,629,0,96.888,0,1
21,cube_stiff,1084,96.888,1.351,1.125,-25.41,5.851,8.101,-14.52,-3.149,-4.951,-18.875,-24.075,-58.726,-25.41,0,0,924,0,0,0,629,0,96.888,0,1
21,cube_stiff,1135,96.888,5.4,3.825,-23.957,8.55,10.801,-9.438,-0.449,-1.351,-12.342,-19.575,-51.075,-18.15,0,0,924,0,0,0,629,0,96.888,1135,1
21,cube_stiff,1187,96.888,-1.35,-8.774,-29.039,7.649,8.101,-10.891,-1.799,-4.5,-9.438,-20.925,-53.774,-18.877,0,0,924,0,0,0,629,0,96.888,1135,1
21,cube_stiff,1238,96.888,-13.049,-16.875,-44.285,21.149,21.601,4.355,-2.25,-4.951,-8.711,-7.425,-41.175,4.355,0,0,924,0,0,0,629,0,96.888,1135,1
21,cube_stiff,1289,96.888,-23.399,-25.425,-63.887,13.95,16.65,-8.711,10.351,11.25,8.713,-6.524,-49.726,-4.357,0,0,924,0,0,0,629,0,96.888,1135,1
21,cube_stiff,1341,96.888,0.9,1.575,-24.684,-4.95,-0.449,-29.766,-15.299,-16.65,-34.121,-21.375,-56.024,-21.055,0,0,924,0,0,0,629,0,96.888,1135,1
21,cube_stiff,1391,96.888,0.9,2.476,-15.246,4.5,7.201,-17.422,4.5,4.049,0.727,-15.075,-50.175,-13.068,0,0,924,0,0,0,629,0,96.888,1135,1
21,cube_stiff,1442,96.888,-7.649,-6.976,-36.299,5.399,9,-17.422,0.451,-5.851,-10.889,-1.575,-37.575,10.889,0,0,924,0,0,0,629,0,96.888,1135,1
21,cube_stiff,1492,96.888,7.201,9.226,-7.984,4.5,8.551,-16.697,0.451,-3.601,-7.986,11.925,-21.375,31.943,0,0,924,0,0,0,629,0,96.888,1135,1
21,cube_stiff,1544,96.888,-24.75,-26.325,-60.258,-0.899,4.5,-23.957,9.451,9.449,5.809,-8.325,-40.726,-3.631,0,0,924,0,0,0,629,0,96.888,1135,1
21,cube_stiff,1595,96.888,6.75,8.325,-8.711,21.601,28.351,13.795,-18.899,-19.351,-34.848,-12.375,-46.575,-9.439,0,0,924,0,0,0,629,0,96.888,1135,1
21,cube_stiff,1646,96.888,0.451,-0.226,-18.148,9.899,13.051,-13.068,1.351,0,-9.438,-3.375,-38.476,13.066,0,0,924,0,0,0,629,0,96.888,1135,1
21,cube_stiff,1697,96.888,4.951,3.825,-16.697,16.649,13.051,-10.164,6.75,0.449,-4.355,-8.774,-44.325,-0.002,0,0,924,0,0,0,629,0,96.888,1135,1
21,cube_stiff,1748,96.888,-11.699,-13.274,-45.012,12.149,16.201,-7.26,7.65,3.6,-2.904,-12.825,-47.476,-5.809,0,0,924,0,0,0,629,0,96.888,1135,1
21,cube_stiff,1799,96.888,-11.699,-14.175,-41.381,5.399,6.301,-23.23,2.701,2.25,-8.711,-14.625,-46.125,-7.986,0,0,924,0,0,0,629,0,96.888,1135,1
21,cube_stiff,1850,96.888,6.301,7.875,-10.164,-4.05,-0.449,-37.752,-11.699,-14.4,-26.861,-28.125,-65.925,-32.672,0,0,924,0,0,0,629,0,96.888,1135,1
21,cube_stiff,1902,96.888,4.051,4.274,-21.053,-4.05,-2.25,-37.752,5.851,4.949,2.904,-7.875,-42.075,2.178,0,0,924,0,0,0,629,0,96.888,1135,1
21,cube_stiff,1952,96.888,-1.35,-5.625,-25.41,9,13.951,-13.068,16.201,9,9.439,-16.425,-51.976,-10.891,0,1,924,1952,0,0,629,601,96.888,1135,1
22,cube_stiff,5,60.896,-19.051,-19.949,-29.766,-4.949,-3.3,-5.809,4.05,5.85,6.777,2.851,2.399,0.729,0,0,0,0,0,0,0,0,0,0,0
22,cube_stiff,57,61.424,-19.125,-20.025,-27.951,-21.825,-18,-34.486,24.75,23.4,39.566,-9,-11.025,-15.973,0,0,0,0,0,0,0,0,0,0,0
22,cube_stiff,108,63.448,-13.274,-13.95,-26.863,-2.25,-1.35,-4.357,9.45,9,14.16,-0.225,-2.025,2.18,0,0,0,0,0,0,0,0,0,0,0
22,cube_stiff,158,65.736,4.051,4.274,5.445,-14.625,-14.85,-24.684,6.749,4.274,5.807,10.574,6.975,15.609,0,0,0,0,0,0,0,0,0,0,0
22,cube_stiff,209,68.728,-2.25,1.351,-5.082,-0.45,3.15,1.451,19.351,18,18.877,-11.25,-13.5,-15.971,0,0,0,0,0,0,0,0,0,0,0
22,cube_stiff,260,71.632,10.35,13.051,16.697,-17.551,-13.5,-29.766,2.699,11.7,8.713,2.699,0.449,5.809,0,0,0,0,0,0,0,0,0,0,0
22,cube_stiff,310,74.448,1.801,1.35,2.541,-6.524,-4.5,-0.727,-6.75,-5.4,-7.262,0.451,-4.725,2.541,0,0,0,0,0,0,0,0,0,0,0
22,cube_stiff,360,77.352,12.6,15.75,21.781,-24.75,-20.701,-43.561,-9.45,-7.65,-19.602,1.35,-0.449,-2.178,0,0,0,0,0,0,0,0,0,0,0
22,cube_stiff,410,79.904,-4.95,-1.801,-15.973,-11.25,-13.5,-18.15,16.2,23.4,25.41,0.45,-4.949,-1.453,0,0,0,0,0,0,0,0,0,0,0
22,cube_stiff,461,82.192,-11.25,-16.65,-23.23,-18,-12.149,-22.506,-2.25,-7.649,-16.699,1.801,-8.551,9.439,0,0,0,0,0,0,0,0,0,0,0
22,cube_stiff,512,84.304,-4.275,-3.375,-14.885,-22.275,-21.15,-39.203,8.775,8.325,2.541,3.6,-16.199,0,0,0,0,0,0,0,0,0,0,0,0
22,cube_stiff,563,86.328,21.825,21.6,19.24,-0.675,1.575,-21.418,27.899,26.55,33.031,9.449,-11.7,13.793,0,0,0,0,0,0,0,0,0,0,0
22,cube_stiff,614,88.352,-13.275,-14.85,-41.381,-12.825,-11.7,-37.389,8.55,9.675,9.438,-0.9,-23.176,3.268,0,0,0,0,0,0,0,0,0,0,0
22,cube_stiff,666,90.2,-19.35,-20.699,-42.107,-10.8,-9.451,-39.203,12.149,17.101,7.984,-8.55,-31.5,-7.984,0,0,0,0,0,0,0,0,0,0,0
22,cube_stiff,716,91.872,-2.699,-3.6,-21.055,3.149,0.45,-23.232,5.85,5.851,-1.451,10.351,-21.6,23.232,0,0,0,0,0,0,0,0,0,0,0
22,cube_stiff,766,93.632,0.451,-5.85,-14.52,-16.199,-9,-40.656,18,15.3,15.246,-9,-44.551,0,0,0,0,0,0,0,0,0,0,0,0
22,cube_stiff,816,95.48,-21.601,-19.8,-49.365,-16.65,-13.5,-45.738,7.65,10.35,-1.453,1.35,-32.85,7.26,0,0,0,0,0,0,0,0,0,0,0
22,cube_stiff,867,96.624,-22.049,-17.774,-59.531,9.45,10.351,-13.793,21.15,15.75,13.068,0.226,-35.325,12.342,0,0,0,0,0,0,0,0,0,0,0
22,cube_stiff,917,96.624,-1.35,-1.575,-19.602,11.7,14.4,-7.984,11.701,9.449,13.068,-12.375,-47.925,-6.533,0,0,0,0,0,0,0,0,0,0,0
22,cube_stiff,968,96.624,-9.449,-11.925,-38.477,14.399,15.75,-4.355,-7.199,-10.801,-26.135,-13.274,-43.875,-13.068,0,0,0,0,0,0,0,0,0,0,0
22,cube_stiff,1019,96.624,5.4,2.024,-15.971,-7.649,-3.149,-31.217,0.9,-2.701,-7.26,-10.125,-39.825,5.807,0,0,0,0,0,0,0,0,0,0,0
22,cube_stiff,1070,96.624,-0.449,1.125,-17.424,-6.3,-0.899,-34.848,-13.949,-14.851,-29.041,-12.825,-45.226,-10.891,1,0,1070,0,0,0,611,0,96.624,0,2
22,cube_stiff,1128,96.624,-4.5,-6.075,-33.395,-1.351,0.9,-37.025,-5.85,-10.351,-21.053,-9.226,-42.524,2.178,0,0,1070,0,0,0,611,0,96.624,0,2
22,cube_stiff,1178,96.624,1.801,-0.675,-15.971,-1.351,-2.25,-33.395,-3.149,-6.75,-17.424,-12.375,-42.976,-2.904,0,0,1070,0,0,0,611,0,96.624,0,2
22,cube_stiff,1230,96.624,-13.5,-13.726,-45.738,-2.7,-2.699,-29.039,-4.049,-5.851,-17.424,-2.476,-37.125,8.711,0,0,1070,0,0,0,611,0,96.624,0,2
22,cube_stiff,1281,96.624,-19.35,-16.875,-50.092,-14.851,-12.6,-46.463,28.801,26.1,32.67,-6.524,-42.976,2.904,0,0,1070,0,0,0,611,0,96.624,1281,2
22,cube_stiff,1332,96.624,2.25,-1.575,-14.52,-2.25,0,-33.395,16.201,14.85,12.342,13.726,-21.375,34.121,0,0,1070,0,0,0,611,0,96.624,1281,2
22,cube_stiff,1384,96.624,-16.649,-13.726,-46.463,1.351,3.15,-24.684,3.601,2.25,1.451,-9.226,-42.524,-9.439,0,0,1070,0,0,0,611,0,96.624,1281,2
22,cube_stiff,1434,96.624,-0.899,-3.825,-19.602,18,21.601,-0.725,0,-1.801,-7.986,6.976,-24.976,24.684,0,0,1070,0,0,0,611,0,96.624,1281,2
22,cube_stiff,1484,96.624,2.701,4.274,-14.52,12.149,17.101,-2.178,9,8.549,-2.178,-9.226,-39.825,2.904,0,0,1070,0,0,0,611,0,96.624,1281,2
22,cube_stiff,1534,96.624,-20.699,-21.825,-58.805,8.55,7.65,-20.328,3.601,2.25,0,-29.024,-60.976,-30.494,0,0,1070,0,0,0,611,0,96.624,1281,2
22,cube_stiff,1585,96.712,0,-2.024,-23.957,-2.25,-1.35,-34.121,2.701,-1.801,-1.451,-8.774,-42.976,-4.357,0,0,1070,0,0,0,611,0,96.624,1281,2
22,cube_stiff,1637,96.624,-5.399,-1.575,-27.586,-1.8,1.801,-26.137,-6.75,-11.25,-24.684,-11.925,-45.226,-9.439,0,0,1070,0,0,0,611,0,96.624,1281,2
22,cube_stiff,1688,96.624,-4.949,-3.825,-27.586,-8.101,-3.6,-37.025,1.801,-1.801,-4.355,-3.825,-39.825,5.08,0,0,1070,0,0,0,611,0,96.624,1281,2
22,cube_stiff,1739,96.624,0.451,-2.024,-21.777,2.7,4.051,-21.779,-10.799,-17.551,-29.041,-15.075,-45.226,-10.891,0,0,1070,0,0,0,611,0,96.624,1281,2
22,cube_stiff,1790,96.624,1.351,-3.375,-20.326,11.7,14.851,-10.891,1.801,-1.801,-10.889,-6.976,-38.925,2.178,0,0,1070,0,0,0,611,0,96.624,1281,2
22,cube_stiff,1840,96.624,1.801,-2.024,-24.684,-4.5,-4.5,-29.766,7.65,3.149,3.631,-3.825,-38.024,4.355,0,0,1070,0,0,0,611,0,96.624,1281,2
22,cube_stiff,1890,96.624,3.15,2.925,-16.697,18,24.301,5.809,9.9,6.299,5.809,-2.925,-36.226,5.807,0,0,1070,0,0,0,611,0,96.624,1281,2
22,cube_stiff,1940,96.712,1.801,2.024,-17.424,15.75,17.551,1.453,6.301,2.699,0.727,-3.825,-37.575,15.244,0,0,1070,0,0,0,611,0,96.624,1281,2
22,cube_stiff,1990,96.624,-1.799,-2.925,-27.586,-16.649,-11.25,-52.271,-2.25,-8.101,-21.779,15.976,-19.125,37.025,0,0,1070,0,0,0,611,0,96.624,1281,2
22,cube_stiff,2041,96.624,-15.299,-12.825,-43.559,-2.25,1.351,-26.137,-4.049,-6.301,-16.697,-8.774,-38.476,2.178,0,0,1070,0,0,0,611,0,96.624,1281,2
22,cube_stiff,2093,96.624,-7.199,-7.875,-29.766,1.351,3.15,-28.314,-9,-10.351,-21.779,-11.024,-39.375,5.807,0,1,1070,2093,0,0,611,589,96.624,1281,2
23,cube_stiff,5,60.896,-20.4,-24,-33.396,-2.699,-1.501,-5.809,-11.7,-13.5,-23.715,-2.1,-2.55,-10.164,0,0,0,0,0,0,0,0,0,0,0
23,cube_stiff,56,61.512,7.424,5.175,14.883,-1.575,-4.95,-6.896,21.6,22.05,40.291,-7.2,-13.275,-15.973,0,0,0,0,0,0,0,0,0,0,0
23,cube_stiff,107,63.448,-5.175,-4.5,-7.986,-17.1,-21.6,-34.123,7.649,7.199,16.336,-2.925,-7.875,-6.533,0,0,0,0,0,0,0,0,0,0,0
23,cube_stiff,158,65.824,-25.65,-25.425,-43.197,-15.075,-18.9,-24.684,-0.9,4.726,2.902,2.475,-0.225,-1.09,0,0,0,0,0,0,0,0,0,0,0
23,cube_stiff,210,68.816,-22.5,-20.25,-39.93,-4.5,-1.35,-3.631,30.601,31.051,47.916,-7.2,-9,-7.984,0,0,0,0,0,0,0,0,0,0,0
23,cube_stiff,261,71.72,14.85,13.951,30.492,-10.801,-10.8,-22.506,-1.801,4.5,-2.904,-11.25,-11.25,-10.164,0,0,0,0,0,0,0,0,0,0,0
23,cube_stiff,312,74.624,2.25,0.9,-1.814,-19.575,-18,-20.326,0,-4.051,-7.262,-16.649,-24.975,-27.227,0,0,0,0,0,0,0,0,0,0,0
23,cube_stiff,362,77.44,3.6,3.601,2.18,-20.25,-18.451,-37.025,6.75,7.199,7.262,-8.101,-9.449,-7.986,0,0,0,0,0,0,0,0,0,0,0
23,cube_stiff,415,80.08,-25.65,-22.951,-44.287,-12.149,-9.9,-15.973,32.851,32.4,46.465,-27.449,-37.35,-48.645,0,0,0,0,0,0,0,0,0,0,0
23,cube_stiff,466,82.456,-21.149,-24.075,-42.107,-16.649,-12.15,-32.307,-6.976,-12.15,-21.055,-6.525,-20.25,-3.629,0,0,0,0,0,0,0,0,0,0,0
23,cube_stiff,518,84.48,-2.025,-4.275,-10.527,5.625,4.5,3.631,0.676,-0.675,-5.445,-8.1,-26.1,-11.615,0,0,0,0,0,0,0,0,0,0,0
23,cube_stiff,569,86.68,15.075,12.15,11.254,-9.225,-5.175,-27.951,2.7,0.899,1.814,9,-11.7,17.424,0,0,0,0,0,0,0,0,0,0,0
23,cube_stiff,620,88.616,-3.375,-2.699,-17.424,13.725,14.399,13.43,19.8,20.475,20.328,-33.75,-53.326,-49.006,0,0,0,0,0,0,0,0,0,0,0
23,cube_stiff,671,90.376,1.35,-3.149,-13.793,0.676,2.475,-21.418,-2.25,-3.375,-11.252,-37.799,-64.575,-59.533,0,0,0,0,0,0,0,0,0,0,0
23,cube_stiff,723,92.048,-3.149,-0.449,-13.795,-0.9,-3.149,-26.863,2.25,2.701,0.727,4.5,-22.5,18.875,0,0,0,0,0,0,0,0,0,0,0
23,cube_stiff,774,93.808,-12.149,-17.55,-34.848,-7.65,-6.75,-37.752,14.4,13.95,11.615,-15.3,-47.25,-18.877,0,0,0,0,0,0,0,0,0,0,0
23,cube_stiff,825,95.656,-25.201,-24.75,-57.352,6.3,8.101,-10.891,-19.35,-19.801,-41.383,-16.65,-53.1,-26.137,0,0,0,0,0,0,0,0,0,0,0
23,cube_stiff,876,96.448,-19.801,-24.3,-52.996,-8.1,-4.949,-34.123,0,-0.45,-3.631,1.799,-29.699,4.355,0,0,0,0,0,0,0,0,0,0,0
23,cube_stiff,928,96.448,-18.899,-17.774,-45.738,2.7,1.351,-19.602,4.951,0,-8.711,-13.274,-44.325,-11.617,0,0,0,0,0,0,0,0,0,0,0
23,cube_stiff,979,96.448,-8.101,-10.35,-34.121,8.55,13.951,-10.166,1.801,4.05,3.629,-24.301,-57.6,-32.672,0,0,0,0,0,0,0,0,0,0,0
23,cube_stiff,1030,96.448,-27.451,-26.1,-55.174,-16.2,-15.299,-43.561,-11.25,-10.801,-23.959,-4.051,-36.449,-2.906,0,0,0,0,0,0,0,0,0,0,0
23,cube_stiff,1082,96.536,-11.25,-17.1,-37.75,2.699,1.351,-19.604,-14.85,-13.051,-25.412,0.449,-28.35,4.355,1,0,1082,0,0,0,578,0,96.536,0,2
23,cube_stiff,1141,96.536,-9.9,-12.15,-26.135,0,-0.449,-29.766,10.801,7.65,10.889,9.449,-21.6,18.875,0,0,1082,0,0,0,578,0,96.536,0,2
23,cube_stiff,1192,96.536,-2.701,-5.85,-21.051,9,8.551,-7.26,5.851,3.6,6.533,-9,-43.199,-7.986,0,0,1082,0,0,0,578,0,96.536,0,2
23,cube_stiff,1243,96.448,-9.9,-7.65,-30.49,-2.7,3.601,-24.686,4.5,4.05,2.902,-4.951,-31.5,-0.727,0,0,1082,0,0,0,578,0,96.536,0,2
23,cube_stiff,1293,96.448,-3.15,-3.6,-15.244,-8.551,-8.1,-37.752,10.351,7.65,11.615,-2.25,-37.799,4.355,0,0,1082,0,0,0,578,0,96.536,1293,2
23,cube_stiff,1344,96.448,-16.65,-18,-44.285,10.8,9.9,-8.713,-0.449,-0.9,-5.809,0.449,-35.1,0.727,0,0,1082,0,0,0,578,0,96.536,1293,2
23,cube_stiff,1396,96.448,-20.25,-19.35,-46.463,0.449,4.051,-22.506,12.601,5.85,13.793,-5.851,-38.699,-13.068,0,0,1082,0,0,0,578,0,96.536,1293,2
23,cube_stiff,1447,96.536,-19.35,-19.125,-45.012,5.851,14.851,-18.875,9.9,3.6,7.26,10.575,-22.726,20.326,0,0,1082,0,0,0,578,0,96.536,1293,2
23,cube_stiff,1498,96.448,-8.101,-7.65,-28.312,2.699,6.75,-17.424,-4.049,-6.75,-12.344,4.049,-30.6,5.082,0,0,1082,0,0,0,578,0,96.536,1293,2
23,cube_stiff,1549,96.536,-22.5,-21.15,-52.27,-9.9,-8.1,-37.752,4.051,0.9,0.727,-3.601,-33.75,6.533,0,0,1082,0,0,0,578,0,96.536,1293,2
23,cube_stiff,1600,96.536,2.699,0,-15.244,-5.4,0,-31.217,-10.799,-15.301,-15.973,-9.9,-36.899,-2.906,0,0,1082,0,0,0,578,0,96.536,1293,2
23,cube_stiff,1651,96.536,-16.199,-13.274,-48.641,0,3.15,-24.684,4.951,3.6,-4.355,-2.476,-31.726,6.533,0,0,1082,0,0,0,578,0,96.536,1293,2
23,cube_stiff,1701,96.536,-3.149,-7.425,-30.492,-1.351,-0.899,-29.039,-1.35,-9,-17.424,-7.425,-38.925,0.725,0,0,1082,0,0,0,578,0,96.536,1293,2
23,cube_stiff,1752,96.536,1.801,-2.024,-16.697,-0.899,3.15,-26.861,-0.449,-7.65,-10.889,-10.125,-40.274,-10.166,0,0,1082,0,0,0,578,0,96.536,1293,2
23,cube_stiff,1804,96.536,-9,-12.6,-34.121,-9,-11.699,-40.656,-2.25,0.9,-13.068,-5.851,-35.1,-2.906,0,0,1082,0,0,0,578,0,96.536,1293,2
23,cube_stiff,1854,96.536,-8.1,-10.575,-37.023,6.75,9.9,-18.875,2.701,-2.701,-7.986,-5.625,-39.825,-1.453,0,0,1082,0,0,0,578,0,96.536,1293,2
23,cube_stiff,1906,96.448,-8.549,-8.325,-29.039,9.45,17.101,-2.178,-16.649,-22.5,-38.479,-2.925,-34.425,10.164,0,0,1082,0,0,0,578,0,96.536,1293,2
23,cube_stiff,1957,96.536,-2.701,-2.25,-17.422,-4.95,-4.949,-29.766,5.4,5.4,5.807,-13.951,-47.25,-22.506,0,0,1082,0,0,0,578,0,96.536,1293,2
23,cube_stiff,2007,96.536,-2.25,-4.274,-26.861,12.601,11.25,-8.711,-23.399,-27.451,-45.012,-11.925,-41.625,-7.26,0,0,1082,0,0,0,578,0,96.536,1293,2
23,cube_stiff,2059,96.536,-4.5,-8.325,-37.75,3.601,3.601,-20.328,-4.049,-5.851,-5.807,-17.774,-46.575,-7.26,0,0,1082,0,0,0,578,0,96.536,1293,2
23,cube_stiff,2110,96.536,-14.851,-18,-41.381,-6.75,-3.149,-31.943,-2.699,-5.4,-13.068,1.35,-31.949,7.26,0,1,1082,2110,0,0,578,562,96.536,1293,2
24,cube_stiff,6,60.984,1.65,-2.399,0.727,-0.9,1.2,-3.631,-15.749,-18.9,-32.428,11.851,12.75,18.877,0,0,0,0,0,0,0,0,0,0,0
24,cube_stiff,57,61.512,-10.125,-7.426,-11.252,2.025,4.949,12.705,18,16.199,33.758,1.8,-2.926,5.082,0,0,0,0,0,0,0,0,0,0,0
24,cube_stiff,108,63.448,-0.226,-2.25,-5.082,-6.299,-1.35,-7.986,12.6,16.199,24.322,-3.825,-7.875,-10.162,0,0,0,0,0,0,0,0,0,0,0
24,cube_stiff,159,65.824,-2.25,-2.925,3.266,-7.426,-10.35,-8.713,3.6,4.274,1.451,-1.575,-5.176,-5.445,0,0,0,0,0,0,0,0,0,0,0
24,cube_stiff,210,68.816,-12.6,-14.399,-29.041,10.8,15.3,21.055,16.2,20.25,30.492,-11.7,-17.1,-18.875,0,0,0,0,0,0,0,0,0,0,0
24,cube_stiff,261,71.72,19.35,21.601,31.943,9.449,8.55,13.795,-0.45,0.9,3.631,-1.351,-3.15,10.164,0,0,0,0,0,0,0,0,0,0,0
24,cube_stiff,313,74.536,-7.65,-5.4,-14.158,-21.375,-23.399,-23.957,-19.35,-22.95,-35.574,-10.799,-15.074,-15.609,0,0,0,0,0,0,0,0,0,0,0
24,cube_stiff,364,77.44,8.551,8.55,6.535,-13.5,-2.701,-16.697,3.15,6.75,2.904,-14.851,-23.399,-28.314,0,0,0,0,0,0,0,0,0,0,0
24,cube_stiff,416,79.992,7.65,2.25,2.904,-5.85,-6.75,-13.068,11.25,16.65,15.246,-1.35,-9.449,-0.727,0,0,0,0,0,0,0,0,0,0,0
24,cube_stiff,466,82.28,-12.6,-24.301,-30.49,-11.7,-13.95,-29.766,8.55,2.701,2.176,-8.549,-16.65,-7.986,0,0,0,0,0,0,0,0,0,0,0
24,cube_stiff,518,84.392,-11.475,-14.176,-35.938,-1.125,-2.25,-10.162,6.075,2.476,6.896,4.05,-7.649,8.711,0,0,0,0,0,0,0,0,0,0,0
24,cube_stiff,569,86.504,12.375,6.3,5.445,-11.025,-6.524,-34.484,22.5,18.899,19.965,4.049,-13.5,7.262,0,0,0,0,0,0,0,0,0,0,0
24,cube_stiff,620,88.44,-0.225,-4.05,-18.148,3.375,4.05,-14.156,15.75,13.725,19.602,-2.25,-19.576,3.268,0,0,0,0,0,0,0,0,0,0,0
24,cube_stiff,672,90.2,13.051,8.101,2.904,-12.601,-11.25,-37.752,17.549,14.851,19.602,-34.649,-51.3,-47.914,0,0,0,0,0,0,0,0,0,0,0
24,cube_stiff,722,91.784,-13.049,-21.149,-45.012,3.149,-1.8,-34.85,-22.051,-23.85,-44.285,2.701,-18.45,18.148,0,0,0,0,0,0,0,0,0,0,0
24,cube_stiff,774,93.632,-4.5,-11.25,-28.314,-22.05,-23.85,-64.613,20.25,16.649,23.232,-4.05,-24.75,11.615,0,0,0,0,0,0,0,0,0,0,0
24,cube_stiff,824,95.304,4.725,4.95,-6.896,-12.375,-13.05,-49.732,-11.7,-21.825,-36.301,-12.825,-35.101,-0.363,0,0,0,0,0,0,0,0,0,0,0
24,cube_stiff,875,96.184,-7.65,-13.949,-34.121,9.9,11.25,-7.26,-15.299,-19.801,-31.945,9.899,-15.75,18.148,0,0,0,0,0,0,0,0,0,0,0
24,cube_stiff,928,96.184,-15.301,-19.8,-50.092,-5.85,-0.899,-31.217,-3.6,-8.1,-8.713,-15.75,-35.549,-15.246,0,0,0,0,0,0,0,0,0,0,0
24,cube_stiff,980,96.184,2.699,-1.35,-19.6,0,5.851,-17.424,-3.6,-6.301,-13.795,-5.4,-31.5,-10.164,0,0,0,0,0,0,0,0,0,0,0
24,cube_stiff,1031,96.184,-7.201,-9.449,-20.326,3.15,5.4,-18.877,9.9,6.3,11.615,-3.15,-27.449,-1.453,0,0,0,0,0,0,0,0,0,0,0
24,cube_stiff,1082,96.184,-9,-15.3,-35.572,4.05,4.5,-18.877,2.701,-1.801,-1.453,4.049,-20.25,10.164,1,0,1082,0,0,0,593,0,96.184,0,2
24,cube_stiff,1141,96.184,-6.301,-7.199,-25.408,2.25,4.5,-20.328,13.051,13.5,28.312,4.949,-18,17.424,0,0,1082,0,0,0,593,0,96.184,0,2
24,cube_stiff,1192,96.184,-4.051,-7.65,-26.135,-11.7,-10.799,-47.189,-14.399,-18.9,-25.412,8.1,-13.949,18.148,0,0,1082,0,0,0,593,0,96.184,0,2
24,cube_stiff,1243,96.184,9,5.4,-3.629,-18,-10.799,-52.271,3.601,-5.4,-5.809,-6.301,-29.699,-3.631,0,0,1082,0,0,0,593,0,96.184,0,2
24,cube_stiff,1294,96.184,-9,-11.25,-34.846,-9.9,-5.85,-38.479,-6.75,-9.9,-13.068,-0.451,-22.049,6.533,0,0,1082,0,0,0,593,0,96.184,1294,2
24,cube_stiff,1346,96.184,-6.75,-9.449,-33.395,-9.9,-9.449,-41.383,8.551,4.5,4.355,2.699,-23.399,7.986,0,0,1082,0,0,0,593,0,96.184,1294,2
24,cube_stiff,1397,96.184,3.149,2.25,-9.438,0.449,3.601,-18.15,1.351,-0.45,5.807,-1.351,-22.049,5.082,0,0,1082,0,0,0,593,0,96.184,1294,2
24,cube_stiff,1448,96.184,-12.15,-16.199,-34.121,6.75,7.201,-13.795,-4.5,-7.2,-12.344,4.049,-23.399,13.066,0,0,1082,0,0,0,593,0,96.184,1294,2
24,cube_stiff,1500,96.184,-6.75,-13.5,-32.668,10.8,10.351,-7.986,8.551,7.65,9.438,-7.201,-32.85,-2.18,0,0,1082,0,0,0,593,0,96.184,1294,2
24,cube_stiff,1551,96.184,3.149,2.25,-13.793,5.4,4.5,-23.232,9,6.75,18.148,-8.551,-33.299,-6.535,0,0,1082,0,0,0,593,0,96.184,1294,2
24,cube_stiff,1602,96.184,-7.201,-8.55,-23.957,-5.85,-0.899,-29.766,-6.299,-12.6,-15.246,-2.25,-27,-2.906,0,0,1082,0,0,0,593,0,96.184,1294,2
24,cube_stiff,1653,96.184,-0.451,-7.199,-26.135,-19.801,-17.1,-51.547,-10.35,-15.75,-28.314,5.85,-20.699,14.52,0,0,1082,0,0,0,593,0,96.184,1294,2
24,cube_stiff,1704,96.184,3.149,-0.449,-13.066,-11.25,-11.699,-44.287,-18.899,-22.5,-29.766,-2.25,-28.799,3.629,0,0,1082,0,0,0,593,0,96.184,1294,2
24,cube_stiff,1756,96.184,-22.051,-23.85,-49.365,-19.35,-13.949,-55.902,-10.799,-13.95,-21.781,-5.4,-28.799,4.355,0,0,1082,0,0,0,593,0,96.184,1294,2
24,cube_stiff,1807,96.184,-5.4,-12.6,-23.957,4.949,6.75,-13.068,2.701,-1.35,0.727,-4.5,-33.299,-0.727,0,0,1082,0,0,0,593,0,96.184,1294,2
24,cube_stiff,1859,96.184,-1.351,-4.05,-23.957,-5.85,-6.75,-37.025,-4.049,-12.15,-19.604,-2.701,-25.649,7.986,0,0,1082,0,0,0,593,0,96.184,1294,2
24,cube_stiff,1910,96.184,9,3.6,0.727,-7.2,-6.299,-34.85,9,5.85,11.615,2.25,-25.199,10.889,0,0,1082,0,0,0,593,0,96.184,1294,2
24,cube_stiff,1961,96.184,-9.451,-11.25,-32.668,8.55,10.801,-3.631,-12.6,-16.2,-26.863,-12.601,-34.199,-18.15,0,0,1082,0,0,0,593,0,96.184,1294,2
24,cube_stiff,2011,96.184,-9.9,-10.8,-39.203,15.75,15.75,-3.631,-10.799,-16.65,-23.959,-2.25,-27.449,-2.906,0,0,1082,0,0,0,593,0,96.184,1294,2
24,cube_stiff,2061,96.184,0.899,-0.449,-15.971,10.35,11.25,-8.713,-12.149,-19.801,-25.412,4.949,-22.049,8.711,0,0,1082,0,0,0,593,0,96.184,1294,2
24,cube_stiff,2113,96.184,5.399,-0.449,-7.258,-8.551,-6.75,-38.479,-6.299,-5.4,-6.535,2.699,-23.399,8.711,0,1,1082,2113,0,0,593,560,96.184,1294,2
25,cube_stiff,5,60.896,-17.7,-18.149,-29.766,0.45,2.999,3.629,-7.2,-9.9,-13.551,-2.1,-7.5,-9.438,0,0,0,0,0,0,0,0,0,0,0
25,cube_stiff,57,61.512,-14.176,-7.875,-10.527,-16.426,-16.65,-27.225,18.449,17.55,32.305,-4.05,-9.676,-6.535,0,0,0,0,0,0,0,0,0,0,0
25,cube_stiff,108,63.448,-11.024,-11.25,-18.877,-3.149,-3.6,-5.082,2.7,6.75,2.543,5.175,1.575,7.262,0,0,0,0,0,0,0,0,0,0,0
25,cube_stiff,160,65.912,-17.55,-17.325,-23.594,-4.275,-10.35,-12.342,-17.101,-16.425,-24.686,-13.725,-13.275,-19.965,0,0,0,0,0,0,0,0,0,0,0
25,cube_stiff,212,68.904,-25.199,-26.549,-39.203,-11.25,-10.801,-13.793,20.7,19.801,31.943,-5.851,-8.55,-6.531,0,0,0,0,0,0,0,0,0,0,0
25,cube_stiff,263,71.896,1.35,3.15,10.891,-15.75,-13.95,-27.588,-0.45,2.7,-2.178,-8.101,-9.451,-10.164,0,0,0,0,0,0,0,0,0,0,0
25,cube_stiff,314,74.712,-16.65,-14.4,-21.416,-17.774,-18,-17.424,-4.5,-4.95,-7.262,-22.049,-27.225,-29.402,0,0,0,0,0,0,0,0,0,0,0
25,cube_stiff,365,77.616,3.6,2.7,1.453,-18.451,-14.851,-29.766,17.55,16.199,15.973,-12.601,-19.799,-23.232,0,0,0,0,0,0,0,0,0,0,0
25,cube_stiff,417,80.168,-18.9,-22.051,-34.123,-7.199,-8.551,-20.328,27.899,33.75,47.191,2.7,-8.1,0,0,0,0,0,0,0,0,0,0,0,0
25,cube_stiff,468,82.456,-28.8,-30.375,-60.984,-10.799,-6.75,-16.334,-2.926,-6.3,-6.535,-6.525,-18.9,-7.984,0,0,0,0,0,0,0,0,0,0,0
25,cube_stiff,520,84.568,-12.375,-14.625,-30.855,-23.625,-27.449,-45.736,-15.074,-13.274,-28.676,0,-17.1,3.631,0,0,0,0,0,0,0,0,0,0,0
25,cube_stiff,571,86.68,10.125,7.199,-1.09,10.575,12.375,5.443,-10.8,-13.5,-28.678,1.35,-20.7,11.615,0,0,0,0,0,0,0,0,0,0,0
25,cube_stiff,622,88.616,-24.975,-24.75,-62.436,0.225,0.899,-12.705,14.851,8.775,15.246,-12.15,-37.125,-19.238,0,0,0,0,0,0,0,0,0,0,0
25,cube_stiff,673,90.376,-6.3,-9.899,-26.135,-15.525,-15.075,-43.924,-19.35,-24.975,-40.293,-9.899,-37.575,-12.344,0,0,0,0,0,0,0,0,0,0,0
25,cube_stiff,724,92.048,-5.399,-9.899,-29.766,2.699,1.351,-23.957,3.6,2.25,0.727,3.601,-24.75,21.055,0,0,0,0,0,0,0,0,0,0,0
25,cube_stiff,775,93.896,-15.299,-20.25,-39.93,-12.6,-10.35,-42.107,22.05,20.25,21.053,-13.5,-46.351,-14.52,0,0,0,0,0,0,0,0,0,0,0
25,cube_stiff,826,95.656,-7.65,-6.3,-23.957,-4.051,-2.699,-31.217,5.851,7.65,-2.18,-3.15,-34.649,-2.18,0,0,0,0,0,0,0,0,0,0,0
25,cube_stiff,877,96.272,-6.75,-5.85,-22.504,-8.551,-3.6,-34.123,13.051,8.55,2.902,-11.701,-46.799,-18.877,0,0,0,0,0,0,0,0,0,0,0
25,cube_stiff,928,96.184,-27.9,-30.15,-58.078,-9.9,-7.199,-44.287,4.051,7.65,5.807,-5.4,-40.5,-5.082,0,0,0,0,0,0,0,0,0,0,0
25,cube_stiff,979,96.272,-16.201,-20.25,-42.105,-4.051,0.9,-31.943,9.451,9,8.711,-4.5,-35.1,-1.453,0,0,0,0,0,0,0,0,0,0,0
25,cube_stiff,1031,96.272,-6.301,-9,-30.49,-9.9,-1.799,-35.574,-4.049,-2.7,-5.082,1.35,-30.6,7.986,0,0,0,0,0,0,0,0,0,0,0
25,cube_stiff,1082,96.184,-18.9,-22.05,-45.736,8.1,9.451,-2.178,13.5,7.65,10.889,-4.051,-34.649,0,1,0,1082,0,0,0,547,0,96.184,0,2
25,cube_stiff,1140,96.184,-9.9,-7.65,-34.846,11.25,15.75,-2.178,-0.899,-4.95,-15.973,-4.5,-37.35,1.451,0,0,1082,0,0,0,547,0,96.184,0,2
25,cube_stiff,1192,96.184,-7.201,-4.949,-23.957,-8.551,-4.5,-34.85,7.65,7.65,8.711,0.899,-31.049,5.082,0,0,1082,0,0,0,547,0,96.184,0,2
25,cube_stiff,1243,96.272,-3.601,-8.1,-30.49,9.449,11.701,-2.904,5.4,7.65,13.793,-9,-39.149,-8.711,0,0,1082,0,0,0,547,0,96.184,0,2
25,cube_stiff,1296,96.272,-1.801,-2.25,-26.135,-15.75,-13.5,-46.463,6.301,2.699,2.902,-13.951,-52.649,-21.055,0,0,1082,0,0,0,547,0,96.184,1296,2
25,cube_stiff,1347,96.184,1.799,-6.3,-19.6,-16.65,-13.5,-42.834,4.5,8.1,5.807,-11.701,-44.1,-7.26,0,0,1082,0,0,0,547,0,96.184,1296,2
25,cube_stiff,1399,96.272,-2.25,-2.699,-18.875,-21.6,-15.299,-52.271,-1.35,0.9,-8.713,-10.351,-41.399,-8.711,0,0,1082,0,0,0,547,0,96.184,1296,2
25,cube_stiff,1449,96.272,-8.551,-9.449,-30.49,-11.7,-11.25,-52.998,-5.399,-5.4,-13.795,7.649,-25.199,15.971,0,0,1082,0,0,0,547,0,96.184,1296,2
25,cube_stiff,1500,96.272,-9,-8.55,-34.121,-11.25,-8.549,-42.109,9.9,8.55,1.451,2.25,-25.199,14.52,0,0,1082,0,0,0,547,0,96.184,1296,2
25,cube_stiff,1552,96.184,-8.551,-10.8,-34.121,4.949,7.65,-5.809,-0.449,0,-2.18,-16.201,-50.85,-21.781,0,0,1082,0,0,0,547,0,96.184,1296,2
25,cube_stiff,1603,96.272,-21.601,-23.85,-48.641,7.65,11.701,-1.451,8.551,4.05,2.902,-4.5,-37.35,-5.082,0,0,1082,0,0,0,547,0,96.184,1296,2
25,cube_stiff,1653,96.272,-24.301,-23.85,-56.627,-3.15,-3.149,-26.863,0.9,1.35,0.727,-7.201,-35.1,-5.082,0,0,1082,0,0,0,547,0,96.184,1296,2
25,cube_stiff,1704,96.272,-15.75,-12.15,-38.477,-19.801,-18,-53.725,3.15,-1.801,-3.631,2.25,-26.549,12.34,0,0,1082,0,0,0,547,0,96.184,1296,2
25,cube_stiff,1755,96.272,-10.351,-10.35,-29.039,-6.301,1.801,-32.67,8.551,7.65,4.355,-4.051,-37.35,-1.453,0,0,1082,0,0,0,547,0,96.184,1296,2
25,cube_stiff,1806,96.272,-30.601,-31.05,-66.064,4.5,8.101,-11.617,0,3.6,0.727,1.35,-27.449,11.615,0,0,1082,0,0,0,547,0,96.184,1296,2
25,cube_stiff,1858,96.184,-29.25,-30.15,-66.064,-3.6,3.15,-26.137,11.25,11.699,13.066,-2.25,-37.799,-2.18,0,0,1082,0,0,0,547,0,96.184,1296,2
25,cube_stiff,1908,96.272,-18,-23.85,-48.641,-13.051,-14.85,-46.463,-4.5,-7.65,-5.809,0.449,-32.399,5.809,0,0,1082,0,0,0,547,0,96.184,1296,2
25,cube_stiff,1960,96.272,-21.15,-23.85,-58.078,0.9,1.351,-24.686,-1.799,-0.9,-3.631,0,-34.649,2.178,0,0,1082,0,0,0,547,0,96.184,1296,2
25,cube_stiff,2011,96.272,-8.551,-5.85,-32.668,-10.35,-7.649,-34.123,-9.449,-9,-17.426,-9,-40.949,-5.809,0,0,1082,0,0,0,547,0,96.184,1296,2
25,cube_stiff,2063,96.272,-28.351,-22.5,-62.436,-13.051,-9.899,-38.479,1.801,3.15,2.902,-8.101,-35.1,-2.906,0,0,1082,0,0,0,547,0,96.184,1296,2
25,cube_stiff,2114,96.272,-23.4,-24.3,-58.805,-0.45,2.701,-23.959,-10.35,-15.301,-23.234,-1.351,-35.549,2.178,0,1,1082,2114,0,0,547,546,96.184,1296,2
26,cube_stiff,5,60.896,-5.1,-6.899,-7.986,3.6,7.05,14.518,-8.1,-9.9,-11.373,29.851,24,39.205,0,0,0,0,0,0,0,0,0,0,0
26,cube_stiff,56,61.512,-4.275,-6.075,-5.443,-13.275,-12.15,-19.24,22.049,23.4,35.209,-2.25,-8.325,0,0,0,0,0,0,0,0,0,0,0,0
26,cube_stiff,107,63.448,3.825,0.9,1.451,-4.049,-7.649,-13.795,0.899,1.35,-1.812,-4.274,-9.675,-5.807,0,0,0,0,0,0,0,0,0,0,0
26,cube_stiff,159,65.912,-2.25,-2.925,-0.363,1.574,-5.4,5.809,8.999,5.625,8.711,-8.775,-13.275,-11.254,0,0,0,0,0,0,0,0,0,0,0
26,cube_stiff,210,68.816,-23.85,-28.35,-39.93,-8.55,-8.1,-14.52,11.7,12.15,16.697,-9.45,-13.5,-9.438,0,0,0,0,0,0,0,0,0,0,0
26,cube_stiff,261,71.808,-6.75,-7.649,-9.438,9.449,9.45,13.795,13.949,17.1,22.506,-9,-11.25,-7.986,0,0,0,0,0,0,0,0,0,0,0
26,cube_stiff,312,74.536,-0.9,-5.4,-6.17,-28.125,-28.35,-40.654,1.35,2.699,8.711,-4.049,-14.174,-9.076,0,0,0,0,0,0,0,0,0,0,0
26,cube_stiff,363,77.352,9.45,6.3,9.439,-4.951,0.899,-7.26,9.449,7.649,2.904,-13.951,-18.899,-20.328,0,0,0,0,0,0,0,0,0,0,0
26,cube_stiff,415,79.904,-18.45,-19.801,-28.314,-9.449,-10.35,-9.438,25.2,32.85,44.285,-17.1,-21.6,-18.877,0,0,0,0,0,0,0,0,0,0,0
26,cube_stiff,465,82.192,-4.949,-16.2,-19.6,-10.351,-9,-22.506,0,-4.049,-7.262,-26.1,-36.451,-37.752,0,0,0,0,0,0,0,0,0,0,0
26,cube_stiff,516,84.304,-2.926,-7.426,-14.158,-3.375,-5.4,-14.52,5.176,3.825,0.363,0,-8.549,10.162,0,0,0,0,0,0,0,0,0,0,0
26,cube_stiff,568,86.416,6.075,4.5,-1.814,-11.475,-12.825,-33.76,10.351,11.25,13.432,4.049,-12.149,11.615,0,0,0,0,0,0,0,0,0,0,0
26,cube_stiff,619,88.352,-12.375,-11.699,-37.025,-9.225,-9.9,-30.129,16.2,15.525,18.15,-12.6,-28.576,-11.254,0,0,0,0,0,0,0,0,0,0,0
26,cube_stiff,670,90.112,-9,-13.949,-31.945,-22.5,-18,-47.916,10.35,12.15,17.424,-4.5,-20.7,-7.26,0,0,0,0,0,0,0,0,0,0,0
26,cube_stiff,721,91.696,-14.399,-22.949,-38.479,7.649,4.5,-18.152,8.55,4.051,7.988,30.15,14.85,65.34,0,0,0,0,0,0,0,0,0,0,0
26,cube_stiff,772,93.368,-26.1,-30.6,-65.34,-25.199,-22.05,-66.793,2.25,0,-2.178,-3.149,-22.051,15.246,0,0,0,0,0,0,0,0,0,0,0
26,cube_stiff,823,95.128,-18.225,-25.649,-56.99,9.676,8.551,-11.98,-5.4,-10.575,-25.41,19.125,-2.7,48.279,0,0,0,0,0,0,0,0,0,0,0
26,cube_stiff,874,95.744,-17.101,-20.25,-40.654,-1.801,-5.399,-30.492,-12.6,-17.551,-17.426,-2.25,-22.049,2.902,0,0,0,0,0,0,0,0,0,0,0
26,cube_stiff,926,95.744,-11.701,-17.55,-46.463,-15.301,-18,-50.82,7.65,0,-2.904,1.799,-21.149,6.533,0,0,0,0,0,0,0,0,0,0,0
26,cube_stiff,977,95.744,-4.951,-9,-30.49,-5.85,-2.699,-29.766,7.65,4.05,10.889,17.549,-7.199,32.67,0,0,0,0,0,0,0,0,0,0,0
26,cube_stiff,1028,95.744,-4.5,-10.35,-28.312,5.85,6.75,-13.795,-10.799,-17.1,-24.686,-0.9,-23.399,4.355,0,0,0,0,0,0,0,0,0,0,0
26,cube_stiff,1080,95.744,-20.701,-25.65,-48.641,-18,-18,-55.902,-11.25,-13.5,-22.508,15.75,-9,30.492,1,0,1080,0,0,0,537,0,95.744,0,2
26,cube_stiff,1138,95.744,-3.601,-10.35,-28.312,-4.95,-5.399,-37.025,12.15,4.949,15.246,1.35,-18.449,9.438,0,0,1080,0,0,0,537,0,95.744,0,2
26,cube_stiff,1189,95.744,-24.75,-27.449,-59.531,-9.9,-7.199,-40.656,3.15,-5.85,-2.18,-9.9,-28.799,-7.986,0,0,1080,0,0,0,537,0,95.744,0,2
26,cube_stiff,1240,95.744,-10.351,-11.699,-31.943,-3.6,-0.449,-23.232,9.9,7.199,15.246,18.899,-4.5,30.492,0,0,1080,0,0,0,537,0,95.744,0,2
26,cube_stiff,1290,95.744,-14.4,-19.35,-47.189,-16.2,-14.399,-49.369,7.201,-1.801,1.451,3.149,-16.649,13.066,0,0,1080,0,0,0,537,0,95.744,1290,2
26,cube_stiff,1342,95.744,-24.75,-27,-58.805,-12.15,-14.399,-46.463,-3.149,-9.9,-14.52,1.799,-23.85,5.082,0,0,1080,0,0,0,537,0,95.744,1290,2
26,cube_stiff,1393,95.744,-20.25,-23.85,-53.723,-3.15,1.801,-23.232,-9.899,-16.2,-18.15,8.549,-12.6,22.506,0,0,1080,0,0,0,537,0,95.744,1290,2
26,cube_stiff,1444,95.744,-29.701,-34.65,-71.873,-9.45,-8.549,-37.752,2.701,-1.801,4.355,15.75,-3.149,29.039,0,0,1080,0,0,0,537,0,95.744,1290,2
26,cube_stiff,1495,95.744,-4.951,-1.8,-23.23,-5.4,-7.649,-40.656,-3.149,-10.801,-9.439,5.85,-13.949,16.697,0,0,1080,0,0,0,537,0,95.744,1290,2
26,cube_stiff,1546,95.832,-22.951,-24.75,-57.352,-15.301,-11.699,-50.094,17.551,11.25,21.053,-1.351,-22.949,4.355,0,0,1080,0,0,0,537,0,95.744,1290,2
26,cube_stiff,1598,95.744,-7.65,-12.15,-34.121,0,2.25,-27.588,-12.6,-22.051,-19.604,-2.701,-22.949,7.986,0,0,1080,0,0,0,537,0,95.744,1290,2
26,cube_stiff,1649,95.744,-9.9,-13.949,-29.766,-16.2,-20.25,-50.094,-13.5,-16.65,-21.781,1.35,-19.799,6.533,0,0,1080,0,0,0,537,0,95.744,1290,2
26,cube_stiff,1700,95.744,-9,-11.699,-35.572,10.8,11.701,-7.986,9,7.199,15.246,-0.9,-22.5,2.902,0,0,1080,0,0,0,537,0,95.744,1290,2
26,cube_stiff,1752,95.744,-11.25,-20.25,-42.832,-13.5,-7.199,-45.012,-4.049,-9.45,-15.246,14.85,-4.949,35.574,0,0,1080,0,0,0,537,0,95.744,1290,2
26,cube_stiff,1803,95.832,-15.301,-22.949,-44.285,-15.301,-14.399,-50.82,8.101,5.85,13.793,7.649,-17.1,18.148,0,0,1080,0,0,0,537,0,95.744,1290,2
26,cube_stiff,1854,95.832,-9.451,-16.199,-37.75,-15.301,-14.399,-50.82,13.5,9,21.053,-5.851,-26.1,-2.18,0,0,1080,0,0,0,537,0,95.744,1290,2
26,cube_stiff,1905,95.744,-18.9,-18.449,-45.736,8.1,8.551,-16.697,22.951,15.3,32.67,1.35,-19.799,9.438,0,0,1080,0,0,0,537,0,95.744,1290,2
26,cube_stiff,1956,95.744,-1.801,-6.75,-22.504,3.15,4.5,-15.246,13.5,5.4,15.973,5.399,-16.649,15.971,0,0,1080,0,0,0,537,0,95.744,1290,2
26,cube_stiff,2008,95.744,-20.25,-22.05,-48.641,13.05,14.4,-2.904,-2.699,-8.551,-5.082,-9,-30.6,-6.535,0,0,1080,0,0,0,537,0,95.744,1290,2
26,cube_stiff,2059,95.744,-0.451,-0.449,-17.422,-25.2,-22.5,-66.793,10.351,0,13.066,0,-21.149,5.082,0,0,1080,0,0,0,537,0,95.744,1290,2
26,cube_stiff,2110,95.744,-16.201,-15.75,-39.928,9.9,9,-6.535,9,4.949,13.066,-5.851,-26.549,-0.727,0,1,1080,2110,0,0,537,519,95.744,1290,2
27,cube_stiff,5,60.984,-2.4,-4.649,-9.438,-2.25,-0.601,2.902,1.351,-2.25,-2.662,6.45,1.5,7.986,0,0,0,0,0,0,0,0,0,0,0
27,cube_stiff,56,61.424,-11.476,-4.725,-7.623,-6.075,-7.65,-6.896,9,5.4,15.607,-2.25,-7.426,-4.355,0,0,0,0,0,0,0,0,0,0,0
27,cube_stiff,107,63.448,-13.274,-12.6,-23.232,-7.199,-11.7,-14.521,-16.2,-20.25,-24.32,-5.175,-11.025,-10.162,0,0,0,0,0,0,0,0,0,0,0
27,cube_stiff,158,65.824,-14.85,-15.976,-22.143,-15.975,-23.4,-23.957,13.95,10.125,22.504,2.925,-6.525,-1.814,0,0,0,0,0,0,0,0,0,0,0
27,cube_stiff,210,68.816,-9.449,-10.799,-14.52,-1.351,-1.801,3.631,18.899,18.9,29.766,-12.149,-13.5,-6.531,0,0,0,0,0,0,0,0,0,0,0
27,cube_stiff,260,71.72,20.25,22.5,32.67,-4.051,-5.851,-3.629,-25.65,-25.199,-37.025,-13.051,-13.951,-15.246,0,0,0,0,0,0,0,0,0,0,0
27,cube_stiff,311,74.536,-6.3,-11.7,-14.158,-33.976,-33.75,-45.738,4.949,3.6,9.438,-3.149,-12.375,-2.543,0,0,0,0,0,0,0,0,0,0,0
27,cube_stiff,363,77.44,0.45,-0.899,-7.26,-22.951,-18,-39.93,-4.5,-4.5,-13.793,7.649,-0.449,9.438,0,0,0,0,0,0,0,0,0,0,0
27,cube_stiff,414,79.992,-18,-17.551,-32.67,-7.649,-9.45,-13.795,3.601,6.75,4.357,-1.35,-9.449,-0.727,0,0,0,0,0,0,0,0,0,0,0
27,cube_stiff,465,82.28,-15.3,-15.976,-32.67,-21.6,-14.85,-42.471,-20.926,-24.751,-37.027,-13.275,-16.65,-12.342,0,0,0,0,0,0,0,0,0,0,0
27,cube_stiff,517,84.392,-9.225,-15.075,-22.145,-0.675,-1.35,-10.889,0.676,-5.175,-3.992,-9.45,-22.5,-12.342,0,0,0,0,0,0,0,0,0,0,0
27,cube_stiff,568,86.504,-9.675,-13.5,-29.404,-10.125,-7.425,-35.211,7.2,6.75,4.719,3.6,-14.399,12.342,0,0,0,0,0,0,0,0,0,0,0
27,cube_stiff,619,88.44,-11.025,-14.4,-27.586,-24.975,-22.95,-49.006,16.649,16.425,22.506,-22.051,-40.275,-27.225,0,0,0,0,0,0,0,0,0,0,0
27,cube_stiff,671,90.2,-17.549,-20.699,-38.479,-1.8,2.699,-10.889,-9.451,-8.1,-19.604,-3.601,-23.399,-2.902,0,0,0,0,0,0,0,0,0,0,0
27,cube_stiff,722,91.784,-9.899,-15.299,-42.834,-1.351,-3.149,-22.506,-7.65,-10.799,-24.684,6.75,-15.75,23.957,0,0,0,0,0,0,0,0,0,0,0
27,cube_stiff,773,93.456,-17.549,-26.55,-46.463,-7.199,-9.449,-39.93,21.6,15.75,19.602,-6.75,-32.4,1.451,0,0,0,0,0,0,0,0,0,0,0
27,cube_stiff,824,95.216,-24.975,-31.95,-64.977,1.125,3.15,-21.418,0.449,-6.525,-22.508,9.675,-14.399,33.033,0,0,0,0,0,0,0,0,0,0,0
27,cube_stiff,875,95.656,-11.25,-11.699,-32.668,4.5,8.101,-15.246,4.5,-1.801,-2.18,9,-20.699,13.066,0,0,0,0,0,0,0,0,0,0,0
27,cube_stiff,925,95.656,-1.801,-9.449,-23.23,-9,-4.049,-36.301,-9.449,-17.1,-19.604,-9.451,-33.75,-9.438,0,0,0,0,0,0,0,0,0,0,0
27,cube_stiff,976,95.744,-16.201,-20.699,-48.641,2.25,3.15,-18.877,0,-3.15,-5.082,-12.601,-39.6,-13.795,0,0,0,0,0,0,0,0,0,0,0
27,cube_stiff,1027,95.656,-4.951,-9.9,-32.668,-0.45,0.451,-23.959,4.5,4.05,-2.904,9.899,-16.649,24.684,0,0,0,0,0,0,0,0,0,0,0
27,cube_stiff,1077,95.744,-11.701,-14.85,-32.668,-12.6,-12.6,-49.369,11.701,7.199,13.793,16.199,-9.449,29.766,1,0,1077,0,0,0,523,0,95.744,0,2
27,cube_stiff,1135,95.656,-33.75,-34.65,-72.598,-8.1,-6.75,-32.67,11.701,5.85,12.34,-8.551,-33.299,-2.18,0,0,1077,0,0,0,523,0,95.744,0,2
27,cube_stiff,1186,95.656,-13.5,-16.65,-39.203,-13.5,-14.399,-47.189,3.601,-2.25,2.902,5.399,-21.149,14.52,0,0,1077,0,0,0,523,0,95.744,0,2
27,cube_stiff,1237,95.656,-23.851,-26.55,-57.352,4.05,4.5,-18.15,9.9,7.199,15.246,2.699,-22.5,10.889,0,0,1077,0,0,0,523,0,95.744,0,2
27,cube_stiff,1289,95.744,-21.601,-22.5,-57.352,-8.551,-7.649,-38.479,6.301,3.15,5.807,4.949,-19.799,12.34,0,0,1077,0,0,0,523,0,95.744,1289,2
27,cube_stiff,1340,95.656,-18,-20.25,-42.105,1.8,4.5,-15.973,-2.25,-5.4,-5.809,-4.951,-27.449,0,0,0,1077,0,0,0,523,0,95.744,1289,2
27,cube_stiff,1391,95.744,-18.9,-23.85,-49.365,3.6,7.65,-14.52,2.701,-0.9,1.451,10.799,-10.799,23.957,0,0,1077,0,0,0,523,0,95.744,1289,2
27,cube_stiff,1442,95.656,-10.801,-11.699,-34.846,-8.1,-8.549,-31.943,12.601,9.449,18.875,6.299,-15.299,22.506,0,0,1077,0,0,0,523,0,95.744,1289,2
27,cube_stiff,1494,95.744,-16.201,-15.75,-43.559,-8.551,-8.549,-33.396,5.851,4.949,5.807,-3.15,-27,-0.727,0,0,1077,0,0,0,523,0,95.744,1289,2
27,cube_stiff,1545,95.744,-14.4,-15.3,-39.203,-10.801,-9.449,-40.656,4.951,-2.7,0,4.949,-18,12.34,0,0,1077,0,0,0,523,0,95.744,1289,2
27,cube_stiff,1597,95.744,-9.451,-6.75,-29.039,0.9,0.451,-24.686,5.4,3.6,7.258,1.799,-23.85,13.066,0,0,1077,0,0,0,523,0,95.744,1289,2
27,cube_stiff,1648,95.656,-14.851,-17.55,-42.105,5.4,3.601,-13.795,-7.199,-12.15,-18.15,-4.951,-28.35,-5.082,0,0,1077,0,0,0,523,0,95.744,1289,2
27,cube_stiff,1700,95.656,-4.951,-10.35,-31.217,-5.4,-5.399,-35.574,0.9,-4.051,0,4.049,-20.25,12.34,0,0,1077,0,0,0,523,0,95.744,1289,2
27,cube_stiff,1750,95.744,-5.851,-7.199,-25.408,11.699,16.65,-0.727,-0.449,-5.4,-2.18,10.799,-17.1,18.875,0,0,1077,0,0,0,523,0,95.744,1289,2
27,cube_stiff,1801,95.656,-12.601,-14.85,-39.928,-2.25,0.451,-23.959,9.451,5.85,10.889,6.75,-21.6,14.52,0,0,1077,0,0,0,523,0,95.744,1289,2
27,cube_stiff,1853,95.656,-12.601,-15.3,-34.846,5.85,6.75,-10.891,-9.449,-16.65,-15.246,1.35,-23.399,1.451,0,0,1077,0,0,0,523,0,95.744,1289,2
27,cube_stiff,1904,95.744,-21.601,-24.75,-47.914,-3.6,-1.799,-30.492,4.951,0.9,1.451,-1.351,-27,-1.453,0,0,1077,0,0,0,523,0,95.744,1289,2
27,cube_stiff,1955,95.744,0.449,1.801,-15.244,6.3,11.701,-8.713,-8.1,-11.25,-15.973,1.799,-24.299,9.438,0,0,1077,0,0,0,523,0,95.744,1289,2
27,cube_stiff,2007,95.656,-13.051,-18.449,-42.105,-9.45,-6.75,-32.67,1.801,-1.35,4.355,2.25,-26.549,5.082,0,0,1077,0,0,0,523,0,95.744,1289,2
27,cube_stiff,2058,95.656,-6.301,-2.699,-23.957,14.4,20.701,4.355,13.051,9.9,16.697,1.799,-22.049,8.711,0,0,1077,0,0,0,523,0,95.744,1289,2
27,cube_stiff,2109,95.656,-9.9,-9.449,-32.668,-24.301,-19.799,-60.258,0,-0.45,-5.082,7.199,-15.75,16.697,0,1,1077,2109,0,0,523,518,95.744,1289,2
28,cube_stiff,5,60.984,-8.7,-15,-22.506,-4.05,-6.45,-7.986,8.55,4.5,8.955,19.95,12.75,29.768,0,0,0,0,0,0,0,0,0,0,0
28,cube_stiff,57,61.512,-1.125,-2.025,6.17,-11.926,-11.25,-14.158,24.299,23.85,41.018,-17.55,-23.176,-31.219,0,0,0,0,0,0,0,0,0,0,0
28,cube_stiff,107,63.448,-1.125,-2.7,0.727,-20.699,-26.55,-34.85,21.149,23.399,36.664,5.626,-0.675,5.811,0,0,0,0,0,0,0,0,0,0,0
28,cube_stiff,159,65.824,-6.75,-6.524,-4.719,-2.025,-8.1,-5.08,-4.501,-5.175,-2.904,-8.325,-13.275,-15.609,0,0,0,0,0,0,0,0,0,0,0
28,cube_stiff,210,68.816,-3.149,-3.149,-4.355,9.45,4.949,13.068,29.7,30.6,51.545,-10.8,-15.3,-10.889,0,0,0,0,0,0,0,0,0,0,0
28,cube_stiff,261,71.72,6.75,4.051,6.535,-13.5,-15.75,-21.781,-9,-6.3,-18.15,-13.5,-18,-15.246,0,0,0,0,0,0,0,0,0,0,0
28,cube_stiff,312,74.536,-2.25,1.35,0.363,3.375,1.351,10.891,-3.15,-5.4,-9.439,-13.049,-19.125,-16.336,0,0,0,0,0,0,0,0,0,0,0
28,cube_stiff,364,77.44,-18.9,-20.25,-34.848,-3.601,4.049,-0.727,31.949,32.85,43.559,-0.451,-7.649,0,0,0,0,0,0,0,0,0,0,0,0
28,cube_stiff,415,79.992,-39.6,-41.4,-64.615,-8.1,-10.35,-15.973,18,24.75,38.48,6.301,-1.799,7.26,0,0,0,0,0,0,0,0,0,0,0
28,cube_stiff,466,82.368,-33.3,-39.375,-64.613,-17.1,-14.85,-30.854,-0.226,-6.3,-9.438,-1.125,-12.6,5.811,0,0,0,0,0,0,0,0,0,0,0
28,cube_stiff,517,84.392,-13.275,-14.176,-30.129,-28.574,-27,-48.641,21.825,19.125,25.047,9.9,-7.199,20.328,0,0,0,0,0,0,0,0,0,0,0
28,cube_stiff,568,86.504,0.226,-1.35,-14.158,-16.425,-15.075,-49.006,23.851,22.05,28.678,9,-10.8,22.506,0,0,0,0,0,0,0,0,0,0,0
28,cube_stiff,620,88.44,2.025,1.801,-5.809,1.574,4.499,-17.787,23.851,21.375,30.492,-3.6,-20.476,1.816,0,0,0,0,0,0,0,0,0,0,0
28,cube_stiff,671,90.2,7.201,4.051,-7.26,-26.55,-28.801,-67.518,9.899,9.451,4.355,-0.899,-18.899,10.164,0,0,0,0,0,0,0,0,0,0,0
28,cube_stiff,722,91.784,-13.5,-17.1,-47.916,-3.15,-6.3,-27.59,-12.6,-14.85,-26.861,8.101,-15.301,26.137,0,0,0,0,0,0,0,0,0,0,0
28,cube_stiff,773,93.456,-14.399,-18,-40.656,-6.75,-4.5,-31.219,30.6,27.899,37.752,-10.351,-34.201,0,0,0,0,0,0,0,0,0,0,0,0
28,cube_stiff,824,95.128,0.225,-1.351,-14.883,-3.824,-3.15,-25.773,6.75,3.375,-2.18,-0.225,-25.649,18.514,0,0,0,0,0,0,0,0,0,0,0
28,cube_stiff,876,95.656,-1.351,-1.8,-23.23,-6.301,-7.649,-31.943,0.451,-7.65,-2.904,1.35,-21.6,7.26,0,0,0,0,0,0,0,0,0,0,0
28,cube_stiff,928,95.656,-7.201,-11.699,-28.312,-15.75,-13.5,-43.561,19.351,16.199,23.957,4.949,-23.85,8.711,0,0,0,0,0,0,0,0,0,0,0
28,cube_stiff,979,95.656,-27,-29.25,-62.436,-5.4,-4.049,-29.766,5.4,0.9,4.355,8.549,-15.299,15.246,0,0,0,0,0,0,0,0,0,0,0
28,cube_stiff,1029,95.656,-7.65,-9.9,-32.668,-3.6,-1.799,-32.67,17.551,14.85,25.41,-0.9,-29.699,-1.453,0,0,0,0,0,0,0,0,0,0,0
28,cube_stiff,1082,95.656,-0.9,-3.6,-20.326,0.9,3.15,-15.973,5.851,-2.25,2.902,17.549,-10.35,30.492,1,0,1082,0,0,0,516,0,95.656,0,2
28,cube_stiff,1139,95.656,-7.201,-6.3,-23.23,4.5,4.5,-16.697,11.701,11.25,22.504,-7.65,-33.299,-6.535,0,0,1082,0,0,0,516,0,95.656,0,2
28,cube_stiff,1191,95.656,-13.951,-13.5,-39.203,11.25,9.9,-7.986,6.301,1.8,13.066,3.6,-24.299,8.711,0,0,1082,0,0,0,516,0,95.656,0,2
28,cube_stiff,1242,95.656,-6.301,-6.75,-24.684,-10.801,-6.75,-28.314,13.5,9,17.424,-6.75,-35.549,-2.906,0,0,1082,0,0,0,516,0,95.656,0,2
28,cube_stiff,1293,95.744,-19.801,-23.85,-52.27,-22.95,-20.25,-56.629,16.201,13.5,24.684,4.949,-21.149,13.066,0,0,1082,0,0,0,516,0,95.656,1293,2
28,cube_stiff,1347,95.656,-22.951,-30.6,-62.436,-11.25,-8.549,-40.656,-2.699,-9,-12.344,2.699,-20.699,11.615,0,0,1082,0,0,0,516,0,95.656,1293,2
28,cube_stiff,1397,95.656,-18,-16.199,-48.641,-18.45,-14.399,-45.012,-9,-7.65,-16.699,-2.25,-26.549,1.451,0,0,1082,0,0,0,516,0,95.656,1293,2
28,cube_stiff,1449,95.656,-2.701,-6.75,-23.957,-9,-3.149,-35.574,3.601,-1.801,2.178,-9,-34.649,-7.986,0,0,1082,0,0,0,516,0,95.656,1293,2
28,cube_stiff,1500,95.656,-19.351,-26.55,-58.078,-9.45,-6.299,-34.85,7.65,-0.9,7.984,16.199,-10.35,33.395,0,0,1082,0,0,0,516,0,95.656,1293,2
28,cube_stiff,1552,95.656,-5.4,-10.35,-24.684,4.5,6.301,-21.055,-6.299,-12.6,-9.439,-15.301,-35.1,-18.15,0,0,1082,0,0,0,516,0,95.656,1293,2
28,cube_stiff,1602,95.656,-3.601,-4.5,-21.051,5.4,9.9,-15.246,-2.25,-9,-13.795,2.25,-23.85,8.711,0,0,1082,0,0,0,516,0,95.656,1293,2
28,cube_stiff,1653,95.744,-23.4,-22.05,-55.174,-18.45,-16.649,-50.094,11.25,5.85,12.34,-3.15,-31.5,-5.809,0,0,1082,0,0,0,516,0,95.656,1293,2
28,cube_stiff,1704,95.656,-6.301,-7.199,-26.135,-4.95,-2.699,-27.588,-6.75,-12.6,-13.795,1.35,-20.699,10.164,0,0,1082,0,0,0,516,0,95.656,1293,2
28,cube_stiff,1755,95.744,-28.801,-29.25,-63.16,8.1,11.701,-10.166,-15.75,-20.25,-27.588,6.75,-17.1,15.246,0,0,1082,0,0,0,516,0,95.656,1293,2
28,cube_stiff,1806,95.656,-13.051,-14.4,-41.381,10.8,11.701,-4.357,4.051,2.25,2.902,7.199,-20.25,12.34,0,0,1082,0,0,0,516,0,95.656,1293,2
28,cube_stiff,1856,95.656,-3.15,-4.05,-20.326,1.35,4.951,-18.15,12.15,5.85,13.793,5.399,-19.35,12.34,0,0,1082,0,0,0,516,0,95.656,1293,2
28,cube_stiff,1906,95.656,-17.101,-16.65,-41.381,4.05,7.65,-15.973,2.701,-2.25,5.807,18,-3.149,37.752,0,0,1082,0,0,0,516,0,95.656,1293,2
28,cube_stiff,1958,95.656,-20.701,-20.699,-52.27,13.5,16.201,2.178,6.75,2.699,0.727,17.1,-3.6,35.574,0,0,1082,0,0,0,516,0,95.656,1293,2
28,cube_stiff,2009,95.656,-3.601,-7.199,-26.859,10.8,13.951,-3.631,-1.799,-0.45,-1.453,-12.601,-36.449,-6.535,0,0,1082,0,0,0,516,0,95.656,1293,2
28,cube_stiff,2060,95.656,-15.75,-18.449,-44.285,4.05,1.801,-18.15,-3.6,-6.75,-12.344,4.949,-20.25,18.148,0,0,1082,0,0,0,516,0,95.656,1293,2
28,cube_stiff,2112,95.656,0.449,0.45,-10.889,0.449,4.5,-18.15,1.351,-3.6,6.533,18.899,-5.85,42.107,0,1,1082,2112,0,0,516,521,95.656,1293,2
29,cube_stiff,6,60.896,-10.5,-17.25,-27.588,-15.3,-15.45,-26.863,-2.7,-2.699,-8.469,8.251,3.3,14.521,0,0,0,0,0,0,0,0,0,0,0
29,cube_stiff,58,61.512,-2.025,-0.225,-1.09,3.824,6.3,9.801,4.949,0.449,5.443,-4.95,-11.475,-11.617,0,0,0,0,0,0,0,0,0,0,0
29,cube_stiff,109,63.536,-17.774,-22.051,-33.396,-2.699,0.45,-4.357,-8.101,-7.65,-8.348,8.325,-1.125,10.166,0,0,0,0,0,0,0,0,0,0,0
29,cube_stiff,160,65.912,-12.6,-13.274,-19.965,-9.225,-13.949,-13.068,3.6,-1.125,3.629,6.074,-2.025,13.432,0,0,0,0,0,0,0,0,0,0,0
29,cube_stiff,210,68.816,-7.199,-8.549,-10.891,1.8,4.5,5.084,18,18,26.861,-1.351,-7.65,3.631,0,0,0,0,0,0,0,0,0,0,0
29,cube_stiff,261,71.72,10.8,12.601,13.068,-14.4,-16.649,-29.041,-1.35,1.801,-0.725,-18,-17.101,-23.232,0,0,0,0,0,0,0,0,0,0,0
29,cube_stiff,312,74.536,0.9,0.449,1.814,-16.875,-17.549,-20.326,5.85,5.4,15.246,-9.449,-12.375,-6.898,0,0,0,0,0,0,0,0,0,0,0
29,cube_stiff,363,77.44,0.9,3.601,-2.176,-3.601,0,-5.809,22.949,23.399,23.232,0,-1.35,1.451,0,0,0,0,0,0,0,0,0,0,0
29,cube_stiff,414,79.992,-16.65,-19.351,-28.314,-13.949,-14.4,-18.877,17.55,23.85,34.848,2.25,-6.75,2.902,0,0,0,0,0,0,0,0,0,0,0
29,cube_stiff,465,82.28,-18.45,-20.925,-37.023,-0.899,2.25,-1.814,12.824,15.749,21.055,-2.025,-9.449,7.262,0,0,0,0,0,0,0,0,0,0,0
29,cube_stiff,516,84.392,-1.575,-0.225,-13.432,-5.175,-6.75,-16.697,25.875,21.375,33.76,-3.15,-18.899,-0.727,0,0,0,0,0,0,0,0,0,0,0
29,cube_stiff,568,86.416,7.425,11.25,-1.09,-4.275,-0.226,-17.787,16.649,20.25,24.32,4.5,-13.95,17.424,0,0,0,0,0,0,0,0,0,0,0
29,cube_stiff,619,88.352,-3.375,-7.65,-18.875,17.324,15.3,10.527,19.8,18.225,26.135,-11.25,-37.576,-17.787,0,0,0,0,0,0,0,0,0,0,0
29,cube_stiff,670,90.2,-21.6,-23.85,-42.834,-22.5,-22.5,-63.162,20.699,15.75,15.244,3.149,-20.25,10.891,0,0,0,0,0,0,0,0,0,0,0
29,cube_stiff,721,91.696,-4.949,-6.75,-29.041,-1.351,-5.851,-22.506,3.6,-0.899,-3.629,10.351,-16.2,28.314,0,0,0,0,0,0,0,0,0,0,0
29,cube_stiff,772,93.456,-12.6,-21.6,-37.025,0.45,-3.6,-26.135,22.5,18,26.135,-8.101,-34.65,5.809,0,0,0,0,0,0,0,0,0,0,0
29,cube_stiff,823,95.128,-0.676,-7.2,-22.143,-10.125,-7.199,-43.197,13.949,12.375,8.711,-16.875,-43.649,-8.35,0,0,0,0,0,0,0,0,0,0,0
29,cube_stiff,874,95.744,-28.351,-30.6,-63.887,-14.85,-12.6,-45.738,3.601,4.949,3.629,-8.551,-33.75,-10.164,0,0,0,0,0,0,0,0,0,0,0
29,cube_stiff,926,95.656,-24.75,-27.9,-61.709,-9,-4.049,-32.67,9.9,7.65,13.066,-1.351,-26.1,9.438,0,0,0,0,0,0,0,0,0,0,0
29,cube_stiff,977,95.656,-1.351,-6.75,-21.777,-12.15,-12.6,-43.561,-4.5,-13.051,-13.795,9.449,-18,18.875,0,0,0,0,0,0,0,0,0,0,0
29,cube_stiff,1028,95.744,-18.9,-20.25,-38.477,-5.85,-0.449,-27.588,12.601,6.3,18.148,1.35,-25.199,8.711,0,0,0,0,0,0,0,0,0,0,0
29,cube_stiff,1079,95.656,-13.951,-15.75,-40.654,-7.65,-4.049,-36.301,-2.699,-9,-6.535,-2.701,-29.699,-2.906,1,0,1079,0,0,0,520,0,95.656,0,2
29,cube_stiff,1138,95.744,-10.351,-10.35,-32.668,-1.35,2.25,-24.686,10.351,6.75,15.973,1.799,-27.449,7.26,0,0,1079,0,0,0,520,0,95.656,0,2
29,cube_stiff,1189,95.744,-14.4,-13.5,-37.023,5.4,9,-10.891,16.65,15.3,23.957,25.199,-5.85,37.025,0,0,1079,0,0,0,520,0,95.656,0,2
29,cube_stiff,1240,95.744,-13.951,-17.55,-42.105,4.949,6.75,-20.328,5.851,1.8,3.629,8.1,-19.35,13.793,0,0,1079,0,0,0,520,0,95.656,0,2
29,cube_stiff,1291,95.744,-17.551,-15.75,-43.559,-21.15,-18.449,-59.533,-2.699,-5.4,-2.18,1.35,-28.35,9.438,0,0,1079,0,0,0,520,0,95.656,1291,2
29,cube_stiff,1342,95.744,-23.851,-27.9,-61.709,-7.2,-5.85,-29.766,13.5,9.9,18.875,4.5,-20.699,10.889,0,0,1079,0,0,0,520,0,95.656,1291,2
29,cube_stiff,1393,95.744,-25.201,-26.1,-55.174,0.9,4.5,-15.973,11.701,10.35,17.424,-2.701,-29.699,0.727,0,0,1079,0,0,0,520,0,95.656,1291,2
29,cube_stiff,1444,95.656,-5.851,-8.1,-22.504,-6.301,-4.5,-37.025,2.701,0.449,0,-9,-37.35,-7.986,0,0,1079,0,0,0,520,0,95.656,1291,2
29,cube_stiff,1496,95.656,-15.75,-16.199,-44.285,2.25,5.851,-18.877,18.9,12.6,27.586,5.399,-22.049,8.711,0,0,1079,0,0,0,520,0,95.656,1291,2
29,cube_stiff,1545,95.744,-3.15,-4.5,-22.504,-2.25,1.351,-24.686,17.551,9.449,20.326,9.449,-16.649,16.697,0,0,1079,0,0,0,520,0,95.656,1291,2
29,cube_stiff,1601,95.744,-14.851,-19.8,-41.381,-14.4,-14.399,-47.916,11.25,9,13.066,9.449,-17.1,29.039,0,0,1079,0,0,0,520,0,95.656,1291,2
29,cube_stiff,1652,95.744,-2.25,-1.35,-14.52,-19.35,-15.75,-47.916,19.801,13.949,31.943,15.75,-14.85,23.957,0,0,1079,0,0,0,520,0,95.656,1291,2
29,cube_stiff,1703,95.656,-24.75,-22.949,-52.27,-7.65,-3.6,-37.752,-2.699,-5.4,-1.453,9,-23.399,15.971,0,0,1079,0,0,0,520,0,95.656,1291,2
29,cube_stiff,1754,95.744,-15.301,-18.9,-41.381,-13.051,-10.35,-39.205,-9,-12.15,-22.508,4.949,-25.199,8.711,0,0,1079,0,0,0,520,0,95.656,1291,2
29,cube_stiff,1805,95.744,-5.851,-10.35,-31.217,0,3.15,-16.697,-14.85,-19.801,-26.863,-21.15,-47.25,-27.588,0,0,1079,0,0,0,520,0,95.656,1291,2
29,cube_stiff,1857,95.744,-8.551,-10.8,-24.684,-12.6,-14.399,-43.561,4.951,-0.9,3.629,5.399,-21.149,10.889,0,0,1079,0,0,0,520,0,95.656,1291,2
29,cube_stiff,1907,95.744,-24.75,-24.3,-56.627,-8.551,-9.899,-36.301,5.851,4.949,5.807,10.799,-16.649,23.957,0,0,1079,0,0,0,520,0,95.656,1291,2
29,cube_stiff,1959,95.656,-4.951,-9.449,-25.408,-8.1,-5.399,-36.301,-1.35,-4.5,-4.357,11.699,-17.549,25.408,0,0,1079,0,0,0,520,0,95.656,1291,2
29,cube_stiff,2010,95.744,-4.951,-13.05,-32.668,1.8,1.801,-20.328,3.601,-3.6,2.902,1.35,-23.399,3.629,0,0,1079,0,0,0,520,0,95.656,1291,2
29,cube_stiff,2061,95.744,4.5,4.051,-10.162,-9.9,-4.949,-34.123,5.4,4.5,7.258,8.1,-19.799,24.684,0,0,1079,0,0,0,520,0,95.656,1291,2
29,cube_stiff,2112,95.744,-0.451,-3.15,-15.971,-0.9,3.601,-18.877,2.701,-2.7,2.902,1.35,-27.449,6.533,0,1,1079,2112,0,0,520,509,95.656,1291,2
30,cube_stiff,6,60.984,-0.6,-3.299,-8.711,-8.55,-5.101,-8.713,5.851,2.7,10.406,-6.6,-10.2,-7.986,0,0,0,0,0,0,0,0,0,0,0
30,cube_stiff,58,61.512,-15.976,-12.375,-25.773,2.475,0.9,0.361,21.6,22.5,41.742,-1.351,-11.025,-3.629,0,0,0,0,0,0,0,0,0,0,0
30,cube_stiff,109,63.536,-7.425,-10.35,-3.631,-10.799,-11.249,-18.15,-4.05,-0.451,-3.266,-6.975,-15.975,-13.793,0,0,0,0,0,0,0,0,0,0,0
30,cube_stiff,160,65.912,-21.6,-18.675,-27.951,-11.926,-20.25,-23.232,1.35,0.675,5.807,7.425,2.475,13.432,0,0,0,0,0,0,0,0,0,0,0
30,cube_stiff,212,68.904,-20.699,-22.949,-29.766,-1.8,-1.801,1.451,4.5,7.2,12.342,-13.05,-18,-12.34,0,0,0,0,0,0,0,0,0,0,0
30,cube_stiff,263,71.808,-8.551,-8.1,-18.875,-8.1,-7.2,-13.068,0,2.7,-4.355,7.649,-0.451,15.973,0,0,0,0,0,0,0,0,0,0,0
30,cube_stiff,314,74.624,-7.65,-12.15,-18.512,-24.524,-28.35,-41.381,4.5,2.25,9.438,0.9,-7.424,1.814,0,0,0,0,0,0,0,0,0,0,0
30,cube_stiff,364,77.44,-7.65,-7.649,-15.971,-24.301,-18.9,-39.93,-1.35,-1.351,-7.26,-16.201,-25.649,-27.588,0,0,0,0,0,0,0,0,0,0,0
30,cube_stiff,416,80.08,-14.4,-18,-27.588,-9.899,-9.45,-11.617,0.45,4.05,3.631,-1.8,-11.25,-2.906,0,0,0,0,0,0,0,0,0,0,0
30,cube_stiff,467,82.368,-19.8,-21.375,-39.203,-11.25,-5.4,-15.609,8.774,6.749,9.438,-3.826,-13.05,4.357,0,0,0,0,0,0,0,0,0,0,0
30,cube_stiff,519,84.48,1.125,-1.575,-1.814,-4.725,-3.6,-4.355,22.275,23.175,32.309,-2.25,-17.1,-2.178,0,0,0,0,0,0,0,0,0,0,0
30,cube_stiff,571,86.592,-1.125,-6.75,-14.158,-6.074,-4.726,-20.691,15.75,13.5,17.787,21.6,1.8,41.381,0,0,0,0,0,0,0,0,0,0,0
30,cube_stiff,621,88.44,-16.875,-20.699,-39.93,-9.225,-13.95,-36.662,-0.899,-2.025,-1.451,-9,-33.525,-6.896,0,0,0,0,0,0,0,0,0,0,0
30,cube_stiff,673,90.2,-12.149,-11.699,-29.041,-14.851,-1.801,-27.588,0,1.801,-10.891,3.149,-20.25,12.344,0,0,0,0,0,0,0,0,0,0,0
30,cube_stiff,724,91.784,-23.399,-23.399,-54.449,-6.75,-9.899,-31.219,-6.75,-9.449,-15.973,0.9,-23.4,11.617,0,0,0,0,0,0,0,0,0,0,0
30,cube_stiff,775,93.456,-10.799,-17.55,-35.574,-22.5,-19.35,-58.078,27,16.2,28.314,-18,-42.75,-23.957,0,0,0,0,0,0,0,0,0,0,0
30,cube_stiff,826,95.128,-10.125,-13.95,-33.758,-21.824,-19.8,-58.443,4.05,3.824,-6.535,-12.825,-37.351,-6.896,0,0,0,0,0,0,0,0,0,0,0
30,cube_stiff,877,95.568,-10.801,-11.699,-34.121,12.6,14.851,3.629,-0.449,-2.7,-5.809,-18.9,-50.399,-30.492,0,0,0,0,0,0,0,0,0,0,0
30,cube_stiff,928,95.568,-7.201,-10.8,-30.49,-6.301,-1.799,-28.314,12.15,8.1,7.984,-6.301,-32.85,-6.535,0,0,0,0,0,0,0,0,0,0,0
30,cube_stiff,980,95.568,-14.4,-14.85,-41.381,-14.85,-14.85,-43.561,3.601,1.35,-2.18,1.35,-29.699,6.533,0,0,0,0,0,0,0,0,0,0,0
30,cube_stiff,1031,95.568,-30.15,-30.15,-65.338,-3.15,2.25,-24.686,2.701,-2.7,4.355,12.6,-16.649,19.602,0,0,0,0,0,0,0,0,0,0,0
30,cube_stiff,1082,95.568,-16.201,-18,-40.654,4.5,4.5,-15.246,3.15,4.05,2.902,1.35,-24.75,7.26,1,0,1082,0,0,0,520,0,95.568,0,2
30,cube_stiff,1140,95.568,-13.951,-18,-45.736,16.199,15.75,3.629,2.25,-0.9,2.902,11.25,-19.799,21.779,0,0,1082,0,0,0,520,0,95.568,0,2
30,cube_stiff,1191,95.568,-4.5,-8.1,-29.039,3.6,3.15,-15.973,10.351,5.85,10.889,-5.851,-35.549,-7.986,0,0,1082,0,0,0,520,0,95.568,0,2
30,cube_stiff,1242,95.568,-16.201,-18,-42.832,-3.6,-4.5,-23.959,4.5,1.8,2.178,10.35,-18,20.328,0,0,1082,0,0,0,520,0,95.568,0,2
30,cube_stiff,1293,95.568,-5.851,-9.9,-31.943,-6.301,-3.149,-26.863,10.351,0.9,7.984,7.199,-17.549,18.875,0,0,1082,0,0,0,520,0,95.568,1293,2
30,cube_stiff,1345,95.568,-21.15,-20.699,-55.174,-9.45,-5.399,-33.396,-6.75,-11.7,-14.52,-2.701,-33.299,-5.082,0,0,1082,0,0,0,520,0,95.568,1293,2
30,cube_stiff,1396,95.568,-20.25,-22.5,-45.012,-22.5,-17.1,-52.998,3.15,-1.801,2.178,10.799,-19.35,11.615,0,0,1082,0,0,0,520,0,95.568,1293,2
30,cube_stiff,1448,95.568,-18.9,-20.699,-44.285,-8.1,-4.049,-35.574,6.301,2.699,7.258,10.35,-21.6,15.246,0,0,1082,0,0,0,520,0,95.568,1293,2
30,cube_stiff,1499,95.568,-3.15,-4.5,-19.6,-6.301,-1.35,-29.041,18,11.699,24.684,-0.451,-32.85,-1.453,0,0,1082,0,0,0,520,0,95.568,1293,2
30,cube_stiff,1551,95.568,-19.351,-20.25,-47.189,-4.95,-2.699,-23.959,-0.899,-4.051,-7.262,0.899,-26.1,9.438,0,0,1082,0,0,0,520,0,95.568,1293,2
30,cube_stiff,1602,95.568,-26.551,-27.449,-63.16,-11.7,-11.25,-40.656,4.5,-1.801,5.807,-1.351,-35.549,-2.18,0,0,1082,0,0,0,520,0,95.568,1293,2
30,cube_stiff,1653,95.568,-17.551,-14.4,-42.105,-0.45,0.451,-24.686,-6.75,-10.35,-12.344,3.6,-22.5,12.34,0,0,1082,0,0,0,520,0,95.568,1293,2
30,cube_stiff,1705,95.568,0.449,-4.949,-15.244,0.9,-2.25,-20.328,15.75,13.949,25.41,9,-16.199,16.697,0,0,1082,0,0,0,520,0,95.568,1293,2
30,cube_stiff,1756,95.568,-10.801,-9.449,-29.766,-4.95,-4.5,-28.314,0,-5.4,-5.082,-16.65,-44.1,-23.232,0,0,1082,0,0,0,520,0,95.568,1293,2
30,cube_stiff,1807,95.568,-4.051,-7.199,-22.504,1.35,2.701,-13.068,15.301,9,22.504,4.949,-21.149,10.889,0,0,1082,0,0,0,520,0,95.568,1293,2
30,cube_stiff,1858,95.568,-29.701,-27.9,-60.258,11.699,11.701,-5.809,1.801,4.5,2.902,15.299,-13.049,27.586,0,0,1082,0,0,0,520,0,95.568,1293,2
30,cube_stiff,1910,95.568,-21.15,-21.15,-55.174,-6.75,-3.149,-30.492,0.451,-2.7,0.727,-9,-34.199,-9.438,0,0,1082,0,0,0,520,0,95.568,1293,2
30,cube_stiff,1961,95.568,-17.101,-20.699,-43.559,4.5,9.451,-8.713,-4.049,-9,-13.068,-2.701,-31.049,1.451,0,0,1082,0,0,0,520,0,95.568,1293,2
30,cube_stiff,2013,95.568,-17.101,-13.949,-42.832,-7.65,-3.149,-30.492,6.301,0.9,3.629,11.699,-13.949,23.957,0,0,1082,0,0,0,520,0,95.568,1293,2
30,cube_stiff,2064,95.568,-26.551,-30.6,-63.16,-13.051,-10.799,-42.834,14.4,14.4,17.424,0.899,-30.149,5.082,0,0,1082,0,0,0,520,0,95.568,1293,2
30,cube_stiff,2116,95.568,-30.601,-36.449,-77.68,4.5,4.5,-15.246,6.301,5.85,1.451,13.049,-19.35,24.684,0,1,1082,2116,0,0,520,505,95.568,1293,2
31,cube_stiff,6,60.984,-3.75,-5.1,-7.26,-1.35,-3.3,-2.18,18.45,11.25,22.023,14.101,8.7,13.795,0,0,0,0,0,0,0,0,0,0,0
31,cube_stiff,57,61.512,-14.625,-15.075,-19.965,-26.325,-29.7,-38.842,31.049,29.699,50.455,2.25,-4.275,5.809,0,0,0,0,0,0,0,0,0,0,0
31,cube_stiff,108,63.448,-24.976,-24.75,-38.479,6.301,3.601,12.342,-2.251,-2.701,2.543,6.976,-1.574,5.811,0,0,0,0,0,0,0,0,0,0,0
31,cube_stiff,160,65.912,-14.4,-18.675,-22.143,-19.575,-23.4,-35.572,9.45,3.825,13.066,-4.275,-5.176,-10.527,0,0,0,0,0,0,0,0,0,0,0
31,cube_stiff,211,68.816,-21.6,-26.1,-38.479,9.45,12.6,18.877,12.149,7.2,14.52,-3.601,-7.199,-0.727,0,0,0,0,0,0,0,0,0,0,0
31,cube_stiff,262,71.72,-1.801,0.9,-2.178,-1.801,-4.05,-2.178,5.4,7.65,7.986,-30.601,-31.051,-40.656,0,0,0,0,0,0,0,0,0,0,0
31,cube_stiff,313,74.624,2.25,-0.45,3.994,-22.274,-27,-30.492,-2.25,-6.301,-2.904,9.451,6.525,19.965,0,0,0,0,0,0,0,0,0,0,0
31,cube_stiff,365,77.616,-7.199,-10.351,-15.971,-10.801,-6.301,-5.082,18.449,23.399,21.781,-13.051,-14.399,-23.959,0,0,0,0,0,0,0,0,0,0,0
31,cube_stiff,416,80.344,-3.6,-4.95,-8.711,-16.875,-19.351,-19.602,35.101,32.176,42.834,24.3,20.475,29.404,0,0,0,0,0,0,0,0,0,0,0
31,cube_stiff,466,82.808,-10.351,-13.274,-26.135,-19.799,-18.449,-17.787,8.324,13.05,27.588,-0.226,0.45,-7.984,0,0,0,0,0,0,0,0,0,0,0
31,cube_stiff,518,85.096,-3.375,-6.075,-19.24,-9.225,-13.05,5.809,2.025,-2.925,19.238,-0.9,1.801,-4.357,0,0,0,0,0,0,0,0,0,0,0
31,cube_stiff,569,87.648,-24.301,-30.6,-58.805,-9.449,-11.699,7.262,-5.85,-13.949,12.34,-9,0.449,-5.809,0,0,0,0,0,0,0,0,0,0,0
31,cube_stiff,620,90.376,-0.449,-4.05,-19.602,-14.175,-18.676,-8.35,-3.6,-3.825,25.773,0.451,-6.075,-10.164,0,0,0,0,0,0,0,0,0,0,0
31,cube_stiff,672,92.928,-10.351,-12.375,-41.746,-5.4,-8.101,10.527,4.5,-6.075,26.861,15.75,10.35,20.328,0,0,0,0,0,0,0,0,0,0,0
31,cube_stiff,723,95.392,-10.351,-5.85,-39.928,-16.2,-23.85,-11.617,-7.649,-12.15,13.793,0.449,0,-14.52,0,0,0,0,0,0,0,0,0,0,0
31,cube_stiff,774,97.592,-4.5,-7.2,-39.205,1.799,-6.75,7.26,18.45,18.899,54.449,8.1,11.25,6.535,0,0,0,0,0,0,0,0,0,0,0
31,cube_stiff,825,99.264,-20.025,-20.699,-61.707,-10.575,-19.574,-7.26,9.45,13.725,49.006,6.75,8.775,-6.17,0,0,0,0,0,0,0,0,0,0,0
31,cube_stiff,876,100.936,-13.051,-13.5,-51.545,-7.199,-16.65,-8.711,0.45,-0.9,33.395,8.55,8.551,-1.453,0,0,0,0,0,0,0,0,0,0,0
31,cube_stiff,927,101.552,-13.5,-13.051,-59.531,6.75,-2.701,8.711,-5.85,-5.4,8.711,1.35,4.5,-10.893,0,0,0,0,0,0,0,0,0,0,0
31,cube_stiff,978,101.552,-30.601,-28.35,-72.6,0.45,-11.25,-2.904,0.45,-2.7,18.15,-2.25,0.449,-10.893,0,0,0,0,0,0,0,0,0,0,0
31,cube_stiff,1029,101.552,-24.3,-19.35,-58.807,14.399,0,18.15,-16.65,-15.301,-0.727,-11.25,-12.601,-29.041,0,0,0,0,0,0,0,0,0,0,0
31,cube_stiff,1080,101.64,-21.149,-22.051,-64.615,-11.7,-26.101,-16.697,-6.75,-5.4,13.068,7.2,3.6,0,0,0,0,0,0,0,0,0,0,0,0
31,cube_stiff,1132,101.64,-17.55,-16.65,-52.998,8.55,-3.601,13.068,-3.6,-0.9,12.342,0.9,0,-5.084,1,0,1132,0,0,0,453,0,101.64,0,2
31,cube_stiff,1190,101.64,-17.101,-16.2,-50.094,-16.649,-25.201,-24.684,-8.1,-8.1,5.809,-5.4,0.449,-18.15,0,0,1132,0,0,0,453,0,101.64,0,2
31,cube_stiff,1241,101.64,-10.351,-10.35,-45.012,-23.851,-37.801,-45.738,-13.5,-8.551,3.631,-17.1,-10.801,-23.959,0,0,1132,0,0,0,453,0,101.64,0,2
31,cube_stiff,1291,101.64,-9.45,-6.301,-37.752,-3.149,-14.4,-13.795,-1.8,-1.801,13.793,0.9,1.35,-10.893,0,0,1132,0,0,0,453,0,101.64,0,2
31,cube_stiff,1341,101.64,-1.8,-1.35,-26.863,9,-3.601,7.26,-17.55,-14.4,-5.082,-3.6,-5.851,-12.344,0,0,1132,0,0,0,453,0,101.64,1341,2
31,cube_stiff,1392,101.64,-12.149,-7.65,-43.561,-13.05,-21.15,-24.684,-7.65,-7.65,4.355,4.051,3.149,-4.357,0,0,1132,0,0,0,453,0,101.64,1341,2
31,cube_stiff,1442,101.552,-13.5,-7.65,-43.561,-8.55,-23.851,-20.328,1.801,1.8,21.053,1.35,0.899,-8.713,0,0,1132,0,0,0,453,0,101.64,1341,2
31,cube_stiff,1492,101.64,-11.7,-9,-42.834,-0.45,-10.351,-1.451,-6.75,0.9,17.424,-9,-7.65,-19.604,0,0,1132,0,0,0,453,0,101.64,1341,2
31,cube_stiff,1544,101.64,-15.75,-13.5,-55.176,-15.3,-27,-28.314,4.051,1.35,20.328,7.65,8.549,2.902,0,0,1132,0,0,0,453,0,101.64,1341,2
31,cube_stiff,1594,101.64,-26.101,-26.551,-70.422,4.5,-6.75,4.357,-24.3,-16.2,-12.342,-5.85,-7.65,-18.15,0,0,1132,0,0,0,453,0,101.64,1341,2
31,cube_stiff,1644,101.64,-5.399,-3.6,-34.848,-10.8,-19.351,-18.877,-18,-18,-3.629,1.35,4.049,-9.439,0,0,1132,0,0,0,453,0,101.64,1341,2
31,cube_stiff,1695,101.64,-7.649,-4.5,-40.656,-23.399,-37.801,-47.189,-9,-12.15,1.453,0,-1.801,-8.713,0,0,1132,0,0,0,453,0,101.64,1341,2
31,cube_stiff,1746,101.64,-15.75,-9.45,-47.191,7.649,-2.25,8.711,-19.8,-13.5,-2.178,-10.35,-9.9,-25.412,0,0,1132,0,0,0,453,0,101.64,1341,2
31,cube_stiff,1796,101.64,-23.399,-18,-56.629,-1.8,-10.801,-6.535,-21.15,-16.2,-8.713,-3.6,0,-13.795,0,0,1132,0,0,0,453,0,101.64,1341,2
31,cube_stiff,1846,101.552,-9.45,-9.45,-42.834,-14.851,-28.351,-29.766,-2.25,2.25,16.699,12.15,6.75,6.533,0,0,1132,0,0,0,453,0,101.64,1341,2
31,cube_stiff,1897,101.552,-4.05,1.35,-26.863,-11.7,-22.051,-23.232,-9.9,-4.5,17.424,1.801,1.799,0.725,0,0,1132,0,0,0,453,0,101.64,1341,2
31,cube_stiff,1949,101.64,-1.8,-1.35,-26.137,-11.7,-22.5,-18.877,2.7,4.5,23.23,8.551,6.75,-0.727,0,0,1132,0,0,0,453,0,101.64,1341,2
31,cube_stiff,2000,101.64,-17.55,-10.35,-50.094,-12.601,-22.5,-19.604,-18.449,-16.65,-7.262,-25.199,-25.201,-48.643,0,0,1132,0,0,0,453,0,101.64,1341,2
31,cube_stiff,2052,101.64,-9.45,-4.95,-37.752,-9,-26.551,-26.861,4.051,4.949,21.053,-0.449,-0.451,-7.986,0,0,1132,0,0,0,453,0,101.64,1341,2
31,cube_stiff,2103,101.64,-0.899,1.35,-27.588,-5.399,-20.701,-14.52,-4.949,-4.5,10.164,-0.9,0,-5.809,0,0,1132,0,0,0,453,0,101.64,1341,2
31,cube_stiff,2154,101.64,-19.8,-17.551,-59.531,-9,-24.75,-20.328,2.7,6.75,28.314,-14.4,-13.5,-26.137,0,1,1132,2154,0,0,453,443,101.64,1341,2
32,cube_stiff,6,60.984,-0.15,-2.85,-4.357,-10.8,-15.45,-20.33,18.45,14.85,25.652,12.751,10.05,15.975,0,0,0,0,0,0,0,0,0,0,0
32,cube_stiff,56,61.512,1.574,0.675,7.623,0.225,-2.25,7.623,13.049,13.05,25.771,-22.05,-31.275,-31.219,0,0,0,0,0,0,0,0,0,0,0
32,cube_stiff,106,63.36,-10.575,-14.85,-14.52,-11.25,-11.7,-21.779,16.649,14.85,28.68,-2.024,-8.324,-2.178,0,0,0,0,0,0,0,0,0,0,0
32,cube_stiff,156,65.648,-2.699,-6.075,-11.979,3.824,-4.5,-0.727,-1.8,-6.524,-3.631,0.675,-6.525,0.363,0,0,0,0,0,0,0,0,0,0,0
32,cube_stiff,207,68.64,-16.649,-13.5,-23.232,2.25,-2.25,1.451,6.75,8.551,10.891,-21.149,-24.75,-21.777,0,0,0,0,0,0,0,0,0,0,0
32,cube_stiff,257,71.456,22.5,22.051,34.121,-14.85,-20.7,-30.492,13.5,15.75,15.246,-22.051,-22.051,-26.135,0,0,0,0,0,0,0,0,0,0,0
32,cube_stiff,309,74.36,0,0.9,-2.541,-15.524,-18.899,-23.23,2.699,-0.9,7.258,-9.449,-20.924,-20.691,0,0,0,0,0,0,0,0,0,0,0
32,cube_stiff,360,77.352,5.4,1.8,6.535,-15.301,-11.701,-21.779,17.55,21.6,29.766,-18.451,-15.299,-20.328,0,0,0,0,0,0,0,0,0,0,0
32,cube_stiff,411,80.168,-7.2,-11.701,-19.604,-5.85,-8.1,5.082,16.2,26.1,34.848,-14.85,-17.549,-24.684,0,0,0,0,0,0,0,0,0,0,0
32,cube_stiff,462,82.632,-27,-24.976,-62.436,-12.6,-14.4,-1.814,-1.125,4.499,10.891,11.475,9,15.973,0,0,0,0,0,0,0,0,0,0,0
32,cube_stiff,513,84.92,-11.475,-15.975,-38.115,-0.225,-5.4,18.152,17.325,17.774,47.553,11.699,8.101,17.424,0,0,0,0,0,0,0,0,0,0,0
32,cube_stiff,565,87.384,-12.6,-9.9,-31.943,4.5,2.7,30.492,-9.449,-14.399,2.178,1.8,9.449,3.631,0,0,0,0,0,0,0,0,0,0,0
32,cube_stiff,616,89.76,-13.949,-13.5,-42.107,-26.101,-33.301,-19.602,7.649,9,46.463,-8.55,-5.399,-22.506,0,0,0,0,0,0,0,0,0,0,0
32,cube_stiff,666,92.136,6.75,8.101,-6.535,12.149,-4.5,25.408,-14.85,-16.199,18.877,9.9,14.4,18.875,0,0,0,0,0,0,0,0,0,0,0
32,cube_stiff,717,94.776,-7.875,-8.55,-46.1,-4.274,-13.5,9.801,5.85,6.074,38.477,-6.525,-1.8,-11.252,0,0,0,0,0,0,0,0,0,0,0
32,cube_stiff,768,97.24,-3.149,0.675,-38.477,9.45,-0.449,24.684,3.15,-0.9,39.205,-1.575,-0.675,-12.342,0,0,0,0,0,0,0,0,0,0,0
32,cube_stiff,820,99.088,-3.825,-5.85,-43.559,-9.675,-21.824,-0.727,9.45,6.075,48.279,9,4.275,-2.541,0,0,0,0,0,0,0,0,0,0,0
32,cube_stiff,871,100.672,-5.85,3.15,-46.463,-29.25,-42.301,-38.477,-18.9,-20.7,8.711,17.1,18,9.438,0,0,0,0,0,0,0,0,0,0,0
32,cube_stiff,928,101.376,-4.5,1.35,-39.205,-17.55,-31.5,-23.232,-21.15,-22.5,6.535,-5.85,-3.6,-14.52,0,0,0,0,0,0,0,0,0,0,0
32,cube_stiff,980,101.464,3.15,6.75,-26.861,-23.85,-37.801,-32.67,-12.6,-13.051,11.617,11.25,7.201,-0.727,0,0,0,0,0,0,0,0,0,0,0
32,cube_stiff,1032,101.376,-20.25,-16.65,-66.066,-5.4,-16.2,-7.986,-25.65,-27.45,-5.082,-4.5,-4.949,-15.246,0,0,0,0,0,0,0,0,0,0,0
32,cube_stiff,1082,101.464,-24.301,-23.4,-71.875,-17.55,-28.35,-26.863,-0.449,0.9,36.301,3.15,-3.6,-13.068,0,0,0,0,0,0,0,0,0,0,0
32,cube_stiff,1134,101.464,-19.35,-18.9,-53.725,-25.65,-35.1,-37.752,-11.699,-17.551,8.711,2.25,1.801,-7.262,1,0,1134,0,0,0,458,0,101.464,0,2
32,cube_stiff,1192,101.464,-5.85,-4.051,-41.383,-13.05,-23.85,-19.602,-11.699,-9.45,14.52,4.05,4.951,-8.713,0,0,1134,0,0,0,458,0,101.464,0,2
32,cube_stiff,1242,101.464,-10.801,-7.2,-47.189,2.25,-10.801,2.178,2.7,2.699,40.656,4.05,4.5,-13.068,0,0,1134,0,0,0,458,0,101.464,0,2
32,cube_stiff,1293,101.464,-13.5,-11.25,-50.82,-20.699,-29.7,-33.395,4.051,1.35,34.121,3.15,4.051,-10.164,0,0,1134,0,0,0,458,0,101.464,0,2
32,cube_stiff,1343,101.376,0.9,1.8,-28.314,-18,-25.65,-24.684,-19.35,-20.7,0,-4.051,-0.449,-10.891,0,0,1134,0,0,0,458,0,101.464,1343,2
32,cube_stiff,1395,101.464,-27.45,-27.45,-76.229,-29.25,-34.2,-39.203,-7.65,-4.051,18.875,3.6,3.601,-5.082,0,0,1134,0,0,0,458,0,101.464,1343,2
32,cube_stiff,1446,101.464,-5.85,-0.9,-36.299,-13.05,-21.15,-21.055,2.7,-0.9,29.766,1.35,1.351,-7.988,0,0,1134,0,0,0,458,0,101.464,1343,2
32,cube_stiff,1497,101.464,-14.4,-13.5,-50.094,-29.25,-42.75,-55.902,7.2,3.15,39.203,1.35,-0.449,-6.535,0,0,1134,0,0,0,458,0,101.464,1343,2
32,cube_stiff,1548,101.376,1.8,2.25,-28.314,-27,-32.85,-35.574,-28.8,-27.45,-8.711,14.85,18,19.602,0,0,1134,0,0,0,458,0,101.464,1343,2
32,cube_stiff,1600,101.464,-7.2,-3.15,-42.107,-15.3,-22.051,-20.328,3.15,3.15,29.766,1.8,-2.699,-9.439,0,0,1134,0,0,0,458,0,101.464,1343,2
32,cube_stiff,1651,101.464,-19.35,-17.1,-59.531,-9.449,-20.7,-21.779,-0.9,-3.15,32.67,12.15,10.351,7.258,0,0,1134,0,0,0,458,0,101.464,1343,2
32,cube_stiff,1702,101.464,-13.5,-13.051,-50.094,-20.699,-31.95,-35.574,-1.8,0,29.041,-1.801,0.9,-14.52,0,0,1134,0,0,0,458,0,101.464,1343,2
32,cube_stiff,1753,101.376,11.699,7.65,-7.26,-28.35,-33.301,-36.301,-1.35,-1.35,22.506,-14.4,-16.199,-33.396,0,0,1134,0,0,0,458,0,101.464,1343,2
32,cube_stiff,1805,101.464,-20.7,-21.15,-63.162,3.15,-8.1,7.26,6.75,4.949,39.203,-5.85,-7.199,-22.508,0,0,1134,0,0,0,458,0,101.464,1343,2
32,cube_stiff,1856,101.464,-2.7,-5.4,-33.396,-13.5,-19.35,-15.971,-18.9,-18.9,-3.629,4.05,2.701,-9.439,0,0,1134,0,0,0,458,0,101.464,1343,2
32,cube_stiff,1907,101.376,-5.4,-2.7,-34.123,-4.05,-9.45,-2.178,-5.85,-4.95,18.875,9.449,8.551,6.533,0,0,1134,0,0,0,458,0,101.464,1343,2
32,cube_stiff,1958,101.376,-17.1,-13.051,-50.094,-20.699,-26.1,-30.492,-9.9,-7.65,17.424,3.6,5.851,-5.809,0,0,1134,0,0,0,458,0,101.464,1343,2
32,cube_stiff,2009,101.464,-12.15,-7.65,-45.012,-11.25,-18.9,-13.795,8.1,10.8,39.93,11.699,13.5,10.164,0,0,1134,0,0,0,458,0,101.464,1343,2
32,cube_stiff,2061,101.464,-7.65,-8.1,-50.094,-20.699,-26.1,-27.588,2.7,5.85,43.561,12.6,9,1.451,0,0,1134,0,0,0,458,0,101.464,1343,2
32,cube_stiff,2112,101.464,-1.801,-1.801,-35.574,-11.699,-23.4,-18.875,-6.3,-2.7,21.779,4.05,11.25,1.451,0,0,1134,0,0,0,458,0,101.464,1343,2
32,cube_stiff,2163,101.464,-2.25,-0.45,-26.861,2.25,-12.15,0,-3.15,-4.5,26.863,12.15,13.951,8.711,0,1,1134,2163,0,0,458,448,101.464,1343,2
33,cube_stiff,5,60.984,-9.6,-12.299,-22.506,8.1,6.6,13.066,-5.85,-6.3,-8.469,9.601,7.8,10.891,0,0,0,0,0,0,0,0,0,0,0
33,cube_stiff,56,61.512,-1.125,2.025,6.17,-1.125,2.699,9.074,17.1,15.3,27.949,-2.7,-6.975,-5.809,0,0,0,0,0,0,0,0,0,0,0
33,cube_stiff,107,63.448,-0.226,-4.051,-2.18,-13.5,-15.3,-23.959,3.149,3.6,9.076,-1.124,-9.675,0.729,0,0,0,0,0,0,0,0,0,0,0
33,cube_stiff,158,65.824,-17.1,-19.125,-27.225,7.425,3.15,16.697,-5.4,-3.825,-5.082,0.225,-2.025,4.719,0,0,0,0,0,0,0,0,0,0,0
33,cube_stiff,210,68.816,-19.799,-16.649,-29.766,13.05,9.449,16.697,27.899,29.7,49.369,-16.2,-20.25,-22.504,0,0,0,0,0,0,0,0,0,0,0
33,cube_stiff,261,71.72,11.699,9.9,16.697,-5.4,-4.95,-7.26,13.949,19.35,28.314,-30.601,-29.701,-38.479,0,0,0,0,0,0,0,0,0,0,0
33,cube_stiff,312,74.624,-10.8,-9.9,-15.609,-3.825,-9,-1.451,1.35,0,7.258,-5.85,-9.225,1.814,0,0,0,0,0,0,0,0,0,0,0
33,cube_stiff,363,77.528,-12.15,-10.8,-15.971,-29.701,-27.451,-45.738,9,9.449,13.068,-6.301,-11.699,-11.617,0,0,0,0,0,0,0,0,0,0,0
33,cube_stiff,416,80.432,-5.85,-2.7,-9.438,-18.226,-18.899,-23.23,0.45,3.375,1.451,6.3,0.225,3.268,0,0,0,0,0,0,0,0,0,0,0
33,cube_stiff,467,82.896,-13.05,-15.524,-36.299,-25.199,-23.4,-25.049,6.524,5.85,16.697,-5.176,-5.85,-10.162,0,0,0,0,0,0,0,0,0,0,0
33,cube_stiff,521,85.36,-11.25,-15.3,-37.027,-3.149,-5.85,8.711,-12.15,-7.201,3.631,26.101,26.55,44.285,0,0,0,0,0,0,0,0,0,0,0
33,cube_stiff,572,87.736,-26.1,-24.301,-58.805,-5.85,-8.1,10.891,0,-1.35,14.52,-5.399,0,-3.629,0,0,0,0,0,0,0,0,0,0,0
33,cube_stiff,624,90.024,-14.399,-12.6,-39.93,-0.45,-9,17.424,5.85,4.5,40.654,2.7,3.601,-10.162,0,0,0,0,0,0,0,0,0,0,0
33,cube_stiff,675,92.4,-13.951,-11.924,-38.115,-6.301,-14.4,-1.816,4.5,-0.225,43.561,6.75,4.95,0,0,0,0,0,0,0,0,0,0,0,0
33,cube_stiff,727,94.952,-7.875,-9.45,-38.84,-19.574,-31.5,-14.158,-5.4,-13.275,28.312,-4.275,-1.8,-15.609,0,0,0,0,0,0,0,0,0,0,0
33,cube_stiff,777,97.504,5.851,3.15,-23.959,-25.65,-40.05,-34.123,16.649,18,68.242,1.799,3.149,-1.451,0,0,0,0,0,0,0,0,0,0,0
33,cube_stiff,828,99.352,-4.05,-5.625,-40.656,-17.326,-30.149,-15.609,-1.574,1.574,43.922,6.75,11.475,5.809,0,0,0,0,0,0,0,0,0,0,0
33,cube_stiff,879,101.024,-17.1,-12.15,-66.066,-10.8,-18.45,0,-8.55,-12.6,23.957,-16.65,-18.449,-39.205,0,0,0,0,0,0,0,0,0,0,0
33,cube_stiff,930,101.464,-29.25,-22.95,-81.313,0.45,-10.35,3.629,-6.3,-2.25,34.848,2.25,5.851,-8.713,0,0,0,0,0,0,0,0,0,0,0
33,cube_stiff,981,101.464,-17.551,-13.051,-68.244,-28.35,-37.801,-34.848,3.15,2.25,50.82,2.699,6.75,-10.891,0,0,0,0,0,0,0,0,0,0,0
33,cube_stiff,1033,101.376,-18.45,-13.5,-63.889,-9.9,-17.551,-3.629,0,3.6,42.109,-15.75,-20.699,-45.012,0,0,0,0,0,0,0,0,0,0,0
33,cube_stiff,1084,101.464,-7.65,-2.25,-45.736,-27.449,-36.9,-30.492,-7.199,-9.45,23.957,-2.7,-2.25,-21.055,0,0,0,0,0,0,0,0,0,0,0
33,cube_stiff,1136,101.464,-19.35,-14.4,-66.066,-19.8,-30.6,-28.314,-16.199,-16.2,21.779,18,18,17.424,1,0,1136,0,0,0,457,0,101.464,0,2
33,cube_stiff,1194,101.464,-16.2,-13.5,-51.545,-21.6,-25.65,-20.328,-26.55,-25.65,-7.26,-0.45,0.9,-8.713,0,0,1136,0,0,0,457,0,101.464,0,2
33,cube_stiff,1245,101.464,-13.5,-10.801,-56.629,-20.25,-29.25,-25.41,-15.3,-10.801,9.438,15.75,16.65,11.615,0,0,1136,0,0,0,457,0,101.464,0,2
33,cube_stiff,1297,101.464,-12.15,-4.95,-47.916,-20.25,-25.65,-26.137,-5.85,-6.75,28.314,6.3,10.351,-2.904,0,0,1136,0,0,0,457,0,101.464,0,2
33,cube_stiff,1348,101.464,-7.65,-2.25,-43.561,-22.5,-30.15,-32.67,-8.55,-4.95,28.314,-0.9,0.9,-20.328,0,0,1136,0,0,0,457,0,101.464,1348,2
33,cube_stiff,1398,101.464,-27,-22.95,-77.682,-9.449,-18.45,-10.891,9,10.35,54.449,-2.7,-3.6,-18.877,0,0,1136,0,0,0,457,0,101.464,1348,2
33,cube_stiff,1448,101.464,-13.95,-9.9,-50.094,-11.699,-21.6,-18.148,-2.699,-1.801,39.93,7.199,8.551,-1.453,0,0,1136,0,0,0,457,0,101.464,1348,2
33,cube_stiff,1500,101.464,-13.5,-9.9,-54.451,-16.65,-24.75,-24.684,-20.25,-14.85,0.727,7.199,6.75,-1.453,0,0,1136,0,0,0,457,0,101.464,1348,2
33,cube_stiff,1551,101.376,-16.65,-17.551,-63.889,0.9,-7.2,2.904,4.5,1.35,44.287,4.949,8.551,0,0,0,1136,0,0,0,457,0,101.464,1348,2
33,cube_stiff,1602,101.376,-9.45,-9,-45.736,0.9,-10.35,0.727,-16.65,-18.9,8.711,9.9,7.201,5.082,0,0,1136,0,0,0,457,0,101.464,1348,2
33,cube_stiff,1653,101.464,-14.85,-9.9,-59.531,-19.35,-25.2,-29.766,-16.65,-14.4,11.617,0.9,-1.799,-7.988,0,0,1136,0,0,0,457,0,101.464,1348,2
33,cube_stiff,1704,101.464,-15.75,-9.45,-57.354,-22.05,-24.75,-24.684,-11.699,-8.1,18.875,15.75,14.851,7.258,0,0,1136,0,0,0,457,0,101.464,1348,2
33,cube_stiff,1755,101.464,0.449,6.75,-25.41,-14.85,-22.051,-22.506,4.051,2.25,40.656,-1.35,0.451,-11.617,0,0,1136,0,0,0,457,0,101.464,1348,2
33,cube_stiff,1806,101.464,-17.1,-14.4,-49.367,-9,-16.2,-7.986,-7.199,-4.5,29.766,12.15,10.801,5.807,0,0,1136,0,0,0,457,0,101.464,1348,2
33,cube_stiff,1858,101.464,-19.801,-20.25,-66.791,-14.85,-25.2,-20.328,-8.55,-3.6,21.055,15.3,16.201,6.533,0,0,1136,0,0,0,457,0,101.464,1348,2
33,cube_stiff,1908,101.464,-14.85,-12.15,-58.08,-23.85,-31.051,-37.752,-13.949,-11.7,10.891,6.75,9,-1.453,0,0,1136,0,0,0,457,0,101.464,1348,2
33,cube_stiff,1960,101.464,5.85,5.85,-24.684,-4.5,-11.25,-3.629,-5.4,-0.9,28.314,8.1,7.65,-3.631,0,0,1136,0,0,0,457,0,101.464,1348,2
33,cube_stiff,2011,101.464,-4.051,-2.25,-35.574,-15.75,-24.75,-25.41,1.35,1.35,37.025,-1.35,-5.85,-18.15,0,0,1136,0,0,0,457,0,101.464,1348,2
33,cube_stiff,2063,101.464,-9,-4.95,-42.107,-5.4,-14.85,-7.26,-6.75,-4.95,23.232,8.55,4.051,1.451,0,0,1136,0,0,0,457,0,101.464,1348,2
33,cube_stiff,2114,101.464,-15.75,-11.7,-52.271,-15.75,-23.85,-21.779,-21.6,-18.9,4.355,-1.801,2.25,-13.068,0,0,1136,0,0,0,457,0,101.464,1348,2
33,cube_stiff,2164,101.464,-13.051,-11.7,-51.545,-25.199,-35.551,-40.656,1.801,4.5,34.121,-5.85,-7.649,-28.314,0,1,1136,2164,0,0,457,446,101.464,1348,2
34,cube_stiff,6,60.984,1.199,-3.75,-6.535,-3.6,-3.751,-2.906,11.7,13.5,14.037,21.751,23.55,32.672,0,0,0,0,0,0,0,0,0,0,0
34,cube_stiff,56,61.512,-10.576,-12.375,-11.252,4.725,3.15,9.801,11.699,8.55,25.045,7.649,-0.225,9.438,0,0,0,0,0,0,0,0,0,0,0
34,cube_stiff,107,63.448,-10.575,-11.25,-23.232,-20.699,-18.899,-32.672,17.1,18.449,26.5,-8.774,-14.175,-12.342,0,0,0,0,0,0,0,0,0,0,0
34,cube_stiff,158,65.736,-8.1,-12.375,-13.432,-13.725,-18,-21.053,-1.351,-3.825,-2.18,-2.475,-7.875,-5.445,0,0,0,0,0,0,0,0,0,0,0
34,cube_stiff,210,68.816,-8.549,-9.449,-5.809,-4.05,-1.35,-1.451,22.95,25.65,39.205,5.851,-0.449,17.426,0,0,0,0,0,0,0,0,0,0,0
34,cube_stiff,261,71.72,14.85,14.851,21.781,-3.15,-8.55,-5.082,-3.15,-4.05,0.727,-5.4,-6.75,-2.902,0,0,0,0,0,0,0,0,0,0,0
34,cube_stiff,313,74.624,-6.75,-5.85,-11.979,-2.925,-5.85,4.357,-0.45,0,7.984,-0.899,-6.524,-0.363,0,0,0,0,0,0,0,0,0,0,0
34,cube_stiff,363,77.528,-9.9,-7.649,-10.162,-11.25,-9.451,-13.795,5.85,8.1,6.535,0,0.451,4.355,0,0,0,0,0,0,0,0,0,0,0
34,cube_stiff,414,80.344,-22.05,-23.851,-32.672,1.574,-5.399,0,17.101,15.075,27.588,22.05,18.676,29.404,0,0,0,0,0,0,0,0,0,0,0
34,cube_stiff,465,82.808,-20.25,-23.175,-44.285,-22.5,-25.199,-30.854,-15.525,-17.101,-13.795,7.424,9.45,18.15,0,0,0,0,0,0,0,0,0,0,0
34,cube_stiff,517,85.184,-17.325,-17.775,-43.197,2.475,-13.949,10.891,6.525,9.675,23.594,5.85,4.5,5.082,0,0,0,0,0,0,0,0,0,0,0
34,cube_stiff,568,87.472,-20.7,-16.65,-52.996,9.9,5.4,36.301,13.951,15.75,37.023,12.601,18,29.039,0,0,0,0,0,0,0,0,0,0,0
34,cube_stiff,618,89.672,5.851,5.851,-2.178,6.3,-1.351,23.232,-9.451,-4.949,16.697,-0.45,3.601,-21.053,0,0,0,0,0,0,0,0,0,0,0
34,cube_stiff,669,91.96,-18.449,-13.949,-50.094,-16.65,-30.149,-16.699,-17.1,-19.799,13.793,22.951,27,29.766,0,0,0,0,0,0,0,0,0,0,0
34,cube_stiff,720,94.512,3.824,2.7,-20.691,-26.324,-39.15,-26.5,-18,-20.475,7.26,-1.575,-1.8,-9.074,0,0,0,0,0,0,0,0,0,0,0
34,cube_stiff,772,97.064,-9.449,-5.625,-42.832,4.5,-12.6,17.424,-18.899,-19.801,15.971,3.825,5.625,-3.631,0,0,0,0,0,0,0,0,0,0,0
34,cube_stiff,822,99.088,-5.625,-4.949,-42.107,-2.024,-17.324,10.891,6.301,2.926,56.99,-10.801,-10.574,-36.662,0,0,0,0,0,0,0,0,0,0,0
34,cube_stiff,874,100.848,-3.15,5.4,-39.93,-15.75,-27.45,-10.891,-4.05,-7.65,32.67,4.05,9,-0.727,0,0,0,0,0,0,0,0,0,0,0
34,cube_stiff,925,101.376,-7.65,-4.5,-49.367,-13.5,-26.1,-11.617,-5.4,-6.301,36.301,9,7.201,-1.453,0,0,0,0,0,0,0,0,0,0,0
34,cube_stiff,976,101.464,-3.6,2.25,-42.107,-10.8,-22.051,-5.809,-22.5,-23.85,3.629,5.4,3.15,-5.809,0,0,0,0,0,0,0,0,0,0,0
34,cube_stiff,1028,101.464,-33.75,-33.301,-95.105,-22.05,-35.1,-28.314,-7.65,-9,32.67,-1.35,0,-12.342,0,0,0,0,0,0,0,0,0,0,0
34,cube_stiff,1079,101.376,-14.4,-13.051,-52.271,-18.449,-26.1,-17.424,-17.55,-20.7,11.617,9.449,9.9,0,0,0,0,0,0,0,0,0,0,0,0
34,cube_stiff,1130,101.464,-11.25,-6.75,-53.725,-8.55,-21.15,-7.986,-11.25,-13.5,20.328,3.15,2.25,-5.082,1,0,1130,0,0,0,457,0,101.464,0,2
34,cube_stiff,1188,101.376,-4.95,-1.35,-40.656,-17.1,-29.25,-27.588,10.801,10.35,54.449,1.8,6.301,-5.082,0,0,1130,0,0,0,457,0,101.464,0,2
34,cube_stiff,1240,101.464,-5.4,-1.35,-40.656,-4.5,-16.65,0,-11.25,-13.051,18.875,6.3,11.25,0.727,0,0,1130,0,0,0,457,0,101.464,0,2
34,cube_stiff,1291,101.464,-11.25,-6.75,-50.82,0.45,-10.801,5.082,-14.85,-18.45,19.602,0.9,1.351,-6.535,0,0,1130,0,0,0,457,0,101.464,0,2
34,cube_stiff,1341,101.376,-0.45,2.699,-29.766,-1.8,-13.051,-2.178,1.35,0.9,44.287,-2.25,-4.949,-18.877,0,0,1130,0,0,0,457,0,101.464,1341,2
34,cube_stiff,1393,101.376,6.75,7.199,-26.861,-1.35,-10.801,3.629,-8.1,-4.95,27.588,-3.6,-6.75,-22.508,0,0,1130,0,0,0,457,0,101.464,1341,2
34,cube_stiff,1443,101.464,-14.85,-14.85,-57.354,-11.25,-18.9,-15.971,2.25,2.25,42.109,13.05,14.4,5.807,0,0,1130,0,0,0,457,0,101.464,1341,2
34,cube_stiff,1494,101.376,-23.4,-18.45,-71.148,-27.449,-38.25,-42.834,-2.699,2.25,37.025,-2.25,-3.6,-18.15,0,0,1130,0,0,0,457,0,101.464,1341,2
34,cube_stiff,1546,101.464,1.8,-0.45,-29.766,-9.9,-17.551,-13.068,4.051,3.15,41.383,7.199,7.201,3.629,0,0,1130,0,0,0,457,0,101.464,1341,2
34,cube_stiff,1597,101.464,-17.1,-17.1,-63.889,0.45,-5.85,11.617,-29.699,-24.301,-4.355,4.05,2.25,-6.535,0,0,1130,0,0,0,457,0,101.464,1341,2
34,cube_stiff,1648,101.376,-4.5,0,-37.025,-15.75,-22.051,-21.779,0.9,-0.9,34.848,9.9,10.351,10.164,0,0,1130,0,0,0,457,0,101.464,1341,2
34,cube_stiff,1699,101.464,1.35,5.85,-38.479,-24.75,-29.25,-32.67,-13.05,-9,21.055,3.6,2.25,-7.262,0,0,1130,0,0,0,457,0,101.464,1341,2
34,cube_stiff,1750,101.464,-3.6,-4.5,-46.463,-18,-27.9,-27.588,-9.449,-10.35,18.148,2.25,2.25,-9.439,0,0,1130,0,0,0,457,0,101.464,1341,2
34,cube_stiff,1801,101.464,-21.6,-21.6,-67.518,-24.75,-36.45,-35.574,-4.5,-4.95,20.328,-5.85,-4.5,-19.602,0,0,1130,0,0,0,457,0,101.464,1341,2
34,cube_stiff,1852,101.376,-23.4,-20.7,-68.244,-9.9,-19.801,-18.148,0,-0.9,34.848,7.199,4.5,-1.453,0,0,1130,0,0,0,457,0,101.464,1341,2
34,cube_stiff,1903,101.464,-26.1,-21.6,-76.229,-3.6,-9.45,-2.178,1.801,-0.45,37.752,-1.801,0.9,-16.699,0,0,1130,0,0,0,457,0,101.464,1341,2
34,cube_stiff,1954,101.376,-6.75,0.449,-36.299,-8.55,-16.2,-8.711,-9.449,-4.5,18.148,4.5,4.5,0,0,0,1130,0,0,0,457,0,101.464,1341,2
34,cube_stiff,2005,101.376,-19.35,-9.45,-54.451,4.051,-6.75,5.082,-4.949,-4.95,26.137,18,17.551,10.164,0,0,1130,0,0,0,457,0,101.464,1341,2
34,cube_stiff,2055,101.464,-5.85,-4.95,-42.834,-20.25,-31.95,-36.301,-2.25,-5.85,29.041,2.699,2.701,-5.082,0,0,1130,0,0,0,457,0,101.464,1341,2
34,cube_stiff,2106,101.464,-7.2,-3.6,-37.752,-22.5,-32.85,-30.492,-2.699,-1.35,31.943,-0.45,-0.449,-17.426,0,0,1130,0,0,0,457,0,101.464,1341,2
34,cube_stiff,2157,101.464,-21.15,-15.301,-69.697,-16.199,-25.2,-23.957,-9.9,-11.25,14.52,6.75,4.951,2.178,0,1,1130,2157,0,0,457,446,101.464,1341,2
35,cube_stiff,5,60.984,-5.551,-8.699,-10.891,0.45,-2.851,5.807,6.3,-0.449,4.6,33.9,30.75,52.271,0,0,0,0,0,0,0,0,0,0,0
35,cube_stiff,56,61.512,-15.525,-15.975,-25.773,-0.225,-2.25,-0.365,28.799,26.55,51.906,-4.05,-15.075,-6.535,0,0,0,0,0,0,0,0,0,0,0
35,cube_stiff,107,63.448,-3.825,-7.2,-7.986,-18.449,-24.749,-39.205,-9.9,-9.9,-6.895,-3.374,-8.324,-10.162,0,0,0,0,0,0,0,0,0,0,0
35,cube_stiff,158,65.824,-2.699,-4.274,1.09,-6.975,-14.85,-12.342,3.6,5.175,9.438,2.925,1.125,6.172,0,0,0,0,0,0,0,0,0,0,0
35,cube_stiff,209,68.816,-26.1,-25.649,-37.025,-9,-5.85,-13.068,9,5.85,14.52,-3.601,-7.65,0.727,0,0,0,0,0,0,0,0,0,0,0
35,cube_stiff,261,71.632,14.4,15.301,21.055,-6.301,-10.8,-14.52,9.449,12.15,15.973,-4.051,-10.351,-0.727,0,0,0,0,0,0,0,0,0,0,0
35,cube_stiff,312,74.536,-4.949,-7.2,-10.527,-15.524,-19.799,-18.875,4.5,4.05,16.697,21.601,16.426,35.936,0,0,0,0,0,0,0,0,0,0,0
35,cube_stiff,363,77.616,-11.699,-11.7,-22.506,-11.25,-6.75,-2.904,6.3,6.299,5.809,-1.351,-4.949,-6.533,0,0,0,0,0,0,0,0,0,0,0
35,cube_stiff,414,80.344,-17.55,-20.25,-32.672,-9.226,-11.25,-11.615,35.101,31.725,41.381,19.8,19.575,22.145,0,0,0,0,0,0,0,0,0,0,0
35,cube_stiff,464,82.72,-28.8,-30.825,-57.354,-13.949,-10.35,-5.445,1.125,4.05,14.52,10.574,13.051,13.795,0,0,0,0,0,0,0,0,0,0,0
35,cube_stiff,515,85.008,-9.676,-15.075,-35.213,-20.475,-29.25,-24.684,10.125,11.024,33.033,6.75,8.551,7.26,0,0,0,0,0,0,0,0,0,0,0
35,cube_stiff,566,87.384,-20.25,-21.15,-52.996,-10.35,-13.949,6.535,-4.949,-6.75,13.793,6.3,9.899,17.424,0,0,0,0,0,0,0,0,0,0,0
35,cube_stiff,617,89.672,-5.85,-11.25,-31.945,-11.25,-22.051,-1.451,-3.15,-2.25,32.67,-6.3,-4.5,-20.328,0,0,0,0,0,0,0,0,0,0,0
35,cube_stiff,668,91.96,-11.25,-14.399,-43.561,21.6,6.75,48.641,-4.5,-8.549,32.67,38.701,37.35,52.271,0,0,0,0,0,0,0,0,0,0,0
35,cube_stiff,720,94.6,-3.825,-4.5,-35.938,-19.574,-32.85,-11.98,-15.75,-19.575,10.162,-6.075,0,-9.801,0,0,0,0,0,0,0,0,0,0,0
35,cube_stiff,771,96.976,-0.449,6.075,-32.67,-12.149,-22.949,5.082,-10.799,-16.65,18.877,-0.226,2.925,-8.713,0,0,0,0,0,0,0,0,0,0,0
35,cube_stiff,823,99,-15.975,-13.5,-60.256,-13.726,-25.425,2.178,1.801,2.025,46.102,5.85,5.625,-3.992,0,0,0,0,0,0,0,0,0,0,0
35,cube_stiff,873,100.584,-12.15,-7.65,-74.777,-4.5,-17.551,15.246,-5.85,-9.45,32.67,2.699,-0.449,-9.439,0,0,0,0,0,0,0,0,0,0,0
35,cube_stiff,925,101.288,-14.85,-11.7,-72.6,-24.3,-35.551,-21.779,-24.75,-27.45,1.451,16.199,16.65,9.438,0,0,0,0,0,0,0,0,0,0,0
35,cube_stiff,977,101.288,-4.051,-1.35,-47.189,-17.55,-27,-10.164,-23.85,-21.6,6.535,17.55,13.5,10.889,0,0,0,0,0,0,0,0,0,0,0
35,cube_stiff,1028,101.376,-23.4,-18.45,-77.682,-24.75,-36.45,-29.039,-12.15,-18.9,14.52,-7.2,-4.049,-21.055,0,0,0,0,0,0,0,0,0,0,0
35,cube_stiff,1079,101.376,-6.301,0.9,-47.189,-11.699,-24.301,-5.809,-5.85,-6.301,31.943,-5.4,-8.1,-13.068,0,0,0,0,0,0,0,0,0,0,0
35,cube_stiff,1130,101.288,-19.801,-18.9,-72.6,-13.5,-24.301,-2.178,-41.4,-41.85,-26.137,8.55,11.701,2.178,1,0,1130,0,0,0,459,0,101.288,0,2
35,cube_stiff,1188,101.288,-20.25,-16.2,-78.408,-13.949,-30.6,-11.617,-18.449,-20.25,10.891,2.25,5.4,-10.891,0,0,1130,0,0,0,459,0,101.288,0,2
35,cube_stiff,1239,101.288,-6.301,-2.7,-52.271,-13.949,-24.75,-15.971,-13.05,-15.75,15.246,1.8,0.9,-5.809,0,0,1130,0,0,0,459,0,101.288,0,2
35,cube_stiff,1290,101.288,-6.75,-4.051,-45.736,-28.35,-40.051,-40.656,-34.65,-35.1,-13.068,20.699,21.15,22.504,0,0,1130,0,0,0,459,0,101.288,0,2
35,cube_stiff,1342,101.376,-22.5,-13.5,-72.6,-19.8,-37.35,-35.574,-15.75,-18.9,13.795,18,18,10.164,0,0,1130,0,0,0,459,0,101.288,1342,2
35,cube_stiff,1394,101.376,-16.65,-12.15,-59.531,-21.6,-31.95,-28.314,-16.65,-18,12.342,18,18.451,20.326,0,0,1130,0,0,0,459,0,101.288,1342,2
35,cube_stiff,1445,101.376,-8.1,-0.45,-47.189,-3.15,-13.95,0.727,-11.25,-10.35,24.684,-0.9,2.701,-6.535,0,0,1130,0,0,0,459,0,101.288,1342,2
35,cube_stiff,1496,101.288,3.15,6.75,-29.766,-16.65,-27,-27.588,-22.05,-19.801,9.438,4.5,2.701,-6.535,0,0,1130,0,0,0,459,0,101.288,1342,2
35,cube_stiff,1546,101.288,-16.2,-11.25,-56.629,-26.55,-33.75,-34.848,-12.15,-12.6,6.535,7.65,7.65,-1.453,0,0,1130,0,0,0,459,0,101.288,1342,2
35,cube_stiff,1598,101.288,-9.45,-3.6,-46.463,-29.699,-39.15,-40.656,-3.15,-3.15,29.041,1.35,2.701,-4.355,0,0,1130,0,0,0,459,0,101.288,1342,2
35,cube_stiff,1649,101.288,-6.75,-6.75,-42.107,-22.949,-36,-37.025,0,-0.45,43.561,6.3,9.451,-1.453,0,0,1130,0,0,0,459,0,101.288,1342,2
35,cube_stiff,1700,101.288,-27.9,-26.551,-84.943,-31.05,-40.95,-39.93,-17.1,-16.2,8.711,-0.45,2.25,-15.973,0,0,1130,0,0,0,459,0,101.288,1342,2
35,cube_stiff,1752,101.376,-13.5,-14.85,-59.531,-19.8,-28.35,-24.684,-3.6,-6.75,26.137,12.15,11.25,6.533,0,0,1130,0,0,0,459,0,101.288,1342,2
35,cube_stiff,1803,101.376,-21.6,-17.551,-68.244,-11.25,-24.75,-21.055,-21.6,-22.95,5.082,-0.9,-0.449,-13.068,0,0,1130,0,0,0,459,0,101.288,1342,2
35,cube_stiff,1854,101.376,0.9,0.9,-33.396,-21.6,-30.6,-30.492,-0.9,-1.35,33.395,2.25,3.601,-10.891,0,0,1130,0,0,0,459,0,101.288,1342,2
35,cube_stiff,1906,101.376,-6.301,-6.75,-46.463,-22.949,-28.35,-34.121,-8.55,-5.85,22.506,20.25,15.301,15.246,0,0,1130,0,0,0,459,0,101.288,1342,2
35,cube_stiff,1957,101.376,-5.85,-5.4,-42.834,-18.9,-26.551,-24.684,-8.55,-9.45,17.424,13.5,14.851,7.984,0,0,1130,0,0,0,459,0,101.288,1342,2
35,cube_stiff,2007,101.376,0,4.05,-34.123,-1.8,-9,2.178,4.95,1.35,39.203,15.3,18,18.875,0,0,1130,0,0,0,459,0,101.288,1342,2
35,cube_stiff,2058,101.376,-19.35,-15.75,-59.531,-22.5,-34.2,-34.121,-0.449,2.25,35.574,3.15,2.701,-5.082,0,0,1130,0,0,0,459,0,101.288,1342,2
35,cube_stiff,2109,101.376,-24.301,-18,-67.518,-8.55,-15.301,-10.164,-17.55,-17.1,5.809,-1.801,-3.6,-10.891,0,0,1130,0,0,0,459,0,101.288,1342,2
35,cube_stiff,2160,101.376,-20.25,-16.2,-60.258,7.2,-1.35,21.781,-17.55,-14.85,7.986,-3.15,-1.799,-12.342,0,1,1130,2160,0,0,459,448,101.288,1342,2
36,cube_stiff,5,60.984,3.449,3.451,7.26,4.051,1.649,10.162,5.851,2.7,13.311,27.601,26.7,45.014,0,0,0,0,0,0,0,0,0,0,0
36,cube_stiff,55,61.512,-18.676,-16.426,-26.498,-18.225,-22.051,-33.76,26.549,28.35,53.359,-3.601,-11.926,-2.904,0,0,0,0,0,0,0,0,0,0,0
36,cube_stiff,105,63.36,-16.875,-14.4,-25.41,-12.6,-13.05,-21.779,10.35,12.149,29.406,6.976,0.225,7.988,0,0,0,0,0,0,0,0,0,0,0
36,cube_stiff,156,65.648,-15.3,-15.976,-26.5,-1.125,-7.65,-1.451,5.399,8.774,15.246,-7.426,-13.275,-15.609,0,0,0,0,0,0,0,0,0,0,0
36,cube_stiff,206,68.552,-21.6,-21.6,-38.479,-0.45,-1.801,5.084,18.899,17.551,34.848,-6.75,-12.15,-7.258,0,0,0,0,0,0,0,0,0,0,0
36,cube_stiff,257,71.456,6.75,8.101,13.795,-9.45,-9.899,-13.795,19.8,18.9,32.67,-5.4,-10.351,-0.727,0,0,0,0,0,0,0,0,0,0,0
36,cube_stiff,307,74.272,2.25,4.05,7.623,-23.625,-24.75,-29.766,15.75,13.949,27.586,7.65,2.926,14.156,0,0,0,0,0,0,0,0,0,0,0
36,cube_stiff,357,77.176,-9.449,-13.5,-16.697,-22.051,-18.9,-33.396,12.6,14.399,19.602,-5.851,-2.699,-2.178,0,0,0,0,0,0,0,0,0,0,0
36,cube_stiff,407,79.992,-21.6,-20.25,-37.027,1.351,2.699,15.246,9.899,17.55,20.328,7.65,10.351,16.697,0,0,0,0,0,0,0,0,0,0,0
36,cube_stiff,458,82.544,-12.601,-19.575,-41.381,-5.85,-6.75,-1.814,25.424,24.3,47.189,7.424,8.1,10.891,0,0,0,0,0,0,0,0,0,0,0
36,cube_stiff,508,84.832,-20.475,-20.926,-52.637,-2.025,-10.35,9.438,22.275,18.675,41.02,15.75,14.4,13.795,0,0,0,0,0,0,0,0,0,0,0
36,cube_stiff,565,87.472,-29.7,-27.45,-60.258,-4.049,-6.75,14.521,8.101,3.15,25.408,9.45,14.85,25.41,0,0,0,0,0,0,0,0,0,0,0
36,cube_stiff,615,89.584,-15.75,-12.149,-45.014,-24.3,-33.301,-37.025,13.5,19.351,50.094,-2.7,-1.8,-11.613,0,0,0,0,0,0,0,0,0,0,0
36,cube_stiff,665,91.784,8.101,5.4,-18.148,-13.051,-33.3,-23.232,-1.35,1.801,41.383,12.15,14.85,13.068,0,0,0,0,0,0,0,0,0,0,0
36,cube_stiff,716,94.16,-4.5,-4.05,-31.943,-12.6,-21.6,-13.793,19.8,13.5,68.971,-0.45,-0.9,-13.068,0,0,0,0,0,0,0,0,0,0,0
36,cube_stiff,767,96.712,-16.199,-12.375,-52.27,0.45,-15.299,2.904,13.951,8.1,62.436,4.726,8.774,-2.904,0,0,0,0,0,0,0,0,0,0,0
36,cube_stiff,817,99,2.025,-1.35,-27.586,-9.226,-20.925,-6.535,-2.699,-4.725,42.471,-1.801,0.225,-18.512,0,0,0,0,0,0,0,0,0,0,0
36,cube_stiff,867,100.672,-10.801,-5.4,-52.998,-7.199,-22.5,-4.355,-5.4,-4.051,38.479,1.8,4.951,-10.891,0,0,0,0,0,0,0,0,0,0,0
36,cube_stiff,918,101.376,-16.2,-13.051,-68.244,-22.949,-34.65,-27.588,0.9,-4.051,39.93,18.9,23.4,18.875,0,0,0,0,0,0,0,0,0,0,0
36,cube_stiff,968,101.464,-10.35,-5.4,-49.367,-10.35,-15.301,-0.725,-22.5,-23.85,2.178,-2.7,-1.35,-14.52,0,0,0,0,0,0,0,0,0,0,0
36,cube_stiff,1019,101.376,-17.1,-12.15,-62.436,-10.8,-21.6,-14.52,-4.05,-6.75,39.93,8.55,12.15,-4.355,0,0,0,0,0,0,0,0,0,0,0
36,cube_stiff,1069,101.376,0.9,5.4,-34.848,-29.699,-38.25,-42.834,-8.1,-4.95,34.121,22.949,25.65,27.588,0,0,0,0,0,0,0,0,0,0,0
36,cube_stiff,1120,101.376,1.35,9.9,-28.314,-32.4,-45.9,-49.367,-14.4,-14.4,21.055,4.949,6.75,-4.355,1,0,1120,0,0,0,455,0,101.376,0,2
36,cube_stiff,1177,101.376,-3.15,-0.45,-37.025,-32.4,-42.301,-52.271,-18,-16.65,9.438,6.3,3.601,0,0,0,1120,0,0,0,455,0,101.376,0,2
36,cube_stiff,1227,101.376,-12.6,-5.85,-50.82,-20.699,-31.5,-32.67,-13.949,-10.801,17.424,17.55,18.9,12.342,0,0,1120,0,0,0,455,0,101.376,0,2
36,cube_stiff,1277,101.376,-1.35,0.449,-42.834,-25.65,-39.6,-45.012,1.35,2.25,40.656,2.699,1.351,-13.793,0,0,1120,0,0,0,455,0,101.376,0,2
36,cube_stiff,1327,101.464,-16.2,-8.551,-56.629,-9.9,-19.801,-15.971,-1.8,1.35,35.574,1.8,5.4,-7.262,0,0,1120,0,0,0,455,0,101.376,1327,2
36,cube_stiff,1377,101.376,-18.45,-14.4,-62.436,-9,-24.301,-12.342,-13.949,-17.1,12.342,22.949,25.201,27.588,0,0,1120,0,0,0,455,0,101.376,1327,2
36,cube_stiff,1427,101.464,-9.9,-7.2,-50.82,-31.5,-39.15,-42.109,-18,-16.65,10.891,7.65,8.551,0.727,0,0,1120,0,0,0,455,0,101.376,1327,2
36,cube_stiff,1477,101.464,-8.1,-2.25,-44.285,-24.75,-33.75,-42.109,-13.949,-13.5,16.697,10.8,14.4,0.727,0,0,1120,0,0,0,455,0,101.376,1327,2
36,cube_stiff,1527,101.464,-22.95,-19.801,-67.518,-26.55,-33.301,-38.477,-8.55,-5.85,25.41,4.05,8.101,-2.904,0,0,1120,0,0,0,455,0,101.376,1327,2
36,cube_stiff,1579,101.464,0,4.5,-39.205,-16.199,-23.85,-18.148,-15.75,-13.95,10.891,9.9,8.551,3.629,0,0,1120,0,0,0,455,0,101.376,1327,2
36,cube_stiff,1629,101.376,-14.4,-11.7,-53.725,-12.15,-19.35,-15.971,-9.9,-8.1,23.232,15.75,18,15.246,0,0,1120,0,0,0,455,0,101.376,1327,2
36,cube_stiff,1679,101.376,-15.75,-15.301,-64.613,-18.9,-29.25,-25.41,0.45,8.1,45.012,1.35,4.051,-5.082,0,0,1120,0,0,0,455,0,101.376,1327,2
36,cube_stiff,1729,101.376,-7.2,-2.7,-43.561,-40.949,-49.5,-63.16,-23.4,-19.801,0.727,2.699,3.601,-11.617,0,0,1120,0,0,0,455,0,101.376,1327,2
36,cube_stiff,1779,101.464,-10.801,-7.65,-52.271,-20.25,-25.65,-29.766,-9.449,-4.5,24.684,-2.7,1.801,-12.342,0,0,1120,0,0,0,455,0,101.376,1327,2
36,cube_stiff,1829,101.376,-19.35,-12.15,-61.709,-19.8,-25.2,-31.943,8.1,10.35,45.012,7.65,9.9,6.533,0,0,1120,0,0,0,455,0,101.376,1327,2
36,cube_stiff,1880,101.376,-4.5,-2.7,-50.82,-21.15,-29.7,-29.766,-7.199,-5.4,26.863,5.4,9.451,-5.809,0,0,1120,0,0,0,455,0,101.376,1327,2
36,cube_stiff,1930,101.376,-7.2,-4.5,-43.561,-29.25,-39.6,-45.012,-13.05,-9,20.328,7.199,6.75,3.629,0,0,1120,0,0,0,455,0,101.376,1327,2
36,cube_stiff,1981,101.464,-13.051,-9.45,-55.902,-19.35,-27.45,-27.588,-12.6,-8.551,21.779,4.05,2.701,-5.809,0,0,1120,0,0,0,455,0,101.376,1327,2
36,cube_stiff,2032,101.376,-13.5,-12.6,-57.354,-16.65,-22.5,-22.506,6.75,6.3,48.641,26.1,27.9,27.588,0,0,1120,0,0,0,455,0,101.376,1327,2
36,cube_stiff,2082,101.376,-6.301,-4.051,-42.107,-28.8,-39.15,-45.012,10.801,12.15,53.725,18,15.75,18.15,0,0,1120,0,0,0,455,0,101.376,1327,2
36,cube_stiff,2132,101.464,-11.7,-9.45,-46.463,-25.199,-32.4,-39.93,-12.6,-9.9,15.973,10.35,11.25,5.082,0,1,1120,2132,0,0,455,443,101.376,1327,2
37,cube_stiff,5,60.984,-5.1,-9.149,-16.699,-4.949,-8.7,-6.535,-10.8,-10.8,-17.182,24.001,28.05,40.656,0,0,0,0,0,0,0,0,0,0,0
37,cube_stiff,56,61.512,-14.176,-13.725,-14.158,-2.025,-3.6,-2.541,21.149,19.35,35.209,5.851,-0.676,3.629,0,0,0,0,0,0,0,0,0,0,0
37,cube_stiff,106,63.448,-14.625,-16.2,-20.328,-21.149,-21.149,-30.494,1.8,2.25,11.254,-1.575,-3.824,3.631,0,0,0,0,0,0,0,0,0,0,0
37,cube_stiff,156,65.736,2.7,-1.125,11.252,-13.275,-18,-18.875,-3.15,-10.575,-9.439,8.324,1.125,12.705,0,0,0,0,0,0,0,0,0,0,0
37,cube_stiff,207,68.64,-21.149,-23.399,-31.943,11.25,6.75,17.424,-2.7,3.6,-4.355,-6.75,-7.199,-7.258,0,0,0,0,0,0,0,0,0,0,0
37,cube_stiff,257,71.456,8.55,8.551,13.068,4.05,-3.149,3.629,19.35,20.25,29.768,-16.201,-16.201,-15.246,0,0,0,0,0,0,0,0,0,0,0
37,cube_stiff,307,74.272,-3.6,-1.801,-1.09,-1.125,-3.6,5.082,3.6,2.699,11.615,-0.899,-3.375,5.443,0,0,0,0,0,0,0,0,0,0,0
37,cube_stiff,358,77.264,4.95,1.351,5.084,-9.9,-7.65,-7.986,6.3,9,9.438,-1.351,1.351,6.533,0,0,0,0,0,0,0,0,0,0,0
37,cube_stiff,408,79.992,-4.95,-11.25,-12.342,1.351,3.15,18.148,12.601,18.449,27.588,2.7,1.801,7.26,0,0,0,0,0,0,0,0,0,0,0
37,cube_stiff,458,82.544,1.8,-1.125,-8.711,-4.049,-4.949,6.896,-5.625,-0.001,-2.904,-0.226,1.35,2.178,0,0,0,0,0,0,0,0,0,0,0
37,cube_stiff,509,84.832,-15.525,-17.325,-38.115,-8.775,-18.449,-2.902,13.725,21.375,34.484,14.85,14.4,21.055,0,0,0,0,0,0,0,0,0,0,0
37,cube_stiff,559,87.12,15.524,9.9,3.994,-6.074,-14.175,1.09,28.8,33.75,63.523,0,-3.149,-7.26,0,0,0,0,0,0,0,0,0,0,0
37,cube_stiff,609,89.32,-4.5,-6.299,-26.861,-24.75,-34.201,-31.943,15.75,16.201,53.723,-9,-9.45,-24.684,0,0,0,0,0,0,0,0,0,0,0
37,cube_stiff,660,91.52,4.951,1.351,-17.424,11.25,-2.7,23.957,-15.301,-17.1,21.055,19.351,18.9,16.697,0,0,0,0,0,0,0,0,0,0,0
37,cube_stiff,710,93.808,-14.399,-15.3,-48.641,-20.25,-37.35,-25.41,27,18.899,82.037,18.899,22.949,17.424,0,0,0,0,0,0,0,0,0,0,0
37,cube_stiff,760,96.448,-7.649,-9.226,-46.463,16.649,-0.899,36.301,5.851,-0.451,48.643,11.925,13.274,7.26,0,0,0,0,0,0,0,0,0,0,0
37,cube_stiff,810,98.648,6.525,2.701,-34.121,-21.825,-34.425,-21.781,15.301,7.426,64.252,-4.5,-6.525,-21.416,0,0,0,0,0,0,0,0,0,0,0
37,cube_stiff,861,100.408,-15.301,-9.9,-63.162,-4.949,-22.5,0,-5.85,-6.301,27.588,4.949,4.5,-1.453,0,0,0,0,0,0,0,0,0,0,0
37,cube_stiff,911,101.376,-9,-1.801,-52.271,-20.699,-37.35,-21.055,-15.75,-15.301,21.779,2.25,4.5,-6.535,0,0,0,0,0,0,0,0,0,0,0
37,cube_stiff,962,101.376,-0.45,2.25,-42.834,2.25,-11.7,13.795,-20.699,-26.1,5.809,1.8,4.051,-8.713,0,0,0,0,0,0,0,0,0,0,0
37,cube_stiff,1012,101.376,-10.35,-2.7,-43.561,-20.25,-28.35,-22.506,-13.949,-8.551,25.41,0,2.701,-5.809,0,0,0,0,0,0,0,0,0,0,0
37,cube_stiff,1062,101.376,-19.35,-13.5,-74.777,-8.1,-15.75,-2.178,-7.65,-7.65,27.588,-9.9,-7.199,-26.137,0,0,0,0,0,0,0,0,0,0,0
37,cube_stiff,1113,101.376,-3.15,4.5,-44.285,-14.85,-22.5,-14.52,-8.1,-8.551,27.588,9.9,4.051,-5.809,1,0,1113,0,0,0,456,0,101.376,0,2
37,cube_stiff,1171,101.376,-25.2,-23.85,-82.037,-14.85,-27,-23.232,-2.699,0.9,36.301,3.15,1.801,-11.617,0,0,1113,0,0,0,456,0,101.376,0,2
37,cube_stiff,1221,101.376,-10.35,-8.551,-55.902,-30.15,-40.95,-44.285,3.15,2.25,44.287,19.8,18,18.15,0,0,1113,0,0,0,456,0,101.376,0,2
37,cube_stiff,1271,101.376,-18.9,-12.6,-68.244,-6.3,-13.95,0,-1.8,-1.801,39.93,3.6,5.851,-7.988,0,0,1113,0,0,0,456,0,101.376,0,2
37,cube_stiff,1322,101.376,-13.95,-10.35,-53.725,-18,-30.6,-23.232,-11.25,-9.45,17.424,24.3,22.5,27.588,0,0,1113,0,0,0,456,0,101.376,1322,2
37,cube_stiff,1372,101.376,-36,-28.801,-87.846,-13.949,-22.5,-15.246,1.801,0.449,43.561,15.75,16.201,12.342,0,0,1113,0,0,0,456,0,101.376,1322,2
37,cube_stiff,1422,101.376,-3.15,-0.9,-40.656,-21.15,-32.4,-29.766,0.45,-2.25,42.109,21.15,17.551,21.779,0,0,1113,0,0,0,456,0,101.376,1322,2
37,cube_stiff,1473,101.376,-10.801,-5.4,-42.107,-20.25,-28.35,-28.314,4.95,1.8,42.834,16.199,19.801,17.424,0,0,1113,0,0,0,456,0,101.376,1322,2
37,cube_stiff,1523,101.376,-25.65,-22.95,-74.777,-23.4,-34.65,-29.039,-7.65,-7.2,20.328,1.35,-0.899,-14.52,0,0,1113,0,0,0,456,0,101.376,1322,2
37,cube_stiff,1573,101.376,-12.15,-9,-50.094,-9.449,-19.801,-16.697,-9.9,-12.6,19.602,30.15,32.4,37.75,0,0,1113,0,0,0,456,0,101.376,1322,2
37,cube_stiff,1624,101.376,-24.301,-16.2,-68.244,-11.699,-24.75,-18.148,-6.75,-9.9,26.137,8.1,3.15,-2.18,0,0,1113,0,0,0,456,0,101.376,1322,2
37,cube_stiff,1675,101.376,-2.25,0,-39.93,-17.1,-28.801,-23.957,2.7,4.5,40.656,-5.85,-5.85,-14.52,0,0,1113,0,0,0,456,0,101.376,1322,2
37,cube_stiff,1725,101.376,-13.5,-5.4,-52.998,-13.949,-23.85,-21.779,-0.9,-4.051,34.121,7.199,9.451,-1.453,0,0,1113,0,0,0,456,0,101.376,1322,2
37,cube_stiff,1776,101.376,-8.1,-1.35,-34.848,-11.25,-23.4,-13.068,-9.9,-7.2,24.684,14.85,13.951,14.52,0,0,1113,0,0,0,456,0,101.376,1322,2
37,cube_stiff,1826,101.376,-2.25,-2.7,-39.93,-12.6,-20.25,-15.971,0.9,0,32.67,1.35,-3.149,-13.793,0,0,1113,0,0,0,456,0,101.376,1322,2
37,cube_stiff,1877,101.376,-2.7,-0.45,-35.574,-11.699,-22.051,-8.711,3.6,4.949,45.012,1.8,0.9,-5.809,0,0,1113,0,0,0,456,0,101.376,1322,2
37,cube_stiff,1927,101.376,-19.801,-12.6,-58.805,-10.35,-21.15,-19.602,-8.55,-4.95,26.863,1.8,0.9,-7.262,0,0,1113,0,0,0,456,0,101.376,1322,2
37,cube_stiff,1977,101.376,-6.301,-1.801,-43.561,-13.05,-19.801,-18.148,-5.85,-8.1,17.424,22.949,18.451,19.602,0,0,1113,0,0,0,456,0,101.376,1322,2
37,cube_stiff,2028,101.376,-6.301,-5.85,-42.107,-20.25,-28.35,-28.314,-3.15,-3.15,27.588,4.05,3.15,-6.535,0,0,1113,0,0,0,456,0,101.376,1322,2
37,cube_stiff,2078,101.376,-8.1,-1.801,-45.012,-22.5,-29.25,-31.217,0,4.05,40.656,11.25,8.101,2.904,0,0,1113,0,0,0,456,0,101.376,1322,2
37,cube_stiff,2128,101.376,-14.4,-13.051,-55.902,4.051,-5.4,8.713,-2.25,3.15,41.383,2.25,2.701,-5.809,0,1,1113,2128,0,0,456,446,101.376,1322,2
38,cube_stiff,6,60.984,12,8.4,15.246,-3.6,-3.3,-0.729,4.05,1.35,8.229,18.15,12.3,21.779,0,0,0,0,0,0,0,0,0,0,0
38,cube_stiff,57,61.512,-16.426,-16.426,-22.143,-8.775,-9,-11.979,7.199,6.3,17.785,1.8,-2.025,4.355,0,0,0,0,0,0,0,0,0,0,0
38,cube_stiff,108,63.448,-19.125,-13.95,-27.588,1.351,-5.85,-0.002,5.85,5.399,18.514,-3.825,-7.875,-7.984,0,0,0,0,0,0,0,0,0,0,0
38,cube_stiff,159,65.824,-1.8,-4.274,-3.268,2.025,-5.4,-3.629,2.249,-1.575,-2.18,1.574,-6.075,-3.266,0,0,0,0,0,0,0,0,0,0,0
38,cube_stiff,211,68.816,-25.649,-25.649,-35.574,9.899,8.55,18.15,18.899,21.6,29.766,-15.75,-22.5,-22.504,0,0,0,0,0,0,0,0,0,0,0
38,cube_stiff,262,71.72,4.5,2.25,4.355,-13.95,-18.899,-21.781,-6.75,-4.5,-12.342,-12.15,-15.301,-13.066,0,0,0,0,0,0,0,0,0,0,0
38,cube_stiff,314,74.624,-8.55,-14.4,-18.512,-31.274,-32.399,-46.463,5.4,3.6,13.793,4.051,-1.125,6.895,0,0,0,0,0,0,0,0,0,0,0
38,cube_stiff,364,77.616,-5.4,-6.3,-10.162,-25.201,-22.951,-33.396,1.35,-0.451,2.904,0,-0.899,-2.904,0,0,0,0,0,0,0,0,0,0,0
38,cube_stiff,416,80.344,-14.4,-15.75,-29.766,-5.625,-9,-5.807,15.3,18.225,26.137,14.399,13.275,21.418,0,0,0,0,0,0,0,0,0,0,0
38,cube_stiff,467,82.896,-33.75,-36.675,-69.695,2.25,-0.9,13.432,-2.025,-4.501,2.902,9.674,11.7,18.15,0,0,0,0,0,0,0,0,0,0,0
38,cube_stiff,518,85.096,-0.225,-2.475,-17.061,-6.074,-14.4,5.084,8.775,9.226,30.855,-0.9,-3.6,-5.809,0,0,0,0,0,0,0,0,0,0,0
38,cube_stiff,569,87.56,-27.45,-25.2,-57.352,-14.399,-16.199,4.357,6.75,5.851,32.67,-7.2,-2.701,-7.26,0,0,0,0,0,0,0,0,0,0,0
38,cube_stiff,620,89.76,3.15,4.051,-10.164,-15.75,-22.951,-7.26,8.1,5.4,39.203,-2.7,-1.8,-14.52,0,0,0,0,0,0,0,0,0,0,0
38,cube_stiff,671,92.048,-4.949,-5.85,-31.943,7.649,-8.55,17.424,-4.5,-6.299,33.396,8.551,11.699,8.711,0,0,0,0,0,0,0,0,0,0,0
38,cube_stiff,722,94.6,-16.426,-17.101,-48.277,0.676,-7.65,17.061,-9,-13.725,25.408,0.675,6.3,-11.979,0,0,0,0,0,0,0,0,0,0,0
38,cube_stiff,774,97.24,-9.449,-5.175,-53.723,-3.601,-18.899,6.535,-2.25,-2.25,44.285,21.825,25.875,24.684,0,0,0,0,0,0,0,0,0,0,0
38,cube_stiff,824,99.176,-16.875,-20.699,-63.16,-7.875,-22.275,0.725,19.35,13.275,69.332,19.35,17.325,6.898,0,0,0,0,0,0,0,0,0,0,0
38,cube_stiff,876,100.848,-5.4,2.25,-42.834,-25.199,-38.25,-26.137,-6.75,-7.65,27.588,14.4,10.801,7.258,0,0,0,0,0,0,0,0,0,0,0
38,cube_stiff,927,101.376,-20.25,-17.551,-74.777,-26.55,-35.551,-29.766,-9.449,-13.5,24.684,9.449,7.65,-3.631,0,0,0,0,0,0,0,0,0,0,0
38,cube_stiff,978,101.376,-3.15,0.9,-43.561,-15.75,-27.45,-13.068,-5.85,-6.75,38.479,6.3,4.051,-5.809,0,0,0,0,0,0,0,0,0,0,0
38,cube_stiff,1029,101.376,-14.85,-16.2,-55.902,-26.1,-36.9,-34.121,-10.8,-11.7,22.506,4.05,4.951,-1.453,0,0,0,0,0,0,0,0,0,0,0
38,cube_stiff,1080,101.376,-13.5,-9,-60.982,-9.9,-25.65,-10.891,-9.9,-5.85,31.943,5.85,8.101,2.904,0,0,0,0,0,0,0,0,0,0,0
38,cube_stiff,1131,101.376,5.85,15.3,-19.602,-6.3,-19.801,-4.355,-2.699,-2.7,35.574,5.85,9.451,2.178,1,0,1131,0,0,0,459,0,101.376,0,2
38,cube_stiff,1189,101.376,-18.45,-15.301,-65.34,-6.75,-18.9,-1.451,0.9,0.9,35.574,11.699,7.201,8.711,0,0,1131,0,0,0,459,0,101.376,0,2
38,cube_stiff,1240,101.376,0.9,3.6,-36.299,-15.75,-27.9,-25.41,-15.3,-11.25,18.875,-13.95,-14.85,-31.219,0,0,1131,0,0,0,459,0,101.376,0,2
38,cube_stiff,1291,101.376,-20.7,-20.7,-75.504,-18.9,-32.85,-29.039,-10.8,-12.15,19.602,4.949,5.851,-1.453,0,0,1131,0,0,0,459,0,101.376,0,2
38,cube_stiff,1342,101.376,-15.75,-13.5,-63.162,-14.4,-26.1,-15.971,-1.8,0.449,36.301,-3.15,-5.399,-17.426,0,0,1131,0,0,0,459,0,101.376,1342,2
38,cube_stiff,1394,101.376,-21.15,-16.65,-68.244,-11.699,-23.4,-17.424,-10.35,-12.6,19.602,-0.9,-0.449,-12.342,0,0,1131,0,0,0,459,0,101.376,1342,2
38,cube_stiff,1444,101.376,-2.25,0,-37.025,-18.9,-26.1,-24.684,-17.1,-16.2,13.068,6.3,2.701,-13.068,0,0,1131,0,0,0,459,0,101.376,1342,2
38,cube_stiff,1496,101.376,-13.95,-13.051,-55.902,-29.699,-40.5,-50.82,-8.1,-5.85,25.41,11.25,10.801,10.164,0,0,1131,0,0,0,459,0,101.376,1342,2
38,cube_stiff,1547,101.376,-19.35,-13.051,-61.709,-32.85,-40.5,-50.82,-19.35,-17.1,6.535,0,-0.449,-9.439,0,0,1131,0,0,0,459,0,101.376,1342,2
38,cube_stiff,1598,101.376,-9.45,-2.7,-42.834,-14.4,-24.75,-18.875,-23.85,-23.85,2.902,4.949,8.551,-2.904,0,0,1131,0,0,0,459,0,101.376,1342,2
38,cube_stiff,1648,101.376,1.8,7.65,-25.41,-13.05,-24.301,-21.055,-13.5,-12.6,18.148,4.05,2.701,-7.988,0,0,1131,0,0,0,459,0,101.376,1342,2
38,cube_stiff,1699,101.376,-13.5,-13.5,-56.629,-22.5,-30.6,-32.67,-12.15,-11.25,19.602,4.05,3.15,-6.535,0,0,1131,0,0,0,459,0,101.376,1342,2
38,cube_stiff,1751,101.376,-26.1,-21.6,-69.697,-22.05,-33.75,-33.395,2.25,5.85,39.93,14.85,9.451,5.807,0,0,1131,0,0,0,459,0,101.376,1342,2
38,cube_stiff,1801,101.376,-5.85,-5.85,-42.834,-35.1,-40.95,-52.998,-7.199,-8.551,18.875,18.449,13.5,8.711,0,0,1131,0,0,0,459,0,101.376,1342,2
38,cube_stiff,1852,101.376,-15.301,-8.551,-59.531,-1.35,-10.35,1.451,17.551,21.6,58.807,1.8,4.5,-5.082,0,0,1131,0,0,0,459,0,101.376,1342,2
38,cube_stiff,1903,101.376,-9.45,-6.301,-50.82,7.65,-2.7,10.891,-9.9,-11.7,23.232,5.85,4.5,-1.453,0,0,1131,0,0,0,459,0,101.376,1342,2
38,cube_stiff,1953,101.376,-28.801,-25.2,-81.313,-32.85,-44.1,-55.176,-18.9,-15.75,8.711,4.949,9.451,-1.453,0,0,1131,0,0,0,459,0,101.376,1342,2
38,cube_stiff,2005,101.464,-17.551,-16.65,-60.258,-23.4,-30.6,-31.943,-9.9,-11.25,18.148,3.15,2.701,-8.713,0,0,1131,0,0,0,459,0,101.376,1342,2
38,cube_stiff,2056,101.376,-1.801,-0.9,-34.848,-23.4,-27.45,-32.67,-23.4,-20.7,6.535,14.4,11.25,8.711,0,0,1131,0,0,0,459,0,101.376,1342,2
38,cube_stiff,2108,101.376,-3.15,0,-40.656,-23.4,-31.051,-32.67,0,1.35,41.383,4.949,1.801,-5.082,0,0,1131,0,0,0,459,0,101.376,1342,2
38,cube_stiff,2159,101.376,-11.7,-6.301,-45.012,-16.199,-28.35,-23.232,-5.4,-0.9,31.943,9.9,2.25,0.727,0,1,1131,2159,0,0,459,448,101.376,1342,2
39,cube_stiff,5,60.984,-6,-8.699,-18.877,-0.449,1.2,1.451,-2.249,-4.05,1.695,12.751,10.5,20.328,0,0,0,0,0,0,0,0,0,0,0
39,cube_stiff,57,61.512,-11.476,-8.775,-13.432,-21.825,-23.85,-32.309,31.5,30.15,49.004,6.3,2.925,13.068,0,0,0,0,0,0,0,0,0,0,0
39,cube_stiff,108,63.448,-17.325,-18,-22.506,-13.5,-11.249,-18.877,10.8,10.799,22.871,2.925,2.475,11.617,0,0,0,0,0,0,0,0,0,0,0
39,cube_stiff,159,65.824,-14.4,-18.226,-23.594,3.375,-1.8,8.713,14.85,10.125,24.684,4.275,-5.625,5.445,0,0,0,0,0,0,0,0,0,0,0
39,cube_stiff,210,68.816,-17.549,-18.449,-23.957,11.7,9.9,19.604,11.25,11.25,23.959,1.351,-3.6,7.262,0,0,0,0,0,0,0,0,0,0,0
39,cube_stiff,262,71.72,8.1,6.75,16.697,-7.2,-13.05,-13.795,12.6,16.2,26.861,-3.15,-5.851,2.904,0,0,0,0,0,0,0,0,0,0,0
39,cube_stiff,312,74.536,-5.85,-12.6,-13.432,-20.925,-24.75,-23.23,0,-1.35,7.984,8.551,4.726,13.43,0,0,0,0,0,0,0,0,0,0,0
39,cube_stiff,363,77.528,-11.699,-12.149,-21.779,-22.951,-21.601,-34.848,8.55,7.199,13.793,-4.5,-3.6,-7.986,0,0,0,0,0,0,0,0,0,0,0
39,cube_stiff,414,80.344,-20.25,-20.7,-41.383,-10.125,-12.149,-10.164,19.351,19.575,31.941,29.249,28.125,41.746,0,0,0,0,0,0,0,0,0,0,0
39,cube_stiff,465,82.896,-12.601,-15.524,-29.766,-11.25,-12.15,-3.994,-6.525,-4.95,2.178,5.174,8.1,14.521,0,0,0,0,0,0,0,0,0,0,0
39,cube_stiff,518,85.272,-21.601,-28.35,-60.258,-23.85,-27,-24.684,6.3,9.449,26.863,18,16.649,24.686,0,0,0,0,0,0,0,0,0,0,0
39,cube_stiff,569,87.56,-9,-11.25,-32.668,-6.75,-11.699,7.262,-7.649,-8.549,8.711,-2.25,6.75,7.984,0,0,0,0,0,0,0,0,0,0,0
39,cube_stiff,619,89.672,-4.949,-6.75,-27.588,-17.55,-26.101,-15.971,18.449,19.351,57.354,2.7,3.149,-12.34,0,0,0,0,0,0,0,0,0,0,0
39,cube_stiff,670,91.96,-20.699,-20.25,-59.533,13.5,-3.149,25.408,-9,-8.549,33.396,11.25,10.35,7.26,0,0,0,0,0,0,0,0,0,0,0
39,cube_stiff,722,94.512,-9.676,-10.8,-35.211,-18.674,-32.85,-25.773,-1.801,-14.625,28.312,1.574,4.95,-3.994,0,0,0,0,0,0,0,0,0,0,0
39,cube_stiff,773,97.152,-14.85,-15.524,-58.805,-6.3,-16.649,1.453,2.701,0,55.178,2.476,5.175,-0.729,0,0,0,0,0,0,0,0,0,0,0
39,cube_stiff,825,99.264,-27.225,-30.6,-85.668,-1.575,-12.375,15.246,16.2,12.375,64.979,-3.15,-1.574,-23.594,0,0,0,0,0,0,0,0,0,0,0
39,cube_stiff,875,100.848,-6.75,-1.35,-45.736,-34.199,-46.801,-49.367,-14.4,-17.551,22.506,7.65,4.951,-1.453,0,0,0,0,0,0,0,0,0,0,0
39,cube_stiff,927,101.376,-19.35,-14.4,-68.244,-7.199,-15.301,0.727,-15.75,-15.301,15.973,-9.45,-5.85,-24.686,0,0,0,0,0,0,0,0,0,0,0
39,cube_stiff,978,101.376,-31.5,-30.6,-87.846,-23.4,-30.6,-28.314,-10.35,-14.4,23.957,10.8,9.9,-0.727,0,0,0,0,0,0,0,0,0,0,0
39,cube_stiff,1029,101.376,-2.25,1.8,-37.025,-25.199,-37.35,-32.67,-0.9,-4.051,39.93,-2.25,0,-18.15,0,0,0,0,0,0,0,0,0,0,0
39,cube_stiff,1081,101.376,-4.051,0.9,-39.93,-33.75,-40.95,-47.189,-1.8,-1.801,36.301,-6.75,-9.449,-28.314,0,0,0,0,0,0,0,0,0,0,0
39,cube_stiff,1132,101.376,-4.051,-0.45,-43.561,-29.699,-39.15,-42.109,-2.25,-4.5,36.301,19.35,18.9,17.424,1,0,1132,0,0,0,457,0,101.376,0,2
39,cube_stiff,1190,101.376,-20.25,-16.65,-71.148,-18.9,-30.6,-22.506,-6.3,-5.85,31.943,15.75,15.301,11.615,0,0,1132,0,0,0,457,0,101.376,0,2
39,cube_stiff,1241,101.376,-19.35,-14.85,-58.805,-15.75,-21.15,-17.424,-13.5,-11.7,16.697,5.4,13.051,2.178,0,0,1132,0,0,0,457,0,101.376,0,2
39,cube_stiff,1291,101.376,-14.85,-13.051,-58.08,-21.6,-34.65,-35.574,-22.949,-22.95,5.809,-1.35,-4.5,-13.068,0,0,1132,0,0,0,457,0,101.376,0,2
39,cube_stiff,1343,101.376,-20.25,-22.051,-66.066,-25.65,-35.1,-35.574,0.9,-4.95,38.479,12.15,7.65,1.451,0,0,1132,0,0,0,457,0,101.376,1343,2
39,cube_stiff,1394,101.376,-20.7,-17.1,-66.791,-10.35,-21.15,-11.617,2.7,0.9,40.656,1.8,4.051,-15.246,0,0,1132,0,0,0,457,0,101.376,1343,2
39,cube_stiff,1446,101.376,-26.1,-18.45,-75.504,-11.699,-25.65,-18.875,-0.449,-0.45,34.848,4.5,6.75,1.451,0,0,1132,0,0,0,457,0,101.376,1343,2
39,cube_stiff,1497,101.376,-22.051,-15.301,-63.162,-10.35,-16.2,-8.711,-12.6,-11.25,18.875,6.75,9.9,0.727,0,0,1132,0,0,0,457,0,101.376,1343,2
39,cube_stiff,1547,101.376,-15.75,-8.551,-53.725,-25.199,-35.1,-35.574,-4.5,-5.85,27.588,23.85,24.301,25.41,0,0,1132,0,0,0,457,0,101.376,1343,2
39,cube_stiff,1598,101.376,0.449,4.05,-27.588,-22.5,-30.6,-26.137,-5.85,-8.551,26.863,-3.15,-3.149,-23.232,0,0,1132,0,0,0,457,0,101.376,1343,2
39,cube_stiff,1650,101.376,-10.35,-3.6,-41.383,-15.75,-31.5,-26.137,-5.85,-4.95,37.025,4.949,1.801,-9.439,0,0,1132,0,0,0,457,0,101.376,1343,2
39,cube_stiff,1700,101.376,-3.15,-3.15,-41.383,-18,-30.15,-25.41,-23.4,-21.6,-1.451,4.5,10.801,-4.355,0,0,1132,0,0,0,457,0,101.376,1343,2
39,cube_stiff,1752,101.376,-14.4,-12.6,-56.629,-10.35,-19.801,-11.617,-3.15,-5.85,32.67,10.35,8.101,5.082,0,0,1132,0,0,0,457,0,101.376,1343,2
39,cube_stiff,1803,101.376,-14.4,-9.45,-52.998,2.25,-4.95,6.535,-8.1,-6.301,31.943,21.15,20.25,22.504,0,0,1132,0,0,0,457,0,101.376,1343,2
39,cube_stiff,1853,101.376,-8.551,-3.15,-40.656,-5.85,-17.551,-9.438,-17.55,-18.45,4.355,6.75,8.101,0.727,0,0,1132,0,0,0,457,0,101.376,1343,2
39,cube_stiff,1904,101.376,-4.051,-4.5,-33.396,-14.85,-23.4,-22.506,-6.3,-3.15,23.957,-1.801,1.351,-15.973,0,0,1132,0,0,0,457,0,101.376,1343,2
39,cube_stiff,1956,101.376,-23.4,-18.9,-68.244,-22.5,-29.25,-33.395,-9.9,-7.65,18.148,9,10.351,5.807,0,0,1132,0,0,0,457,0,101.376,1343,2
39,cube_stiff,2007,101.376,-7.2,-3.15,-42.834,-13.05,-24.75,-23.957,-9.449,-11.7,11.617,23.4,26.551,29.766,0,0,1132,0,0,0,457,0,101.376,1343,2
39,cube_stiff,2058,101.376,-19.801,-16.2,-66.066,-9.9,-19.801,-19.602,-10.8,-6.75,23.232,17.1,18.451,11.615,0,0,1132,0,0,0,457,0,101.376,1343,2
39,cube_stiff,2109,101.376,-10.35,-8.1,-50.82,-22.5,-31.95,-33.395,5.85,3.15,42.834,0,-0.899,-7.988,0,0,1132,0,0,0,457,0,101.376,1343,2
39,cube_stiff,2159,101.376,-7.2,-9.9,-46.463,-15.75,-23.85,-22.506,-8.1,-5.85,29.041,12.6,8.551,6.533,0,1,1132,2159,0,0,457,446,101.376,1343,2
