grasp_id,label,timestamp_ms,enc_deg,s0_dx,s0_dy,s0_dz,s1_dx,s1_dy,s1_dz,s2_dx,s2_dy,s2_dz,s3_dx,s3_dy,s3_dz,s4_dx,s4_dy,s4_dz,s5_dx,s5_dy,s5_dz,t1_flag,t2_flag,t1_ms,t2_ms
1,cylinder_stiff,6,59.928,2.220,0.529,21.788,0.137,-1.352,13.003,-3.900,0.299,-17.649,3.528,-3.131,-14.070,8.090,9.285,-39.389,2.430,5.267,-11.921,0,0,0,0,0.0,0.0,0.0,0.0,0.000,0
1,cylinder_stiff,32,60.192,-6.796,7.977,18.944,-0.647,1.588,19.323,-0.372,2.063,-19.545,-5.292,16.861,-17.230,-2.298,-0.123,-28.961,-0.510,-1.005,-13.185,0,0,0,0,0.0,0.0,0.0,0.0,0.000,0
1,cylinder_stiff,57,60.984,1.632,7.193,8.832,-2.803,5.312,11.423,-7.036,4.415,-23.653,-4.900,8.433,1.414,-4.258,2.621,-19.797,-6.194,-10.021,-17.293,0,0,0,0,0.0,0.0,0.0,0.0,0.000,0
1,cylinder_stiff,83,61.952,-3.268,-2.019,16.100,-11.819,0.020,13.635,-1.940,2.651,-22.389,5.096,-6.071,-5.222,-8.178,6.541,-27.065,3.018,-0.809,-10.973,0,0,0,0,0.0,0.0,0.0,0.0,0.000,0
1,cylinder_stiff,108,63.184,-2.092,-3.391,23.684,-2.019,2.764,9.211,0.804,5.003,-34.713,2.548,4.317,-18.494,-5.826,-3.063,-29.909,-1.882,6.247,-13.817,0,0,0,0,0.0,0.0,0.0,0.0,0.000,0
1,cylinder_stiff,133,64.504,-0.328,-2.803,22.736,-2.999,0.412,11.739,-0.960,0.299,-21.125,13.720,9.413,-14.702,-6.022,0.270,-25.801,-2.862,-0.417,-15.713,0,0,0,0,0.0,0.0,0.0,0.0,0.000,0
1,cylinder_stiff,158,65.736,0.260,-7.311,21.788,-8.291,-5.272,-1.849,-3.312,7.551,-21.757,-3.332,9.805,-25.130,-0.338,3.013,-30.225,-0.314,-9.825,-3.073,0,0,0,0,0.0,0.0,0.0,0.0,0.000,0
1,cylinder_stiff,184,67.232,0.848,-4.175,24.316,-8.879,-3.704,25.327,0.412,1.867,-12.909,-5.880,4.317,-7.750,1.034,3.798,-29.277,-3.254,-7.865,-9.077,0,0,0,0,0.0,0.0,0.0,0.0,0.000,0
1,cylinder_stiff,209,68.728,0.260,-6.919,18.944,0.921,5.116,17.743,2.568,-5.973,-12.593,-0.980,2.161,-10.910,3.582,6.345,-20.745,-4.038,-14.137,-16.029,0,0,0,0,0.0,0.0,0.0,0.0,0.000,0
1,cylinder_stiff,235,70.224,-4.640,-0.059,29.688,-4.763,2.764,12.371,-5.076,-1.073,-18.913,0.392,-0.975,-19.758,-7.002,7.717,-28.961,-5.018,-8.061,-8.445,0,0,0,0,0.0,0.0,0.0,0.0,0.000,0
1,cylinder_stiff,261,71.720,-4.836,1.705,19.576,-6.135,-8.996,5.103,-0.372,5.787,-24.917,6.468,2.553,-15.966,1.622,0.465,-27.697,-4.038,-9.041,-7.497,0,0,0,0,0.0,0.0,0.0,0.0,0.000,0
1,cylinder_stiff,286,73.216,3.592,0.725,15.468,-3.979,-4.292,22.483,-2.528,-4.405,-11.961,-1.176,-1.367,0.466,3.386,5.757,-21.377,-12.858,-7.865,-6.865,0,0,0,0,0.0,0.0,0.0,0.0,0.000,0
1,cylinder_stiff,312,74.712,1.436,-6.723,34.112,2.489,-11.740,22.799,1.588,3.239,-13.857,3.136,0.201,-9.646,-4.846,3.405,-28.329,11.054,-13.353,-15.081,0,0,0,0,0.0,0.0,0.0,0.0,0.000,0
1,cylinder_stiff,344,76.648,-8.756,-0.451,32.216,-4.567,-6.840,3.523,-3.312,-0.485,-8.485,-2.156,2.553,-8.066,1.034,-4.631,-28.961,3.410,-13.157,-1.177,0,0,0,0,0.0,0.0,0.0,0.0,0.000,0
1,cylinder_stiff,369,78.056,-7.776,-8.095,30.952,-6.331,-2.920,5.735,-10.760,-1.465,-7.853,4.900,-2.151,-3.958,9.070,-2.671,-15.057,-0.902,-13.353,-0.545,0,0,0,0,0.0,0.0,0.0,0.0,0.000,0
1,cylinder_stiff,395,79.640,-13.460,-4.959,30.004,0.921,-15.072,23.431,-8.212,-2.445,-3.745,0.588,-5.483,-13.754,-2.102,1.641,-19.481,-3.646,-16.489,-1.809,0,0,0,0,0.0,0.0,0.0,0.0,0.000,0
1,cylinder_stiff,420,81.136,2.220,-3.979,32.848,-6.331,-9.388,19.639,-4.096,0.691,-21.757,-2.744,-4.503,-15.334,-0.730,2.817,-10.001,-4.430,-17.665,0.719,0,0,0,0,0.0,0.0,0.0,0.0,0.000,0
1,cylinder_stiff,445,82.544,-3.072,-4.959,60.340,-2.019,-10.760,27.539,6.292,4.611,-20.177,-0.980,-3.131,-10.594,2.994,3.601,-4.629,-1.686,-10.217,-0.861,0,0,0,0,0.0,0.0,0.0,0.0,0.000,0
1,cylinder_stiff,471,84.128,3.592,6.409,40.432,-6.135,-19.384,24.695,2.960,1.867,-11.645,9.016,-11.951,4.258,-0.338,4.777,-2.417,3.214,-20.213,6.723,0,0,0,0,0.0,0.0,0.0,0.0,0.000,0
1,cylinder_stiff,496,85.536,-2.680,-11.035,35.376,-10.839,-10.172,28.803,-9.780,9.707,-3.745,-2.156,-4.307,-18.494,-4.846,8.305,-7.473,-2.470,-9.825,17.783,0,0,0,0,0.0,0.0,0.0,0.0,0.000,0
1,cylinder_stiff,522,87.120,6.924,-3.195,45.172,-13.191,-8.800,37.019,-6.252,7.355,-3.429,10.388,-7.051,-10.594,-3.866,9.873,-10.001,3.018,-10.609,3.563,0,0,0,0,0.0,0.0,0.0,0.0,0.000,0
1,cylinder_stiff,547,88.616,5.160,-2.999,46.752,-0.843,-15.856,27.539,-9.388,10.491,-5.641,6.076,0.201,-6.802,-7.394,5.169,-20.113,-10.506,-21.585,22.523,0,0,0,0,0.0,0.0,0.0,0.0,0.000,0
1,cylinder_stiff,572,90.024,-6.796,-1.627,39.800,-3.979,-14.484,18.375,-3.508,2.063,0.995,0.196,0.397,-7.118,1.034,-1.299,-5.261,2.626,-12.569,15.887,0,0,0,0,0.0,0.0,0.0,0.0,0.000,0
1,cylinder_stiff,597,91.608,-3.464,-4.959,60.024,-11.427,-11.740,30.067,-7.036,9.707,-5.957,-1.176,-6.463,-15.334,-6.022,7.717,1.375,5.958,-25.309,6.723,0,0,0,0,0.0,0.0,0.0,0.0,0.000,0
1,cylinder_stiff,623,93.016,0.848,-6.331,47.068,-3.587,-13.504,34.491,-9.584,6.963,0.047,6.076,-14.695,-16.598,7.306,-4.827,-8.105,0.470,-18.841,4.827,0,0,0,0,0.0,0.0,0.0,0.0,0.000,0
1,cylinder_stiff,648,94.600,-2.876,-1.431,34.428,-2.019,-15.268,36.387,4.920,11.079,-8.169,-11.760,-7.247,6.154,-0.730,14.185,-4.629,-0.118,-22.173,10.199,0,0,0,0,0.0,0.0,0.0,0.0,0.000,0
1,cylinder_stiff,673,96.096,-1.504,-5.155,46.120,-1.627,-12.720,30.383,-10.564,14.411,-8.169,-8.036,-11.951,-3.010,1.230,9.873,-10.001,6.546,-25.309,21.891,0,0,0,0,0.0,0.0,0.0,0.0,0.000,0
1,cylinder_stiff,699,97.592,1.436,3.469,47.384,-0.647,-11.152,26.275,-3.312,7.747,-0.585,0.784,-10.383,-1.430,3.190,15.165,11.171,-6.782,-25.113,1.351,0,0,0,0,0.0,0.0,0.0,0.0,0.000,0
1,cylinder_stiff,724,99.088,-5.620,-5.939,50.228,-13.387,-20.560,43.971,-3.312,1.083,-4.693,-3.528,-2.543,6.154,-0.926,7.913,18.439,-1.294,-28.641,21.575,0,0,0,0,0.0,0.0,0.0,0.0,0.000,0
1,cylinder_stiff,749,100.584,2.220,-5.939,60.340,-8.291,-19.580,32.911,-8.604,10.687,5.419,-7.840,-10.971,-7.434,4.562,3.405,-4.629,-7.370,-17.469,13.675,0,0,0,0,0.0,0.0,0.0,0.0,0.000,0
1,cylinder_stiff,775,102.080,0.652,1.705,58.444,-15.151,-18.600,52.187,-1.352,8.139,0.363,-1.764,-9.599,-7.434,-2.102,11.245,16.227,0.274,-28.837,25.367,0,0,0,0,0.0,0.0,0.0,0.0,0.000,0
1,cylinder_stiff,800,103.576,2.416,1.901,48.016,-12.603,-18.012,43.023,-7.820,12.255,-5.957,-6.272,-10.187,-9.330,-5.434,8.109,7.379,2.626,-18.449,19.679,0,0,0,0,0.0,0.0,0.0,0.0,0.000,0
1,cylinder_stiff,825,105.072,-3.464,4.841,48.964,-4.175,-20.168,49.027,-1.156,12.451,13.319,-4.116,-1.955,-11.542,-2.298,4.973,25.707,1.058,-18.449,25.051,0,0,0,0,0.0,0.0,0.0,0.0,0.000,0
1,cylinder_stiff,850,106.568,1.436,-1.431,56.232,-12.015,-18.796,51.239,-9.388,13.627,12.371,-10.388,-5.483,-4.590,-5.434,12.421,5.167,3.606,-28.053,20.627,0,0,0,0,0.0,0.0,0.0,0.0,0.000,0
1,cylinder_stiff,875,107.976,2.220,0.921,63.816,-7.115,-22.520,43.339,-16.248,16.371,14.583,-9.604,-8.619,-4.274,-2.494,15.165,13.699,-2.666,-29.817,21.259,0,0,0,0,0.0,0.0,0.0,0.0,0.000,0
1,cylinder_stiff,901,109.472,0.064,7.977,62.868,-8.291,-12.328,56.611,-15.268,21.859,13.319,-5.096,-13.127,-3.010,-4.454,10.657,18.755,-3.450,-25.505,27.579,0,0,0,0,0.0,0.0,0.0,0.0,0.000,0
1,cylinder_stiff,926,110.880,8.100,7.585,67.608,-4.959,-16.836,44.919,-10.564,13.431,5.419,-13.720,-2.543,-8.382,-9.746,8.501,20.651,-4.822,-16.685,19.679,0,0,0,0,0.0,0.0,0.0,0.0,0.000,0
1,cylinder_stiff,951,112.376,10.844,9.545,75.824,-12.799,-17.424,59.771,-17.424,10.099,21.535,-14.700,-0.583,-4.274,-10.726,13.597,28.551,-4.038,-27.073,20.943,0,0,0,0,0.0,0.0,0.0,0.0,0.000,0
1,cylinder_stiff,976,113.432,14.176,11.309,70.136,-12.799,-12.916,44.603,-7.036,10.491,10.791,-15.484,-10.775,15.950,-22.682,17.321,20.335,-3.842,-29.621,20.311,0,0,0,0,0.0,0.0,0.0,0.0,0.000,0
1,cylinder_stiff,1002,114.048,11.432,10.329,76.140,-9.467,-11.544,56.295,-20.756,10.883,10.791,-22.344,-10.775,-0.166,-16.410,17.125,26.023,-6.978,-14.333,25.999,0,0,0,0,0.0,0.0,0.0,0.0,0.000,0
1,cylinder_stiff,1027,114.400,13.980,11.113,71.400,-11.819,-8.996,57.243,-16.640,17.155,10.159,-26.068,0.593,9.946,-9.354,14.382,28.867,-3.254,-21.193,24.103,0,0,0,0,0.0,0.0,0.0,0.0,0.000,0
1,cylinder_stiff,1052,114.576,13.392,12.289,88.464,-13.583,-15.464,51.555,-24.676,13.235,20.271,-25.480,-5.483,6.786,-13.666,27.709,38.031,-5.018,-14.137,38.323,0,0,0,0,0.0,0.0,0.0,0.0,0.000,0
1,cylinder_stiff,1078,114.664,3.984,8.173,70.452,-3.979,-18.012,43.339,-19.384,9.903,11.107,-34.104,-9.991,-13.754,-14.450,16.929,35.503,-11.290,-19.429,21.575,0,0,0,0,0.0,0.0,0.0,0.0,0.000,0
1,cylinder_stiff,1104,114.752,11.432,12.093,87.200,-3.587,-10.368,41.127,-18.404,17.743,-0.901,-22.932,-21.751,8.366,-22.290,25.749,34.239,-0.902,-18.645,31.055,0,0,0,0,0.0,0.0,0.0,0.0,0.000,0
1,cylinder_stiff,1130,114.664,8.492,4.253,56.864,2.293,-7.624,42.391,-21.540,20.879,-4.061,-21.364,-6.267,3.310,-7.590,26.729,23.495,-0.314,-19.625,29.791,0,0,0,0,0.0,0.0,0.0,0.0,0.000,0
1,cylinder_stiff,1155,114.664,11.040,17.777,76.772,-12.799,-4.488,56.927,-14.680,8.727,0.995,-29.792,-6.267,5.522,-16.802,24.769,38.979,-0.706,-21.977,26.631,0,0,0,0,0.0,0.0,0.0,0.0,0.000,0
1,cylinder_stiff,1180,114.664,14.372,5.233,82.460,-2.411,-14.288,42.707,-12.524,16.175,10.159,-21.756,-2.347,5.522,-6.414,20.653,35.503,-8.938,-11.981,41.483,0,0,0,0,0.0,0.0,0.0,0.0,0.000,0
1,cylinder_stiff,1206,114.664,10.256,3.469,68.872,-6.723,-21.344,51.555,-14.680,24.015,-5.957,-16.660,-16.851,14.686,-15.430,20.065,39.611,-2.078,-20.801,33.583,0,0,0,0,0.0,0.0,0.0,0.0,0.000,0
1,cylinder_stiff,1231,114.752,16.332,4.253,85.304,-4.763,-6.448,64.511,-18.796,17.155,5.735,-27.832,-3.523,8.682,-18.566,16.145,35.503,-3.646,-29.033,16.203,0,0,0,0,0.0,0.0,0.0,0.0,0.000,0
1,cylinder_stiff,1256,114.664,8.688,7.193,80.248,6.605,-12.132,60.719,-28.792,9.315,7.631,-26.656,-5.287,24.798,-11.510,18.105,27.287,-3.254,-13.353,13.359,0,0,0,0,0.0,0.0,0.0,0.0,0.000,0
1,cylinder_stiff,1282,114.664,11.040,8.369,78.984,-0.059,-10.368,66.723,-22.520,19.507,17.743,-13.720,1.377,2.046,-10.530,19.673,25.707,-4.822,-16.685,32.003,0,0,0,0,0.0,0.0,0.0,0.0,0.000,0
1,cylinder_stiff,1307,114.664,13.784,6.213,79.932,0.333,-12.132,55.347,-19.188,12.255,13.951,-23.128,-5.875,-8.698,-18.958,12.421,52.567,-9.134,-15.705,26.315,0,0,0,0,0.0,0.0,0.0,0.0,0.000,0
1,cylinder_stiff,1333,114.752,13.784,7.193,77.720,-13.583,-18.404,44.919,-12.328,9.511,11.107,-16.072,-10.579,-4.274,-12.294,14.577,26.023,-5.998,-13.941,25.999,0,0,0,0,0.0,0.0,0.0,0.0,0.000,0
1,cylinder_stiff,1364,114.752,10.648,10.329,82.776,-4.175,-13.896,47.447,-18.404,16.567,20.587,-24.892,-8.227,11.842,-14.450,21.437,30.131,2.822,-18.057,33.583,0,0,0,0,0.0,0.0,0.0,0.0,0.000,0
1,cylinder_stiff,1390,114.664,12.804,2.489,75.192,-8.095,-5.468,53.135,-18.208,12.255,19.639,-29.400,-14.891,12.474,-15.038,11.637,32.659,-7.762,-22.369,25.683,0,0,0,0,0.0,0.0,0.0,0.0,0.000,0
1,cylinder_stiff,1415,114.752,9.472,17.581,86.252,-9.859,-15.464,49.659,-23.108,15.979,5.735,-18.228,-3.915,2.362,-8.374,18.889,25.075,-4.430,-22.173,30.423,0,0,0,0,0.0,0.0,0.0,0.0,0.000,0
1,cylinder_stiff,1441,114.664,13.196,12.877,76.772,-0.647,-4.292,57.243,-28.596,14.607,13.951,-25.284,2.357,15.002,-11.902,21.241,28.551,-0.706,-19.625,26.947,0,0,0,0,0.0,0.0,0.0,0.0,0.000,0
1,cylinder_stiff,1467,114.752,4.572,15.817,83.092,-9.859,-14.288,53.767,-15.660,7.943,15.847,-33.516,-4.307,4.258,-16.802,21.633,49.091,-3.254,-29.033,27.263,0,0,0,0,0.0,0.0,0.0,0.0,0.000,0
1,cylinder_stiff,1492,114.664,10.452,5.233,71.716,-2.803,-14.288,52.819,-20.364,12.843,16.795,-23.716,-11.167,4.890,-24.446,16.537,30.763,-3.842,-21.977,28.211,0,0,0,0,0.0,0.0,0.0,0.0,0.000,0
1,cylinder_stiff,1518,114.664,9.864,11.897,82.776,-12.015,-10.760,58.191,-28.008,10.687,17.427,-30.576,10.001,1.098,-9.942,21.633,37.083,2.430,-19.037,37.059,0,0,0,0,0.0,0.0,0.0,0.0,0.000,0
1,cylinder_stiff,1543,114.664,13.196,-0.843,88.148,-5.939,-11.152,57.875,-23.304,22.251,6.367,-22.344,-6.267,-1.114,-12.294,21.241,38.347,-6.978,-15.705,18.731,0,0,0,0,0.0,0.0,0.0,0.0,0.000,0
1,cylinder_stiff,1568,114.752,15.352,16.993,78.036,-10.447,-12.524,37.967,-25.264,10.687,-1.533,-28.224,-8.423,14.370,-11.118,18.889,28.867,4.194,-18.645,23.787,0,0,0,0,0.0,0.0,0.0,0.0,0.000,0
1,cylinder_stiff,1593,114.752,11.824,11.113,85.304,-2.411,-6.056,61.035,-22.912,5.787,20.271,-26.656,-4.895,11.842,-11.510,14.382,37.399,-3.254,-19.625,30.423,0,0,0,0,0.0,0.0,0.0,0.0,0.000,0
1,cylinder_stiff,1618,114.752,10.060,7.389,85.620,-7.115,-16.640,53.135,-12.916,11.079,21.535,-18.032,-5.287,-6.802,-21.310,20.261,39.611,-0.118,-15.901,35.479,0,0,0,0,0.0,0.0,0.0,0.0,0.000,0
1,cylinder_stiff,1644,114.664,13.196,8.957,67.292,-0.451,-19.776,51.239,-19.384,13.039,9.527,-23.324,-1.563,-0.166,-10.922,14.382,33.291,0.862,-16.293,25.683,0,0,0,0,0.0,0.0,0.0,0.0,0.000,0
1,cylinder_stiff,1669,114.664,12.020,13.465,82.776,2.293,-11.936,48.711,-20.168,6.179,5.419,-24.892,-11.363,-6.170,-16.018,19.085,41.823,-10.506,-19.037,21.891,0,0,0,0,0.0,0.0,0.0,0.0,0.000,0
1,cylinder_stiff,1694,114.752,3.788,7.781,73.296,-7.311,-15.464,50.923,-14.092,10.883,14.267,-24.304,-8.619,-1.430,-4.062,16.929,37.083,-3.842,-22.173,13.043,0,0,0,0,0.0,0.0,0.0,0.0,0.000,0
1,cylinder_stiff,1719,114.752,18.684,7.977,72.348,-4.763,-17.228,50.923,-22.520,19.115,2.891,-21.168,-2.935,-0.482,-15.234,17.321,26.655,-0.314,-19.233,27.895,0,0,0,0,0.0,0.0,0.0,0.0,0.000,0
1,cylinder_stiff,1744,114.752,12.608,12.485,80.564,-8.879,-11.544,59.771,-20.756,13.235,11.107,-32.928,-6.855,3.310,-13.666,18.105,33.923,-6.194,-20.017,25.683,0,0,0,0,0.0,0.0,0.0,0.0,0.000,0
1,cylinder_stiff,1769,114.664,13.980,7.193,89.728,-10.447,-12.720,46.183,-24.872,13.235,13.319,-20.776,-11.559,12.474,-7.394,12.617,27.919,-8.742,-22.173,16.519,0,0,0,0,0.0,0.0,0.0,0.0,0.000,0
1,cylinder_stiff,1794,114.664,0.260,13.465,72.032,-8.095,-20.168,49.659,-15.268,15.195,12.687,-27.244,-5.679,0.782,-15.234,17.713,30.131,6.154,-21.781,27.263,0,0,0,0,0.0,0.0,0.0,0.0,0.000,0
1,cylinder_stiff,1819,114.752,2.612,12.289,83.724,0.137,-26.636,50.607,-17.620,14.019,9.843,-26.460,-9.011,-4.906,-20.134,23.201,35.819,-2.470,-17.665,32.319,0,0,0,0,0.0,0.0,0.0,0.0,0.000,0
1,cylinder_stiff,1844,114.752,8.296,18.953,74.244,-1.823,-15.072,43.655,-13.504,12.843,11.107,-18.032,-11.755,9.946,-18.958,27.121,40.875,-7.958,-16.097,33.267,0,0,0,0,0.0,0.0,0.0,0.0,0.000,0
1,cylinder_stiff,1869,114.664,5.748,7.389,70.452,-6.331,-7.428,49.343,-14.876,19.507,12.055,-30.184,-19.595,1.098,-19.154,17.517,31.395,-5.802,-26.289,35.163,0,0,0,0,0.0,0.0,0.0,0.0,0.000,0
1,cylinder_stiff,1894,114.752,17.508,12.289,75.192,-5.547,-11.348,49.975,-26.636,18.919,-0.269,-25.088,-4.895,14.054,-12.882,24.181,40.243,-9.330,-22.369,32.319,0,0,0,0,0.0,0.0,0.0,0.0,0.000,0
1,cylinder_stiff,1920,114.752,11.628,17.189,77.720,-10.839,-14.876,55.663,-10.760,13.431,16.479,-23.716,-7.639,14.686,-14.254,13.401,34.239,-2.862,-14.333,32.319,0,0,0,0,0.0,0.0,0.0,0.0,0.000,0
1,cylinder_stiff,1946,114.752,15.744,14.837,79.616,2.881,-7.820,60.403,-18.992,13.235,17.743,-28.224,-16.067,0.782,-18.370,13.009,39.927,7.330,-16.685,32.951,0,0,0,0,0.0,0.0,0.0,0.0,0.000,0
1,cylinder_stiff,1971,114.664,8.884,6.213,74.244,-7.115,-16.444,64.511,-22.520,24.211,9.843,-27.244,-3.327,8.366,-18.958,26.533,33.607,2.234,-17.861,26.315,0,0,0,0,0.0,0.0,0.0,0.0,0.000,0
1,cylinder_stiff,1996,114.664,17.900,5.429,74.560,2.293,-6.840,67.355,-25.068,18.331,12.687,-27.048,2.357,5.838,-14.058,16.341,36.135,5.174,-21.781,33.899,0,0,0,0,0.0,0.0,0.0,0.0,0.000,0
1,cylinder_stiff,2022,114.752,13.980,16.797,77.088,1.901,-18.796,47.447,-23.304,12.843,1.311,-21.560,-18.419,13.738,-13.470,18.693,32.027,3.606,-21.781,33.899,0,0,0,0,0.0,0.0,0.0,0.0,0.000,0
1,cylinder_stiff,2047,114.664,13.196,9.937,79.616,6.409,-14.876,42.707,-16.640,17.547,13.951,-31.360,-7.247,2.678,-13.274,19.281,32.975,3.606,-16.489,24.103,0,0,0,0,0.0,0.0,0.0,0.0,0.000,0
1,cylinder_stiff,2072,114.752,10.844,1.705,82.144,-12.407,-17.816,53.451,-6.840,19.115,4.471,-25.676,-8.815,15.950,-19.546,5.953,24.443,-5.606,-21.193,25.051,0,0,0,0,0.0,0.0,0.0,0.0,0.000,0
1,cylinder_stiff,2097,114.752,19.468,7.193,84.040,-0.255,-15.856,53.451,-19.580,19.115,11.739,-27.048,-8.815,-0.166,-14.842,16.537,25.707,4.782,-17.665,33.583,0,0,0,0,0.0,0.0,0.0,0.0,0.000,0
1,cylinder_stiff,2123,114.752,11.824,6.409,72.664,-4.763,-9.192,55.663,-14.092,13.627,9.211,-29.008,-3.327,10.262,-14.058,23.005,15.911,-5.998,-15.313,28.843,0,0,0,0,0.0,0.0,0.0,0.0,0.000,0
1,cylinder_stiff,2148,114.752,6.532,3.861,70.136,-7.703,-9.388,49.975,-7.820,19.507,14.899,-15.876,-6.855,3.942,-17.586,15.949,24.127,-5.018,-14.333,25.683,0,0,0,0,0.0,0.0,0.0,0.0,0.000,0
1,cylinder_stiff,2173,114.664,18.096,13.465,74.876,8.761,-9.192,63.879,-22.324,10.883,2.891,-19.992,-14.695,14.370,-13.078,19.281,19.387,3.018,-18.253,28.211,0,0,0,0,0.0,0.0,0.0,0.0,0.000,0
1,cylinder_stiff,2199,114.664,8.688,6.801,77.720,-2.607,-15.464,48.711,-16.640,23.819,14.267,-19.796,-8.227,15.634,-20.330,13.793,38.663,-4.822,-10.609,34.215,0,0,0,0,0.0,0.0,0.0,0.0,0.000,0
1,cylinder_stiff,2224,114.752,16.332,10.525,85.304,3.665,-10.564,50.607,-16.052,9.119,16.479,-26.264,-11.167,3.942,-9.942,26.141,27.287,-2.666,-20.213,22.839,0,0,0,0,0.0,0.0,0.0,0.0,0.000,0
1,cylinder_stiff,2249,114.752,13.196,7.977,76.140,1.901,-7.036,59.455,-14.288,13.627,19.007,-23.716,-2.347,1.098,-13.470,17.910,28.235,-2.666,-18.449,24.103,0,0,0,0,0.0,0.0,0.0,0.0,0.000,0
1,cylinder_stiff,2274,114.752,23.780,14.249,74.560,-5.939,-14.484,66.407,-17.424,11.079,3.207,-26.264,-15.479,13.106,-19.350,15.557,32.027,-11.486,-9.433,19.363,0,0,0,0,0.0,0.0,0.0,0.0,0.000,0
1,cylinder_stiff,2299,114.752,15.940,10.329,72.664,-10.055,-16.052,54.715,-20.952,12.451,1.627,-24.500,5.885,15.950,-12.098,19.673,23.495,-5.214,-8.257,34.847,0,0,0,0,0.0,0.0,0.0,0.0,0.000,0
1,cylinder_stiff,2324,114.752,16.724,6.801,88.148,-2.999,-11.544,60.087,-18.404,9.119,10.475,-39.788,-9.207,0.150,-16.802,21.045,32.027,3.802,-14.333,42.115,0,0,0,0,0.0,0.0,0.0,0.0,0.000,0
1,cylinder_stiff,2349,114.752,7.512,11.897,66.976,4.253,-11.740,46.183,-14.680,14.803,10.791,-20.580,-7.835,7.734,-9.354,17.125,21.915,3.998,-15.705,34.847,0,0,0,0,0.0,0.0,0.0,0.0,0.000,0
1,cylinder_stiff,2380,114.752,9.080,2.881,76.772,-6.919,-18.012,59.139,-18.012,13.431,5.103,-25.088,-8.423,3.942,-16.998,20.261,18.123,-3.450,-21.977,29.791,0,0,0,0,0.0,0.0,0.0,0.0,0.000,0
1,cylinder_stiff,2405,114.752,11.432,1.117,83.092,-6.723,-7.036,57.243,-13.896,15.979,3.523,-22.148,-0.975,12.474,-17.782,25.161,32.975,-8.546,-22.369,32.003,0,0,0,0,0.0,0.0,0.0,0.0,0.000,0
1,cylinder_stiff,2430,114.752,13.196,6.997,79.932,-5.547,-14.288,65.459,-17.228,15.391,11.423,-35.868,-6.071,1.730,-12.490,15.361,23.179,3.018,-19.821,24.735,0,0,0,0,0.0,0.0,0.0,0.0,0.000,0
1,cylinder_stiff,2455,114.752,10.648,13.661,81.828,-4.567,-8.408,44.603,-13.504,14.019,15.847,-29.204,-8.423,10.894,-11.118,19.673,18.755,1.842,-21.977,16.835,0,0,0,0,0.0,0.0,0.0,0.0,0.000,0
1,cylinder_stiff,2481,114.664,13.392,8.761,84.988,-3.195,-15.660,50.291,-19.972,20.487,10.791,-22.932,-14.107,15.002,-10.726,23.201,28.551,-3.842,-20.213,24.103,0,0,0,0,0.0,0.0,0.0,0.0,0.000,0
1,cylinder_stiff,2506,114.752,15.352,13.857,83.724,-3.587,-12.132,66.723,-17.424,13.823,10.159,-27.440,-15.087,8.366,-14.842,19.673,31.711,-0.118,-18.253,31.055,0,0,0,0,0.0,0.0,0.0,0.0,0.000,0
1,cylinder_stiff,2531,114.664,14.568,11.701,81.512,-5.155,-18.796,45.235,-16.248,19.507,13.319,-35.672,-5.875,18.162,-11.902,17.910,34.555,0.274,-18.253,29.159,0,0,0,0,0.0,0.0,0.0,0.0,0.000,0
1,cylinder_stiff,2556,114.752,15.744,13.661,88.148,-2.411,-11.936,53.451,-20.756,15.195,12.371,-24.696,-10.383,7.102,-17.390,15.165,31.711,0.666,-19.233,15.571,0,0,0,0,0.0,0.0,0.0,0.0,0.000,0
1,cylinder_stiff,2581,114.664,5.160,21.697,73.612,-1.235,-12.524,43.023,-21.540,15.587,10.475,-24.696,-0.387,15.634,-19.546,16.929,40.875,-6.390,-25.701,28.527,0,0,0,0,0.0,0.0,0.0,0.0,0.000,0
1,cylinder_stiff,2606,114.664,11.628,16.209,81.512,4.253,-13.308,61.035,-19.972,9.903,13.635,-24.304,-3.719,6.154,-16.018,16.733,38.031,3.606,-18.253,26.631,0,0,0,0,0.0,0.0,0.0,0.0,0.000,0
1,cylinder_stiff,2631,114.752,10.256,6.017,91.308,-10.447,-14.484,40.495,-22.520,14.803,13.003,-28.616,-9.599,15.002,-12.294,17.713,50.039,-6.978,-22.173,37.375,0,0,0,0,0.0,0.0,0.0,0.0,0.000,0
1,cylinder_stiff,2657,114.752,6.336,1.117,72.980,-6.331,-13.504,63.247,-20.168,12.647,11.423,-25.088,-17.635,4.890,-10.138,16.537,29.815,-2.862,-14.921,20.311,0,0,0,0,0.0,0.0,0.0,0.0,0.000,0
1,cylinder_stiff,2682,114.752,6.728,18.561,77.720,-6.723,-18.012,39.231,-18.600,16.959,-1.217,-20.580,-12.147,14.370,-13.862,24.181,16.543,-8.154,-26.093,22.207,0,0,0,0,0.0,0.0,0.0,0.0,0.000,0
1,cylinder_stiff,2708,114.752,14.176,11.701,79.932,-5.939,-13.896,54.715,-16.836,20.291,0.995,-22.540,-6.071,6.470,-5.630,17.713,31.079,-0.314,-17.077,26.631,0,0,0,0,0.0,0.0,0.0,0.0,0.000,0
1,cylinder_stiff,2734,114.752,8.100,7.781,82.144,-9.859,-10.564,56.927,-20.952,12.255,6.051,-29.204,-3.523,12.158,-14.842,18.105,31.395,1.842,-21.389,32.635,0,0,0,0,0.0,0.0,0.0,0.0,0.000,0
1,cylinder_stiff,2759,114.752,10.256,9.349,78.984,-8.487,-8.212,54.083,-30.164,19.311,22.167,-20.776,-5.091,4.574,-14.842,8.501,34.555,-6.390,-27.661,47.803,0,0,0,0,0.0,0.0,0.0,0.0,0.000,0
1,cylinder_stiff,2785,114.664,24.956,14.837,74.876,-0.059,-10.368,51.239,-21.148,13.235,-6.905,-26.264,-13.715,7.734,-20.134,21.045,36.767,2.234,-9.433,15.255,0,0,0,0,0.0,0.0,0.0,0.0,0.000,0
1,cylinder_stiff,2812,114.664,15.940,11.309,78.984,0.529,-11.152,50.607,-20.952,5.395,7.947,-19.796,-11.559,0.150,-0.926,11.245,32.027,-8.742,-14.725,26.315,0,0,0,0,0.0,0.0,0.0,0.0,0.000,0
1,cylinder_stiff,2837,114.664,14.568,4.645,76.140,1.313,-10.172,60.403,-29.380,14.019,-2.165,-17.052,-4.307,3.626,-13.274,14.969,30.763,-5.802,-19.429,25.051,0,0,0,0,0.0,0.0,0.0,0.0,0.000,0
1,cylinder_stiff,2862,114.752,10.844,0.529,84.356,2.097,-19.384,61.035,-22.324,14.215,10.791,-29.400,-12.539,12.158,-13.862,21.437,26.655,-2.470,-23.349,13.359,0,0,0,0,0.0,0.0,0.0,0.0,0.000,0
1,cylinder_stiff,2887,114.664,6.924,8.761,78.984,-3.979,-20.560,50.607,-17.620,13.235,21.851,-32.144,-9.599,8.050,-14.254,16.537,34.871,-4.234,-20.213,37.691,0,0,0,0,0.0,0.0,0.0,0.0,0.000,0
1,cylinder_stiff,2912,114.752,20.840,10.917,73.612,0.333,-14.288,46.815,-26.440,17.547,26.275,-31.164,-4.503,25.430,-8.178,16.929,36.451,-3.842,-11.589,34.215,0,0,0,0,0.0,0.0,0.0,0.0,0.000,0
1,cylinder_stiff,2938,114.664,9.668,12.877,81.828,-2.215,-8.996,49.975,-22.716,11.667,12.055,-22.344,-0.387,-1.114,-5.238,10.265,43.403,-1.490,-11.001,20.943,0,0,0,0,0.0,0.0,0.0,0.0,0.000,0
1,cylinder_stiff,2963,114.752,11.040,1.509,78.352,7.193,-12.524,47.447,-19.384,17.547,13.003,-22.932,-9.795,3.310,-15.234,32.413,30.763,-1.294,-7.473,27.263,0,0,0,0,0.0,0.0,0.0,0.0,0.000,0
1,cylinder_stiff,2988,114.664,18.096,7.389,66.976,-7.507,-8.016,42.391,-22.520,8.727,8.579,-19.992,-14.695,5.206,-23.662,31.237,35.819,-1.686,-19.821,29.159,0,0,0,0,0.0,0.0,0.0,0.0,0.000,0
1,cylinder_stiff,3013,114.664,12.608,1.705,65.396,-2.215,-21.344,45.551,-16.052,9.903,10.475,-21.756,-12.147,9.946,-11.314,17.910,22.231,-3.842,-16.097,34.531,0,0,0,0,0.0,0.0,0.0,0.0,0.000,0
1,cylinder_stiff,3038,114.664,12.020,2.097,73.928,-5.155,-10.956,44.287,-16.248,19.115,6.051,-23.912,0.201,5.206,-12.294,15.165,38.347,4.782,-22.565,25.683,0,0,0,0,0.0,0.0,0.0,0.0,0.000,0
1,cylinder_stiff,3064,114.752,16.136,9.937,76.772,-6.135,-6.252,53.767,-23.696,17.743,0.995,-18.620,-8.227,4.574,-15.234,13.989,35.819,2.430,-14.529,16.835,0,0,0,0,0.0,0.0,0.0,0.0,0.000,0
1,cylinder_stiff,3089,114.752,14.372,9.937,87.832,-0.059,-12.524,57.243,-17.816,8.335,6.683,-30.968,-2.739,10.262,-14.058,18.301,33.923,-12.466,-15.509,28.211,0,0,0,0,0.0,0.0,0.0,0.0,0.000,0
1,cylinder_stiff,3114,114.752,11.824,0.921,74.244,-8.291,-9.388,52.819,-21.932,14.803,16.795,-25.088,-12.343,19.426,-12.098,13.793,33.923,2.430,-20.605,34.847,0,0,0,0,0.0,0.0,0.0,0.0,0.000,0
1,cylinder_stiff,3140,114.664,10.648,8.173,79.300,1.509,-15.660,50.923,-12.916,12.059,7.631,-19.600,4.709,-1.114,-11.118,16.145,35.187,-2.666,-11.393,27.579,0,0,0,0,0.0,0.0,0.0,0.0,0.000,0
1,cylinder_stiff,3165,114.752,16.528,7.977,86.568,-8.095,-10.760,39.547,-18.600,11.863,5.419,-34.692,-13.127,18.162,-15.626,21.045,28.867,-3.254,-23.741,25.999,0,0,0,0,0.0,0.0,0.0,0.0,0.000,0
1,cylinder_stiff,3190,114.752,12.412,13.661,75.824,-1.235,-10.956,59.139,-20.364,14.607,12.055,-23.912,-9.403,-0.482,-15.038,26.533,27.919,-5.410,-17.861,28.527,0,0,0,0,0.0,0.0,0.0,0.0,0.000,0
1,cylinder_stiff,3215,114.664,19.272,9.349,90.360,-5.939,-7.624,56.927,-16.836,9.903,4.155,-22.148,-7.443,9.630,-16.606,14.969,30.763,-6.194,-24.721,29.791,0,0,0,0,0.0,0.0,0.0,0.0,0.000,0
1,cylinder_stiff,3241,114.752,8.688,20.325,77.720,-3.195,-8.996,60.087,-18.992,17.351,15.215,-30.184,-7.051,0.782,-13.862,21.633,21.283,-1.098,-16.881,46.223,0,0,0,0,0.0,0.0,0.0,0.0,0.000,0
1,cylinder_stiff,3266,114.752,10.648,-1.235,77.720,-2.411,-9.780,57.243,-15.268,23.623,8.895,-33.320,-6.463,-2.062,-10.530,7.326,21.599,-2.274,-15.901,22.523,0,0,0,0,0.0,0.0,0.0,0.0,0.000,0
1,cylinder_stiff,3293,114.752,17.312,13.269,91.308,-8.683,-8.016,55.347,-26.048,15.783,-0.585,-29.988,-2.935,10.262,-12.098,25.553,28.867,0.666,-15.117,19.363,0,0,0,0,0.0,0.0,0.0,0.0,0.000,0
1,cylinder_stiff,3318,114.664,13.392,8.957,86.252,-4.763,-8.212,63.247,-23.696,19.115,3.523,-24.892,-4.699,8.682,-17.586,26.533,40.243,-7.174,-18.253,21.259,0,0,0,0,0.0,0.0,0.0,0.0,0.000,0
1,cylinder_stiff,3343,114.752,16.332,10.917,75.824,-10.839,-18.012,40.495,-14.680,14.215,22.483,-24.500,-8.815,0.782,-6.022,22.025,33.923,1.842,-16.097,28.527,0,0,0,0,0.0,0.0,0.0,0.0,0.000,0
1,cylinder_stiff,3368,114.664,6.728,7.585,82.776,-5.351,-14.680,51.555,-24.088,15.979,18.059,-25.676,-10.383,7.418,-21.506,15.949,29.499,-4.234,-16.489,26.947,0,0,0,0,0.0,0.0,0.0,0.0,0.000,0
1,cylinder_stiff,3396,114.664,5.160,11.897,78.984,6.213,-12.132,54.715,-19.776,6.375,2.891,-28.028,-16.851,7.102,-10.138,17.321,26.339,-7.174,-18.841,28.527,0,0,0,0,0.0,0.0,0.0,0.0,0.000,0
1,cylinder_stiff,3422,114.664,4.768,3.665,75.192,-3.195,-11.936,56.927,-22.128,18.919,17.111,-21.952,-11.559,-2.062,-7.590,20.849,43.403,-2.470,-20.801,38.323,0,0,0,0,0.0,0.0,0.0,0.0,0.000,0
1,cylinder_stiff,3447,114.664,5.356,9.545,71.400,-5.351,-9.584,58.507,-20.756,16.763,13.319,-27.244,-13.323,7.102,-25.622,21.241,20.335,-1.098,-14.333,18.415,0,0,0,0,0.0,0.0,0.0,0.0,0.000,0
1,cylinder_stiff,3472,114.752,7.316,5.625,86.568,3.861,-4.292,66.723,-16.248,9.119,21.851,-19.012,-18.223,24.482,-18.566,18.301,13.067,-6.586,-10.609,30.107,0,0,0,0,0.0,0.0,0.0,0.0,0.000,0
1,cylinder_stiff,3497,114.664,15.548,11.505,81.828,-0.451,-12.720,49.975,-15.660,9.119,12.371,-33.320,-12.735,8.998,-11.510,14.577,33.607,1.646,-14.137,28.527,0,0,0,0,0.0,0.0,0.0,0.0,0.000,0
1,cylinder_stiff,3523,114.752,13.196,4.449,73.612,-10.447,-19.776,52.503,-24.284,14.607,11.423,-21.364,-14.303,9.630,-10.726,23.789,29.499,-5.214,-20.213,22.523,0,0,0,0,0.0,0.0,0.0,0.0,0.000,0
1,cylinder_stiff,3548,114.752,3.592,15.229,71.084,-6.135,-12.328,44.603,-31.732,18.723,15.215,-27.636,-2.739,-9.962,-14.450,17.125,27.919,4.586,-18.057,17.467,0,0,0,0,0.0,0.0,0.0,0.0,0.000,0
1,cylinder_stiff,3573,114.752,19.664,12.877,84.356,-6.527,-19.580,56.927,-22.716,26.955,18.059,-13.524,-2.739,-3.326,-9.158,17.910,47.511,-6.978,-16.097,18.731,0,0,0,0,0.0,0.0,0.0,0.0,0.000,0
1,cylinder_stiff,3598,114.752,8.296,14.249,79.300,-8.487,-14.288,56.611,-16.640,20.487,12.055,-19.404,-7.443,4.890,-13.666,20.849,35.819,3.214,-20.213,33.267,0,0,0,0,0.0,0.0,0.0,0.0,0.000,0
1,cylinder_stiff,3623,114.752,10.452,11.113,87.516,-0.255,-12.524,65.775,-29.772,11.667,2.575,-19.992,-11.363,1.098,-11.314,12.225,16.543,-6.390,-5.513,18.731,0,0,0,0,0.0,0.0,0.0,0.0,0.000,0
1,cylinder_stiff,3648,114.664,8.492,9.545,78.036,-6.527,-9.780,50.607,-25.460,13.039,7.631,-20.188,-14.891,5.206,-15.038,23.201,45.299,1.254,-16.489,27.263,0,0,0,0,0.0,0.0,0.0,0.0,0.000,0
1,cylinder_stiff,3673,114.752,12.412,12.485,81.512,-10.447,-16.444,55.031,-20.952,24.211,15.215,-27.440,-13.519,15.950,-9.550,22.025,29.499,-4.430,-18.057,23.787,0,0,0,0,0.0,0.0,0.0,0.0,0.000,0
1,cylinder_stiff,3699,114.664,10.256,8.173,77.720,-1.431,-19.776,48.711,-26.244,6.375,5.419,-24.108,-6.071,8.366,-7.786,12.421,33.291,-10.702,-14.529,42.431,0,0,0,0,0.0,0.0,0.0,0.0,0.000,0
1,cylinder_stiff,3724,114.752,6.140,7.977,81.828,-0.451,-14.484,49.659,-23.892,19.115,14.267,-28.224,-6.659,-7.434,-10.726,23.593,23.495,10.270,-24.329,33.899,0,0,0,0,0.0,0.0,0.0,0.0,0.000,0
1,cylinder_stiff,3750,114.752,18.096,12.093,67.924,-5.155,-19.972,47.763,-26.832,20.291,0.995,-21.560,-6.659,13.422,-11.118,19.477,29.183,-4.234,-28.053,28.211,0,0,0,0,0.0,0.0,0.0,0.0,0.000,0
1,cylinder_stiff,3775,114.752,16.920,13.073,92.888,-7.507,-12.132,44.919,-18.404,8.335,12.371,-30.576,-1.563,0.150,-6.022,24.769,43.087,-5.214,-22.565,21.891,0,0,0,0,0.0,0.0,0.0,0.0,0.000,0
1,cylinder_stiff,3800,114.664,8.100,8.761,80.564,3.665,-9.780,57.559,-16.640,16.959,7.631,-23.716,-9.599,-9.646,-14.842,27.709,45.615,9.486,-19.429,21.259,0,0,0,0,0.0,0.0,0.0,0.0,0.000,0
1,cylinder_stiff,3826,114.664,12.412,10.525,67.608,0.333,-16.836,48.395,-11.936,14.607,26.591,-31.752,-14.499,2.046,-15.234,17.910,34.555,-5.410,-31.385,33.267,0,0,0,0,0.0,0.0,0.0,0.0,0.000,0
1,cylinder_stiff,3851,114.752,17.508,6.213,73.296,-3.391,-13.896,51.871,-17.816,10.687,6.367,-15.092,-13.127,11.526,-6.218,24.377,29.499,-3.646,-23.349,15.255,0,0,0,0,0.0,0.0,0.0,0.0,0.000,0
1,cylinder_stiff,3877,114.752,12.216,11.701,79.300,-2.411,-7.624,64.195,-25.264,15.783,18.375,-21.364,-4.699,15.318,-9.942,25.161,41.191,-7.370,-16.881,33.899,0,0,0,0,0.0,0.0,0.0,0.0,0.000,0
1,cylinder_stiff,3902,114.752,11.432,8.565,67.924,-7.115,-9.584,72.095,-24.088,15.587,14.267,-20.972,-3.719,7.102,-12.294,25.945,37.083,1.058,-20.017,32.635,0,0,0,0,0.0,0.0,0.0,0.0,0.000,0
1,cylinder_stiff,3927,114.752,8.100,6.801,81.196,-9.271,-13.308,50.291,-26.832,14.215,9.527,-29.596,-4.895,6.786,-13.470,16.733,29.499,-3.646,-21.781,19.995,0,0,0,0,0.0,0.0,0.0,0.0,0.000,0
1,cylinder_stiff,3952,114.752,14.176,10.721,71.400,-2.607,-5.860,50.291,-19.384,14.411,26.275,-29.596,-7.247,-2.062,-14.058,17.321,20.019,2.822,-17.273,33.899,0,0,0,0,0.0,0.0,0.0,0.0,0.000,0
1,cylinder_stiff,3978,114.752,14.372,4.449,76.140,-6.527,-8.408,48.395,-20.560,14.019,7.631,-20.972,-18.027,19.426,-16.018,19.281,32.975,-10.506,-22.761,19.047,0,0,0,0,0.0,0.0,0.0,0.0,0.000,0
1,cylinder_stiff,4003,114.664,17.704,10.917,72.032,0.137,-8.408,49.659,-16.248,9.707,17.427,-26.264,-6.659,4.574,-12.686,19.477,46.879,2.430,-19.625,17.151,0,0,0,0,0.0,0.0,0.0,0.0,0.000,0
1,cylinder_stiff,4028,114.664,7.120,15.817,78.036,-6.135,-15.464,55.347,-17.032,12.255,13.951,-17.052,-6.071,6.154,-14.254,21.633,30.131,-2.666,-12.765,36.111,0,0,0,0,0.0,0.0,0.0,0.0,0.000,0
1,cylinder_stiff,4053,114.664,6.924,19.737,82.144,-0.059,-11.544,52.187,-19.188,10.491,14.899,-25.872,3.141,8.366,-12.098,15.557,33.607,2.038,-21.193,16.519,0,0,0,0,0.0,0.0,0.0,0.0,0.000,0
1,cylinder_stiff,4078,114.752,8.688,12.289,67.608,-0.451,-3.704,47.131,-26.244,14.019,14.267,-22.344,-3.719,4.574,-9.942,15.753,35.187,6.546,-16.489,24.735,0,0,0,0,0.0,0.0,0.0,0.0,0.000,0
1,cylinder_stiff,4104,114.752,17.312,4.449,79.616,3.469,-8.604,53.767,-20.560,13.627,6.367,-25.480,-0.779,-3.010,-9.746,18.889,15.595,-3.450,-15.117,28.211,0,0,0,0,0.0,0.0,0.0,0.0,0.000,0
1,cylinder_stiff,4129,114.752,0.064,15.425,78.984,-4.567,-6.448,46.815,-17.032,17.743,6.999,-31.360,-8.227,5.522,-11.510,14.382,32.343,3.998,-14.137,27.263,0,0,0,0,0.0,0.0,0.0,0.0,0.000,0
1,cylinder_stiff,4154,114.752,15.352,8.369,83.408,-4.959,-15.464,41.127,-19.776,15.587,2.891,-21.952,-11.559,1.730,-18.370,16.145,39.927,-7.958,-18.057,16.519,0,0,0,0,0.0,0.0,0.0,0.0,0.000,0
1,cylinder_stiff,4179,114.752,10.060,15.817,89.096,-3.979,-3.900,60.087,-11.348,19.311,9.211,-14.700,2.749,8.682,-18.566,25.749,49.407,-3.646,-21.193,27.579,0,0,0,0,0.0,0.0,0.0,0.0,0.000,0
1,cylinder_stiff,4205,114.752,7.708,10.329,69.188,-6.723,-7.036,45.551,-19.188,16.959,8.263,-25.284,-10.775,5.206,-9.942,19.869,35.819,-0.902,-13.941,15.255,0,0,0,0,0.0,0.0,0.0,0.0,0.000,0
1,cylinder_stiff,4230,114.752,7.512,9.153,83.408,-1.627,-10.564,49.659,-19.580,25.191,24.379,-28.616,0.593,12.790,-9.746,8.893,20.019,3.802,-13.157,14.623,0,0,0,0,0.0,0.0,0.0,0.0,0.000,0
1,cylinder_stiff,4255,114.752,3.592,11.505,78.352,-6.919,-11.740,55.031,-10.760,20.487,1.627,-23.520,-11.363,14.686,-8.766,17.713,26.339,-4.038,-11.001,19.679,0,0,0,0,0.0,0.0,0.0,0.0,0.000,0
1,cylinder_stiff,4281,114.752,3.788,3.077,89.728,-9.467,-10.760,53.451,-20.952,22.643,7.947,-20.972,-3.131,8.998,-14.450,14.773,44.035,-5.410,-15.117,28.211,0,0,0,0,0.0,0.0,0.0,0.0,0.000,0
1,cylinder_stiff,4306,114.752,7.512,10.917,76.772,-4.567,-11.544,53.767,-12.916,18.919,20.271,-25.676,0.593,-1.430,-10.922,22.809,39.295,3.018,-17.861,32.003,0,0,0,0,0.0,0.0,0.0,0.0,0.000,0
1,cylinder_stiff,4331,114.664,3.592,9.937,83.092,7.585,-16.640,46.499,-21.344,18.527,8.579,-24.108,-4.503,1.414,-15.822,14.185,14.015,-1.882,-12.569,24.103,0,0,0,0,0.0,0.0,0.0,0.0,0.000,0
1,cylinder_stiff,4358,114.752,9.864,6.409,81.828,-12.015,-17.816,46.183,-23.304,17.155,21.851,-27.636,-11.167,6.786,-16.410,26.141,28.235,-6.194,-14.921,32.319,0,0,0,0,0.0,0.0,0.0,0.0,0.000,0
1,cylinder_stiff,4383,114.752,10.060,14.641,78.668,-6.331,-14.092,47.763,-15.268,16.763,11.739,-30.576,-2.151,16.582,-12.490,20.653,17.807,-6.194,-17.469,21.259,0,0,0,0,0.0,0.0,0.0,0.0,0.000,0
1,cylinder_stiff,4408,114.752,12.020,6.213,84.672,-3.783,-22.520,43.971,-18.600,12.059,15.531,-19.796,-1.759,14.370,-7.002,14.969,34.239,6.154,-19.037,31.687,0,0,0,0,0.0,0.0,0.0,0.0,0.000,0
1,cylinder_stiff,4434,114.664,18.292,0.529,61.920,-9.663,-15.660,50.607,-14.876,20.487,13.319,-23.716,-5.091,5.522,-14.254,16.733,42.455,-0.706,-11.785,31.371,0,0,0,0,0.0,0.0,0.0,0.0,0.000,0
1,cylinder_stiff,4459,114.664,11.628,6.017,85.304,-7.899,-7.624,53.135,-18.012,12.647,9.527,-19.404,-8.815,16.266,-10.530,18.497,37.715,-2.274,-17.665,34.215,0,0,0,0,0.0,0.0,0.0,0.0,0.000,0
1,cylinder_stiff,4484,114.752,19.860,4.449,92.256,-2.803,-18.208,47.131,-16.052,8.335,9.527,-28.616,-4.895,0.150,-16.410,17.517,26.339,-2.078,-18.057,44.327,0,0,0,0,0.0,0.0,0.0,0.0,0.000,0
1,cylinder_stiff,4509,114.752,5.160,16.405,66.344,-2.999,-12.916,48.395,-15.072,9.707,2.575,-23.520,-0.191,9.630,-11.314,23.593,34.555,-10.702,-6.297,12.411,0,0,0,0,0.0,0.0,0.0,0.0,0.000,0
1,cylinder_stiff,4534,114.664,17.900,11.701,83.092,-2.411,-19.776,50.607,-25.852,14.215,13.951,-22.148,-7.835,8.366,-16.410,19.673,26.023,-3.254,-13.549,27.263,0,0,0,0,0.0,0.0,0.0,0.0,0.000,0
1,cylinder_stiff,4560,114.752,13.784,7.781,76.140,-9.859,-15.072,50.607,-26.244,21.271,5.103,-17.444,-11.363,9.630,-22.878,10.265,22.863,1.842,-18.057,34.215,0,0,0,0,0.0,0.0,0.0,0.0,0.000,0
1,cylinder_stiff,4584,114.752,12.216,9.741,78.352,-6.919,-4.488,57.243,-18.208,13.823,14.267,-23.520,-6.267,7.418,-15.626,16.733,44.667,11.054,-19.037,16.835,0,0,0,0,0.0,0.0,0.0,0.0,0.000,0
1,cylinder_stiff,4609,114.752,7.316,3.077,69.188,3.861,-6.448,65.459,-24.676,13.823,19.955,-19.796,-7.835,10.578,-12.294,23.789,23.811,-6.194,-23.153,28.211,0,0,0,0,0.0,0.0,0.0,0.0,0.000,0
1,cylinder_stiff,4635,114.664,3.592,16.993,82.460,3.077,-17.032,46.499,-19.972,18.723,17.111,-26.460,-3.915,-2.062,-19.154,12.225,23.495,-6.390,-17.861,32.319,0,0,0,0,0.0,0.0,0.0,0.0,0.000,0
1,cylinder_stiff,4660,114.752,8.884,14.837,89.096,-12.015,-9.192,54.399,-17.816,8.727,8.579,-16.268,1.573,6.786,-10.138,16.929,37.399,-1.882,-20.997,25.051,0,0,0,0,0.0,0.0,0.0,0.0,0.000,0
1,cylinder_stiff,4686,114.752,10.844,10.329,81.828,-6.527,-8.212,52.503,-15.072,16.763,2.259,-12.152,-7.639,10.578,-7.002,14.382,29.183,5.174,-6.493,28.211,0,0,0,0,0.0,0.0,0.0,0.0,0.000,0
1,cylinder_stiff,4711,114.664,10.648,7.781,84.040,-3.979,-10.956,39.547,-22.716,23.623,-0.585,-23.324,-5.091,-4.274,-14.058,16.537,30.763,-6.586,-22.369,21.259,0,0,0,0,0.0,0.0,0.0,0.0,0.000,0
1,cylinder_stiff,4736,114.664,9.668,10.525,74.876,-9.663,-3.116,55.663,-21.148,13.431,19.323,-21.756,-11.755,14.370,-11.314,18.497,33.607,-2.862,-13.353,34.215,0,0,0,0,0.0,0.0,0.0,0.0,0.000,0
1,cylinder_stiff,4762,114.664,11.628,13.465,79.616,-1.235,-8.800,39.863,-15.268,13.431,8.263,-22.344,-2.151,9.630,-17.978,17.713,23.495,-0.902,-20.605,16.519,0,0,0,0,0.0,0.0,0.0,0.0,0.000,0
1,cylinder_stiff,4787,114.752,5.552,13.465,77.404,-7.899,-21.148,51.871,-20.364,16.959,12.055,-23.912,-1.563,5.522,-18.958,14.577,34.871,2.234,-12.373,27.895,0,0,0,0,0.0,0.0,0.0,0.0,0.000,0
1,cylinder_stiff,4812,114.664,14.764,14.249,77.404,-7.507,-6.644,37.651,-15.856,8.531,24.695,-28.224,-9.991,18.162,-11.510,23.593,30.131,-4.822,-18.449,23.471,0,0,0,0,0.0,0.0,0.0,0.0,0.000,0
1,cylinder_stiff,4837,114.752,7.120,11.505,83.092,-5.743,-15.464,45.867,-21.736,14.215,25.327,-24.892,-0.387,15.634,-9.158,17.517,26.023,-4.038,-10.609,19.679,0,0,0,0,0.0,0.0,0.0,0.0,0.000,0
1,cylinder_stiff,4863,114.664,8.884,7.389,82.460,-4.567,-15.660,64.195,-14.680,17.155,5.735,-31.556,-5.875,11.210,-14.058,14.969,42.771,4.586,-26.681,25.367,0,0,0,0,0.0,0.0,0.0,0.0,0.000,0
1,cylinder_stiff,4889,114.752,12.412,15.229,78.352,-4.371,-7.232,59.771,-19.580,7.943,9.527,-21.560,-14.695,-1.430,-11.314,12.617,29.183,-6.978,-18.449,36.743,0,0,0,0,0.0,0.0,0.0,0.0,0.000,0
1,cylinder_stiff,4914,114.664,22.408,12.681,75.192,-6.723,-17.816,67.039,-28.792,18.723,13.003,-21.952,-14.891,7.734,-5.434,20.065,30.131,-2.274,-23.741,27.895,0,0,0,0,0.0,0.0,0.0,0.0,0.000,0
1,cylinder_stiff,4941,114.752,15.744,6.605,85.620,-5.939,-14.680,60.403,-20.168,13.235,7.947,-33.124,-3.523,8.998,-10.334,21.045,25.391,1.646,-23.153,30.739,0,0,0,0,0.0,0.0,0.0,0.0,0.000,0
1,cylinder_stiff,4966,114.752,8.100,11.897,77.404,-1.235,-12.720,61.035,-20.756,16.371,13.003,-16.660,-2.739,-4.590,-8.962,9.677,32.975,-2.666,-17.077,24.103,0,0,0,0,0.0,0.0,0.0,0.0,0.000,0
1,cylinder_stiff,4992,114.752,14.372,11.309,76.140,-7.311,-7.624,41.443,-25.460,24.995,10.791,-19.992,-5.287,-5.538,-17.194,16.537,35.503,-0.510,-17.077,31.371,0,0,0,0,0.0,0.0,0.0,0.0,0.000,0
2,cylinder_stiff,6,60.368,5.748,6.801,78.036,0.137,-14.876,50.923,-24.088,19.507,20.271,-17.836,-8.815,14.054,-16.802,17.713,35.819,-1.490,-19.233,31.371,0,0,0,0,0.0,0.0,0.0,0.0,0.000,0
2,cylinder_stiff,32,60.544,-1.700,4.841,25.264,-4.959,-5.076,15.847,4.528,5.199,-14.805,5.488,-7.639,-11.542,-2.494,-2.083,-20.745,-2.078,-1.201,-1.809,0,0,0,0,0.0,0.0,0.0,0.0,0.000,0
2,cylinder_stiff,58,61.160,1.240,-5.547,23.684,-9.859,2.176,15.531,-4.880,6.767,-18.597,-1.960,7.061,-5.222,-9.550,1.445,-20.113,-0.510,-5.317,3.247,0,0,0,0,0.0,0.0,0.0,0.0,0.000,0
2,cylinder_stiff,83,62.128,-1.896,-5.155,40.748,7.781,5.116,17.427,-1.352,-0.485,-14.489,6.272,-9.991,-8.698,-10.530,1.445,-28.645,-5.018,-9.041,-12.869,0,0,0,0,0.0,0.0,0.0,0.0,0.000,0
2,cylinder_stiff,109,63.360,6.336,1.313,25.896,-5.351,-2.332,9.843,-10.760,4.807,-14.489,2.548,7.061,-10.594,-0.338,6.933,-23.905,-0.510,1.543,-6.549,0,0,0,0,0.0,0.0,0.0,0.0,0.000,0
2,cylinder_stiff,134,64.592,0.456,-4.763,27.792,-2.411,3.744,16.795,-3.508,3.239,-11.013,-4.312,6.081,-12.174,7.306,1.053,-20.113,-1.098,-7.669,-10.973,0,0,0,0,0.0,0.0,0.0,0.0,0.000,0
2,cylinder_stiff,160,66.000,-2.484,-3.979,32.532,2.685,-2.920,17.743,-2.920,2.063,-14.805,-10.584,0.201,-15.650,3.190,-1.495,-18.533,-3.058,-10.609,-15.397,0,0,0,0,0.0,0.0,0.0,0.0,0.000,0
2,cylinder_stiff,186,67.496,-4.052,-1.823,18.312,-2.607,-2.136,13.951,-6.644,3.827,-5.009,0.588,-4.111,-14.386,3.778,-3.063,-13.793,-1.882,-6.689,-9.393,0,0,0,0,0.0,0.0,0.0,0.0,0.000,0
2,cylinder_stiff,212,68.904,2.612,-3.391,24.316,-3.587,-5.468,15.531,-1.352,5.787,-3.745,-0.196,2.161,1.730,-0.730,1.053,-36.861,-5.998,-2.965,-6.865,0,0,0,0,0.0,0.0,0.0,0.0,0.000,0
2,cylinder_stiff,238,70.400,-10.912,-6.527,49.596,-6.331,-6.252,19.639,-7.820,-5.581,-20.493,8.624,14.313,-20.074,-5.042,-0.123,-26.433,-7.762,-7.865,-2.441,0,0,0,0,0.0,0.0,0.0,0.0,0.000,0
2,cylinder_stiff,263,71.808,-16.204,-1.431,26.528,-2.019,-5.664,17.743,0.216,6.571,-11.013,1.176,-7.247,-6.802,-10.138,5.757,-28.961,2.626,-2.573,-8.761,0,0,0,0,0.0,0.0,0.0,0.0,0.000,0
2,cylinder_stiff,289,73.304,-4.640,-5.743,28.108,1.117,-8.996,18.691,0.804,1.867,-20.809,3.332,2.161,-17.230,-0.926,-3.455,-32.437,4.586,-11.393,1.351,0,0,0,0,0.0,0.0,0.0,0.0,0.000,0
2,cylinder_stiff,314,74.800,3.200,-7.311,19.260,3.469,-14.092,30.067,-2.920,5.787,-3.113,-1.176,-0.975,-21.654,0.642,-2.671,-28.961,0.274,-10.805,3.247,0,0,0,0,0.0,0.0,0.0,0.0,0.000,0
2,cylinder_stiff,340,76.296,5.552,0.137,29.688,-15.543,-9.780,18.691,-6.840,-1.857,-16.069,-5.096,-10.187,3.942,7.306,-1.495,-29.277,1.842,-15.509,-7.813,0,0,0,0,0.0,0.0,0.0,0.0,0.000,0
2,cylinder_stiff,366,77.880,-4.052,-2.803,28.108,-5.351,-4.488,11.739,-6.448,3.435,-11.645,2.940,-2.543,-5.538,1.622,-4.827,-12.529,-13.838,-15.117,-13.817,0,0,0,0,0.0,0.0,0.0,0.0,0.000,0
2,cylinder_stiff,392,79.376,2.416,-3.587,33.480,-4.959,-9.584,20.903,5.116,9.119,-16.385,3.528,-9.011,-2.378,4.366,-2.867,-3.997,2.038,-13.353,0.719,0,0,0,0,0.0,0.0,0.0,0.0,0.000,0
2,cylinder_stiff,417,80.872,-0.916,-2.411,26.528,-4.763,-16.444,23.431,-1.156,-2.641,-9.433,-2.744,0.201,-3.010,10.050,2.817,-23.273,-5.410,-13.745,-7.497,0,0,0,0,0.0,0.0,0.0,0.0,0.000,0
2,cylinder_stiff,442,82.368,-1.700,-4.567,36.640,-11.035,-17.228,24.695,0.608,10.099,-11.645,-5.488,-10.187,-4.590,-3.474,0.465,-25.485,5.174,-11.589,-8.445,0,0,0,0,0.0,0.0,0.0,0.0,0.000,0
2,cylinder_stiff,468,83.864,-0.916,-3.587,18.628,-4.763,-14.680,19.007,-8.408,3.827,-13.541,-7.252,1.181,-10.278,-6.806,-2.083,-12.845,-3.646,-10.609,2.931,0,0,0,0,0.0,0.0,0.0,0.0,0.000,0
2,cylinder_stiff,493,85.448,-14.832,-10.643,33.480,-8.095,-19.188,19.007,-5.272,5.591,-2.165,2.744,-13.911,-12.174,-6.022,-0.123,1.691,-0.902,-22.565,-6.549,0,0,0,0,0.0,0.0,0.0,0.0,0.000,0
2,cylinder_stiff,518,86.944,-8.364,-12.799,32.216,-0.059,-14.484,23.431,-7.232,9.707,-1.533,2.156,-1.759,-13.122,-1.906,-1.887,-6.525,-1.490,-18.449,-8.129,0,0,0,0,0.0,0.0,0.0,0.0,0.000,0
2,cylinder_stiff,545,88.440,-2.876,-0.255,42.012,-1.235,-10.760,30.383,-5.860,4.415,-0.585,-7.056,-9.011,-9.646,-6.218,-1.887,-8.105,-2.862,-18.841,10.515,0,0,0,0,0.0,0.0,0.0,0.0,0.000,0
2,cylinder_stiff,571,90.024,0.064,-0.059,50.544,-11.623,-23.696,35.439,1.196,5.003,-8.801,1.176,-9.207,-8.698,3.190,13.401,-7.473,-7.566,-25.505,15.887,0,0,0,0,0.0,0.0,0.0,0.0,0.000,0
2,cylinder_stiff,597,91.520,-4.640,-6.527,56.864,-9.075,-3.508,35.123,-4.880,5.787,-1.533,4.508,-10.187,-6.170,12.402,-4.043,-3.997,-4.430,-22.173,-5.917,0,0,0,0,0.0,0.0,0.0,0.0,0.000,0
2,cylinder_stiff,623,93.016,5.552,-5.547,59.076,-1.823,-10.564,41.127,-2.724,7.943,-7.221,-1.372,-4.895,-12.806,-6.806,-0.907,12.119,-6.978,-22.957,-1.809,0,0,0,0,0.0,0.0,0.0,0.0,0.000,0
2,cylinder_stiff,648,94.512,-1.700,-0.647,45.172,-9.467,-24.284,23.431,-9.584,12.647,-10.697,-2.156,-7.639,-1.746,4.758,5.365,3.903,0.862,-20.605,10.515,0,0,0,0,0.0,0.0,0.0,0.0,0.000,0
2,cylinder_stiff,673,96.008,4.376,-6.135,51.808,-9.075,-24.088,39.863,-2.136,6.963,0.995,-10.976,0.985,-9.014,0.250,7.326,9.275,4.194,-11.197,-1.177,0,0,0,0,0.0,0.0,0.0,0.0,0.000,0
2,cylinder_stiff,699,97.592,4.180,-3.391,50.228,-5.351,-15.268,41.759,-8.996,11.275,-11.961,-11.956,-3.719,0.782,1.034,7.326,2.955,4.782,-18.253,12.411,0,0,0,0,0.0,0.0,0.0,0.0,0.000,0
2,cylinder_stiff,724,99.088,-5.228,-1.431,55.916,-7.311,-27.224,36.071,-9.780,10.883,-10.065,-2.548,-12.735,-8.698,-4.846,5.757,8.327,-8.350,-14.333,16.835,0,0,0,0,0.0,0.0,0.0,0.0,0.000,0
2,cylinder_stiff,749,100.584,-7.384,1.117,52.756,-8.487,-17.620,20.271,-8.408,3.239,0.363,0.980,-6.071,-8.066,5.542,-6.395,11.487,3.410,-31.581,22.523,0,0,0,0,0.0,0.0,0.0,0.0,0.000,0
2,cylinder_stiff,775,101.992,5.748,2.685,61.604,-12.211,-18.600,35.755,-7.820,11.471,-5.325,-6.664,-9.599,-13.438,-2.494,7.717,6.115,4.586,-15.509,0.403,0,0,0,0,0.0,0.0,0.0,0.0,0.000,0
2,cylinder_stiff,800,103.488,5.944,7.193,49.280,3.665,-19.972,43.971,-4.096,11.079,6.367,-0.980,-12.147,-8.382,0.054,11.637,23.495,-5.018,-23.937,13.359,0,0,0,0,0.0,0.0,0.0,0.0,0.000,0
2,cylinder_stiff,825,104.984,-6.992,1.313,70.452,-6.919,-12.328,49.975,-12.328,11.863,-1.217,-9.212,-0.975,-6.486,-2.690,1.249,16.227,-5.214,-26.093,28.211,0,0,0,0,0.0,0.0,0.0,0.0,0.000,0
2,cylinder_stiff,850,106.480,4.768,2.881,58.444,-6.527,-20.952,36.071,-8.800,5.983,8.579,-1.372,-7.639,-3.010,-8.766,15.165,-2.101,1.646,-24.721,18.731,0,0,0,0,0.0,0.0,0.0,0.0,0.000,0
2,cylinder_stiff,875,107.976,-4.248,5.233,66.344,-12.799,-14.288,47.763,-7.624,16.567,9.843,-7.840,-7.247,1.414,-19.938,5.953,16.543,5.370,-21.781,7.039,0,0,0,0,0.0,0.0,0.0,0.0,0.000,0
2,cylinder_stiff,900,109.472,10.060,6.605,62.236,-8.291,-24.284,53.767,-15.464,17.547,11.739,-20.384,-4.503,-1.114,-11.118,10.657,23.495,2.626,-16.097,22.523,0,0,0,0,0.0,0.0,0.0,0.0,0.000,0
2,cylinder_stiff,926,110.880,7.316,1.509,69.820,-5.351,-16.836,45.551,-25.460,12.255,3.207,-22.148,-3.131,16.266,-10.922,20.065,16.543,-1.882,-18.645,28.211,0,0,0,0,0.0,0.0,0.0,0.0,0.000,0
2,cylinder_stiff,951,112.288,-14.244,6.997,72.348,-14.171,-7.428,43.023,-15.268,20.291,7.947,-13.524,-12.539,6.154,-6.414,13.205,33.291,2.626,-17.665,23.471,0,0,0,0,0.0,0.0,0.0,0.0,0.000,0
2,cylinder_stiff,976,113.432,10.060,7.977,69.820,-5.351,-10.172,45.551,-16.444,10.687,-1.533,-22.540,-6.855,6.154,-10.922,22.613,25.391,-10.506,-21.389,26.631,0,0,0,0,0.0,0.0,0.0,0.0,0.000,0
2,cylinder_stiff,1001,114.136,10.452,8.957,71.716,0.333,-15.856,43.655,-29.772,14.607,25.327,-26.264,-15.675,14.370,-15.430,19.477,32.343,-10.310,-15.901,26.947,0,0,0,0,0.0,0.0,0.0,0.0,0.000,0
2,cylinder_stiff,1026,114.400,5.944,20.129,82.460,-8.879,-14.680,45.867,-24.088,13.431,11.107,-10.780,-1.759,-4.906,-7.394,16.733,30.131,-1.686,-15.509,18.099,0,0,0,0,0.0,0.0,0.0,0.0,0.000,0
2,cylinder_stiff,1051,114.576,10.452,8.565,85.304,0.529,-19.776,42.075,-15.464,24.015,12.371,-25.676,-8.031,2.994,-11.314,27.709,15.911,-5.606,-22.761,37.375,0,0,0,0,0.0,0.0,0.0,0.0,0.000,0
2,cylinder_stiff,1077,114.664,3.004,9.545,82.776,-5.547,-18.796,38.915,-14.092,13.627,16.163,-27.832,-8.031,9.946,-9.158,16.145,32.975,-2.862,-16.097,6.407,0,0,0,0,0.0,0.0,0.0,0.0,0.000,0
2,cylinder_stiff,1102,114.752,6.140,13.857,88.148,-2.215,-15.856,40.179,-20.560,5.003,20.271,-32.536,-14.107,-3.010,-10.922,10.657,41.191,2.038,-16.097,29.159,0,0,0,0,0.0,0.0,0.0,0.0,0.000,0
2,cylinder_stiff,1127,114.752,26.132,8.761,81.512,-10.251,-7.624,52.187,-16.444,20.487,-7.221,-22.344,-2.739,2.678,-16.018,12.225,30.763,1.254,-21.193,19.679,0,0,0,0,0.0,0.0,0.0,0.0,0.000,0
2,cylinder_stiff,1153,114.664,16.724,21.697,74.876,-1.235,-14.288,54.083,-24.284,11.471,7.315,-23.912,-4.111,5.522,-16.802,19.281,26.655,-2.274,-20.213,37.375,0,0,0,0,0.0,0.0,0.0,0.0,0.000,0
2,cylinder_stiff,1179,114.664,15.744,10.329,78.984,3.469,-9.584,45.551,-11.936,13.431,9.843,-24.304,-7.835,13.422,-12.686,13.597,19.071,2.038,-22.565,26.315,0,0,0,0,0.0,0.0,0.0,0.0,0.000,0
2,cylinder_stiff,1204,114.752,11.824,11.897,74.876,-8.683,-8.408,56.611,-17.620,11.275,12.371,-25.872,-4.503,3.942,-5.826,14.185,35.819,2.234,-30.013,29.791,0,0,0,0,0.0,0.0,0.0,0.0,0.000,0
2,cylinder_stiff,1229,114.664,10.256,-8.879,77.404,-12.211,-13.504,55.347,-18.012,17.155,9.843,-16.856,-2.935,-3.010,-15.430,19.281,28.235,-0.510,-17.273,17.467,0,0,0,0,0.0,0.0,0.0,0.0,0.000,0
2,cylinder_stiff,1255,114.752,21.232,10.917,71.716,-7.115,-14.876,52.819,-16.444,12.059,16.479,-22.932,-11.363,9.314,-17.978,23.005,25.391,-0.314,-20.213,30.423,0,0,0,0,0.0,0.0,0.0,0.0,0.000,0
2,cylinder_stiff,1280,114.664,5.748,8.565,77.720,-7.115,-13.700,48.711,-23.108,10.491,6.367,-16.268,-13.323,9.946,-9.942,17.125,25.391,0.666,-10.609,15.255,0,0,0,0,0.0,0.0,0.0,0.0,0.000,0
2,cylinder_stiff,1306,114.752,11.824,0.725,79.616,-11.427,-10.760,51.871,-29.968,10.491,13.319,-26.852,-0.779,4.574,-18.566,24.965,26.655,-0.902,-13.941,23.155,0,0,0,0,0.0,0.0,0.0,0.0,0.000,0
2,cylinder_stiff,1331,114.752,16.136,16.013,81.828,-0.843,-19.580,53.135,-20.364,19.115,6.999,-32.732,-4.503,-0.166,-7.394,15.753,11.487,-9.722,-17.077,35.479,0,0,0,0,0.0,0.0,0.0,0.0,0.000,0
2,cylinder_stiff,1356,114.752,12.804,12.877,77.404,-10.643,-10.368,50.607,-19.188,10.883,10.159,-21.168,-4.895,-4.274,-20.134,14.969,29.499,-0.118,-11.393,33.899,0,0,0,0,0.0,0.0,0.0,0.0,0.000,0
2,cylinder_stiff,1382,114.752,6.924,14.445,79.932,-4.959,-1.352,43.971,-20.560,15.195,8.895,-17.836,-9.599,8.998,-18.174,17.321,43.403,-0.510,-23.545,31.687,0,0,0,0,0.0,0.0,0.0,0.0,0.000,0
2,cylinder_stiff,1407,114.752,13.000,1.901,76.456,-5.155,-18.208,53.135,-16.640,15.391,3.207,-30.968,-6.659,1.098,-17.782,20.065,30.447,-1.490,-19.233,28.843,0,0,0,0,0.0,0.0,0.0,0.0,0.000,0
2,cylinder_stiff,1432,114.664,11.236,7.585,81.196,-12.407,-12.720,55.031,-16.836,16.763,3.839,-27.440,-1.367,-0.798,-6.806,23.397,37.083,2.234,-10.805,22.523,0,0,0,0,0.0,0.0,0.0,0.0,0.000,0
2,cylinder_stiff,1457,114.752,8.296,1.313,64.764,-7.507,-11.544,59.771,-14.484,22.251,7.631,-22.344,3.337,1.098,-13.666,23.397,33.607,-3.254,-20.213,18.099,0,0,0,0,0.0,0.0,0.0,0.0,0.000,0
2,cylinder_stiff,1482,114.752,11.628,6.409,86.568,-0.647,-5.860,48.711,-13.308,16.567,13.951,-17.640,-2.935,6.470,-16.606,23.593,31.395,-2.666,-7.473,24.419,0,0,0,0,0.0,0.0,0.0,0.0,0.000,0
2,cylinder_stiff,1507,114.664,18.096,4.253,77.088,-6.135,-23.892,47.763,-11.740,11.667,25.643,-21.364,0.397,0.466,-14.058,21.045,39.927,1.254,-17.665,30.107,0,0,0,0,0.0,0.0,0.0,0.0,0.000,0
2,cylinder_stiff,1533,114.752,13.392,8.369,78.984,-6.919,-12.328,43.339,-10.564,13.431,7.947,-38.612,-6.071,10.578,-20.330,18.105,26.023,-1.294,-20.997,34.531,0,0,0,0,0.0,0.0,0.0,0.0,0.000,0
2,cylinder_stiff,1558,114.752,9.668,4.057,72.348,-4.371,-5.272,47.763,-18.208,12.255,6.683,-23.716,-22.927,-3.642,-20.722,10.265,20.019,-1.490,-14.921,33.899,0,0,0,0,0.0,0.0,0.0,0.0,0.000,0
2,cylinder_stiff,1583,114.752,14.764,5.037,68.556,-5.547,-9.584,48.711,-28.792,10.099,10.475,-22.344,-1.171,-8.698,-11.706,20.653,36.135,0.666,-15.313,30.739,0,0,0,0,0.0,0.0,0.0,0.0,0.000,0
2,cylinder_stiff,1608,114.664,11.628,15.621,83.092,-6.723,-7.428,44.919,-22.324,7.355,4.471,-24.108,-12.343,26.378,-18.762,20.653,28.867,-3.842,-18.645,25.367,0,0,0,0,0.0,0.0,0.0,0.0,0.000,0
2,cylinder_stiff,1633,114.752,16.528,3.665,64.448,-9.859,-16.444,50.291,-18.012,13.627,9.211,-30.184,-9.207,-2.062,-10.334,20.065,18.123,-9.526,-20.213,21.891,0,0,0,0,0.0,0.0,0.0,0.0,0.000,0
2,cylinder_stiff,1659,114.752,14.176,8.761,86.252,6.801,-13.896,61.035,-21.736,18.723,15.531,-21.756,-5.875,4.258,-11.314,16.341,28.235,-2.470,-13.549,27.263,0,0,0,0,0.0,0.0,0.0,0.0,0.000,0
2,cylinder_stiff,1684,114.752,9.864,16.601,71.084,-1.235,-21.736,50.607,-16.836,24.995,0.679,-18.424,-1.563,-12.806,-11.118,20.457,31.395,1.058,-10.413,32.635,0,0,0,0,0.0,0.0,0.0,0.0,0.000,0
2,cylinder_stiff,1709,114.752,12.216,10.721,72.980,-0.843,-9.388,56.295,-27.616,12.255,20.587,-20.972,0.985,2.362,-15.626,12.813,25.075,2.038,-20.409,24.419,0,0,0,0,0.0,0.0,0.0,0.0,0.000,0
2,cylinder_stiff,1734,114.752,13.980,3.861,84.672,2.097,-5.468,51.239,-17.032,16.175,7.631,-25.872,-1.171,-3.958,-11.902,23.593,25.391,5.370,-24.917,24.103,0,0,0,0,0.0,0.0,0.0,0.0,0.000,0
2,cylinder_stiff,1759,114.664,14.372,7.977,77.720,-12.015,-4.488,41.127,-14.680,26.171,20.903,-18.032,-7.639,4.574,-15.038,20.849,25.391,-2.862,-14.529,19.363,0,0,0,0,0.0,0.0,0.0,0.0,0.000,0
2,cylinder_stiff,1784,114.752,7.708,14.641,74.244,-1.039,-9.976,49.659,-18.600,12.059,24.063,-25.284,-17.047,0.782,-13.274,18.497,42.771,-3.842,-25.701,31.371,0,0,0,0,0.0,0.0,0.0,0.0,0.000,0
2,cylinder_stiff,1809,114.752,9.864,3.077,79.300,-6.331,-13.308,44.287,-12.916,12.059,8.579,-21.952,-12.735,9.630,-8.178,13.401,38.979,7.722,-21.193,37.375,0,0,0,0,0.0,0.0,0.0,0.0,0.000,0
2,cylinder_stiff,1834,114.752,7.512,7.781,73.928,-4.763,-7.232,50.923,-23.500,11.667,5.419,-24.304,-4.307,0.782,-12.098,14.577,40.243,-3.058,-12.765,27.579,0,0,0,0,0.0,0.0,0.0,0.0,0.000,0
2,cylinder_stiff,1859,114.664,3.200,5.821,73.928,-9.663,-23.892,51.871,-25.852,16.567,15.531,-27.048,-16.263,-3.326,-21.898,13.989,34.871,2.038,-23.937,25.051,0,0,0,0,0.0,0.0,0.0,0.0,0.000,0
2,cylinder_stiff,1884,114.752,12.804,11.897,87.832,-3.979,-6.644,48.711,-15.856,19.115,7.947,-31.164,-7.639,3.310,-15.626,17.910,40.243,-0.118,-20.017,19.363,0,0,0,0,0.0,0.0,0.0,0.0,0.000,0
2,cylinder_stiff,1909,114.664,9.080,2.685,71.716,-12.407,-16.052,51.871,-25.656,18.723,16.479,-22.540,-8.815,6.786,-14.254,15.949,29.183,-2.862,-13.941,35.795,0,0,0,0,0.0,0.0,0.0,0.0,0.000,0
2,cylinder_stiff,1934,114.752,13.588,3.273,82.460,-1.235,-12.916,45.551,-28.400,17.547,2.891,-24.304,-12.931,2.362,-12.882,11.637,34.239,-9.330,-21.585,31.687,0,0,0,0,0.0,0.0,0.0,0.0,0.000,0
2,cylinder_stiff,1959,114.752,8.688,15.425,76.772,-11.035,-8.016,50.607,-17.228,18.723,3.207,-18.032,-9.207,15.634,-16.410,15.165,23.495,4.978,-22.173,29.159,0,0,0,0,0.0,0.0,0.0,0.0,0.000,0
2,cylinder_stiff,1984,114.664,10.256,14.445,76.772,-2.803,-15.072,51.555,-14.484,6.375,18.691,-26.656,1.769,0.150,-7.002,3.013,30.763,-9.918,-11.589,22.839,0,0,0,0,0.0,0.0,0.0,0.0,0.000,0
2,cylinder_stiff,2010,114.664,2.612,5.037,71.400,-4.371,-13.308,38.915,-18.992,18.527,9.527,-23.128,-5.679,-6.170,-15.234,17.321,30.447,-6.978,-21.389,29.475,0,0,0,0,0.0,0.0,0.0,0.0,0.000,0
2,cylinder_stiff,2035,114.664,17.508,7.193,77.088,-9.467,-2.528,52.819,-27.812,10.295,6.999,-23.128,-12.343,9.314,-7.786,24.181,33.923,-4.430,-18.841,32.951,0,0,0,0,0.0,0.0,0.0,0.0,0.000,0
2,cylinder_stiff,2060,114.752,3.592,12.093,81.828,-7.115,-19.188,57.559,-21.344,11.079,8.895,-24.892,-7.051,3.626,-11.902,12.029,35.503,1.646,-15.705,25.999,0,0,0,0,0.0,0.0,0.0,0.0,0.000,0
2,cylinder_stiff,2086,114.752,26.132,16.797,75.824,-7.507,-11.936,48.079,-21.932,16.959,16.163,-18.620,-2.543,11.210,-12.490,16.537,33.291,-1.686,-21.977,24.735,0,0,0,0,0.0,0.0,0.0,0.0,0.000,0
2,cylinder_stiff,2111,114.752,17.508,15.621,86.884,-7.311,-7.428,59.771,-23.108,12.843,7.631,-26.264,-5.483,-0.798,-13.862,17.517,24.127,2.626,-9.041,32.319,0,0,0,0,0.0,0.0,0.0,0.0,0.000,0
2,cylinder_stiff,2137,114.752,4.180,10.525,84.988,4.253,-16.248,43.023,-6.448,13.823,6.999,-22.736,-5.287,5.522,-8.374,3.993,22.547,2.822,-10.609,33.899,0,0,0,0,0.0,0.0,0.0,0.0,0.000,0
2,cylinder_stiff,2163,114.752,4.768,17.189,80.880,-5.155,-11.348,45.551,-18.796,13.431,10.791,-25.480,-7.247,24.482,-15.234,23.789,26.655,6.154,-17.273,29.791,0,0,0,0,0.0,0.0,0.0,0.0,0.000,0
2,cylinder_stiff,2189,114.752,22.800,16.601,73.296,-2.803,-11.740,47.131,-17.228,13.431,5.735,-26.460,-5.875,8.050,-12.098,17.321,34.555,-5.410,-17.861,24.419,0,0,0,0,0.0,0.0,0.0,0.0,0.000,0
2,cylinder_stiff,2214,114.752,9.472,14.837,64.764,-12.995,-9.780,48.079,-23.108,20.487,7.947,-19.208,-3.523,2.362,-23.858,13.793,30.763,-6.782,-9.237,27.263,0,0,0,0,0.0,0.0,0.0,0.0,0.000,0
2,cylinder_stiff,2239,114.752,4.180,1.117,64.764,-2.607,-9.388,54.083,-18.208,16.371,11.107,-25.480,-7.051,6.786,-21.702,19.281,32.975,-1.490,-22.565,21.575,0,0,0,0,0.0,0.0,0.0,0.0,0.000,0
2,cylinder_stiff,2264,114.752,10.844,5.625,66.028,-5.351,-6.056,47.763,-13.308,18.527,22.799,-28.224,-8.423,-10.910,-13.274,8.109,32.343,2.038,-30.013,26.947,0,0,0,0,0.0,0.0,0.0,0.0,0.000,0
2,cylinder_stiff,2290,114.752,1.436,8.369,72.348,-4.371,-12.720,46.499,-21.932,17.155,-1.217,-24.696,-7.835,13.106,-8.178,18.497,38.979,5.958,-21.977,26.631,0,0,0,0,0.0,0.0,0.0,0.0,0.000,0
2,cylinder_stiff,2316,114.752,12.608,15.229,71.716,-7.311,-3.704,50.291,-21.540,11.471,14.267,-23.716,-5.287,-0.482,-15.430,15.165,32.343,-3.058,-22.369,29.791,0,0,0,0,0.0,0.0,0.0,0.0,0.000,0
2,cylinder_stiff,2342,114.664,7.512,8.761,77.088,-8.683,-12.916,58.191,-18.992,7.943,14.267,-23.128,-5.091,5.522,-8.178,18.497,39.295,12.818,-22.369,26.947,0,0,0,0,0.0,0.0,0.0,0.0,0.000,0
2,cylinder_stiff,2367,114.752,7.708,4.057,83.724,-7.115,-15.464,58.191,-18.992,16.371,19.955,-26.068,-5.483,0.150,-12.686,11.049,44.667,-2.274,-15.901,36.427,0,0,0,0,0.0,0.0,0.0,0.0,0.000,0
2,cylinder_stiff,2393,114.752,8.296,7.193,78.984,-2.999,-9.192,53.135,-15.464,13.039,16.479,-26.460,-2.347,8.366,-8.962,18.497,22.863,-1.490,-24.721,22.839,0,0,0,0,0.0,0.0,0.0,0.0,0.000,0
2,cylinder_stiff,2419,114.752,11.824,15.425,70.768,-2.607,-13.896,48.395,-28.204,14.215,15.531,-17.248,-15.479,6.470,-18.958,13.205,45.299,0.666,-14.137,26.631,0,0,0,0,0.0,0.0,0.0,0.0,0.000,0
2,cylinder_stiff,2445,114.664,20.644,9.349,66.976,-2.215,-8.016,50.923,-21.344,9.511,3.207,-18.620,-10.187,17.530,-8.962,15.165,31.395,-10.898,-20.801,29.791,0,0,0,0,0.0,0.0,0.0,0.0,0.000,0
2,cylinder_stiff,2470,114.664,13.980,18.365,80.880,-5.743,-12.328,45.551,-28.596,14.215,16.479,-26.852,-11.559,5.206,-22.878,24.965,33.607,1.058,-21.977,6.407,0,0,0,0,0.0,0.0,0.0,0.0,0.000,0
2,cylinder_stiff,2497,114.752,12.216,14.641,80.248,-0.843,-15.464,47.763,-19.580,18.135,4.155,-31.164,-17.047,7.734,-8.962,16.929,31.395,-1.686,-18.449,25.999,0,0,0,0,0.0,0.0,0.0,0.0,0.000,0
2,cylinder_stiff,2522,114.752,8.688,10.917,85.936,-3.979,-8.800,51.871,-13.112,21.271,1.627,-32.732,-4.895,3.942,-23.074,17.713,24.443,-6.390,-11.589,26.947,0,0,0,0,0.0,0.0,0.0,0.0,0.000,0
2,cylinder_stiff,2547,114.752,7.904,16.013,69.820,-4.567,-15.856,47.447,-21.540,17.351,12.687,-26.656,-7.639,12.158,-13.078,12.029,28.235,-1.882,-14.137,31.687,0,0,0,0,0.0,0.0,0.0,0.0,0.000,0
2,cylinder_stiff,2572,114.664,10.844,14.445,71.400,3.273,-10.956,45.551,-13.896,6.179,9.211,-26.264,-14.499,-5.854,-18.958,20.653,47.195,-2.078,-10.217,20.943,0,0,0,0,0.0,0.0,0.0,0.0,0.000,0
2,cylinder_stiff,2598,114.752,14.176,9.153,84.988,7.585,-14.092,50.923,-18.600,15.783,11.423,-30.576,-10.579,7.734,-15.234,21.437,35.819,3.214,-15.117,33.267,0,0,0,0,0.0,0.0,0.0,0.0,0.000,0
2,cylinder_stiff,2624,114.752,9.276,7.585,74.244,-8.683,-17.424,39.547,-22.912,14.411,12.055,-18.228,-12.343,-2.694,-22.094,13.205,37.715,-0.902,-20.801,29.159,0,0,0,0,0.0,0.0,0.0,0.0,0.000,0
2,cylinder_stiff,2650,114.752,4.376,12.485,82.460,-4.959,-9.388,48.079,-17.620,17.155,24.063,-27.832,-14.107,9.630,-12.098,15.361,41.191,-0.510,-19.821,25.683,0,0,0,0,0.0,0.0,0.0,0.0,0.000,0
2,cylinder_stiff,2675,114.752,7.904,9.937,102.368,-9.075,-13.504,61.351,-12.916,12.255,6.999,-18.424,-14.303,1.730,-5.630,33.393,29.499,-3.450,-25.505,38.323,0,0,0,0,0.0,0.0,0.0,0.0,0.000,0
2,cylinder_stiff,2700,114.752,7.316,6.801,77.404,-2.607,-20.168,58.507,-17.816,13.627,16.479,-20.580,-2.543,12.474,-11.314,22.417,23.495,1.842,-24.917,11.779,0,0,0,0,0.0,0.0,0.0,0.0,0.000,0
2,cylinder_stiff,2725,114.752,5.356,10.525,78.036,2.293,-4.880,49.659,-19.776,13.235,15.531,-25.872,-14.891,-8.382,-15.234,18.889,25.391,0.666,-11.981,22.839,0,0,0,0,0.0,0.0,0.0,0.0,0.000,0
2,cylinder_stiff,2750,114.752,13.000,11.505,75.192,-6.919,-11.544,52.187,-19.188,12.059,18.691,-33.712,-3.523,1.414,-17.782,13.597,38.347,-0.118,-9.237,14.307,0,0,0,0,0.0,0.0,0.0,0.0,0.000,0
2,cylinder_stiff,2776,114.752,22.604,15.033,88.464,-6.723,-15.268,43.655,-17.620,2.063,13.635,-31.948,-9.207,-2.694,-14.254,7.913,45.615,0.862,-22.761,22.839,0,0,0,0,0.0,0.0,0.0,0.0,0.000,0
2,cylinder_stiff,2801,114.752,20.252,8.565,67.292,-11.231,-6.644,60.719,-12.328,17.351,3.523,-32.732,-8.815,6.786,-10.334,12.029,37.399,4.978,-12.373,30.423,0,0,0,0,0.0,0.0,0.0,0.0,0.000,0
2,cylinder_stiff,2826,114.752,6.336,5.821,77.404,-12.407,-7.820,46.183,-21.540,10.883,28.171,-27.048,0.985,4.258,-16.606,16.733,30.447,0.078,-20.605,30.423,0,0,0,0,0.0,0.0,0.0,0.0,0.000,0
2,cylinder_stiff,2851,114.752,6.924,6.605,83.092,0.529,-12.132,59.139,-17.620,16.175,11.423,-13.916,-7.051,3.942,-18.958,19.085,32.027,1.450,-32.169,31.687,0,0,0,0,0.0,0.0,0.0,0.0,0.000,0
2,cylinder_stiff,2876,114.752,7.904,16.601,90.044,2.881,-11.936,56.611,-24.480,12.059,9.843,-20.776,-13.519,14.370,-14.842,16.733,26.971,-3.450,-8.453,31.055,0,0,0,0,0.0,0.0,0.0,0.0,0.000,0
2,cylinder_stiff,2901,114.752,7.120,11.701,88.148,-10.643,-15.856,53.135,-14.288,8.727,-3.745,-25.480,-6.855,0.150,-12.686,19.281,24.759,-5.606,-17.665,13.991,0,0,0,0,0.0,0.0,0.0,0.0,0.000,0
2,cylinder_stiff,2926,114.752,8.688,16.797,79.616,-3.783,-19.384,44.919,-26.636,11.079,11.423,-17.444,-3.523,3.310,-20.918,24.377,23.811,-2.078,-20.017,14.307,0,0,0,0,0.0,0.0,0.0,0.0,0.000,0
2,cylinder_stiff,2952,114.752,13.392,11.113,69.820,-10.251,-3.900,49.343,-19.384,10.295,11.739,-28.028,2.553,-1.430,-14.646,28.101,48.775,-0.902,-16.881,38.323,0,0,0,0,0.0,0.0,0.0,0.0,0.000,0
2,cylinder_stiff,2977,114.752,10.648,11.113,78.036,-12.407,-5.272,46.499,-26.832,8.139,27.855,-21.560,-6.463,15.318,-8.178,23.397,30.447,-7.174,-19.037,32.635,0,0,0,0,0.0,0.0,0.0,0.0,0.000,0
2,cylinder_stiff,3003,114.752,14.764,3.861,72.032,-5.547,-20.168,46.815,-24.088,11.863,7.315,-25.480,-10.383,10.578,-5.238,16.537,42.139,-2.666,-26.877,18.731,0,0,0,0,0.0,0.0,0.0,0.0,0.000,0
2,cylinder_stiff,3028,114.752,14.372,10.525,78.036,-1.235,-17.620,46.499,-7.428,14.999,14.583,-15.484,-14.303,4.258,-18.566,16.929,38.663,1.450,-25.309,25.999,0,0,0,0,0.0,0.0,0.0,0.0,0.000,0
2,cylinder_stiff,3053,114.752,11.432,8.173,80.564,0.333,-11.936,47.763,-22.716,20.291,17.743,-21.560,-0.583,14.054,-14.842,20.457,28.867,-5.606,-10.413,36.743,0,0,0,0,0.0,0.0,0.0,0.0,0.000,0
2,cylinder_stiff,3079,114.752,3.984,6.997,71.084,-6.723,-10.956,48.711,-20.560,17.547,12.687,-20.580,-22.339,-4.906,-14.058,16.733,35.819,1.450,-18.841,30.107,0,0,0,0,0.0,0.0,0.0,0.0,0.000,0
2,cylinder_stiff,3104,114.664,14.960,10.917,87.200,-4.175,-15.072,46.183,-15.660,17.155,13.635,-17.836,-4.895,8.682,-24.250,13.205,20.019,-1.882,-16.881,17.151,0,0,0,0,0.0,0.0,0.0,0.0,0.000,0
2,cylinder_stiff,3130,114.752,12.608,6.213,83.724,-7.115,-9.192,58.191,-17.816,10.491,16.163,-25.088,-12.735,10.262,-12.686,21.241,33.923,-3.450,-17.665,27.263,0,0,0,0,0.0,0.0,0.0,0.0,0.000,0
2,cylinder_stiff,3155,114.752,13.196,11.113,77.088,-1.823,-15.660,49.975,-24.088,14.607,14.583,-22.932,-8.423,7.102,-4.062,15.949,32.975,-1.490,-14.333,33.267,0,0,0,0,0.0,0.0,0.0,0.0,0.000,0
2,cylinder_stiff,3181,114.752,12.216,5.821,71.716,-4.959,-15.856,56.927,-19.188,22.251,21.851,-30.184,-10.579,6.154,-13.470,20.457,38.031,-2.078,-17.469,22.207,0,0,0,0,0.0,0.0,0.0,0.0,0.000,0
2,cylinder_stiff,3206,114.752,14.568,5.429,76.140,-3.979,-17.424,44.919,-18.796,24.799,15.215,-23.128,-7.247,15.634,-16.214,14.382,27.603,-10.310,-9.825,21.575,0,0,0,0,0.0,0.0,0.0,0.0,0.000,0
2,cylinder_stiff,3231,114.752,9.276,7.781,71.716,1.705,-15.464,47.131,-20.952,10.295,9.843,-27.440,-3.523,0.150,-14.254,12.225,40.559,-3.058,-21.781,27.895,0,0,0,0,0.0,0.0,0.0,0.0,0.000,0
2,cylinder_stiff,3258,114.752,15.940,10.721,89.096,2.685,-1.940,62.615,-15.660,2.063,20.587,-21.756,-13.715,3.942,-17.194,21.829,25.707,-2.862,-23.349,33.267,0,0,0,0,0.0,0.0,0.0,0.0,0.000,0
2,cylinder_stiff,3283,114.752,12.412,2.293,61.604,0.137,-10.760,49.343,-17.620,13.235,4.471,-27.636,-6.855,12.158,-12.294,7.129,36.451,-2.666,-15.705,22.839,0,0,0,0,0.0,0.0,0.0,0.0,0.000,0
2,cylinder_stiff,3308,114.752,11.432,9.545,80.564,-11.819,-19.188,49.975,-21.736,14.607,13.319,-24.696,-4.503,4.890,-15.626,20.653,32.343,4.194,-20.409,20.943,0,0,0,0,0.0,0.0,0.0,0.0,0.000,0
2,cylinder_stiff,3334,114.752,13.980,-0.843,72.032,-7.115,-11.936,57.875,-11.936,5.003,10.159,-27.440,-13.519,3.942,-11.118,16.733,40.559,1.058,-19.625,25.367,0,0,0,0,0.0,0.0,0.0,0.0,0.000,0
2,cylinder_stiff,3359,114.752,9.472,7.585,76.456,-10.643,-19.188,54.715,-8.996,10.491,6.051,-16.660,-12.735,13.106,-14.450,21.829,37.715,-1.490,-14.529,31.371,0,0,0,0,0.0,0.0,0.0,0.0,0.000,0
2,cylinder_stiff,3384,114.752,10.452,16.209,87.200,-7.703,-14.680,55.031,-21.344,9.707,14.899,-25.676,-15.871,5.522,-18.762,9.677,42.139,-3.646,-24.329,21.891,0,0,0,0,0.0,0.0,0.0,0.0,0.000,0
2,cylinder_stiff,3409,114.752,6.532,5.625,69.820,-3.783,-13.700,53.135,-21.932,13.431,13.319,-24.108,-13.519,10.262,-12.098,16.341,31.711,-5.410,-9.825,20.311,0,0,0,0,0.0,0.0,0.0,0.0,0.000,0
2,cylinder_stiff,3434,114.752,12.608,12.681,78.036,-3.195,-22.128,37.967,-22.716,17.547,6.367,-27.440,-7.639,4.574,-11.706,15.361,30.131,-4.038,-22.173,29.159,0,0,0,0,0.0,0.0,0.0,0.0,0.000,0
2,cylinder_stiff,3459,114.664,11.432,3.273,81.828,-7.311,-19.384,43.655,-14.288,15.979,18.375,-17.052,-7.051,-2.378,-14.058,19.869,26.655,-3.646,-28.445,34.847,0,0,0,0,0.0,0.0,0.0,0.0,0.000,0
2,cylinder_stiff,3484,114.752,15.940,7.781,78.984,-3.195,-4.292,55.663,-19.188,18.527,17.111,-22.736,-9.599,10.262,-18.958,20.261,29.815,-1.686,-22.565,25.367,0,0,0,0,0.0,0.0,0.0,0.0,0.000,0
2,cylinder_stiff,3509,114.752,10.256,13.465,78.984,-4.175,-21.148,48.079,-15.660,15.979,17.743,-24.500,-11.167,10.578,-7.002,16.929,28.867,-4.038,-12.765,26.315,0,0,0,0,0.0,0.0,0.0,0.0,0.000,0
2,cylinder_stiff,3534,114.752,18.684,8.957,71.716,-11.819,-9.388,59.139,-9.388,10.687,9.211,-26.656,-15.871,3.942,-21.898,26.533,28.551,-4.822,-13.549,18.415,0,0,0,0,0.0,0.0,0.0,0.0,0.000,0
2,cylinder_stiff,3559,114.752,10.844,2.881,71.716,-2.411,-3.508,59.455,-20.168,18.135,10.791,-21.168,-10.187,6.786,-16.214,15.557,28.867,-0.902,-17.861,26.947,0,0,0,0,0.0,0.0,0.0,0.0,0.000,0
2,cylinder_stiff,3584,114.752,6.532,10.721,81.196,-7.899,-18.600,52.187,-28.204,15.783,13.003,-17.836,-23.907,13.422,-16.410,20.849,33.923,-0.118,-28.837,28.527,0,0,0,0,0.0,0.0,0.0,0.0,0.000,0
2,cylinder_stiff,3609,114.664,16.136,14.837,78.984,-5.743,-13.896,59.771,-19.188,5.787,15.531,-24.892,-11.559,3.626,-11.118,1.641,36.451,-5.606,-14.137,32.951,0,0,0,0,0.0,0.0,0.0,0.0,0.000,0
2,cylinder_stiff,3636,114.752,15.156,10.329,77.404,-7.115,-9.388,45.551,-23.500,16.567,12.371,-23.324,-6.071,16.266,-12.098,12.225,26.339,-3.254,-24.917,33.899,0,0,0,0,0.0,0.0,0.0,0.0,0.000,0
2,cylinder_stiff,3661,114.752,12.216,17.385,75.508,-10.839,-12.720,58.191,-16.248,19.899,9.527,-28.028,-0.779,-5.538,-9.942,11.049,34.871,2.038,-26.093,31.055,0,0,0,0,0.0,0.0,0.0,0.0,0.000,0
2,cylinder_stiff,3686,114.664,8.492,17.189,88.464,-3.587,-9.584,43.971,-18.012,13.039,24.379,-19.600,-9.599,-2.062,-14.254,23.397,50.671,-2.862,-22.369,27.579,0,0,0,0,0.0,0.0,0.0,0.0,0.000,0
2,cylinder_stiff,3711,114.664,7.120,12.485,75.192,-5.939,-15.464,46.815,-14.092,16.763,8.895,-24.108,-17.439,0.466,-16.998,17.321,16.859,-6.194,-15.313,30.107,0,0,0,0,0.0,0.0,0.0,0.0,0.000,0
2,cylinder_stiff,3736,114.752,7.904,15.229,66.976,1.313,-9.780,44.919,-16.444,11.275,15.215,-7.840,-8.227,-3.326,-12.686,16.145,14.647,2.626,-20.997,17.467,0,0,0,0,0.0,0.0,0.0,0.0,0.000,0
2,cylinder_stiff,3762,114.752,4.768,-0.451,84.988,3.273,-13.504,48.711,-22.912,8.727,17.743,-27.440,-3.523,-6.802,-14.450,15.949,25.391,-3.058,-13.941,18.415,0,0,0,0,0.0,0.0,0.0,0.0,0.000,0
2,cylinder_stiff,3787,114.752,7.120,6.017,65.396,-3.783,-8.212,43.971,-22.324,5.983,5.419,-30.184,-10.971,7.734,-16.410,23.593,28.551,-10.506,-18.057,29.159,0,0,0,0,0.0,0.0,0.0,0.0,0.000,0
2,cylinder_stiff,3812,114.752,15.548,11.113,82.460,2.881,-8.016,58.191,-15.072,10.883,16.795,-26.852,-14.891,12.790,-22.290,20.065,33.607,-4.234,-12.765,41.167,0,0,0,0,0.0,0.0,0.0,0.0,0.000,0
2,cylinder_stiff,3838,114.752,20.056,11.701,86.884,7.585,-15.464,61.983,-15.856,14.019,11.739,-16.072,-8.031,17.530,-7.394,17.321,36.135,-11.486,-17.273,33.267,0,0,0,0,0.0,0.0,0.0,0.0,0.000,0
2,cylinder_stiff,3863,114.664,13.784,15.621,82.144,-0.059,-17.228,60.087,-18.600,16.371,28.803,-22.344,-7.051,25.746,-9.746,12.813,23.179,-3.646,-21.193,27.895,0,0,0,0,0.0,0.0,0.0,0.0,0.000,0
2,cylinder_stiff,3888,114.752,5.356,7.585,76.456,-6.331,-3.312,57.243,-7.820,18.723,8.895,-18.228,-9.011,-0.798,-5.630,14.969,35.819,-4.430,-9.629,27.895,0,0,0,0,0.0,0.0,0.0,0.0,0.000,0
2,cylinder_stiff,3913,114.752,7.120,6.605,66.028,-3.195,-18.992,50.923,-15.660,10.099,8.895,-28.028,-5.875,11.526,-14.254,15.557,36.451,-2.078,-17.665,30.739,0,0,0,0,0.0,0.0,0.0,0.0,0.000,0
2,cylinder_stiff,3938,114.664,11.824,9.153,84.988,-12.995,-8.016,63.247,-16.052,16.567,8.895,-29.988,-8.815,2.046,-12.294,17.321,20.335,-15.602,-8.061,19.995,0,0,0,0,0.0,0.0,0.0,0.0,0.000,0
2,cylinder_stiff,3963,114.664,13.196,12.877,78.352,-8.291,-10.760,52.819,-19.580,11.275,15.531,-24.108,-7.443,15.950,-15.234,17.125,34.555,-9.918,-18.645,27.579,0,0,0,0,0.0,0.0,0.0,0.0,0.000,0
2,cylinder_stiff,3989,114.664,11.432,1.901,69.188,-2.999,-10.564,47.131,-21.344,20.879,11.423,-19.992,-11.951,16.582,-15.038,14.577,47.195,-1.490,-14.137,33.267,0,0,0,0,0.0,0.0,0.0,0.0,0.000,0
2,cylinder_stiff,4014,114.752,7.316,5.821,82.460,-2.607,-16.052,48.395,-14.876,7.943,6.683,-28.812,-7.639,5.838,-15.038,19.477,39.295,-0.902,-18.449,20.627,0,0,0,0,0.0,0.0,0.0,0.0,0.000,0
2,cylinder_stiff,4039,114.752,18.096,2.097,82.460,-6.331,-5.076,46.183,-18.796,14.999,12.687,-25.676,-1.367,4.258,-10.530,14.773,28.867,3.998,-17.077,21.891,0,0,0,0,0.0,0.0,0.0,0.0,0.000,0
2,cylinder_stiff,4064,114.752,13.392,4.253,71.400,-2.019,-6.448,40.811,-17.424,12.843,18.375,-18.228,-4.111,-7.118,-15.822,19.085,33.923,-14.818,-25.505,35.163,0,0,0,0,0.0,0.0,0.0,0.0,0.000,0
2,cylinder_stiff,4089,114.752,16.724,18.953,76.140,-9.271,-11.544,44.287,-17.424,19.115,15.847,-17.444,-1.955,1.098,-12.098,22.025,31.395,-10.310,-23.153,27.895,0,0,0,0,0.0,0.0,0.0,0.0,0.000,0
2,cylinder_stiff,4114,114.752,6.140,6.605,79.616,-11.035,-13.112,45.235,-21.736,21.271,9.843,-27.832,-13.911,13.422,-9.354,11.441,32.343,-1.686,-15.117,17.783,0,0,0,0,0.0,0.0,0.0,0.0,0.000,0
2,cylinder_stiff,4140,114.664,10.452,9.741,69.820,-1.039,-4.684,51.239,-16.052,12.451,8.263,-29.204,-10.383,3.626,-20.330,16.733,43.087,5.566,-17.665,43.379,0,0,0,0,0.0,0.0,0.0,0.0,0.000,0
2,cylinder_stiff,4165,114.664,14.960,13.073,84.672,-11.231,-14.092,60.087,-24.284,22.839,3.523,-30.772,-11.559,-1.746,-10.922,25.357,35.187,2.234,-22.565,27.263,0,0,0,0,0.0,0.0,0.0,0.0,0.000,0
2,cylinder_stiff,4190,114.752,9.668,2.489,72.664,-9.859,-6.644,61.983,-18.796,17.547,6.999,-25.284,-7.051,-0.166,-10.530,17.321,27.919,-10.506,-15.901,27.263,0,0,0,0,0.0,0.0,0.0,0.0,0.000,0
2,cylinder_stiff,4215,114.752,12.608,6.801,85.936,-9.663,-19.972,55.031,-24.480,11.863,5.103,-16.856,-8.031,2.046,-8.962,16.341,28.551,-1.490,-12.177,35.163,0,0,0,0,0.0,0.0,0.0,0.0,0.000,0
2,cylinder_stiff,4241,114.752,14.372,10.917,81.196,-2.803,-19.972,57.559,-18.992,15.587,9.527,-34.104,-14.107,5.838,-2.298,13.009,44.035,-7.762,-19.429,29.791,0,0,0,0,0.0,0.0,0.0,0.0,0.000,0
2,cylinder_stiff,4266,114.664,7.120,9.349,81.196,-7.311,-15.660,47.763,-17.620,15.195,11.739,-20.776,1.181,0.782,-11.510,7.326,35.503,-0.706,-22.173,18.099,0,0,0,0,0.0,0.0,0.0,0.0,0.000,0
2,cylinder_stiff,4291,114.664,11.040,12.289,76.456,-0.451,-21.540,52.503,-21.344,15.587,1.627,-22.932,-5.875,8.682,-14.450,12.421,29.815,3.214,-22.173,22.207,0,0,0,0,0.0,0.0,0.0,0.0,0.000,0
2,cylinder_stiff,4317,114.664,8.688,3.861,81.828,-5.939,-11.740,48.079,-15.268,14.999,11.107,-24.696,-10.971,2.362,-8.374,22.221,45.615,1.646,-17.665,31.687,0,0,0,0,0.0,0.0,0.0,0.0,0.000,0
2,cylinder_stiff,4343,114.752,6.532,18.953,73.612,0.921,-14.876,48.711,-26.636,13.235,5.735,-26.068,-4.111,7.418,-17.978,18.693,35.503,-11.878,-30.209,30.107,0,0,0,0,0.0,0.0,0.0,0.0,0.000,0
2,cylinder_stiff,4369,114.752,15.352,3.077,68.872,-2.607,-12.720,54.083,-20.560,16.567,10.475,-25.088,-4.307,9.314,-18.370,21.829,33.607,-10.506,-22.173,23.155,0,0,0,0,0.0,0.0,0.0,0.0,0.000,0
2,cylinder_stiff,4395,114.664,14.568,16.797,79.616,-2.215,-9.976,49.975,-24.872,15.783,6.051,-17.052,-6.463,10.262,-7.394,19.673,26.339,-5.802,-15.117,22.839,0,0,0,0,0.0,0.0,0.0,0.0,0.000,0
2,cylinder_stiff,4421,114.664,11.824,4.057,72.664,-3.391,-11.936,54.399,-19.384,18.527,4.155,-24.304,-20.967,10.578,-13.666,14.577,18.755,-2.862,-11.197,28.843,0,0,0,0,0.0,0.0,0.0,0.0,0.000,0
2,cylinder_stiff,4446,114.752,10.452,14.053,76.772,-6.723,-9.780,52.503,-6.448,13.823,21.219,-17.836,-4.111,2.994,-4.846,16.733,32.343,-10.506,-20.605,20.627,0,0,0,0,0.0,0.0,0.0,0.0,0.000,0
2,cylinder_stiff,4472,114.752,7.904,10.525,74.560,0.921,-17.816,53.767,-10.956,17.939,14.267,-21.952,-15.675,15.002,-14.646,14.969,31.079,3.802,-20.801,30.423,0,0,0,0,0.0,0.0,0.0,0.0,0.000,0
2,cylinder_stiff,4498,114.752,17.508,11.309,78.984,1.117,-14.092,58.507,-15.856,12.255,15.215,-17.444,-5.287,4.574,-12.882,17.517,29.815,-5.802,-25.505,21.259,0,0,0,0,0.0,0.0,0.0,0.0,0.000,0
2,cylinder_stiff,4524,114.752,12.216,13.073,62.236,-4.175,-15.856,43.023,-24.480,5.591,14.583,-29.988,-6.659,11.842,-14.450,25.357,25.391,-5.606,-28.249,36.427,0,0,0,0,0.0,0.0,0.0,0.0,0.000,0
2,cylinder_stiff,4549,114.752,11.824,9.349,71.400,-3.391,-9.388,49.343,-21.344,12.451,12.055,-12.348,0.985,4.890,-14.058,21.241,24.759,-4.626,-22.761,23.155,0,0,0,0,0.0,0.0,0.0,0.0,0.000,0
2,cylinder_stiff,4574,114.752,7.512,11.505,77.404,2.685,-15.072,58.823,-19.972,10.099,3.523,-30.772,-1.563,0.782,-13.862,14.773,35.187,-3.646,-25.897,15.887,0,0,0,0,0.0,0.0,0.0,0.0,0.000,0
2,cylinder_stiff,4600,114.752,15.352,13.465,73.612,-4.959,-14.092,45.867,-15.660,14.999,14.583,-24.108,-6.267,2.994,-8.374,17.321,37.083,8.114,-22.369,31.055,0,0,0,0,0.0,0.0,0.0,0.0,0.000,0
2,cylinder_stiff,4626,114.752,9.864,14.641,76.140,-10.251,-13.112,44.919,-12.524,15.195,6.999,-8.624,-12.343,10.262,-12.294,9.089,30.447,-6.390,-19.429,32.635,0,0,0,0,0.0,0.0,0.0,0.0,0.000,0
2,cylinder_stiff,4651,114.752,5.160,15.033,81.196,-11.819,-15.072,38.915,-23.500,19.115,12.687,-19.208,-2.151,14.370,-6.414,26.141,31.395,-4.038,-18.253,38.639,0,0,0,0,0.0,0.0,0.0,0.0,0.000,0
2,cylinder_stiff,4677,114.752,5.944,7.977,82.776,-6.135,-18.404,46.499,-18.208,12.255,12.055,-32.928,-11.363,0.466,-11.902,15.165,32.343,-1.098,-29.033,26.315,0,0,0,0,0.0,0.0,0.0,0.0,0.000,0
2,cylinder_stiff,4702,114.752,15.744,11.505,75.824,-6.723,-27.028,47.763,-9.976,8.531,18.691,-21.168,-11.951,9.314,-14.058,18.693,35.187,-8.742,-25.505,29.475,0,0,0,0,0.0,0.0,0.0,0.0,0.000,0
2,cylinder_stiff,4727,114.752,8.100,8.369,77.720,-6.723,-3.508,56.611,-21.344,20.487,14.267,-13.720,-4.699,10.578,-10.334,19.281,21.599,1.842,-11.785,16.203,0,0,0,0,0.0,0.0,0.0,0.0,0.000,0
2,cylinder_stiff,4752,114.752,8.884,11.701,87.832,0.529,-5.664,34.807,-17.032,5.983,15.215,-27.636,-11.951,3.942,-20.330,24.181,45.299,-10.898,-20.017,30.423,0,0,0,0,0.0,0.0,0.0,0.0,0.000,0
2,cylinder_stiff,4777,114.752,-0.328,6.213,73.296,5.037,-15.464,43.339,-18.012,14.019,9.211,-19.404,-7.247,12.158,-12.490,14.773,37.399,-9.526,-21.977,28.527,0,0,0,0,0.0,0.0,0.0,0.0,0.000,0
2,cylinder_stiff,4803,114.752,12.216,3.077,78.668,-2.019,-14.288,46.499,-12.720,7.747,3.207,-21.952,-8.815,16.898,-17.194,23.985,28.867,-7.566,-27.857,28.527,0,0,0,0,0.0,0.0,0.0,0.0,0.000,0
2,cylinder_stiff,4829,114.752,17.900,16.993,76.456,-3.391,-10.368,62.299,-25.656,19.311,2.891,-27.244,-8.227,12.474,-18.174,24.965,34.239,3.214,-18.841,29.475,0,0,0,0,0.0,0.0,0.0,0.0,0.000,0
2,cylinder_stiff,4855,114.752,8.884,6.213,72.348,4.841,-13.504,55.347,-25.068,11.667,13.319,-15.680,-5.287,3.942,-16.606,10.854,24.759,2.038,-11.393,20.311,0,0,0,0,0.0,0.0,0.0,0.0,0.000,0
2,cylinder_stiff,4880,114.752,18.096,14.641,87.832,-5.155,-17.424,62.299,-17.228,10.883,15.215,-20.580,0.005,-4.906,-17.194,19.869,25.391,-0.706,-18.057,14.623,0,0,0,0,0.0,0.0,0.0,0.0,0.000,0
2,cylinder_stiff,4906,114.752,10.452,15.817,74.560,-3.391,-16.836,46.815,-14.092,22.447,7.947,-19.796,-6.463,17.214,-7.198,16.929,31.395,1.058,-31.973,34.847,0,0,0,0,0.0,0.0,0.0,0.0,0.000,0
2,cylinder_stiff,4932,114.752,13.392,8.369,71.716,-3.979,-2.332,35.439,-22.520,6.963,6.999,-25.676,-15.675,20.374,-13.274,9.873,36.451,-1.294,-10.805,23.787,0,0,0,0,0.0,0.0,0.0,0.0,0.000,0
2,cylinder_stiff,4957,114.664,9.864,10.917,83.408,-2.803,-6.840,56.927,-15.268,14.999,3.207,-22.932,-6.463,15.634,-16.018,23.985,27.603,-2.078,-23.741,38.323,0,0,0,0,0.0,0.0,0.0,0.0,0.000,0
2,cylinder_stiff,4983,114.752,14.568,4.841,67.924,-8.291,-16.836,51.871,-15.660,16.567,12.371,-20.580,-8.423,7.102,-13.470,26.533,29.499,1.646,-20.213,23.787,0,0,0,0,0.0,0.0,0.0,0.0,0.000,0
3,cylinder_stiff,6,60.368,6.924,11.309,71.400,-6.135,-9.388,41.759,-12.720,18.135,8.895,-26.852,-14.499,8.998,-9.550,20.065,40.875,-3.450,-20.017,37.691,0,0,0,0,0.0,0.0,0.0,0.0,0.000,0
3,cylinder_stiff,33,60.544,10.648,-2.019,36.324,-1.431,-3.312,7.631,-4.880,-1.661,-22.705,4.508,-2.347,-9.014,-3.082,3.993,-29.277,-3.842,10.559,-8.129,0,0,0,0,0.0,0.0,0.0,0.0,0.000,0
3,cylinder_stiff,58,61.248,5.552,-3.783,32.532,-6.527,3.352,-1.533,-6.644,6.963,-13.225,-1.960,-3.131,-19.126,-3.278,6.345,-26.749,1.254,3.503,-18.873,0,0,0,0,0.0,0.0,0.0,0.0,0.000,0
3,cylinder_stiff,84,62.216,2.220,8.369,36.324,-2.607,-1.548,11.423,-9.584,12.059,-4.693,3.528,-1.563,-17.546,-4.062,1.249,-24.221,-5.018,-2.573,-25.825,0,0,0,0,0.0,0.0,0.0,0.0,0.000,0
3,cylinder_stiff,109,63.360,-1.112,0.921,29.056,1.901,1.784,12.371,-2.920,-2.445,-11.645,4.704,4.905,-11.858,4.170,-7.179,-28.329,-6.390,-4.533,-14.133,0,0,0,0,0.0,0.0,0.0,0.0,0.000,0
3,cylinder_stiff,134,64.592,1.044,-3.587,23.052,-13.387,-2.724,17.111,-0.960,8.923,-3.745,10.192,2.161,-15.966,-2.298,5.953,-20.745,-0.314,-14.529,-13.185,0,0,0,0,0.0,0.0,0.0,0.0,0.000,0
3,cylinder_stiff,160,66.000,2.416,-1.039,14.836,-3.587,-2.920,8.895,3.156,-0.485,-18.281,-0.196,-3.719,-16.282,1.230,-2.671,-19.797,-0.902,5.071,-13.817,0,0,0,0,0.0,0.0,0.0,0.0,0.000,0
3,cylinder_stiff,185,67.496,-0.524,-1.823,31.268,-0.843,-0.372,22.167,2.372,2.455,-15.437,-1.764,0.397,-22.918,-4.258,1.053,-25.801,2.626,-10.805,0.403,0,0,0,0,0.0,0.0,0.0,0.0,0.000,0
3,cylinder_stiff,211,68.904,-7.384,-2.019,26.844,-7.507,-3.116,8.579,-3.312,3.435,-8.169,-2.744,-0.387,-12.490,-2.886,-1.691,-14.109,-5.018,-16.097,-12.869,0,0,0,0,0.0,0.0,0.0,0.0,0.000,0
3,cylinder_stiff,236,70.400,7.316,-4.763,25.896,-2.999,-8.800,13.319,0.804,4.807,-14.489,9.408,-5.679,-14.070,-2.102,-2.867,-11.897,-7.566,-9.237,-10.341,0,0,0,0,0.0,0.0,0.0,0.0,0.000,0
3,cylinder_stiff,261,71.808,-1.700,-0.843,19.576,1.901,1.392,15.215,-6.448,7.355,-16.385,5.684,3.533,-15.966,1.426,3.013,-19.165,5.958,-3.553,-0.545,0,0,0,0,0.0,0.0,0.0,0.0,0.000,0
3,cylinder_stiff,286,73.216,-6.796,-6.919,21.156,-5.743,-7.232,18.059,-0.568,6.963,-24.601,5.292,5.493,-5.854,-5.630,4.973,-26.117,-4.038,-7.865,-3.389,0,0,0,0,0.0,0.0,0.0,0.0,0.000,0
3,cylinder_stiff,312,74.800,-7.972,-2.019,39.800,-0.451,-6.840,12.687,-8.016,-4.209,-1.217,-8.820,-9.599,-11.226,-5.238,-1.887,-16.953,2.626,-14.921,-20.769,0,0,0,0,0.0,0.0,0.0,0.0,0.000,0
3,cylinder_stiff,338,76.296,-6.600,0.529,25.896,-8.095,-8.016,27.223,-8.016,5.003,-0.269,-3.724,-2.543,-14.070,8.090,-6.786,-7.473,-3.646,-13.549,0.087,0,0,0,0,0.0,0.0,0.0,0.0,0.000,0
3,cylinder_stiff,363,77.792,-5.032,-9.859,8.200,-5.743,-7.428,26.591,-9.388,8.531,-12.593,7.448,-0.387,-16.598,-10.138,3.993,-32.437,6.938,-11.981,4.511,0,0,0,0,0.0,0.0,0.0,0.0,0.000,0
3,cylinder_stiff,389,79.288,-3.268,1.313,45.172,-2.019,-11.936,32.595,-2.136,7.355,-0.269,0.196,-2.543,-8.698,-2.298,-11.883,-13.793,4.390,-4.337,-9.077,0,0,0,0,0.0,0.0,0.0,0.0,0.000,0
3,cylinder_stiff,414,80.696,-7.188,-6.723,35.692,-5.547,-1.548,15.531,-4.880,6.179,-2.481,4.312,2.161,-14.386,-8.962,0.465,-11.897,-1.686,-18.253,-4.969,0,0,0,0,0.0,0.0,0.0,0.0,0.000,0
3,cylinder_stiff,439,82.280,-15.028,-12.407,41.380,-0.843,-13.896,25.327,-0.960,3.631,-5.009,-4.508,-7.443,-9.646,1.034,-0.123,-19.165,1.058,-6.101,0.719,0,0,0,0,0.0,0.0,0.0,0.0,0.000,0
3,cylinder_stiff,465,83.776,-10.324,-0.647,30.952,-4.175,-13.700,26.907,-5.076,3.435,-4.377,10.780,-8.031,-10.910,-6.414,8.697,-15.057,-3.646,-11.981,-6.865,0,0,0,0,0.0,0.0,0.0,0.0,0.000,0
3,cylinder_stiff,490,85.272,-7.188,-10.251,40.432,8.173,-6.252,23.115,-3.508,2.259,-3.113,-3.920,-6.659,-3.958,1.426,2.229,-2.101,-4.234,-12.765,-4.337,0,0,0,0,0.0,0.0,0.0,0.0,0.000,0
3,cylinder_stiff,515,86.768,-8.364,-2.019,33.480,-0.255,-18.012,25.959,-5.468,11.863,2.259,3.136,-6.659,-1.430,-8.766,2.229,0.427,-1.882,-13.549,7.039,0,0,0,0,0.0,0.0,0.0,0.0,0.000,0
3,cylinder_stiff,540,88.264,-7.972,-6.331,37.588,0.921,-13.700,37.335,-6.644,3.239,-0.585,-5.684,-7.051,-9.646,4.562,7.913,-2.101,3.410,-31.581,3.247,0,0,0,0,0.0,0.0,0.0,0.0,0.000,0
3,cylinder_stiff,566,89.760,5.552,1.509,34.744,-16.719,-7.232,26.275,1.392,13.627,-10.381,-1.568,-10.383,-21.654,3.386,6.737,-14.425,-2.666,-22.957,8.619,0,0,0,0,0.0,0.0,0.0,0.0,0.000,0
3,cylinder_stiff,591,91.168,10.060,-5.351,52.124,-8.291,-19.384,37.651,-4.880,1.671,-5.957,5.488,-8.031,-1.746,2.994,3.798,-10.317,2.038,-23.545,11.147,0,0,0,0,0.0,0.0,0.0,0.0,0.000,0
3,cylinder_stiff,616,92.664,1.044,-6.723,53.704,-2.607,-12.720,28.487,-12.720,10.687,-2.481,-1.372,-1.367,-4.906,-3.670,6.345,-9.053,2.822,-17.665,2.299,0,0,0,0,0.0,0.0,0.0,0.0,0.000,0
3,cylinder_stiff,641,94.248,-6.208,-3.391,38.852,-9.859,-7.624,30.067,-4.096,6.571,3.839,-5.880,-10.579,-8.698,2.406,4.777,0.111,-1.490,-15.901,-1.809,0,0,0,0,0.0,0.0,0.0,0.0,0.000,0
3,cylinder_stiff,666,95.656,3.200,-0.647,50.860,-0.059,-9.388,29.119,-13.112,10.883,-0.269,-0.784,-6.659,-10.278,-2.690,-0.711,7.695,-0.902,-24.917,10.199,0,0,0,0,0.0,0.0,0.0,0.0,0.000,0
3,cylinder_stiff,692,97.152,-6.992,-0.059,59.708,-8.487,-20.560,34.175,-10.172,9.903,7.315,-10.976,-13.519,-7.434,-9.158,-0.711,-4.629,-8.154,-21.389,12.095,0,0,0,0,0.0,0.0,0.0,0.0,0.000,0
3,cylinder_stiff,717,98.736,0.652,-0.647,41.380,-0.843,-17.620,31.331,-5.076,4.219,-13.225,-3.332,-12.539,-0.166,7.698,-1.495,-3.997,1.842,-21.781,22.523,0,0,0,0,0.0,0.0,0.0,0.0,0.000,0
3,cylinder_stiff,742,100.232,-7.188,-11.623,44.856,-4.175,-14.288,39.547,-16.444,11.667,-4.693,-4.312,-6.267,2.046,-0.534,1.445,6.115,9.878,-21.977,11.463,0,0,0,0,0.0,0.0,0.0,0.0,0.000,0
3,cylinder_stiff,767,101.640,3.592,-8.095,62.552,-8.095,-15.856,39.863,-10.564,6.963,-1.217,-6.664,-8.815,-1.430,-3.670,-4.631,13.383,-0.706,-23.741,8.935,0,0,0,0,0.0,0.0,0.0,0.0,0.000,0
3,cylinder_stiff,793,103.136,5.160,5.037,51.492,-12.799,-13.896,46.815,-5.468,8.727,3.523,-12.740,-7.247,-2.694,-0.730,10.461,11.803,0.666,-17.077,22.839,0,0,0,0,0.0,0.0,0.0,0.0,0.000,0
3,cylinder_stiff,818,104.632,0.652,9.545,62.236,-3.979,-18.208,33.543,-7.232,11.863,1.627,-11.956,-16.263,-0.166,-5.434,7.717,14.963,-1.686,-28.249,7.671,0,0,0,0,0.0,0.0,0.0,0.0,0.000,0
3,cylinder_stiff,843,106.128,13.196,4.253,66.976,-3.783,-14.680,40.179,-5.272,6.571,-0.585,-20.188,-5.287,-11.226,-0.534,6.541,24.127,-5.410,-25.701,19.995,0,0,0,0,0.0,0.0,0.0,0.0,0.000,0
3,cylinder_stiff,868,107.624,9.472,10.133,63.816,-0.451,-21.540,47.763,-12.132,14.999,9.843,-17.836,-6.267,3.942,4.366,4.777,12.751,2.626,-38.441,13.991,0,0,0,0,0.0,0.0,0.0,0.0,0.000,0
3,cylinder_stiff,893,109.120,8.688,-8.095,62.868,0.921,-15.660,54.083,-6.448,12.059,6.367,-20.580,-2.543,-11.226,-5.630,6.933,25.707,3.018,-25.113,19.363,0,0,0,0,0.0,0.0,0.0,0.0,0.000,0
3,cylinder_stiff,918,110.440,3.200,-5.351,64.764,-12.211,-19.384,50.291,-9.976,10.883,9.843,-20.384,-4.503,2.046,-14.254,13.205,17.807,4.586,-20.997,20.311,0,0,0,0,0.0,0.0,0.0,0.0,0.000,0
3,cylinder_stiff,944,111.936,5.944,4.057,58.128,-10.643,-6.448,38.915,-13.896,8.531,18.059,-20.776,-19.203,-6.170,-5.042,14.185,16.543,0.862,-21.389,22.523,0,0,0,0,0.0,0.0,0.0,0.0,0.000,0
3,cylinder_stiff,969,113.168,1.828,7.193,73.928,-4.959,-15.072,40.179,-23.108,17.743,11.107,-15.288,1.965,3.626,-16.018,16.341,25.707,-4.626,-17.861,25.051,0,0,0,0,0.0,0.0,0.0,0.0,0.000,0
3,cylinder_stiff,994,113.960,13.000,12.093,73.296,-4.763,-10.956,40.811,-13.700,15.783,13.635,-17.836,-14.303,1.730,-11.118,18.693,32.659,-0.314,-18.057,11.779,0,0,0,0,0.0,0.0,0.0,0.0,0.000,0
3,cylinder_stiff,1019,114.400,8.492,8.565,73.928,-7.899,-7.428,48.079,-18.012,15.391,10.159,-19.404,-9.403,13.422,-12.882,17.321,34.555,1.058,-9.237,36.743,0,0,0,0,0.0,0.0,0.0,0.0,0.000,0
3,cylinder_stiff,1044,114.488,4.768,7.193,79.300,-8.095,-20.364,46.183,-16.052,17.939,14.267,-21.756,-8.423,20.374,-13.666,15.361,34.871,-2.666,-19.429,31.371,0,0,0,0,0.0,0.0,0.0,0.0,0.000,0
3,cylinder_stiff,1070,114.664,7.904,8.369,76.456,-12.407,-12.524,56.927,-32.124,20.095,6.999,-25.284,-5.287,7.734,-9.746,9.677,24.127,0.862,-16.097,30.423,0,0,0,0,0.0,0.0,0.0,0.0,0.000,0
3,cylinder_stiff,1095,114.752,8.296,15.033,89.728,-3.391,-13.896,48.711,-10.956,12.843,8.263,-18.620,-1.759,10.262,-11.314,15.557,32.975,-2.862,-24.133,19.679,0,0,0,0,0.0,0.0,0.0,0.0,0.000,0
3,cylinder_stiff,1120,114.664,3.200,3.469,78.668,-1.823,-10.760,48.711,-9.192,13.823,12.371,-28.224,-14.107,-1.114,-13.274,23.005,26.655,-2.862,-20.605,34.847,0,0,0,0,0.0,0.0,0.0,0.0,0.000,0
3,cylinder_stiff,1145,114.664,11.432,10.133,71.084,-5.351,-14.288,54.715,-21.736,13.627,11.739,-26.852,-5.679,-9.962,-12.294,18.301,32.659,-1.686,-12.373,13.675,0,0,0,0,0.0,0.0,0.0,0.0,0.000,0
3,cylinder_stiff,1171,114.752,6.728,6.605,83.408,1.705,-13.112,44.287,-19.972,12.255,17.743,-19.796,-9.011,16.898,-13.666,10.069,31.079,-1.294,-23.349,34.215,0,0,0,0,0.0,0.0,0.0,0.0,0.000,0
3,cylinder_stiff,1196,114.664,14.960,10.133,80.880,-6.919,-16.248,53.451,-8.212,23.819,17.743,-20.972,-12.931,9.630,-17.978,15.361,40.875,-2.274,-19.429,20.311,0,0,0,0,0.0,0.0,0.0,0.0,0.000,0
3,cylinder_stiff,1222,114.752,10.844,9.937,65.396,-10.839,-16.052,44.603,-21.736,7.355,4.787,-25.088,-3.523,8.366,-13.862,12.421,40.875,-5.018,-14.333,21.259,0,0,0,0,0.0,0.0,0.0,0.0,0.000,0
3,cylinder_stiff,1247,114.664,13.980,6.409,79.300,-2.215,-9.976,55.979,-20.560,20.291,7.315,-25.284,-13.323,-5.538,-11.706,22.025,28.235,-2.470,-18.449,33.899,0,0,0,0,0.0,0.0,0.0,0.0,0.000,0
3,cylinder_stiff,1272,114.664,8.688,2.489,77.720,-4.371,-11.348,55.663,-24.088,16.763,1.943,-37.044,-4.111,-0.166,-6.218,24.573,24.127,-5.018,-13.549,39.271,0,0,0,0,0.0,0.0,0.0,0.0,0.000,0
3,cylinder_stiff,1297,114.752,8.492,12.877,68.872,-1.039,-13.308,50.607,-25.068,6.571,5.103,-18.424,-0.387,-2.378,-11.314,11.441,16.859,-0.902,-15.901,22.839,0,0,0,0,0.0,0.0,0.0,0.0,0.000,0
3,cylinder_stiff,1322,114.752,2.024,6.997,70.136,0.333,-15.072,42.391,-31.340,22.447,4.155,-25.872,2.161,7.734,-12.686,17.713,29.183,5.566,-23.153,27.895,0,0,0,0,0.0,0.0,0.0,0.0,0.000,0
3,cylinder_stiff,1348,114.752,5.160,12.681,84.040,-9.467,-15.856,54.399,-23.696,15.979,20.903,-26.852,-16.459,8.366,-9.158,21.437,40.875,-0.118,-28.249,33.267,0,0,0,0,0.0,0.0,0.0,0.0,0.000,0
3,cylinder_stiff,1373,114.664,16.528,16.209,75.192,-12.015,-8.408,50.607,-17.424,14.019,4.471,-27.048,-10.383,9.946,-16.214,10.069,34.871,3.802,-20.997,35.163,0,0,0,0,0.0,0.0,0.0,0.0,0.000,0
3,cylinder_stiff,1398,114.752,3.984,8.761,65.712,-11.427,-14.092,37.967,-23.108,12.843,4.787,-22.344,-9.599,-9.330,-15.430,14.773,39.295,2.038,-17.665,28.527,0,0,0,0,0.0,0.0,0.0,0.0,0.000,0
3,cylinder_stiff,1424,114.752,1.044,5.037,82.776,-1.823,-19.384,57.559,-21.540,18.135,20.271,-31.164,-13.127,10.578,-16.410,20.065,42.139,-8.938,-20.017,32.003,0,0,0,0,0.0,0.0,0.0,0.0,0.000,0
3,cylinder_stiff,1449,114.752,12.608,8.565,76.140,-3.391,-18.404,51.555,-8.604,11.471,5.419,-32.144,-20.183,6.786,-14.842,16.341,35.819,-0.706,-10.609,17.151,0,0,0,0,0.0,0.0,0.0,0.0,0.000,0
3,cylinder_stiff,1474,114.752,13.000,5.625,70.136,-0.647,-6.448,65.143,-15.464,19.899,18.375,-18.816,-13.911,-9.330,-7.786,19.085,23.495,2.038,-19.037,23.155,0,0,0,0,0.0,0.0,0.0,0.0,0.000,0
3,cylinder_stiff,1500,114.664,11.432,0.529,88.148,-7.703,-16.640,47.131,-24.676,15.195,9.527,-26.852,-9.403,16.898,-11.510,7.326,33.607,-8.154,-18.253,32.319,0,0,0,0,0.0,0.0,0.0,0.0,0.000,0
3,cylinder_stiff,1525,114.752,13.000,10.525,87.516,-6.919,-9.780,48.395,-21.344,14.803,13.951,-24.304,-6.463,10.578,-13.274,9.873,26.023,4.586,-18.645,32.003,0,0,0,0,0.0,0.0,0.0,0.0,0.000,0
3,cylinder_stiff,1550,114.664,16.724,9.937,79.932,-3.979,-16.052,66.407,-16.836,21.467,6.367,-28.028,-12.539,14.054,-15.234,10.265,27.919,-6.586,-21.389,20.943,0,0,0,0,0.0,0.0,0.0,0.0,0.000,0
3,cylinder_stiff,1575,114.664,14.568,6.017,83.724,-5.155,-18.012,47.447,-21.540,8.335,14.583,-20.580,-4.895,8.998,-7.786,11.049,45.299,-1.098,-21.977,27.263,0,0,0,0,0.0,0.0,0.0,0.0,0.000,0
3,cylinder_stiff,1601,114.752,6.924,11.701,92.256,-4.763,-18.012,38.915,-23.696,9.315,-1.849,-14.700,-7.247,19.426,-19.154,21.437,35.187,-7.174,-33.149,20.943,0,0,0,0,0.0,0.0,0.0,0.0,0.000,0
3,cylinder_stiff,1626,114.752,8.884,8.761,87.832,-5.547,-15.856,50.923,-13.308,11.471,26.907,-29.008,-11.363,8.366,-16.998,20.457,30.763,6.546,-17.273,22.839,0,0,0,0,0.0,0.0,0.0,0.0,0.000,0
3,cylinder_stiff,1651,114.752,11.236,0.137,78.352,-7.507,-7.820,55.031,-28.204,6.767,15.215,-25.088,-14.107,6.470,-14.842,6.345,22.231,-5.214,-11.981,32.319,0,0,0,0,0.0,0.0,0.0,0.0,0.000,0
3,cylinder_stiff,1676,114.664,8.296,11.701,85.304,1.117,-2.332,44.603,-15.660,13.823,15.215,-28.224,-13.911,8.050,-14.450,18.693,19.387,1.450,-20.409,38.639,0,0,0,0,0.0,0.0,0.0,0.0,0.000,0
3,cylinder_stiff,1702,114.752,9.668,5.429,78.984,-7.899,-13.308,47.763,-13.504,10.099,6.999,-14.896,-10.775,-0.798,-13.666,17.517,32.975,0.078,-14.529,21.575,0,0,0,0,0.0,0.0,0.0,0.0,0.000,0
3,cylinder_stiff,1727,114.664,14.764,10.133,67.924,-11.035,-20.364,60.403,-19.384,15.783,5.419,-23.520,-5.875,11.526,-7.394,19.281,37.399,1.058,-26.093,35.163,0,0,0,0,0.0,0.0,0.0,0.0,0.000,0
3,cylinder_stiff,1752,114.664,8.100,-0.255,77.404,-9.467,-11.544,41.759,-25.460,13.235,6.367,-24.696,-9.403,5.206,-14.254,11.833,22.863,-7.370,-14.333,20.311,0,0,0,0,0.0,0.0,0.0,0.0,0.000,0
3,cylinder_stiff,1777,114.752,14.372,8.957,76.140,-4.959,-14.288,60.719,-23.304,12.451,5.103,-24.108,-18.027,7.734,-18.566,23.397,27.603,4.390,-20.605,40.219,0,0,0,0,0.0,0.0,0.0,0.0,0.000,0
3,cylinder_stiff,1802,114.664,10.648,13.661,83.092,-6.331,-8.212,46.183,-12.328,14.999,8.895,-17.248,-1.563,3.942,-9.158,16.537,24.127,-1.686,-21.193,29.475,0,0,0,0,0.0,0.0,0.0,0.0,0.000,0
3,cylinder_stiff,1828,114.752,15.744,5.037,72.980,-8.487,-14.876,47.131,-10.172,9.119,20.903,-25.088,-11.363,11.210,-7.198,15.753,35.819,-1.686,-18.645,19.679,0,0,0,0,0.0,0.0,0.0,0.0,0.000,0
3,cylinder_stiff,1853,114.752,13.196,8.173,72.664,-6.331,-11.544,52.187,-14.288,11.863,11.423,-20.384,7.257,4.258,-16.606,14.185,32.659,-4.234,-21.781,30.107,0,0,0,0,0.0,0.0,0.0,0.0,0.000,0
3,cylinder_stiff,1878,114.752,11.432,2.881,84.988,-19.071,-20.168,57.875,-16.444,6.375,20.587,-27.048,-11.755,7.418,-1.906,13.793,22.863,3.214,-16.293,31.055,0,0,0,0,0.0,0.0,0.0,0.0,0.000,0
3,cylinder_stiff,1903,114.752,18.488,4.449,74.560,-4.763,-9.192,49.027,-16.836,13.235,19.323,-26.264,-5.091,5.522,-16.802,13.793,18.123,-1.686,-19.037,38.323,0,0,0,0,0.0,0.0,0.0,0.0,0.000,0
3,cylinder_stiff,1928,114.752,6.532,7.977,74.876,-6.919,-16.836,58.507,-24.088,16.763,14.267,-27.832,-8.619,8.998,-13.666,10.657,13.699,-7.566,-12.765,21.259,0,0,0,0,0.0,0.0,0.0,0.0,0.000,0
3,cylinder_stiff,1953,114.664,16.528,-0.255,71.084,-1.039,-10.172,53.451,-24.284,9.315,2.259,-24.304,-8.815,11.526,-14.254,14.773,25.707,-4.038,-22.369,34.215,0,0,0,0,0.0,0.0,0.0,0.0,0.000,0
3,cylinder_stiff,1978,114.752,18.096,8.173,82.144,-1.627,-11.544,50.923,-22.324,13.039,15.531,-20.776,-10.383,17.214,-17.782,12.421,32.975,4.586,-23.153,21.259,0,0,0,0,0.0,0.0,0.0,0.0,0.000,0
3,cylinder_stiff,2004,114.752,7.120,6.997,82.460,-1.235,-4.292,67.039,-26.832,8.923,24.379,-21.952,-0.191,1.414,-11.706,13.009,22.231,-3.450,-17.665,27.895,0,0,0,0,0.0,0.0,0.0,0.0,0.000,0
3,cylinder_stiff,2029,114.752,16.332,8.173,74.876,2.685,-15.268,56.927,-20.168,18.331,6.683,-20.776,-4.503,1.730,-9.158,16.537,30.763,-5.998,-21.585,17.467,0,0,0,0,0.0,0.0,0.0,0.0,0.000,0
3,cylinder_stiff,2054,114.752,9.080,6.801,72.032,1.509,-12.132,48.395,-26.244,14.411,11.107,-27.440,-9.011,14.686,-15.234,17.910,12.751,-1.294,-21.781,24.419,0,0,0,0,0.0,0.0,0.0,0.0,0.000,0
3,cylinder_stiff,2079,114.752,5.160,9.741,74.244,0.921,-5.468,49.343,-17.620,8.727,17.743,-21.756,-7.443,16.266,-16.410,19.673,27.287,12.034,-18.057,26.315,0,0,0,0,0.0,0.0,0.0,0.0,0.000,0
3,cylinder_stiff,2104,114.752,11.628,5.233,84.356,3.861,-19.384,44.603,-20.168,22.251,8.579,-27.244,-8.031,-5.538,-14.058,14.773,36.135,-0.510,-20.801,23.787,0,0,0,0,0.0,0.0,0.0,0.0,0.000,0
3,cylinder_stiff,2130,114.752,13.196,8.761,70.136,-12.211,-18.600,50.291,-18.208,10.491,22.483,-32.340,-5.875,10.578,-9.746,17.125,41.507,1.842,-17.861,22.523,0,0,0,0,0.0,0.0,0.0,0.0,0.000,0
3,cylinder_stiff,2155,114.752,12.804,10.721,94.784,-8.487,-17.424,61.035,-18.796,15.391,14.583,-34.888,-9.403,20.690,-19.154,23.789,26.971,-3.646,-25.113,31.687,0,0,0,0,0.0,0.0,0.0,0.0,0.000,0
3,cylinder_stiff,2180,114.664,6.336,12.289,71.400,-5.547,-11.152,55.663,-23.892,7.943,29.751,-24.304,-9.207,10.894,-6.414,19.673,43.719,-2.470,-14.529,30.739,0,0,0,0,0.0,0.0,0.0,0.0,0.000,0
3,cylinder_stiff,2206,114.752,2.808,11.701,76.140,-5.155,-20.952,38.283,-15.464,7.159,8.895,-21.168,-2.347,1.414,-7.198,18.105,35.503,3.018,-24.917,30.739,0,0,0,0,0.0,0.0,0.0,0.0,0.000,0
3,cylinder_stiff,2231,114.752,14.568,9.545,84.040,-7.703,-17.816,39.231,-13.504,11.471,10.475,-23.128,-11.559,6.470,-17.586,6.933,33.923,-1.294,-16.293,31.687,0,0,0,0,0.0,0.0,0.0,0.0,0.000,0
3,cylinder_stiff,2256,114.752,14.568,4.449,66.028,-4.371,-17.032,50.923,-22.128,17.743,9.843,-16.464,-13.323,7.734,-10.138,22.809,32.027,-1.686,-26.681,13.359,0,0,0,0,0.0,0.0,0.0,0.0,0.000,0
3,cylinder_stiff,2281,114.664,15.744,7.389,76.772,-3.195,-15.464,58.823,-14.876,14.803,3.839,-10.780,-6.463,-2.378,-19.938,24.181,32.975,-1.294,-17.469,30.423,0,0,0,0,0.0,0.0,0.0,0.0,0.000,0
3,cylinder_stiff,2307,114.664,14.764,16.993,83.092,-3.391,-4.292,53.767,-18.404,16.175,24.695,-17.836,-7.835,10.578,-11.510,24.573,32.027,0.862,-26.877,32.319,0,0,0,0,0.0,0.0,0.0,0.0,0.000,0
3,cylinder_stiff,2332,114.752,15.156,4.253,87.200,-6.331,-15.660,47.131,-19.972,23.035,15.215,-24.500,-1.563,-0.798,-13.078,12.225,39.295,-4.822,-16.489,13.043,0,0,0,0,0.0,0.0,0.0,0.0,0.000,0
3,cylinder_stiff,2358,114.752,14.176,10.525,78.984,-10.251,-23.500,55.663,-25.068,7.159,13.635,-27.636,-16.263,9.314,-11.902,17.910,39.611,-7.174,-9.041,35.795,0,0,0,0,0.0,0.0,0.0,0.0,0.000,0
3,cylinder_stiff,2385,114.752,18.488,6.213,72.664,-4.763,-23.892,43.339,-16.640,7.943,20.587,-34.104,-12.931,1.730,-10.530,23.005,37.399,3.410,-24.133,28.527,0,0,0,0,0.0,0.0,0.0,0.0,0.000,0
3,cylinder_stiff,2410,114.752,16.528,5.429,81.512,-12.211,-13.700,53.135,-25.656,11.667,-5.009,-22.344,-6.855,15.318,-5.434,10.461,37.083,-5.018,-24.133,29.159,0,0,0,0,0.0,0.0,0.0,0.0,0.000,0
3,cylinder_stiff,2435,114.752,0.848,14.641,82.460,-5.743,-16.248,48.711,-23.304,3.043,13.003,-21.364,-6.267,15.002,-5.826,21.045,33.291,-4.626,-24.329,32.635,0,0,0,0,0.0,0.0,0.0,0.0,0.000,0
3,cylinder_stiff,2460,114.752,9.864,13.269,83.408,-2.607,-11.544,56.927,-19.188,17.351,4.787,-26.460,-7.247,13.106,-14.254,16.537,30.447,1.646,-21.389,17.783,0,0,0,0,0.0,0.0,0.0,0.0,0.000,0
3,cylinder_stiff,2485,114.664,12.020,6.997,86.568,-5.155,-14.092,50.291,-14.680,14.999,15.215,-22.148,-10.971,10.578,-20.526,21.045,29.499,1.842,-13.157,32.319,0,0,0,0,0.0,0.0,0.0,0.0,0.000,0
3,cylinder_stiff,2510,114.752,9.668,6.409,73.296,-9.271,-14.092,45.551,-24.284,17.743,10.791,-17.052,-8.815,6.470,-13.666,10.265,33.607,-2.862,-17.077,25.051,0,0,0,0,0.0,0.0,0.0,0.0,0.000,0
3,cylinder_stiff,2536,114.752,7.708,10.721,59.392,-11.819,-18.600,63.879,-20.756,11.079,-1.533,-21.364,-17.047,3.942,-15.038,22.809,42.139,-5.214,-24.133,24.103,0,0,0,0,0.0,0.0,0.0,0.0,0.000,0
3,cylinder_stiff,2561,114.664,22.996,2.685,80.880,2.489,-8.604,40.495,-16.052,6.767,16.479,-12.936,-3.915,8.050,-18.370,15.949,28.867,-5.214,-18.253,30.423,0,0,0,0,0.0,0.0,0.0,0.0,0.000,0
3,cylinder_stiff,2588,114.664,5.552,14.249,81.828,-1.823,-7.624,62.931,-21.344,12.255,9.527,-18.620,-4.895,10.262,-21.506,16.537,28.551,-6.390,-27.465,32.951,0,0,0,0,0.0,0.0,0.0,0.0,0.000,0
3,cylinder_stiff,2613,114.752,10.452,16.601,75.824,-1.823,-15.268,53.767,-30.752,17.351,11.739,-20.972,-8.227,0.150,-7.590,17.125,30.763,1.058,-18.057,9.251,0,0,0,0,0.0,0.0,0.0,0.0,0.000,0
3,cylinder_stiff,2638,114.664,6.140,7.389,88.464,-16.131,-13.896,71.463,-20.364,12.451,-2.165,-25.284,-6.659,11.526,-17.194,12.813,26.971,3.410,-16.881,22.207,0,0,0,0,0.0,0.0,0.0,0.0,0.000,0
3,cylinder_stiff,2663,114.752,2.612,9.349,66.028,-5.351,-7.820,60.087,-20.756,16.959,14.583,-18.228,-8.227,22.270,-12.098,26.533,35.503,-1.882,-20.213,22.839,0,0,0,0,0.0,0.0,0.0,0.0,0.000,0
3,cylinder_stiff,2688,114.752,12.608,7.193,82.460,-6.723,-15.072,53.767,-17.620,16.371,13.951,-19.992,-12.735,-1.746,-12.882,19.085,38.347,-7.370,-23.349,24.103,0,0,0,0,0.0,0.0,0.0,0.0,0.000,0
3,cylinder_stiff,2713,114.752,8.688,9.349,77.720,-2.999,-7.036,65.143,-12.720,22.447,17.111,-15.484,-9.403,0.466,-13.078,23.985,29.499,5.762,-18.645,22.839,0,0,0,0,0.0,0.0,0.0,0.0,0.000,0
3,cylinder_stiff,2739,114.664,18.096,14.641,76.140,0.333,-6.252,52.819,-18.404,22.643,9.843,-26.460,-7.051,15.002,-13.666,19.477,28.235,-0.706,-12.177,24.419,0,0,0,0,0.0,0.0,0.0,0.0,0.000,0
3,cylinder_stiff,2764,114.752,9.864,10.721,90.044,0.921,-21.148,48.079,-14.876,10.491,-1.533,-25.284,-3.915,3.310,-8.178,5.561,32.659,0.274,-7.473,28.843,0,0,0,0,0.0,0.0,0.0,0.0,0.000,0
3,cylinder_stiff,2789,114.752,13.196,12.681,81.196,-15.151,-14.092,49.343,-22.912,15.587,-4.061,-17.052,-9.011,5.206,-22.682,18.693,36.135,-3.254,-15.117,30.107,0,0,0,0,0.0,0.0,0.0,0.0,0.000,0
3,cylinder_stiff,2815,114.752,2.612,9.741,81.196,-12.603,-14.680,49.027,-17.424,6.179,6.367,-10.192,-3.523,14.686,-16.802,18.497,26.655,0.078,-19.233,31.371,0,0,0,0,0.0,0.0,0.0,0.0,0.000,0
3,cylinder_stiff,2840,114.752,7.316,15.033,71.400,-6.919,-12.524,55.979,-25.264,10.099,17.111,-23.716,-9.207,6.786,-14.254,17.713,25.075,-4.822,-21.585,23.787,0,0,0,0,0.0,0.0,0.0,0.0,0.000,0
3,cylinder_stiff,2865,114.752,12.804,14.249,87.200,-5.547,-17.228,51.871,-29.184,24.211,-2.797,-18.620,-10.383,9.946,-6.610,13.989,16.227,-2.274,-16.293,31.687,0,0,0,0,0.0,0.0,0.0,0.0,0.000,0
3,cylinder_stiff,2890,114.752,16.332,1.117,81.196,-5.939,-2.332,58.507,-7.036,11.667,10.475,-29.400,-11.363,8.998,-11.902,18.105,34.871,-10.310,-14.725,33.583,0,0,0,0,0.0,0.0,0.0,0.0,0.000,0
3,cylinder_stiff,2916,114.664,15.352,9.349,62.868,4.253,-11.936,67.355,-16.640,11.667,9.527,-21.364,-15.675,6.154,-6.022,13.205,33.291,-6.586,-15.705,15.887,0,0,0,0,0.0,0.0,0.0,0.0,0.000,0
3,cylinder_stiff,2941,114.752,14.960,4.645,71.716,-4.371,-16.836,56.611,-18.012,14.411,12.687,-11.956,-10.971,-3.326,-10.726,19.869,31.711,1.646,-19.233,30.423,0,0,0,0,0.0,0.0,0.0,0.0,0.000,0
3,cylinder_stiff,2967,114.752,15.352,13.269,78.036,-5.939,-8.800,41.127,-21.148,8.923,11.423,-18.620,-8.619,12.474,-9.158,15.753,24.443,-3.842,-31.385,11.147,0,0,0,0,0.0,0.0,0.0,0.0,0.000,0
3,cylinder_stiff,2992,114.752,7.708,8.173,84.356,-1.431,-8.408,51.555,-13.308,12.255,20.587,-26.852,-10.971,9.630,-4.258,5.757,34.239,-2.274,-15.313,15.255,0,0,0,0,0.0,0.0,0.0,0.0,0.000,0
3,cylinder_stiff,3018,114.752,7.512,9.545,73.612,1.901,-10.956,47.763,-24.676,25.779,16.795,-27.048,-12.147,12.474,-15.234,15.753,26.971,-5.410,-7.865,32.951,0,0,0,0,0.0,0.0,0.0,0.0,0.000,0
3,cylinder_stiff,3044,114.664,12.020,12.093,75.508,-2.411,-18.404,65.459,-8.016,18.527,25.959,-24.304,-9.599,9.630,-11.902,15.361,26.023,-4.626,-12.961,33.899,0,0,0,0,0.0,0.0,0.0,0.0,0.000,0
3,cylinder_stiff,3070,114.664,11.628,5.037,77.088,-1.039,-15.268,55.031,-24.676,12.255,11.423,-28.616,-10.971,3.310,-13.666,20.065,32.975,-5.606,-12.177,8.935,0,0,0,0,0.0,0.0,0.0,0.0,0.000,0
3,cylinder_stiff,3095,114.752,14.372,4.645,77.404,-2.607,-13.896,55.979,-16.640,12.059,18.691,-15.876,-10.579,12.158,-9.550,19.281,29.183,-1.294,-23.741,31.687,0,0,0,0,0.0,0.0,0.0,0.0,0.000,0
3,cylinder_stiff,3121,114.752,11.040,7.585,77.088,-5.155,-23.108,49.659,-19.972,13.039,9.527,-17.640,-11.951,8.998,-20.330,23.005,33.923,-0.706,-16.489,20.311,0,0,0,0,0.0,0.0,0.0,0.0,0.000,0
3,cylinder_stiff,3146,114.752,11.040,-3.195,67.608,-11.427,-13.504,49.975,-27.028,13.431,12.687,-29.204,-5.091,-8.698,-15.234,15.557,30.131,-1.686,-8.845,30.107,0,0,0,0,0.0,0.0,0.0,0.0,0.000,0
3,cylinder_stiff,3172,114.752,8.100,7.585,72.980,-8.879,-12.720,55.347,-19.972,14.215,2.891,-22.344,-8.423,17.530,-12.490,16.537,38.347,-0.706,-19.625,31.055,0,0,0,0,0.0,0.0,0.0,0.0,0.000,0
3,cylinder_stiff,3198,114.664,-5.032,14.445,81.828,-7.115,-18.208,49.975,-16.836,14.411,16.795,-20.972,-4.503,11.842,-10.334,11.441,25.707,0.078,-20.605,22.839,0,0,0,0,0.0,0.0,0.0,0.0,0.000,0
3,cylinder_stiff,3224,114.664,11.432,16.601,70.768,0.529,-11.152,36.387,-29.184,17.351,6.051,-28.420,-10.971,6.786,-13.078,12.225,28.235,-3.646,-22.957,25.367,0,0,0,0,0.0,0.0,0.0,0.0,0.000,0
3,cylinder_stiff,3248,114.752,9.472,8.761,84.356,6.409,-13.504,49.659,-24.284,11.863,12.055,-20.776,-1.955,1.730,-10.138,17.321,26.339,-7.958,-19.233,24.419,0,0,0,0,0.0,0.0,0.0,0.0,0.000,0
3,cylinder_stiff,3274,114.752,10.844,4.841,79.616,-2.215,-9.388,52.187,-24.088,17.939,6.683,-20.776,-13.911,15.634,-5.238,14.185,29.499,-6.782,-19.429,27.263,0,0,0,0,0.0,0.0,0.0,0.0,0.000,0
3,cylinder_stiff,3299,114.752,7.512,11.309,99.840,-1.627,-14.680,53.767,-17.424,14.607,12.055,-26.852,-14.695,-3.010,-21.310,24.965,24.127,6.154,-22.565,19.679,0,0,0,0,0.0,0.0,0.0,0.0,0.000,0
3,cylinder_stiff,3324,114.752,9.472,2.489,75.824,-4.175,-21.148,54.083,-23.304,12.255,13.951,-22.148,2.553,3.626,-14.646,17.910,20.019,-2.666,-18.449,21.891,0,0,0,0,0.0,0.0,0.0,0.0,0.000,0
3,cylinder_stiff,3349,114.752,8.100,1.509,88.464,3.665,-1.940,42.707,-12.916,19.311,3.207,-21.168,-2.151,17.214,-11.314,22.417,28.235,0.862,-30.993,25.683,0,0,0,0,0.0,0.0,0.0,0.0,0.000,0
3,cylinder_stiff,3375,114.752,7.120,12.485,85.620,-10.643,-15.660,55.031,-19.580,13.235,3.207,-26.656,-8.423,-5.222,-10.922,14.185,31.395,-1.490,-26.289,21.575,0,0,0,0,0.0,0.0,0.0,0.0,0.000,0
3,cylinder_stiff,3400,114.752,12.412,23.853,69.188,1.901,-8.800,61.351,-18.992,13.823,13.635,-18.620,-7.051,7.418,-0.730,20.261,33.291,-10.898,-21.585,15.255,0,0,0,0,0.0,0.0,0.0,0.0,0.000,0
3,cylinder_stiff,3426,114.752,13.000,14.641,91.308,-5.351,-13.504,51.239,-22.520,12.647,13.635,-22.736,-9.011,5.522,-14.842,14.382,34.871,0.470,-16.097,20.627,0,0,0,0,0.0,0.0,0.0,0.0,0.000,0
3,cylinder_stiff,3451,114.752,16.528,1.509,75.824,-6.527,-14.092,38.283,-13.700,12.843,8.895,-28.028,-6.463,12.474,-18.958,21.829,37.715,-10.310,-17.273,26.631,0,0,0,0,0.0,0.0,0.0,0.0,0.000,0
3,cylinder_stiff,3477,114.664,13.196,8.761,64.764,-4.371,-18.012,54.399,-15.072,20.683,11.739,-22.344,1.769,11.526,-13.862,10.854,34.239,-3.842,-20.605,32.319,0,0,0,0,0.0,0.0,0.0,0.0,0.000,0
3,cylinder_stiff,3503,114.664,20.644,17.581,77.720,-5.547,-9.780,48.711,-17.816,10.295,11.423,-17.836,-14.695,4.258,-18.370,21.829,34.555,-5.606,-19.429,35.795,0,0,0,0,0.0,0.0,0.0,0.0,0.000,0
3,cylinder_stiff,3528,114.752,12.608,10.329,66.344,-2.215,-14.876,58.823,-20.364,8.139,11.739,-27.832,-4.111,6.470,-18.370,18.497,23.811,3.018,-11.001,21.575,0,0,0,0,0.0,0.0,0.0,0.0,0.000,0
3,cylinder_stiff,3553,114.752,5.944,7.585,72.980,-2.411,-16.640,52.503,-24.088,13.235,10.791,-9.800,-2.543,-2.062,-14.842,20.653,20.967,-2.274,-16.881,21.259,0,0,0,0,0.0,0.0,0.0,0.0,0.000,0
3,cylinder_stiff,3579,114.752,9.080,10.721,68.872,-1.039,-13.896,57.875,-25.460,7.355,6.999,-19.208,-16.459,14.686,-7.982,17.517,23.495,1.842,-20.213,24.735,0,0,0,0,0.0,0.0,0.0,0.0,0.000,0
3,cylinder_stiff,3605,114.752,19.664,12.877,69.820,-5.155,-17.228,57.243,-21.344,4.023,0.995,-21.560,-7.051,22.270,-12.882,10.461,28.551,-9.134,-22.369,27.579,0,0,0,0,0.0,0.0,0.0,0.0,0.000,0
3,cylinder_stiff,3631,114.664,15.548,4.841,69.188,5.233,-13.504,50.923,-19.384,17.743,6.051,-16.660,-9.991,5.206,-19.154,11.441,29.499,5.174,-20.801,6.091,0,0,0,0,0.0,0.0,0.0,0.0,0.000,0
3,cylinder_stiff,3657,114.752,7.708,3.469,92.256,-4.175,-11.348,48.079,-24.872,14.999,5.419,-30.184,-16.655,8.998,-16.018,22.809,31.711,0.470,-20.017,35.795,0,0,0,0,0.0,0.0,0.0,0.0,0.000,0
3,cylinder_stiff,3683,114.752,10.256,4.057,78.668,-10.839,-8.408,53.767,-21.932,11.667,13.319,-11.368,-11.755,-6.486,-14.254,23.397,21.599,-10.898,-14.921,32.951,0,0,0,0,0.0,0.0,0.0,0.0,0.000,0
3,cylinder_stiff,3709,114.752,6.140,11.113,71.400,-6.919,-12.132,48.395,-10.564,8.727,13.951,-23.324,-9.403,-1.114,-3.866,9.481,46.879,-1.490,-20.213,44.959,0,0,0,0,0.0,0.0,0.0,0.0,0.000,0
3,cylinder_stiff,3734,114.752,13.588,18.365,79.616,-4.175,-12.132,51.239,-26.832,14.411,9.527,-24.108,-4.111,0.150,-16.410,18.497,40.875,-5.410,-25.897,25.051,0,0,0,0,0.0,0.0,0.0,0.0,0.000,0
3,cylinder_stiff,3759,114.752,6.728,7.781,72.664,2.685,-10.760,53.135,-17.228,18.331,4.471,-17.836,-13.911,-9.962,-17.194,21.045,31.711,-8.742,-17.077,28.843,0,0,0,0,0.0,0.0,0.0,0.0,0.000,0
3,cylinder_stiff,3784,114.752,11.824,6.605,75.508,1.901,-10.368,47.447,-25.460,13.627,10.159,-28.812,-9.795,7.102,-21.898,7.326,36.451,3.410,-23.741,22.523,0,0,0,0,0.0,0.0,0.0,0.0,0.000,0
3,cylinder_stiff,3809,114.664,10.452,16.601,83.092,-8.879,-11.936,64.827,-21.736,10.295,15.215,-10.780,-9.795,0.466,-16.606,22.613,29.183,-3.450,-25.309,33.899,0,0,0,0,0.0,0.0,0.0,0.0,0.000,0
3,cylinder_stiff,3835,114.752,2.612,6.605,78.036,-4.959,-11.936,48.079,-25.264,9.315,3.839,-30.772,-14.499,9.946,-20.134,19.477,33.923,-6.782,-18.057,26.631,0,0,0,0,0.0,0.0,0.0,0.0,0.000,0
3,cylinder_stiff,3860,114.752,11.824,17.973,62.552,-4.567,-18.796,50.607,-17.032,15.391,15.531,-20.972,-6.463,2.362,-13.862,13.989,32.027,-5.214,-20.409,30.423,0,0,0,0,0.0,0.0,0.0,0.0,0.000,0
3,cylinder_stiff,3885,114.752,5.552,6.017,70.768,-5.743,-15.072,48.395,-18.012,16.763,11.423,-16.464,-0.779,6.786,-20.330,17.321,27.287,5.370,-17.077,26.947,0,0,0,0,0.0,0.0,0.0,0.0,0.000,0
3,cylinder_stiff,3910,114.664,16.136,23.853,84.672,-0.255,-10.564,58.191,-21.148,23.035,6.367,-31.752,-7.247,13.106,-23.270,13.009,26.023,-3.058,-19.037,35.479,0,0,0,0,0.0,0.0,0.0,0.0,0.000,0
3,cylinder_stiff,3936,114.664,9.276,6.017,78.352,-7.507,-19.776,59.771,-22.520,11.863,3.207,-17.444,-4.111,10.894,-13.078,16.341,36.451,3.998,-16.881,21.259,0,0,0,0,0.0,0.0,0.0,0.0,0.000,0
3,cylinder_stiff,3961,114.752,6.924,8.761,64.132,-4.567,-5.860,32.911,-29.380,13.823,2.575,-27.636,-6.659,5.206,-12.882,11.833,26.339,0.078,-21.781,39.271,0,0,0,0,0.0,0.0,0.0,0.0,0.000,0
3,cylinder_stiff,3986,114.752,14.176,7.781,81.196,-8.095,-9.780,45.551,-12.720,5.787,10.791,-21.364,-4.503,-4.274,-6.414,19.477,42.771,-5.214,-20.017,28.843,0,0,0,0,0.0,0.0,0.0,0.0,0.000,0
3,cylinder_stiff,4011,114.664,5.552,6.605,79.616,-1.431,-19.188,51.871,-21.932,14.215,8.579,-23.716,-15.479,5.838,-11.314,16.341,30.131,-2.862,-8.257,26.947,0,0,0,0,0.0,0.0,0.0,0.0,0.000,0
3,cylinder_stiff,4038,114.752,14.372,6.409,71.716,-2.215,-10.760,58.823,-18.600,14.607,2.575,-24.696,-3.131,7.102,-16.410,21.829,29.183,-11.878,-22.369,35.163,0,0,0,0,0.0,0.0,0.0,0.0,0.000,0
3,cylinder_stiff,4063,114.752,4.376,11.505,78.668,7.781,-19.188,65.143,-23.500,2.847,5.735,-22.148,-3.523,5.206,-12.882,22.809,27.603,0.862,-18.449,28.843,0,0,0,0,0.0,0.0,0.0,0.0,0.000,0
3,cylinder_stiff,4089,114.752,20.056,12.877,86.252,5.037,-10.564,62.299,-7.232,19.703,10.159,-19.012,-9.991,9.946,-14.254,14.969,30.763,-3.254,-23.153,18.099,0,0,0,0,0.0,0.0,0.0,0.0,0.000,0
3,cylinder_stiff,4114,114.664,10.648,0.137,65.712,-6.723,-16.444,36.071,-18.012,16.371,15.215,-20.188,-11.951,15.002,-4.454,15.361,30.131,-4.822,-21.977,21.891,0,0,0,0,0.0,0.0,0.0,0.0,0.000,0
3,cylinder_stiff,4140,114.664,8.296,13.465,84.040,1.313,-3.508,52.819,-12.916,6.571,9.843,-20.972,-6.855,6.154,-15.626,16.341,29.815,5.370,-19.037,42.747,0,0,0,0,0.0,0.0,0.0,0.0,0.000,0
3,cylinder_stiff,4165,114.752,16.724,12.485,89.412,-1.627,-13.504,53.767,-21.932,15.587,9.843,-21.560,-1.759,15.634,-14.254,18.105,26.655,-4.822,-19.821,22.207,0,0,0,0,0.0,0.0,0.0,0.0,0.000,0
3,cylinder_stiff,4191,114.752,-0.132,7.389,80.880,-7.115,-16.836,40.179,-16.052,14.215,19.639,-27.244,-12.539,12.474,-11.510,18.497,21.915,1.842,-16.881,25.051,0,0,0,0,0.0,0.0,0.0,0.0,0.000,0
3,cylinder_stiff,4217,114.752,2.416,8.369,86.252,-5.743,-11.348,43.655,-22.324,6.375,6.999,-23.324,-10.187,0.782,-19.154,19.085,32.343,-4.234,-19.037,20.627,0,0,0,0,0.0,0.0,0.0,0.0,0.000,0
3,cylinder_stiff,4243,114.752,13.588,14.641,74.876,0.921,-6.252,52.187,-18.012,15.195,16.479,-24.304,-3.131,2.362,-23.662,16.341,35.187,-2.470,-15.313,28.211,0,0,0,0,0.0,0.0,0.0,0.0,0.000,0
3,cylinder_stiff,4268,114.752,16.136,12.485,86.568,-9.075,-11.348,51.871,-18.796,10.491,16.479,-17.248,-13.715,5.522,-8.374,12.813,19.387,-2.274,-18.449,25.051,0,0,0,0,0.0,0.0,0.0,0.0,0.000,0
3,cylinder_stiff,4294,114.664,11.432,5.821,84.356,-2.019,-13.700,62.615,-21.932,13.431,16.163,-29.008,-5.483,5.522,-11.902,12.029,18.123,-5.214,-25.309,24.103,0,0,0,0,0.0,0.0,0.0,0.0,0.000,0
3,cylinder_stiff,4326,114.752,14.960,12.289,79.616,-2.803,-14.484,49.659,-19.384,14.803,4.787,-13.132,-14.303,2.678,-4.454,20.261,22.231,-9.134,-25.113,25.999,0,0,0,0,0.0,0.0,0.0,0.0,0.000,0
3,cylinder_stiff,4352,114.752,9.080,0.725,64.448,-3.783,-11.740,56.611,-13.112,20.095,10.159,-25.088,-8.423,15.950,-16.606,17.713,27.603,7.918,-23.741,37.059,0,0,0,0,0.0,0.0,0.0,0.0,0.000,0
3,cylinder_stiff,4378,114.752,7.708,10.133,82.144,-5.547,-6.840,55.663,-23.892,20.683,4.787,-24.108,-10.383,-0.166,-18.566,16.537,27.603,-2.666,-11.197,33.583,0,0,0,0,0.0,0.0,0.0,0.0,0.000,0
3,cylinder_stiff,4404,114.664,10.844,9.545,78.352,-4.175,-10.172,55.347,-14.484,20.095,14.583,-27.832,-14.303,14.370,-6.022,21.437,29.183,-5.410,-23.153,19.679,0,0,0,0,0.0,0.0,0.0,0.0,0.000,0
3,cylinder_stiff,4430,114.752,17.900,7.585,78.036,-11.819,-22.716,53.767,-22.912,19.703,10.475,-17.248,-17.243,11.210,-12.686,17.910,32.343,-5.410,-18.449,32.003,0,0,0,0,0.0,0.0,0.0,0.0,0.000,0
3,cylinder_stiff,4456,114.752,11.628,8.761,74.560,-10.251,-14.288,53.135,-22.324,7.551,8.895,-37.632,-13.127,5.838,-17.978,19.869,33.291,5.762,-12.373,20.943,0,0,0,0,0.0,0.0,0.0,0.0,0.000,0
3,cylinder_stiff,4481,114.752,5.748,2.097,80.248,-5.743,-6.644,43.971,-21.736,13.627,10.159,-17.836,-5.483,13.738,-16.410,18.497,16.543,-2.274,-25.309,24.735,0,0,0,0,0.0,0.0,0.0,0.0,0.000,0
3,cylinder_stiff,4508,114.752,15.156,18.561,77.404,-4.763,-17.620,51.555,-21.344,5.983,14.267,-20.188,-13.127,12.474,-8.178,18.301,37.715,-8.154,-20.801,32.951,0,0,0,0,0.0,0.0,0.0,0.0,0.000,0
3,cylinder_stiff,4533,114.752,16.528,6.997,74.244,-10.643,-11.740,51.555,-19.972,10.491,9.211,-22.736,-3.327,17.530,-15.038,19.085,36.451,3.998,-10.413,20.311,0,0,0,0,0.0,0.0,0.0,0.0,0.000,0
3,cylinder_stiff,4559,114.664,9.668,12.877,83.724,-4.371,-15.660,54.083,-18.600,17.939,9.843,-29.204,-9.403,2.046,-19.350,6.737,35.819,1.842,-21.977,33.583,0,0,0,0,0.0,0.0,0.0,0.0,0.000,0
3,cylinder_stiff,4584,114.752,18.096,7.585,75.508,1.509,-17.816,51.871,-12.720,12.843,13.635,-18.032,-0.975,5.838,-9.942,19.673,39.927,0.666,-16.293,15.255,0,0,0,0,0.0,0.0,0.0,0.0,0.000,0
3,cylinder_stiff,4610,114.752,6.728,4.841,71.084,-2.999,-10.172,53.451,-20.560,12.059,12.687,-31.752,-8.815,2.046,-11.510,15.949,23.179,-3.450,-13.745,28.843,0,0,0,0,0.0,0.0,0.0,0.0,0.000,0
3,cylinder_stiff,4635,114.752,5.748,10.329,80.880,-11.819,-23.108,48.079,-18.796,13.627,11.107,-15.484,-13.323,9.314,-14.058,16.733,41.191,-2.862,-14.725,37.691,0,0,0,0,0.0,0.0,0.0,0.0,0.000,0
3,cylinder_stiff,4661,114.752,11.628,1.901,74.560,-2.019,-12.916,51.871,-19.384,10.295,12.055,-7.644,-8.031,8.998,-5.238,17.321,27.603,-3.254,-14.333,13.359,0,0,0,0,0.0,0.0,0.0,0.0,0.000,0
3,cylinder_stiff,4686,114.752,17.704,9.741,77.720,-8.487,-6.644,45.551,-21.540,18.331,-1.217,-34.104,-17.439,3.942,-17.194,19.869,29.815,-0.706,-18.645,32.003,0,0,0,0,0.0,0.0,0.0,0.0,0.000,0
3,cylinder_stiff,4711,114.664,7.316,13.857,82.144,-6.919,-0.764,61.351,-22.128,22.839,19.007,-16.072,-8.227,2.046,-13.078,17.713,43.719,-3.842,-17.469,32.635,0,0,0,0,0.0,0.0,0.0,0.0,0.000,0
3,cylinder_stiff,4738,114.752,15.352,9.741,75.192,-5.547,-7.820,60.403,-18.012,4.415,5.735,-19.012,-12.735,1.730,-7.002,22.809,26.339,-0.706,-18.841,17.151,0,0,0,0,0.0,0.0,0.0,0.0,0.000,0
3,cylinder_stiff,4763,114.664,5.748,11.505,74.876,-10.839,-14.092,52.187,-21.148,15.783,20.587,-21.168,-12.539,16.266,-3.866,12.029,32.343,0.078,-21.389,26.947,0,0,0,0,0.0,0.0,0.0,0.0,0.000,0
3,cylinder_stiff,4788,114.752,1.044,4.449,69.188,-4.175,-23.500,48.395,-15.268,10.099,14.583,-21.756,-5.287,9.946,-16.214,6.345,40.243,-3.058,-19.625,33.899,0,0,0,0,0.0,0.0,0.0,0.0,0.000,0
3,cylinder_stiff,4813,114.664,14.568,8.565,86.568,4.057,-12.132,31.331,-23.108,9.903,-0.585,-26.264,-16.263,16.266,-12.098,19.085,32.027,-3.842,-16.685,18.099,0,0,0,0,0.0,0.0,0.0,0.0,0.000,0
3,cylinder_stiff,4839,114.752,8.688,3.273,74.244,-8.683,-11.152,48.711,-21.540,9.903,19.323,-22.344,-6.463,8.998,-7.786,21.241,34.239,-2.078,-32.757,27.263,0,0,0,0,0.0,0.0,0.0,0.0,0.000,0
3,cylinder_stiff,4864,114.752,17.900,18.757,69.504,-3.195,-14.484,48.711,-27.028,13.039,12.687,-24.108,-6.071,18.162,-19.350,26.141,35.187,-3.254,-18.253,24.419,0,0,0,0,0.0,0.0,0.0,0.0,0.000,0
3,cylinder_stiff,4889,114.752,13.196,4.057,85.620,-1.823,-10.956,57.243,-20.168,9.119,9.527,-17.248,-10.971,12.474,-8.178,17.713,28.235,-10.310,-25.897,28.211,0,0,0,0,0.0,0.0,0.0,0.0,0.000,0
3,cylinder_stiff,4914,114.664,10.256,16.993,77.088,-0.059,-19.384,51.555,-13.308,17.743,17.743,-15.876,-8.423,10.894,-14.646,16.341,34.239,-2.078,-14.529,14.623,0,0,0,0,0.0,0.0,0.0,0.0,0.000,0
3,cylinder_stiff,4940,114.752,10.844,7.193,77.720,1.117,-10.368,55.663,-8.408,18.135,15.847,-23.128,-4.503,3.942,-5.434,13.205,29.183,4.586,-19.429,15.255,0,0,0,0,0.0,0.0,0.0,0.0,0.000,0
3,cylinder_stiff,4965,114.664,5.160,11.505,78.352,1.705,-11.936,46.183,-18.208,10.099,-2.481,-27.832,-2.935,7.418,-9.550,18.105,26.023,-4.234,-17.273,22.523,0,0,0,0,0.0,0.0,0.0,0.0,0.000,0
3,cylinder_stiff,4991,114.752,11.432,16.797,72.664,-5.743,-26.636,49.343,-16.444,22.055,13.951,-23.324,-11.559,-4.274,-10.530,17.125,28.235,-1.294,-18.645,30.107,0,0,0,0,0.0,0.0,0.0,0.0,0.000,0
4,cylinder_stiff,6,60.368,6.140,1.313,59.392,-7.311,-16.248,52.819,-16.640,19.507,12.687,-25.088,-12.343,6.470,-0.338,16.537,26.339,-0.706,-21.977,18.099,0,0,0,0,0.0,0.0,0.0,0.0,0.000,0
4,cylinder_stiff,31,60.544,-5.620,-2.019,25.580,-6.135,7.076,21.851,-8.016,6.767,-9.117,-4.312,2.161,-17.862,-5.630,0.270,-13.477,2.822,0.367,-10.341,0,0,0,0,0.0,0.0,0.0,0.0,0.000,0
4,cylinder_stiff,56,61.160,-3.660,3.665,28.108,-2.999,2.372,24.063,-3.116,6.375,-13.857,11.172,-3.523,-22.918,-7.786,-2.083,-32.121,-10.114,-12.765,-17.925,0,0,0,0,0.0,0.0,0.0,0.0,0.000,0
4,cylinder_stiff,82,62.128,-10.128,-0.647,33.480,-4.371,-4.096,18.375,-5.664,-0.877,-19.545,1.568,-7.051,-17.862,-5.238,0.661,-22.957,-4.626,1.347,-16.977,0,0,0,0,0.0,0.0,0.0,0.0,0.000,0
4,cylinder_stiff,107,63.272,4.964,-4.371,24.948,-4.567,-2.528,8.263,-2.332,-3.033,-7.221,-6.076,-3.327,-8.066,-4.258,7.326,-20.113,-4.626,-7.669,-0.545,0,0,0,0,0.0,0.0,0.0,0.0,0.000,0
4,cylinder_stiff,132,64.504,-1.700,1.313,33.164,-8.487,-1.548,6.051,1.588,4.219,-10.697,7.252,-7.247,-31.450,-1.318,3.405,-31.173,1.842,-4.925,-19.821,0,0,0,0,0.0,0.0,0.0,0.0,0.000,0
4,cylinder_stiff,158,65.824,0.652,-8.683,31.268,-4.959,5.508,10.475,-9.388,-2.249,-20.177,-0.392,-2.935,-13.122,-3.082,0.661,-23.273,4.978,-8.649,-17.609,0,0,0,0,0.0,0.0,0.0,0.0,0.000,0
4,cylinder_stiff,183,67.320,6.140,-2.607,36.640,-3.195,-1.548,14.583,-2.724,4.611,-13.857,4.116,-3.719,-16.282,3.778,8.305,-22.325,-3.254,-1.397,-16.029,0,0,0,0,0.0,0.0,0.0,0.0,0.000,0
4,cylinder_stiff,209,68.728,-5.424,0.529,24.632,-5.939,-8.408,1.311,4.528,3.043,-11.961,6.468,-2.739,-2.378,0.250,6.345,-12.845,-4.038,-6.297,-10.973,0,0,0,0,0.0,0.0,0.0,0.0,0.000,0
4,cylinder_stiff,234,70.224,-0.328,6.213,32.532,-10.447,-7.624,21.219,7.272,2.455,-16.069,-8.820,-2.347,-10.910,-0.534,5.365,-27.065,5.762,-3.749,-7.497,0,0,0,0,0.0,0.0,0.0,0.0,0.000,0
4,cylinder_stiff,260,71.632,-0.132,-5.939,26.212,-6.723,0.608,19.955,-4.096,7.355,-20.177,9.800,-1.367,-16.598,6.130,-5.611,-16.953,-7.566,-2.181,-15.397,0,0,0,0,0.0,0.0,0.0,0.0,0.000,0
4,cylinder_stiff,285,73.128,-9.344,-6.919,41.380,-5.547,-1.548,10.475,-2.528,-3.229,-16.385,3.920,-9.599,-19.442,2.406,-1.103,-17.901,-3.450,-6.885,-15.081,0,0,0,0,0.0,0.0,0.0,0.0,0.000,0
4,cylinder_stiff,311,74.624,-4.444,-6.135,29.688,-2.019,-7.624,15.215,-5.272,2.063,-19.861,9.604,-1.171,-9.014,0.642,-4.631,-15.689,-1.490,-16.489,-2.441,0,0,0,0,0.0,0.0,0.0,0.0,0.000,0
4,cylinder_stiff,336,76.208,-2.484,-1.823,28.424,-12.603,-4.488,19.955,-5.664,8.727,-12.593,-7.056,1.181,-8.382,11.618,-0.123,-21.693,4.194,-28.837,2.615,0,0,0,0,0.0,0.0,0.0,0.0,0.000,0
4,cylinder_stiff,362,77.616,2.416,-8.683,35.376,5.625,-4.684,29.119,-2.724,6.767,-11.961,-4.312,-7.443,-9.962,-5.826,4.581,-10.949,-1.490,-10.413,7.039,0,0,0,0,0.0,0.0,0.0,0.0,0.000,0
4,cylinder_stiff,387,79.112,-0.916,0.529,32.216,-12.015,-2.136,20.903,-9.388,3.239,-17.333,-0.784,-7.835,-16.282,1.818,-0.711,-29.593,-1.098,-9.237,-4.337,0,0,0,0,0.0,0.0,0.0,0.0,0.000,0
4,cylinder_stiff,413,80.608,-3.464,-0.255,35.060,-8.291,-6.644,13.319,-10.172,6.767,-14.173,1.568,-5.483,-25.130,0.054,-9.531,4.851,1.254,-9.237,-6.233,0,0,0,0,0.0,0.0,0.0,0.0,0.000,0
4,cylinder_stiff,438,82.192,-2.680,-8.487,44.856,3.077,-11.152,11.423,-0.960,5.003,-8.801,3.920,-0.975,-15.966,0.642,1.445,-3.365,-1.098,-12.569,11.779,0,0,0,0,0.0,0.0,0.0,0.0,0.000,0
4,cylinder_stiff,464,83.688,-9.148,-7.311,39.484,0.333,-7.428,22.167,-3.116,6.375,-15.121,-6.468,-12.343,-0.798,0.838,-2.671,-22.009,2.626,-24.133,-6.865,0,0,0,0,0.0,0.0,0.0,0.0,0.000,0
4,cylinder_stiff,489,85.184,3.592,0.725,28.740,3.077,-17.424,22.799,-3.116,7.551,-16.385,-0.392,-2.543,-7.118,0.054,-2.475,-15.689,-1.882,-20.409,-4.021,0,0,0,0,0.0,0.0,0.0,0.0,0.000,0
4,cylinder_stiff,515,86.680,-0.720,-1.431,42.644,-2.019,-7.036,32.279,-10.172,7.159,-7.221,-0.784,6.277,-15.650,-1.906,-1.299,0.111,-0.510,-23.937,1.035,0,0,0,0,0.0,0.0,0.0,0.0,0.000,0
4,cylinder_stiff,540,88.176,-8.952,-5.547,41.380,-15.543,-16.052,26.907,-6.056,2.847,-2.797,0.000,-9.599,-6.486,-6.414,-2.083,-4.945,-2.862,-22.369,5.459,0,0,0,0,0.0,0.0,0.0,0.0,0.000,0
4,cylinder_stiff,566,89.760,-5.228,-3.783,36.324,-0.059,-23.500,22.167,-2.136,9.119,-17.649,-3.724,-6.463,6.786,5.542,-2.475,-10.633,5.958,-21.585,1.035,0,0,0,0,0.0,0.0,0.0,0.0,0.000,0
4,cylinder_stiff,592,91.256,-5.816,-5.743,45.804,-8.879,-8.408,31.647,-9.976,1.475,-6.905,-3.136,-8.031,-4.590,5.346,5.953,-15.373,-2.078,-13.157,12.095,0,0,0,0,0.0,0.0,0.0,0.0,0.000,0
4,cylinder_stiff,618,92.840,1.828,-7.311,48.964,-5.939,-14.092,45.235,-8.408,15.391,2.575,7.840,-1.563,-11.226,9.854,8.305,-6.525,6.938,-16.097,4.195,0,0,0,0,0.0,0.0,0.0,0.0,0.000,0
4,cylinder_stiff,643,94.248,-1.504,-2.803,48.332,-12.799,-17.032,39.863,-4.488,11.275,-11.645,8.036,-3.915,-4.590,-2.886,-9.531,-8.421,-8.546,-20.605,14.623,0,0,0,0,0.0,0.0,0.0,0.0,0.000,0
4,cylinder_stiff,668,95.744,0.848,-4.763,44.224,-2.999,-10.956,34.175,-11.936,5.983,-18.281,0.196,-10.187,7.418,-1.318,2.033,-7.157,-1.490,-21.585,21.575,0,0,0,0,0.0,0.0,0.0,0.0,0.000,0
4,cylinder_stiff,693,97.240,-8.756,-4.371,60.024,-5.351,-22.128,39.231,-5.664,11.471,3.523,1.176,-11.755,-15.334,8.090,3.798,-7.473,-1.882,-26.485,-5.601,0,0,0,0,0.0,0.0,0.0,0.0,0.000,0
4,cylinder_stiff,719,98.736,3.984,2.685,65.080,-4.371,-15.072,43.023,-10.172,11.667,3.207,3.724,-14.499,-2.378,-5.826,2.621,3.903,-3.646,-25.113,13.675,0,0,0,0,0.0,0.0,0.0,0.0,0.000,0
4,cylinder_stiff,744,100.320,4.768,-10.447,52.756,-7.115,-10.368,40.179,-0.176,6.767,1.311,-9.996,-17.439,-5.222,-11.902,1.249,0.743,0.862,-12.765,6.407,0,0,0,0,0.0,0.0,0.0,0.0,0.000,0
4,cylinder_stiff,770,101.816,-2.876,0.137,62.552,-3.391,-16.640,49.343,-17.620,-0.093,0.047,-2.940,-7.051,-9.646,5.542,5.169,23.811,-0.706,-20.213,27.263,0,0,0,0,0.0,0.0,0.0,0.0,0.000,0
4,cylinder_stiff,796,103.312,-3.072,2.489,51.176,4.253,-15.464,34.175,-9.388,13.235,2.259,6.664,-11.363,-9.330,-6.022,9.089,5.799,9.682,-33.933,15.887,0,0,0,0,0.0,0.0,0.0,0.0,0.000,0
4,cylinder_stiff,822,104.808,1.044,-2.411,65.080,-2.019,-19.972,36.387,-11.544,8.139,-1.217,-7.840,-4.111,-10.910,-7.786,0.465,3.271,8.114,-21.977,20.943,0,0,0,0,0.0,0.0,0.0,0.0,0.000,0
4,cylinder_stiff,847,106.392,-1.504,0.333,47.068,-0.647,-9.192,47.447,-8.212,19.115,7.315,-9.016,-5.287,8.050,-5.434,10.069,2.955,-0.706,-19.429,25.051,0,0,0,0,0.0,0.0,0.0,0.0,0.000,0
4,cylinder_stiff,873,107.888,1.632,10.525,73.296,-8.683,-16.052,43.971,-17.816,4.023,16.795,-12.348,-1.171,-1.430,-11.706,10.265,10.539,-6.782,-27.661,10.515,0,0,0,0,0.0,0.0,0.0,0.0,0.000,0
4,cylinder_stiff,898,109.384,5.944,5.625,73.612,-5.743,-20.364,54.083,-27.028,11.471,3.523,-10.780,-3.523,-4.274,-8.570,14.382,21.599,6.742,-14.137,11.779,0,0,0,0,0.0,0.0,0.0,0.0,0.000,0
4,cylinder_stiff,924,110.792,12.608,0.921,72.980,4.841,-8.800,52.187,-8.408,15.979,12.687,-19.404,-14.891,-5.222,-6.414,10.461,33.923,5.174,-10.217,35.163,0,0,0,0,0.0,0.0,0.0,0.0,0.000,0
4,cylinder_stiff,949,112.288,7.904,11.113,77.720,-3.391,-9.976,38.283,-15.856,14.999,7.947,-21.560,-8.815,8.682,-0.926,18.889,27.603,-0.510,-28.641,33.583,0,0,0,0,0.0,0.0,0.0,0.0,0.000,0
4,cylinder_stiff,974,113.432,10.060,10.721,73.928,-3.195,-9.192,55.663,-21.540,11.667,12.371,-16.660,-1.367,12.474,-14.058,15.949,31.711,-2.274,-22.565,22.523,0,0,0,0,0.0,0.0,0.0,0.0,0.000,0
4,cylinder_stiff,999,113.960,8.100,12.485,100.156,-2.607,-20.756,55.663,-18.404,15.783,10.791,-20.384,-1.759,1.414,-9.746,15.165,33.291,-8.154,-23.545,28.211,0,0,0,0,0.0,0.0,0.0,0.0,0.000,0
4,cylinder_stiff,1024,114.400,9.864,10.525,76.140,-4.371,-8.408,39.547,-20.364,17.743,6.999,-18.620,-4.895,3.626,-11.706,20.849,15.595,-3.646,-13.745,28.527,0,0,0,0,0.0,0.0,0.0,0.0,0.000,0
4,cylinder_stiff,1050,114.576,3.788,15.817,82.460,-8.095,-22.520,49.975,-24.676,15.783,16.479,-29.204,-3.131,17.214,-13.470,13.597,31.711,-4.430,-15.509,11.147,0,0,0,0,0.0,0.0,0.0,0.0,0.000,0
4,cylinder_stiff,1076,114.664,12.216,10.721,81.828,-3.783,-17.424,47.447,-16.248,10.883,13.635,-23.520,-3.523,25.114,-22.486,22.221,27.287,-4.038,-30.797,25.999,0,0,0,0,0.0,0.0,0.0,0.0,0.000,0
4,cylinder_stiff,1101,114.664,15.156,10.329,76.456,-6.919,-18.012,57.243,-14.092,16.371,2.259,-21.560,-8.619,1.098,-9.354,13.205,38.979,-1.686,-20.605,18.731,0,0,0,0,0.0,0.0,0.0,0.0,0.000,0
4,cylinder_stiff,1126,114.664,7.512,2.293,81.512,-7.115,-10.956,51.871,-24.480,11.471,8.579,-35.084,-7.835,1.414,-14.254,19.673,33.607,3.018,-26.093,38.323,0,0,0,0,0.0,0.0,0.0,0.0,0.000,0
4,cylinder_stiff,1151,114.752,13.784,10.329,78.036,3.273,-14.484,43.971,-17.816,16.763,27.539,-20.384,-11.363,6.470,-21.506,17.910,26.023,-5.214,-27.073,24.103,0,0,0,0,0.0,0.0,0.0,0.0,0.000,0
4,cylinder_stiff,1176,114.664,8.884,11.897,75.192,-9.271,-14.876,56.927,-18.600,14.411,17.111,-21.952,-7.639,16.266,-13.862,28.689,37.715,-2.470,-21.389,27.263,0,0,0,0,0.0,0.0,0.0,0.0,0.000,0
4,cylinder_stiff,1201,114.752,16.920,11.505,90.044,-12.407,-16.248,44.603,-22.716,15.391,10.475,-22.148,-2.739,2.362,-15.822,19.085,19.387,-0.314,-16.685,25.051,0,0,0,0,0.0,0.0,0.0,0.0,0.000,0
4,cylinder_stiff,1226,114.752,19.664,14.837,74.244,-2.803,-17.620,47.763,-22.716,6.767,21.851,-29.596,-10.579,9.946,-6.022,16.929,33.291,-9.134,-25.309,23.155,0,0,0,0,0.0,0.0,0.0,0.0,0.000,0
4,cylinder_stiff,1251,114.752,8.492,4.253,78.984,-11.035,-15.268,52.819,-16.052,13.627,-2.481,-22.736,-8.815,9.630,-10.138,24.769,26.339,-2.274,-18.449,28.843,0,0,0,0,0.0,0.0,0.0,0.0,0.000,0
4,cylinder_stiff,1276,114.664,13.980,11.309,66.976,-10.055,-5.076,47.763,-21.344,14.019,-3.113,-21.560,-0.191,5.838,-10.530,13.597,35.819,-5.606,-23.153,14.623,0,0,0,0,0.0,0.0,0.0,0.0,0.000,0
4,cylinder_stiff,1302,114.752,9.668,10.721,80.564,-5.351,-20.364,50.607,-23.108,16.371,17.743,-28.224,-12.931,2.362,-17.586,18.105,38.031,-0.706,-23.153,22.839,0,0,0,0,0.0,0.0,0.0,0.0,0.000,0
4,cylinder_stiff,1328,114.752,16.136,11.113,73.928,-6.135,-14.680,46.499,-21.736,11.471,8.579,-35.280,-9.795,2.994,-14.254,21.241,30.447,-2.274,-20.997,27.263,0,0,0,0,0.0,0.0,0.0,0.0,0.000,0
4,cylinder_stiff,1353,114.752,8.100,-1.039,84.988,6.605,-12.132,67.355,-16.248,11.275,16.163,-15.092,1.377,5.206,-6.218,15.557,20.651,2.430,-32.169,22.207,0,0,0,0,0.0,0.0,0.0,0.0,0.000,0
4,cylinder_stiff,1378,114.664,21.232,4.057,85.936,2.685,-16.052,45.867,-24.088,6.963,-9.433,-28.028,-7.835,11.210,-10.922,22.221,26.339,-0.706,-17.469,38.323,0,0,0,0,0.0,0.0,0.0,0.0,0.000,0
4,cylinder_stiff,1403,114.664,9.864,6.801,72.980,-0.255,-11.936,57.875,-25.656,9.903,7.631,-20.580,-5.091,12.158,-7.394,19.673,28.235,-0.118,-16.489,18.099,0,0,0,0,0.0,0.0,0.0,0.0,0.000,0
4,cylinder_stiff,1428,114.664,12.608,9.545,80.564,-0.255,-17.032,62.615,-25.460,11.079,15.847,-34.300,-2.739,21.006,-13.078,14.185,30.447,-6.390,-20.409,27.263,0,0,0,0,0.0,0.0,0.0,0.0,0.000,0
4,cylinder_stiff,1453,114.664,12.804,2.685,81.828,-3.391,-9.976,44.919,-20.168,15.391,13.003,-31.164,-16.263,12.474,-17.390,23.005,32.343,-0.510,-20.213,30.423,0,0,0,0,0.0,0.0,0.0,0.0,0.000,0
4,cylinder_stiff,1478,114.664,5.356,11.309,77.404,5.625,-7.624,55.031,-13.308,5.199,17.111,-20.188,-4.699,10.578,-16.802,16.733,31.079,-6.194,-29.817,32.003,0,0,0,0,0.0,0.0,0.0,0.0,0.000,0
4,cylinder_stiff,1503,114.752,13.784,8.957,69.188,-2.215,-20.168,43.339,-13.896,21.663,12.687,-20.972,-13.323,-8.382,-11.510,18.693,27.287,-15.210,-17.861,38.639,0,0,0,0,0.0,0.0,0.0,0.0,0.000,0
4,cylinder_stiff,1528,114.752,8.492,9.545,83.724,-8.683,-16.248,48.395,-17.228,17.743,9.843,-20.188,-10.775,11.842,-8.570,23.593,34.555,-11.290,-21.193,27.579,0,0,0,0,0.0,0.0,0.0,0.0,0.000,0
4,cylinder_stiff,1553,114.752,1.044,4.057,62.552,-7.703,-14.484,46.499,-17.032,14.215,12.055,-21.952,-18.223,8.998,-13.666,15.165,27.919,-0.314,-20.017,21.259,0,0,0,0,0.0,0.0,0.0,0.0,0.000,0
4,cylinder_stiff,1579,114.664,10.452,9.937,71.400,-3.587,-18.796,64.511,-15.268,11.863,14.267,-18.424,-5.287,0.150,-13.274,15.557,31.711,-7.370,-11.981,23.155,0,0,0,0,0.0,0.0,0.0,0.0,0.000,0
4,cylinder_stiff,1604,114.752,13.196,9.349,84.356,-1.627,-10.172,59.455,-19.188,17.743,3.839,-22.148,-10.579,5.838,-19.154,12.029,23.179,-1.294,-19.037,34.215,0,0,0,0,0.0,0.0,0.0,0.0,0.000,0
4,cylinder_stiff,1630,114.752,6.728,8.761,75.508,-4.567,-13.112,33.859,-20.364,14.803,27.855,-28.224,-10.187,6.470,-13.078,22.613,43.719,-1.490,-19.625,29.791,0,0,0,0,0.0,0.0,0.0,0.0,0.000,0
4,cylinder_stiff,1656,114.664,6.532,5.821,78.668,-4.959,-11.936,54.399,-24.480,7.551,16.795,-22.540,-15.479,8.998,-12.882,18.301,27.287,-3.450,-20.997,18.099,0,0,0,0,0.0,0.0,0.0,0.0,0.000,0
4,cylinder_stiff,1681,114.752,13.980,6.997,82.460,-0.843,-10.172,48.395,-21.736,10.883,15.531,-24.108,-11.167,12.474,-11.706,26.729,24.759,-2.078,-27.269,33.583,0,0,0,0,0.0,0.0,0.0,0.0,0.000,0
4,cylinder_stiff,1706,114.752,7.316,8.761,74.560,-3.587,-12.720,55.031,-26.048,12.059,10.159,-29.204,-6.071,3.310,-15.038,11.245,27.919,3.018,-20.801,6.723,0,0,0,0,0.0,0.0,0.0,0.0,0.000,0
4,cylinder_stiff,1731,114.664,15.352,11.897,78.036,-3.783,-18.404,57.875,-26.048,19.703,13.319,-25.088,0.593,0.782,-11.314,20.849,23.811,-4.234,-17.665,26.631,0,0,0,0,0.0,0.0,0.0,0.0,0.000,0
4,cylinder_stiff,1757,114.752,17.900,7.781,75.824,2.293,-14.092,38.915,-17.620,9.315,5.735,-29.400,-14.499,8.998,-14.842,19.085,48.459,-1.294,-17.665,18.099,0,0,0,0,0.0,0.0,0.0,0.0,0.000,0
4,cylinder_stiff,1782,114.752,12.216,16.993,77.720,-10.839,-14.092,54.083,-24.480,16.175,13.635,-21.364,-8.815,14.054,-15.038,22.417,43.087,-1.490,-27.073,22.839,0,0,0,0,0.0,0.0,0.0,0.0,0.000,0
4,cylinder_stiff,1807,114.752,10.844,0.529,67.924,10.329,-17.816,55.031,-23.108,12.843,4.155,-21.168,-12.147,1.098,-11.706,14.577,27.919,0.470,-16.293,25.999,0,0,0,0,0.0,0.0,0.0,0.0,0.000,0
4,cylinder_stiff,1832,114.752,14.764,12.289,77.088,-8.879,-9.976,45.235,-19.972,11.667,17.427,-25.480,-8.815,15.002,-1.906,15.165,41.507,-1.098,-30.405,22.523,0,0,0,0,0.0,0.0,0.0,0.0,0.000,0
4,cylinder_stiff,1857,114.752,10.844,4.645,74.876,1.509,-15.072,50.291,-24.480,19.899,9.211,-25.676,-14.891,2.678,-11.118,17.910,26.971,-8.938,-25.701,10.831,0,0,0,0,0.0,0.0,0.0,0.0,0.000,0
4,cylinder_stiff,1883,114.752,3.788,7.585,81.828,-9.075,-24.088,54.715,-19.188,10.099,12.371,-23.324,-8.227,-3.326,-15.234,22.417,25.707,6.350,-19.625,28.211,0,0,0,0,0.0,0.0,0.0,0.0,0.000,0
4,cylinder_stiff,1908,114.664,10.844,12.485,70.452,-5.743,-13.112,52.187,-14.484,12.451,7.947,-20.776,-11.167,-0.798,-14.254,19.869,34.239,-5.214,-19.625,25.999,0,0,0,0,0.0,0.0,0.0,0.0,0.000,0
4,cylinder_stiff,1933,114.752,13.980,14.837,66.976,-8.291,-16.836,43.023,-23.696,14.607,9.843,-19.796,-5.483,20.374,-12.294,17.517,19.387,-3.450,-25.113,19.995,0,0,0,0,0.0,0.0,0.0,0.0,0.000,0
4,cylinder_stiff,1958,114.664,14.372,9.741,76.772,1.313,-15.660,59.771,-24.284,18.527,16.795,-23.716,-13.127,10.262,-1.906,24.573,32.659,-2.666,-10.805,34.531,0,0,0,0,0.0,0.0,0.0,0.0,0.000,0
4,cylinder_stiff,1983,114.664,6.728,12.877,95.732,0.725,-10.172,43.655,-12.132,6.375,19.007,-24.892,-9.207,4.258,-17.978,12.617,34.555,-1.490,-15.313,21.259,0,0,0,0,0.0,0.0,0.0,0.0,0.000,0
4,cylinder_stiff,2008,114.752,14.568,8.957,76.140,-2.411,-14.876,50.923,-15.660,17.939,13.951,-26.264,-10.579,12.158,-16.998,25.161,35.187,0.274,-17.861,32.003,0,0,0,0,0.0,0.0,0.0,0.0,0.000,0
4,cylinder_stiff,2033,114.752,-0.132,11.701,77.404,-6.527,-13.308,46.499,-18.992,15.979,9.527,-21.952,-9.599,7.734,-17.586,16.537,25.707,-6.194,-25.113,31.055,0,0,0,0,0.0,0.0,0.0,0.0,0.000,0
4,cylinder_stiff,2058,114.752,8.296,12.485,75.508,-2.607,-5.272,49.659,-20.364,8.727,4.471,-25.088,-12.931,3.942,-17.194,13.401,31.079,4.390,-15.901,36.743,0,0,0,0,0.0,0.0,0.0,0.0,0.000,0
4,cylinder_stiff,2083,114.752,9.276,6.605,78.668,8.369,-13.112,46.183,-19.188,6.767,11.739,-19.796,-7.051,6.786,-10.726,15.753,35.187,-2.078,-16.097,11.463,0,0,0,0,0.0,0.0,0.0,0.0,0.000,0
4,cylinder_stiff,2108,114.664,11.040,13.073,72.348,1.901,-19.384,43.339,-9.780,3.043,8.895,-21.560,-11.951,5.522,-12.294,15.949,32.975,5.566,-24.525,36.427,0,0,0,0,0.0,0.0,0.0,0.0,0.000,0
4,cylinder_stiff,2134,114.664,12.608,4.841,82.144,6.213,-19.580,56.295,-20.168,27.151,-1.849,-23.716,-5.091,-6.486,-14.058,21.829,28.235,-1.490,-8.845,33.899,0,0,0,0,0.0,0.0,0.0,0.0,0.000,0
4,cylinder_stiff,2159,114.664,16.920,6.017,77.088,-6.135,-10.564,44.603,-6.840,18.527,16.479,-17.444,-21.947,12.790,-12.098,19.085,28.235,2.626,-17.665,26.947,0,0,0,0,0.0,0.0,0.0,0.0,0.000,0
4,cylinder_stiff,2184,114.752,14.960,9.937,80.880,-12.799,-6.644,49.975,-13.504,11.471,14.267,-25.284,-14.695,-0.482,-15.626,18.889,26.023,-2.862,-28.641,23.787,0,0,0,0,0.0,0.0,0.0,0.0,0.000,0
4,cylinder_stiff,2209,114.664,5.748,2.293,75.192,-4.959,-17.032,53.135,-12.916,10.687,3.207,-20.972,-2.151,1.414,-12.294,19.477,38.347,7.134,-17.861,29.791,0,0,0,0,0.0,0.0,0.0,0.0,0.000,0
4,cylinder_stiff,2234,114.752,2.220,7.977,70.452,-10.251,-10.564,47.131,-19.972,17.743,15.215,-20.384,-4.895,12.158,-8.962,22.613,39.611,3.998,-22.957,14.939,0,0,0,0,0.0,0.0,0.0,0.0,0.000,0
4,cylinder_stiff,2259,114.752,9.276,7.585,77.088,-4.175,-12.132,63.563,-22.912,15.391,12.687,-6.664,-5.875,-0.482,-12.490,13.009,44.983,1.450,-18.841,33.583,0,0,0,0,0.0,0.0,0.0,0.0,0.000,0
4,cylinder_stiff,2284,114.752,13.196,14.837,67.924,-2.019,-21.736,54.083,-31.928,27.347,13.635,-26.460,-7.443,19.742,-16.018,18.301,40.243,-0.706,-26.877,27.579,0,0,0,0,0.0,0.0,0.0,0.0,0.000,0
4,cylinder_stiff,2310,114.752,19.468,8.173,85.620,-1.823,-16.640,41.443,-22.716,14.999,11.739,-27.636,-16.263,6.786,-13.470,26.729,21.915,-2.666,-23.153,36.743,0,0,0,0,0.0,0.0,0.0,0.0,0.000,0
4,cylinder_stiff,2335,114.752,6.336,14.249,79.932,-11.623,-9.584,38.283,-24.088,10.295,18.059,-14.112,-14.695,6.786,-23.466,23.397,26.971,3.606,-18.449,29.791,0,0,0,0,0.0,0.0,0.0,0.0,0.000,0
4,cylinder_stiff,2360,114.752,14.372,7.977,63.816,-3.587,-2.724,50.607,-14.288,13.235,24.379,-30.772,-4.895,11.526,-10.530,20.065,34.871,-7.958,-19.821,30.107,0,0,0,0,0.0,0.0,0.0,0.0,0.000,0
4,cylinder_stiff,2385,114.752,13.392,2.685,72.348,0.725,-3.900,43.023,-18.012,6.179,22.799,-32.144,-10.383,4.258,-16.214,21.241,37.715,3.606,-16.097,13.359,0,0,0,0,0.0,0.0,0.0,0.0,0.000,0
4,cylinder_stiff,2410,114.664,2.416,4.841,80.564,-8.487,-13.504,55.031,-22.128,10.687,11.739,-17.640,-10.187,3.626,-16.998,18.497,24.443,-1.490,-20.213,28.527,0,0,0,0,0.0,0.0,0.0,0.0,0.000,0
4,cylinder_stiff,2436,114.752,10.452,9.153,70.136,-5.547,-11.544,45.867,-18.796,16.763,16.479,-27.048,-18.223,0.466,-11.902,19.281,39.611,-3.842,-9.629,29.475,0,0,0,0,0.0,0.0,0.0,0.0,0.000,0
4,cylinder_stiff,2461,114.752,13.196,0.333,90.044,-12.211,-16.248,53.451,-22.912,16.763,15.847,-19.208,-5.875,4.574,-12.490,19.673,39.611,1.646,-20.017,20.627,0,0,0,0,0.0,0.0,0.0,0.0,0.000,0
4,cylinder_stiff,2487,114.752,16.724,6.213,79.616,-10.251,-20.952,54.083,-13.700,17.743,7.315,-22.148,-11.363,-1.114,-11.510,20.065,37.715,-8.546,-21.193,26.631,0,0,0,0,0.0,0.0,0.0,0.0,0.000,0
4,cylinder_stiff,2512,114.752,16.920,4.841,81.512,-0.647,-18.012,49.343,-23.696,9.119,12.055,-20.188,-4.895,-8.066,-5.434,20.261,22.547,-0.510,-23.349,26.947,0,0,0,0,0.0,0.0,0.0,0.0,0.000,0
4,cylinder_stiff,2538,114.752,12.020,4.841,69.504,-2.607,-4.292,56.611,-17.620,19.115,6.367,-22.148,-11.167,-4.906,-15.234,11.637,42.771,6.546,-27.465,16.835,0,0,0,0,0.0,0.0,0.0,0.0,0.000,0
4,cylinder_stiff,2564,114.752,7.512,-1.823,79.932,-11.819,-14.876,55.031,-18.208,14.019,8.895,-21.756,-12.735,10.262,-7.590,17.910,22.231,-0.314,-21.781,25.367,0,0,0,0,0.0,0.0,0.0,0.0,0.000,0
4,cylinder_stiff,2589,114.752,13.196,11.701,77.404,-3.195,-8.604,47.763,-17.620,4.807,5.735,-27.048,-9.795,2.362,-12.294,13.989,22.231,-7.762,-18.253,30.423,0,0,0,0,0.0,0.0,0.0,0.0,0.000,0
4,cylinder_stiff,2614,114.752,9.668,6.801,82.144,6.605,-11.936,55.979,-25.068,12.059,10.159,-18.228,-4.699,-5.222,-11.902,23.201,43.403,-6.586,-19.625,30.423,0,0,0,0,0.0,0.0,0.0,0.0,0.000,0
4,cylinder_stiff,2640,114.752,8.884,11.309,75.824,-4.567,-12.916,52.503,-19.580,18.527,6.683,-22.932,-5.483,1.414,-1.906,16.145,29.183,1.646,-20.213,31.371,0,0,0,0,0.0,0.0,0.0,0.0,0.000,0
4,cylinder_stiff,2665,114.752,13.000,10.721,78.984,-4.175,-14.484,49.659,-10.956,8.727,16.795,-18.620,-5.091,8.366,-14.450,19.673,36.451,-2.078,-28.053,24.419,0,0,0,0,0.0,0.0,0.0,0.0,0.000,0
4,cylinder_stiff,2690,114.752,14.568,6.017,69.504,-7.311,-19.188,55.663,-19.776,18.919,5.419,-28.420,-4.503,10.578,-13.470,13.793,28.235,-0.706,-11.393,20.311,0,0,0,0,0.0,0.0,0.0,0.0,0.000,0
4,cylinder_stiff,2716,114.664,12.608,3.273,73.612,-2.215,-15.072,41.127,-14.288,16.371,11.107,-21.168,-14.891,-3.958,-15.626,16.929,21.283,-0.510,-15.117,18.731,0,0,0,0,0.0,0.0,0.0,0.0,0.000,0
4,cylinder_stiff,2741,114.752,19.664,2.097,85.304,-1.627,-18.796,57.875,-30.360,12.451,14.899,-23.128,-4.503,-4.906,-6.414,14.185,33.607,-1.490,-18.449,33.267,0,0,0,0,0.0,0.0,0.0,0.0,0.000,0
4,cylinder_stiff,2767,114.752,10.648,6.213,87.516,-1.431,-15.856,61.667,-16.640,18.135,12.055,-31.948,-16.067,4.890,-18.566,9.089,30.447,1.842,-21.585,32.003,0,0,0,0,0.0,0.0,0.0,0.0,0.000,0
4,cylinder_stiff,2794,114.752,10.844,4.253,74.244,-8.879,-10.172,65.775,-15.856,13.627,5.419,-27.244,-9.403,15.002,-9.550,19.673,30.447,-1.686,-19.625,26.631,0,0,0,0,0.0,0.0,0.0,0.0,0.000,0
4,cylinder_stiff,2819,114.664,4.572,10.133,77.404,-3.195,-14.876,49.343,-24.872,12.647,13.635,-20.384,-6.855,6.470,-20.918,15.557,38.031,1.842,-18.841,35.479,0,0,0,0,0.0,0.0,0.0,0.0,0.000,0
4,cylinder_stiff,2844,114.752,8.492,5.821,66.660,4.449,-14.288,45.551,-21.148,13.627,31.015,-20.188,-12.931,5.206,-13.470,24.573,37.715,-0.706,-12.177,18.415,0,0,0,0,0.0,0.0,0.0,0.0,0.000,0
4,cylinder_stiff,2869,114.752,13.588,16.405,80.248,-7.507,-15.856,50.607,-22.128,19.703,4.155,-18.620,-9.403,-4.590,-17.194,17.321,36.135,-3.646,-16.685,13.991,0,0,0,0,0.0,0.0,0.0,0.0,0.000,0
4,cylinder_stiff,2896,114.752,7.316,6.801,75.824,-7.703,-8.016,55.031,-8.800,22.251,15.215,-29.204,-7.443,11.210,-6.414,21.633,34.239,0.078,-14.333,22.839,0,0,0,0,0.0,0.0,0.0,0.0,0.000,0
4,cylinder_stiff,2922,114.664,13.392,-1.039,86.252,-12.603,-9.780,60.087,-7.428,12.647,30.383,-24.500,-8.227,10.578,-16.214,17.517,32.027,-4.234,-19.625,21.259,0,0,0,0,0.0,0.0,0.0,0.0,0.000,0
4,cylinder_stiff,2947,114.752,12.608,8.957,70.452,4.253,-18.404,53.767,-4.684,23.623,13.003,-15.288,-4.895,-2.062,-11.706,11.441,28.551,-2.666,-11.393,35.795,0,0,0,0,0.0,0.0,0.0,0.0,0.000,0
4,cylinder_stiff,2972,114.752,13.196,-2.999,82.776,-2.999,-18.992,62.615,-17.816,18.527,13.319,-22.148,-7.639,13.422,-15.234,12.617,27.287,-1.490,-21.585,30.107,0,0,0,0,0.0,0.0,0.0,0.0,0.000,0
4,cylinder_stiff,2997,114.752,6.532,12.681,72.348,-5.155,-16.052,57.559,-16.640,18.723,12.055,-29.792,-1.563,-0.166,-10.138,20.261,24.443,-0.118,-20.409,35.163,0,0,0,0,0.0,0.0,0.0,0.0,0.000,0
4,cylinder_stiff,3022,114.752,13.784,17.189,97.312,-5.743,-13.112,31.647,-27.812,17.547,10.475,-22.540,-4.503,-3.326,-5.630,17.125,23.495,3.802,-17.273,37.059,0,0,0,0,0.0,0.0,0.0,0.0,0.000,0
4,cylinder_stiff,3048,114.752,10.060,9.937,80.564,7.389,-18.600,52.503,-24.088,25.583,2.575,-19.012,-10.775,5.838,-16.410,17.910,26.655,5.174,-13.941,19.995,0,0,0,0,0.0,0.0,0.0,0.0,0.000,0
4,cylinder_stiff,3073,114.752,13.392,10.329,81.196,-3.195,-14.484,59.455,-15.072,5.983,20.903,-20.384,-5.875,8.050,-11.902,12.617,32.659,-2.078,-14.333,35.795,0,0,0,0,0.0,0.0,0.0,0.0,0.000,0
4,cylinder_stiff,3098,114.752,22.212,11.701,84.672,-0.843,-6.056,60.719,-23.304,7.551,6.051,-30.184,-6.659,7.734,-16.802,22.809,33.923,-0.510,-21.977,38.639,0,0,0,0,0.0,0.0,0.0,0.0,0.000,0
4,cylinder_stiff,3123,114.752,12.608,12.289,86.252,-2.607,-18.012,41.443,-17.816,14.019,16.795,-24.304,-7.443,1.098,-6.610,23.985,28.551,-5.410,-20.801,26.631,0,0,0,0,0.0,0.0,0.0,0.0,0.000,0
4,cylinder_stiff,3148,114.752,15.352,15.229,81.196,-0.255,-16.248,50.607,-19.188,17.547,23.747,-21.952,-2.543,3.626,-12.686,11.245,31.711,0.470,-12.765,22.207,0,0,0,0,0.0,0.0,0.0,0.0,0.000,0
4,cylinder_stiff,3173,114.664,11.236,5.625,70.136,-10.643,-7.232,49.975,-13.700,13.235,14.267,-35.868,-12.539,12.474,-12.686,18.693,29.815,-3.842,-17.665,24.735,0,0,0,0,0.0,0.0,0.0,0.0,0.000,0
4,cylinder_stiff,3198,114.752,7.512,6.017,70.136,3.077,-14.680,54.083,-15.268,6.375,10.475,-26.460,-5.091,11.842,-14.842,19.281,41.823,8.506,-14.725,24.735,0,0,0,0,0.0,0.0,0.0,0.0,0.000,0
4,cylinder_stiff,3223,114.752,10.648,-0.843,90.044,-3.391,-11.544,38.283,-21.540,9.707,8.895,-20.580,-10.775,5.522,-18.174,15.165,24.443,-0.902,-18.645,24.735,0,0,0,0,0.0,0.0,0.0,0.0,0.000,0
4,cylinder_stiff,3249,114.664,3.004,9.153,76.140,-5.743,-15.856,46.183,-21.736,13.823,5.735,-19.012,-9.599,17.846,-10.138,10.854,31.711,-5.802,-18.057,20.943,0,0,0,0,0.0,0.0,0.0,0.0,0.000,0
4,cylinder_stiff,3274,114.752,5.552,-4.763,90.360,-3.783,-14.288,47.131,-25.656,5.003,8.895,-30.184,-15.479,2.362,-10.530,15.557,23.495,-2.274,-32.953,30.423,0,0,0,0,0.0,0.0,0.0,0.0,0.000,0
4,cylinder_stiff,3300,114.752,5.552,18.169,79.300,-2.999,-19.776,54.399,-18.796,9.511,10.159,-22.540,-19.007,16.266,-13.666,15.361,29.499,2.038,-23.937,27.579,0,0,0,0,0.0,0.0,0.0,0.0,0.000,0
4,cylinder_stiff,3325,114.752,7.120,9.545,75.508,-11.035,-11.936,43.339,-20.560,16.371,11.107,-15.876,-5.091,8.050,-13.862,13.009,33.607,4.782,-22.957,33.583,0,0,0,0,0.0,0.0,0.0,0.0,0.000,0
4,cylinder_stiff,3355,114.752,7.512,4.253,67.608,-1.235,-17.032,43.971,-21.148,19.115,8.263,-11.564,-4.895,18.162,-14.842,17.517,40.559,1.646,-26.093,25.367,0,0,0,0,0.0,0.0,0.0,0.0,0.000,0
4,cylinder_stiff,3380,114.752,18.292,11.505,85.936,5.429,-8.996,50.923,-19.580,11.275,17.111,-29.400,-1.955,10.578,-19.546,15.753,29.815,5.370,-13.157,18.099,0,0,0,0,0.0,0.0,0.0,0.0,0.000,0
4,cylinder_stiff,3405,114.752,18.880,4.645,76.140,-0.843,-22.520,62.615,-18.796,10.687,7.315,-24.500,-7.443,-0.482,-9.942,11.637,33.923,-2.862,-18.645,22.523,0,0,0,0,0.0,0.0,0.0,0.0,0.000,0
4,cylinder_stiff,3430,114.752,3.984,11.897,78.668,-8.095,-5.468,37.019,-17.032,21.859,2.575,-21.364,-9.403,18.162,-11.118,5.365,33.607,0.862,-13.941,24.735,0,0,0,0,0.0,0.0,0.0,0.0,0.000,0
4,cylinder_stiff,3455,114.752,14.568,10.721,77.088,-1.823,-14.092,55.031,-14.876,14.215,8.895,-23.912,-6.659,4.574,-15.626,19.673,40.559,-7.958,-25.309,37.691,0,0,0,0,0.0,0.0,0.0,0.0,0.000,0
4,cylinder_stiff,3480,114.752,7.708,5.625,80.564,-5.351,-19.776,50.291,-24.088,4.807,9.527,-23.716,-4.895,6.154,-17.782,12.225,33.607,0.862,-9.629,23.155,0,0,0,0,0.0,0.0,0.0,0.0,0.000,0
4,cylinder_stiff,3505,114.752,18.292,10.721,73.296,4.057,-14.288,43.971,-25.656,12.647,12.371,-20.188,-4.503,18.794,-5.630,12.225,11.803,4.194,-22.957,34.847,0,0,0,0,0.0,0.0,0.0,0.0,0.000,0
4,cylinder_stiff,3530,114.752,17.508,7.977,87.832,5.429,-17.228,49.343,-22.324,17.351,13.951,-25.872,-9.011,5.206,-11.118,19.869,37.399,-2.274,-18.253,10.831,0,0,0,0,0.0,0.0,0.0,0.0,0.000,0
4,cylinder_stiff,3556,114.752,16.528,9.349,84.988,2.293,-13.112,55.031,-17.228,10.883,5.419,-22.344,-11.755,7.734,-6.414,22.025,28.867,-7.762,-20.997,27.579,0,0,0,0,0.0,0.0,0.0,0.0,0.000,0
4,cylinder_stiff,3581,114.752,12.020,1.705,88.780,-8.291,-10.368,47.447,-23.696,20.487,16.479,-24.892,-12.539,15.318,-8.570,8.697,29.183,2.626,-19.233,25.999,0,0,0,0,0.0,0.0,0.0,0.0,0.000,0
4,cylinder_stiff,3606,114.752,1.436,7.585,69.820,-2.607,-14.876,58.191,-11.348,20.291,9.527,-18.032,-8.227,-9.014,-16.802,22.809,45.299,2.626,-14.725,24.735,0,0,0,0,0.0,0.0,0.0,0.0,0.000,0
4,cylinder_stiff,3631,114.752,6.140,5.821,83.408,-7.507,-13.308,49.659,-15.464,12.451,11.107,-26.656,-9.991,12.474,-7.198,15.557,35.819,-3.058,-26.093,23.155,0,0,0,0,0.0,0.0,0.0,0.0,0.000,0
4,cylinder_stiff,3656,114.752,11.432,3.469,69.188,-6.135,-14.288,49.027,-21.148,17.351,13.635,-19.992,-5.679,12.474,-13.470,11.049,31.395,-0.706,-21.585,21.891,0,0,0,0,0.0,0.0,0.0,0.0,0.000,0
4,cylinder_stiff,3681,114.752,11.432,15.817,67.608,5.233,-12.132,54.083,-11.936,15.979,-5.641,-22.736,-6.267,16.582,-7.198,17.517,29.499,3.018,-17.077,23.787,0,0,0,0,0.0,0.0,0.0,0.0,0.000,0
4,cylinder_stiff,3706,114.752,9.864,10.329,78.036,-8.879,-15.268,52.187,-19.384,12.255,2.891,-13.916,-4.503,-2.378,-15.234,10.854,15.279,-4.626,-11.981,26.947,0,0,0,0,0.0,0.0,0.0,0.0,0.000,0
4,cylinder_stiff,3731,114.752,11.628,10.525,78.984,5.037,-20.756,63.247,-19.580,10.491,22.799,-22.148,-6.267,10.262,-25.622,20.849,31.395,-2.274,-22.369,32.319,0,0,0,0,0.0,0.0,0.0,0.0,0.000,0
4,cylinder_stiff,3756,114.752,8.688,1.117,71.084,-2.215,-18.992,60.719,-24.480,13.235,10.475,-11.564,-20.771,14.686,-12.490,24.573,29.815,-1.294,-20.017,31.055,0,0,0,0,0.0,0.0,0.0,0.0,0.000,0
4,cylinder_stiff,3781,114.752,14.960,0.921,82.776,-1.431,-13.504,37.335,-23.500,13.039,15.215,-29.792,-9.207,4.574,-13.078,13.205,33.923,-5.606,-17.469,29.791,0,0,0,0,0.0,0.0,0.0,0.0,0.000,0
4,cylinder_stiff,3806,114.752,3.200,12.877,79.616,0.137,-12.328,37.019,-10.172,11.863,14.583,-29.988,-8.031,3.626,-13.470,16.929,28.551,4.390,-20.017,32.951,0,0,0,0,0.0,0.0,0.0,0.0,0.000,0
4,cylinder_stiff,3831,114.752,5.748,7.977,82.460,-6.331,-15.660,53.135,-13.896,10.687,13.635,-27.636,-11.167,9.314,-4.454,12.029,29.499,-6.390,-27.073,21.891,0,0,0,0,0.0,0.0,0.0,0.0,0.000,0
4,cylinder_stiff,3856,114.752,20.644,15.033,72.664,-3.979,-5.272,61.983,-28.008,13.627,11.739,-21.168,-15.283,-0.482,-10.726,17.713,34.555,2.822,-23.349,30.423,0,0,0,0,0.0,0.0,0.0,0.0,0.000,0
4,cylinder_stiff,3881,114.752,6.532,12.681,83.408,2.685,-20.168,52.503,-26.048,25.975,-0.269,-18.228,-8.423,-1.114,-12.882,21.829,32.975,1.058,-16.293,25.683,0,0,0,0,0.0,0.0,0.0,0.0,0.000,0
4,cylinder_stiff,3906,114.752,12.412,10.133,72.348,2.489,-10.564,48.711,-25.264,13.431,6.683,-26.656,-12.735,8.050,-13.666,18.105,35.819,-4.430,-16.489,30.739,0,0,0,0,0.0,0.0,0.0,0.0,0.000,0
4,cylinder_stiff,3932,114.752,16.136,3.861,67.924,-1.823,-7.036,58.507,-12.328,17.155,6.999,-22.932,-8.423,9.946,-2.494,10.657,23.495,-2.078,-24.721,28.527,0,0,0,0,0.0,0.0,0.0,0.0,0.000,0
4,cylinder_stiff,3957,114.752,20.252,3.077,82.460,-3.979,-14.092,57.875,-19.580,15.195,18.059,-16.660,1.769,0.782,-16.802,18.497,30.763,-18.542,-24.721,35.479,0,0,0,0,0.0,0.0,0.0,0.0,0.000,0
4,cylinder_stiff,3982,114.752,9.668,3.077,81.828,5.821,-14.484,56.611,-16.836,22.643,17.743,-22.736,-9.991,9.314,-14.254,22.221,43.403,-5.214,-18.253,25.999,0,0,0,0,0.0,0.0,0.0,0.0,0.000,0
4,cylinder_stiff,4006,114.664,3.788,11.701,84.356,-6.331,-10.564,53.135,-16.052,13.627,20.271,-18.424,-13.323,15.002,-13.862,20.065,24.759,2.430,-18.253,36.427,0,0,0,0,0.0,0.0,0.0,0.0,0.000,0
4,cylinder_stiff,4031,114.752,18.488,7.585,85.620,-4.763,-15.268,58.823,-22.520,13.823,10.791,-16.660,-11.755,3.942,-10.922,23.789,42.771,-5.998,-20.213,30.423,0,0,0,0,0.0,0.0,0.0,0.0,0.000,0
4,cylinder_stiff,4056,114.752,3.200,8.173,72.348,-2.607,-11.348,59.771,-20.364,16.175,5.735,-25.480,-11.559,12.158,-10.726,17.713,31.395,6.350,-16.489,25.367,0,0,0,0,0.0,0.0,0.0,0.0,0.000,0
4,cylinder_stiff,4081,114.752,12.804,6.605,71.084,0.137,-17.228,55.031,-14.680,12.843,13.319,-29.008,-16.067,8.998,-19.350,14.382,38.663,-6.586,-16.489,31.687,0,0,0,0,0.0,0.0,0.0,0.0,0.000,0
4,cylinder_stiff,4107,114.752,14.568,8.369,73.296,-8.487,-16.444,48.395,-14.680,15.783,16.479,-30.380,-0.583,15.002,-11.510,9.285,23.495,2.038,-22.761,24.419,0,0,0,0,0.0,0.0,0.0,0.0,0.000,0
4,cylinder_stiff,4132,114.752,9.668,4.057,73.612,-12.799,-24.480,63.247,-14.484,15.979,22.799,-15.876,-4.503,12.158,-17.390,10.265,39.295,3.214,-29.621,32.319,0,0,0,0,0.0,0.0,0.0,0.0,0.000,0
4,cylinder_stiff,4157,114.752,4.180,4.841,73.612,-2.215,-8.996,53.767,-12.524,12.255,18.059,-30.968,-6.855,18.478,-6.610,17.517,34.239,1.842,-26.093,27.579,0,0,0,0,0.0,0.0,0.0,0.0,0.000,0
4,cylinder_stiff,4182,114.664,13.392,5.233,81.196,4.057,-13.700,42.391,-16.836,11.079,17.111,-20.776,-7.051,6.154,-12.098,13.597,33.291,-4.430,-17.273,37.691,0,0,0,0,0.0,0.0,0.0,0.0,0.000,0
4,cylinder_stiff,4207,114.752,15.156,4.057,78.668,-2.215,-20.756,43.971,-14.092,8.335,3.839,-20.776,-10.579,12.790,-11.706,19.477,32.343,-0.118,-10.217,14.623,0,0,0,0,0.0,0.0,0.0,0.0,0.000,0
4,cylinder_stiff,4232,114.752,11.236,5.429,82.776,-9.271,-16.248,53.451,-12.524,14.999,13.003,-26.460,-8.227,9.630,-8.766,16.733,40.875,5.370,-20.017,19.995,0,0,0,0,0.0,0.0,0.0,0.0,0.000,0
4,cylinder_stiff,4258,114.752,14.372,4.253,84.356,-7.115,-15.464,54.083,-16.640,12.843,20.271,-19.012,-17.047,-0.166,-7.786,12.225,30.447,-8.546,-22.761,21.259,0,0,0,0,0.0,0.0,0.0,0.0,0.000,0
4,cylinder_stiff,4283,114.752,6.924,11.897,72.980,-7.899,-10.956,45.551,-20.168,14.803,10.159,-25.872,-4.111,9.630,-20.722,16.341,36.135,-13.054,-17.469,34.531,0,0,0,0,0.0,0.0,0.0,0.0,0.000,0
4,cylinder_stiff,4308,114.752,13.000,12.877,74.560,-7.899,-10.564,54.715,-14.484,18.919,1.627,-22.540,-12.931,8.050,-10.530,10.069,25.707,-8.742,-16.881,36.111,0,0,0,0,0.0,0.0,0.0,0.0,0.000,0
4,cylinder_stiff,4333,114.664,7.316,6.801,86.884,-3.783,-14.484,54.083,-25.852,13.235,15.531,-31.556,-16.851,2.678,-9.746,18.497,33.291,-6.194,-27.857,25.999,0,0,0,0,0.0,0.0,0.0,0.0,0.000,0
4,cylinder_stiff,4365,114.752,14.176,6.409,84.672,1.901,-17.228,45.235,-16.052,9.315,21.219,-14.896,-0.779,-1.430,-15.822,20.653,38.663,5.370,-22.369,24.103,0,0,0,0,0.0,0.0,0.0,0.0,0.000,0
4,cylinder_stiff,4391,114.752,7.904,10.329,76.140,1.705,-17.032,46.183,-19.384,24.603,11.107,-16.660,-9.011,12.790,-15.234,6.541,28.867,-8.742,-23.545,32.951,0,0,0,0,0.0,0.0,0.0,0.0,0.000,0
4,cylinder_stiff,4416,114.664,5.944,12.877,70.136,-7.115,-10.760,55.347,-17.424,7.747,10.475,-20.384,-5.679,0.782,-7.394,15.949,33.923,3.410,-19.233,30.423,0,0,0,0,0.0,0.0,0.0,0.0,0.000,0
4,cylinder_stiff,4441,114.664,14.372,10.133,76.772,-0.451,-17.228,52.187,-18.992,17.547,17.427,-22.932,-6.071,4.890,-11.510,17.125,35.819,-3.646,-21.585,24.419,0,0,0,0,0.0,0.0,0.0,0.0,0.000,0
4,cylinder_stiff,4466,114.752,6.140,3.665,75.508,-10.055,-12.328,59.139,-27.616,15.587,13.003,-27.636,-7.639,-2.378,-25.426,14.773,30.763,1.254,-15.117,27.263,0,0,0,0,0.0,0.0,0.0,0.0,0.000,0
4,cylinder_stiff,4491,114.752,19.860,9.349,84.672,3.077,-15.464,44.919,-21.344,12.451,9.843,-20.776,-1.367,-7.434,-12.098,23.397,32.343,3.214,-15.901,19.047,0,0,0,0,0.0,0.0,0.0,0.0,0.000,0
4,cylinder_stiff,4516,114.752,10.452,0.921,69.188,-7.115,-11.936,49.027,-16.836,16.763,6.367,-25.480,-6.071,8.050,-16.606,21.045,36.451,4.390,-20.409,21.891,0,0,0,0,0.0,0.0,0.0,0.0,0.000,0
4,cylinder_stiff,4541,114.752,10.060,-0.059,82.776,-8.487,-9.192,43.971,-20.364,14.803,21.535,-25.088,-10.775,0.782,-11.510,20.065,32.343,-3.058,-15.901,30.739,0,0,0,0,0.0,0.0,0.0,0.0,0.000,0
4,cylinder_stiff,4567,114.752,18.684,8.565,85.620,-5.743,-7.820,49.975,-18.208,10.099,23.115,-13.132,-9.403,8.682,-7.002,26.141,35.503,-0.902,-17.077,25.683,0,0,0,0,0.0,0.0,0.0,0.0,0.000,0
4,cylinder_stiff,4592,114.752,6.924,11.701,77.720,-8.487,-18.992,63.563,-14.288,19.507,8.895,-18.816,-4.307,9.314,-12.882,22.221,28.867,0.862,-21.977,15.571,0,0,0,0,0.0,0.0,0.0,0.0,0.000,0
4,cylinder_stiff,4617,114.752,9.472,9.349,80.248,-12.015,-10.564,41.443,-19.580,14.607,8.263,-22.736,-9.011,13.106,-10.726,22.025,36.451,-1.098,-12.765,32.319,0,0,0,0,0.0,0.0,0.0,0.0,0.000,0
4,cylinder_stiff,4642,114.752,15.548,12.681,81.196,1.117,-22.324,48.711,-23.696,14.803,13.319,-29.792,-9.207,21.322,-15.430,21.633,32.027,-11.486,-18.841,34.847,0,0,0,0,0.0,0.0,0.0,0.0,0.000,0
4,cylinder_stiff,4667,114.664,15.352,14.837,81.828,-5.547,-14.876,47.763,-24.088,9.315,14.583,-19.404,-2.935,10.578,-13.274,18.301,29.183,-8.742,-23.741,22.523,0,0,0,0,0.0,0.0,0.0,0.0,0.000,0
4,cylinder_stiff,4693,114.752,5.552,7.193,86.568,-0.647,-15.072,53.767,-19.972,7.355,11.107,-19.012,-7.639,-2.694,-18.958,20.653,28.235,1.842,-20.605,25.683,0,0,0,0,0.0,0.0,0.0,0.0,0.000,0
4,cylinder_stiff,4718,114.752,13.784,9.937,75.508,3.469,-22.520,56.927,-17.816,15.391,11.107,-22.540,-3.915,18.478,-6.414,30.061,26.023,-0.706,-9.433,25.999,0,0,0,0,0.0,0.0,0.0,0.0,0.000,0
4,cylinder_stiff,4743,114.664,10.648,4.057,79.616,-7.899,-13.700,44.287,-21.540,20.095,-4.061,-21.168,-9.011,3.942,-6.022,14.382,31.711,4.586,-20.017,21.891,0,0,0,0,0.0,0.0,0.0,0.0,0.000,0
4,cylinder_stiff,4768,114.752,7.708,12.681,72.664,-3.195,-7.428,48.079,-13.896,15.783,19.955,-19.796,-13.127,4.890,-12.098,22.809,26.339,4.390,-28.053,12.411,0,0,0,0,0.0,0.0,0.0,0.0,0.000,0
4,cylinder_stiff,4793,114.752,11.040,6.801,82.460,-6.919,-19.776,49.659,-16.444,24.603,9.211,-22.736,-13.323,4.574,-15.038,18.301,26.339,2.822,-26.093,24.103,0,0,0,0,0.0,0.0,0.0,0.0,0.000,0
4,cylinder_stiff,4818,114.752,13.392,6.017,84.356,-14.563,-10.368,53.135,-19.384,10.687,16.479,-25.284,-10.579,16.898,-14.842,21.437,34.555,-0.902,-18.645,33.267,0,0,0,0,0.0,0.0,0.0,0.0,0.000,0
4,cylinder_stiff,4844,114.752,5.748,6.605,71.716,-7.899,-18.404,52.503,-18.404,17.743,21.219,-25.480,-2.151,10.578,-13.078,16.145,30.763,-2.274,-22.957,33.267,0,0,0,0,0.0,0.0,0.0,0.0,0.000,0
4,cylinder_stiff,4869,114.664,5.552,6.409,79.300,-7.311,-11.544,48.711,-22.912,21.075,8.263,-28.812,-12.931,2.994,-5.434,19.477,30.447,3.998,-14.725,28.211,0,0,0,0,0.0,0.0,0.0,0.0,0.000,0
4,cylinder_stiff,4894,114.752,10.844,7.193,76.140,-6.723,-15.856,51.871,-27.028,13.235,7.947,-28.028,-11.755,6.786,-6.806,17.713,31.395,-5.802,-20.409,28.527,0,0,0,0,0.0,0.0,0.0,0.0,0.000,0
4,cylinder_stiff,4919,114.752,11.628,4.449,70.452,-6.919,-2.528,50.291,-21.736,20.095,5.735,-20.776,-1.367,17.846,-10.726,19.085,40.875,-9.722,-24.525,22.523,0,0,0,0,0.0,0.0,0.0,0.0,0.000,0
4,cylinder_stiff,4944,114.752,5.160,6.213,83.092,-9.467,-17.816,44.919,-19.384,12.255,3.839,-19.012,-4.895,6.786,-11.706,12.813,28.235,-1.490,-23.545,31.687,0,0,0,0,0.0,0.0,0.0,0.0,0.000,0
4,cylinder_stiff,4970,114.752,12.608,-0.255,78.036,0.333,-15.268,52.503,-30.164,15.979,10.475,-23.912,-11.951,9.314,-16.214,23.397,19.703,0.470,-24.329,26.315,0,0,0,0,0.0,0.0,0.0,0.0,0.000,0
4,cylinder_stiff,4995,114.752,6.336,15.229,81.512,-7.899,-20.364,50.607,-16.052,16.371,4.471,-23.324,-8.423,8.682,-8.374,15.753,30.131,-3.842,-22.369,29.475,0,0,0,0,0.0,0.0,0.0,0.0,0.000,0
5,cylinder_stiff,6,60.368,14.372,0.137,79.616,-9.467,-14.876,55.031,-13.308,9.119,14.267,-17.836,-11.559,-3.010,-9.746,21.241,33.923,3.018,-17.861,16.203,0,0,0,0,0.0,0.0,0.0,0.0,0.000,0
5,cylinder_stiff,32,60.544,-2.092,-1.235,23.684,-0.255,-8.212,3.207,-4.292,11.275,-18.597,4.704,-5.875,-17.230,-5.630,8.697,-17.901,-3.646,-11.589,-11.921,0,0,0,0,0.0,0.0,0.0,0.0,0.000,0
5,cylinder_stiff,57,61.160,1.240,1.901,28.108,-0.451,-5.272,14.583,-5.272,-2.249,-26.497,4.704,-3.131,2.994,0.250,3.209,-21.377,-7.762,-9.041,-9.077,0,0,0,0,0.0,0.0,0.0,0.0,0.000,0
5,cylinder_stiff,82,62.128,0.064,-1.627,25.264,0.333,2.568,-3.429,1.196,-2.249,-23.653,-0.784,1.769,-8.698,0.250,0.270,-20.429,-5.606,-7.277,-14.765,0,0,0,0,0.0,0.0,0.0,0.0,0.000,0
5,cylinder_stiff,107,63.272,-0.328,-3.783,25.264,-4.567,-3.312,10.791,-5.468,2.259,-17.017,-6.860,-2.739,-10.278,6.326,-1.299,-32.437,-1.294,2.915,-5.285,0,0,0,0,0.0,0.0,0.0,0.0,0.000,0
5,cylinder_stiff,132,64.592,-9.932,0.921,23.368,-9.859,1.000,15.847,-9.780,3.631,-11.645,7.056,-1.367,-9.646,-6.022,4.777,-34.965,-5.214,-4.925,-12.553,0,0,0,0,0.0,0.0,0.0,0.0,0.000,0
5,cylinder_stiff,158,65.824,-2.092,-5.155,24.948,-2.999,-3.312,1.943,-3.704,0.887,-12.593,-2.744,-6.855,-9.962,-0.142,-1.495,-10.949,-12.466,0.955,-3.389,0,0,0,0,0.0,0.0,0.0,0.0,0.000,0
5,cylinder_stiff,183,67.320,-2.092,-6.723,17.996,-4.959,-1.744,16.163,-1.352,-2.053,-3.429,9.996,5.493,-10.910,-3.474,2.229,-28.013,1.450,-1.005,-16.977,0,0,0,0,0.0,0.0,0.0,0.0,0.000,0
5,cylinder_stiff,209,68.728,-3.464,-2.999,25.896,-12.799,-12.132,12.055,-10.172,-2.053,-19.861,3.920,-3.523,-7.118,12.990,1.053,-25.169,-7.370,-14.137,-12.237,0,0,0,0,0.0,0.0,0.0,0.0,0.000,0
5,cylinder_stiff,234,70.224,3.396,-10.251,17.364,-4.175,-5.664,6.999,3.548,5.787,-20.493,-5.292,-0.975,-13.754,3.386,-1.495,-7.789,-0.706,-15.901,-8.761,0,0,0,0,0.0,0.0,0.0,0.0,0.000,0
5,cylinder_stiff,259,71.632,-11.500,-13.779,26.212,-10.447,-12.720,12.055,-0.568,8.923,-23.653,3.724,-7.247,-11.542,-0.338,-2.083,-28.013,-0.314,-10.413,-19.821,0,0,0,0,0.0,0.0,0.0,0.0,0.000,0
5,cylinder_stiff,285,73.128,6.924,-1.627,21.156,1.509,-7.232,16.163,-2.724,3.631,-18.913,1.176,4.513,-6.802,0.054,0.661,-20.113,-4.822,-10.805,-8.129,0,0,0,0,0.0,0.0,0.0,0.0,0.000,0
5,cylinder_stiff,310,74.536,-2.092,-3.979,29.056,-4.371,-2.528,19.639,10.800,-6.953,-17.017,4.704,-5.679,-13.438,6.718,-0.123,-9.685,1.842,-9.237,-8.761,0,0,0,0,0.0,0.0,0.0,0.0,0.000,0
5,cylinder_stiff,335,76.032,-5.620,-4.567,42.960,-12.799,-3.704,21.851,-3.116,14.019,7.631,-1.568,-2.347,0.782,0.446,3.405,-21.061,2.234,-12.765,-0.861,0,0,0,0,0.0,0.0,0.0,0.0,0.000,0
5,cylinder_stiff,360,77.528,-6.992,-12.799,32.216,5.429,-11.740,11.107,1.980,2.847,-22.389,-1.372,0.789,-14.386,5.346,5.953,-21.693,-6.782,-14.333,-3.073,0,0,0,0,0.0,0.0,0.0,0.0,0.000,0
5,cylinder_stiff,385,78.936,-2.092,-4.959,39.484,-1.235,-7.036,24.063,1.196,6.375,-2.481,-2.940,-0.975,-17.546,1.622,-4.239,-4.945,-2.274,-16.881,4.511,0,0,0,0,0.0,0.0,0.0,0.0,0.000,0
5,cylinder_stiff,410,80.520,-3.268,0.137,14.204,3.665,-11.348,8.895,-8.800,7.747,-3.745,0.000,-12.931,-10.278,6.522,3.993,-22.641,-0.706,-9.041,-11.921,0,0,0,0,0.0,0.0,0.0,0.0,0.000,0
5,cylinder_stiff,436,82.016,0.064,-7.311,27.476,-3.783,-11.152,24.379,1.196,0.691,-10.381,4.704,-4.699,-16.598,-5.630,-2.867,-6.525,3.606,-24.329,-7.497,0,0,0,0,0.0,0.0,0.0,0.0,0.000,0
5,cylinder_stiff,461,83.512,5.552,-6.723,20.840,-5.155,-14.484,20.271,-1.548,-0.485,-9.117,4.900,-7.051,-9.014,0.250,9.677,-17.585,-3.842,-15.509,1.035,0,0,0,0,0.0,0.0,0.0,0.0,0.000,0
5,cylinder_stiff,493,85.360,2.220,-6.331,22.104,-6.527,-9.780,36.703,-6.644,4.611,-10.381,-1.372,-0.583,-16.598,3.582,-0.515,-11.581,-5.998,-17.469,5.459,0,0,0,0,0.0,0.0,0.0,0.0,0.000,0
5,cylinder_stiff,519,86.944,-3.660,1.705,37.588,-7.115,-18.600,27.855,-3.312,12.059,-0.901,-4.508,-6.463,-0.798,2.406,-7.179,-13.477,4.782,-19.233,9.567,0,0,0,0,0.0,0.0,0.0,0.0,0.000,0
5,cylinder_stiff,544,88.440,-13.852,-1.039,41.380,2.685,-13.504,20.587,1.000,2.455,-15.121,0.588,-5.483,5.838,0.838,2.621,-15.373,5.566,-23.937,7.671,0,0,0,0,0.0,0.0,0.0,0.0,0.000,0
5,cylinder_stiff,569,89.936,-3.072,-10.055,42.960,-0.059,-16.444,17.111,1.588,8.923,-9.117,4.312,-9.991,-11.226,3.778,-0.319,-5.893,-2.274,-19.429,4.511,0,0,0,0,0.0,0.0,0.0,0.0,0.000,0
5,cylinder_stiff,594,91.432,-4.052,-8.683,48.332,-6.331,-15.268,43.655,-14.092,6.571,2.259,-2.940,-4.895,-4.274,-2.886,9.089,0.743,-6.194,-27.661,-2.757,0,0,0,0,0.0,0.0,0.0,0.0,0.000,0
5,cylinder_stiff,620,92.928,0.652,-2.019,42.328,-0.255,-14.092,29.435,3.548,8.727,-5.957,7.056,-8.031,-0.482,6.130,4.973,0.743,-1.882,-16.489,-4.969,0,0,0,0,0.0,0.0,0.0,0.0,0.000,0
5,cylinder_stiff,645,94.336,3.200,-1.431,48.332,0.333,-17.032,44.287,-5.860,7.159,1.311,-7.252,-0.779,-3.326,-1.514,-0.711,-4.313,-3.646,-25.897,10.831,0,0,0,0,0.0,0.0,0.0,0.0,0.000,0
5,cylinder_stiff,670,95.920,0.260,5.037,53.388,-8.487,-16.836,35.755,-0.764,10.687,-6.905,-7.644,-7.639,-16.598,3.582,-0.123,-9.053,-1.098,-11.785,6.407,0,0,0,0,0.0,0.0,0.0,0.0,0.000,0
5,cylinder_stiff,695,97.416,-7.580,8.173,52.756,-4.959,-16.836,32.595,-4.684,5.003,0.363,-9.800,-7.835,-10.278,0.838,8.893,3.587,5.174,-24.133,15.887,0,0,0,0,0.0,0.0,0.0,0.0,0.000,0
5,cylinder_stiff,720,98.824,-7.384,-0.255,45.172,-0.451,-19.776,29.751,-2.332,6.571,-8.169,-0.588,1.769,-10.910,3.582,13.989,1.375,-2.274,-18.449,13.043,0,0,0,0,0.0,0.0,0.0,0.0,0.000,0
5,cylinder_stiff,746,100.408,-4.836,-4.763,48.332,-10.251,-11.544,31.963,-7.036,15.783,6.683,-1.372,-9.403,-0.166,-6.806,-2.475,5.483,-4.234,-24.917,15.887,0,0,0,0,0.0,0.0,0.0,0.0,0.000,0
5,cylinder_stiff,771,101.816,-3.464,5.429,58.760,-11.231,-25.852,26.907,6.292,12.059,12.371,-0.392,-10.187,-6.802,1.622,7.326,6.747,-7.174,-21.193,22.207,0,0,0,0,0.0,0.0,0.0,0.0,0.000,0
5,cylinder_stiff,796,103.224,-2.484,2.097,58.128,-9.467,-16.052,45.551,-8.212,10.883,11.107,-15.092,-5.483,5.522,1.426,4.973,8.959,-1.882,-27.269,18.415,0,0,0,0,0.0,0.0,0.0,0.0,0.000,0
5,cylinder_stiff,821,104.808,-2.876,-3.391,46.436,-6.135,-19.384,43.655,-10.368,15.195,13.003,-0.392,-13.911,9.314,-2.690,14.185,3.271,0.078,-28.053,14.307,0,0,0,0,0.0,0.0,0.0,0.0,0.000,0
5,cylinder_stiff,846,106.304,-4.052,-2.607,66.660,-11.819,-24.284,44.287,-10.368,14.215,-2.481,-14.896,-12.147,-1.746,-7.198,7.717,7.379,1.058,-16.097,19.363,0,0,0,0,0.0,0.0,0.0,0.0,0.000,0
5,cylinder_stiff,871,107.800,6.924,4.645,67.292,-7.703,-13.112,35.123,-10.172,9.119,10.159,-11.564,-10.971,-5.222,8.286,7.129,14.963,-4.038,-22.761,26.631,0,0,0,0,0.0,0.0,0.0,0.0,0.000,0
5,cylinder_stiff,897,109.296,16.136,0.725,76.772,-4.567,-21.344,34.175,-20.952,7.159,1.943,-2.156,-4.895,-0.798,-12.490,12.029,25.391,-9.918,-20.213,18.731,0,0,0,0,0.0,0.0,0.0,0.0,0.000,0
5,cylinder_stiff,923,110.704,6.728,11.897,80.880,-2.803,-20.756,52.187,-17.620,10.099,23.115,-7.056,-11.559,8.366,-6.218,9.677,24.443,0.470,-25.701,26.315,0,0,0,0,0.0,0.0,0.0,0.0,0.000,0
5,cylinder_stiff,948,112.200,-1.896,5.037,68.872,-10.251,-23.108,40.811,-10.172,14.607,13.003,-20.188,-10.971,12.158,-5.042,15.557,23.495,-2.862,-31.973,32.951,0,0,0,0,0.0,0.0,0.0,0.0,0.000,0
5,cylinder_stiff,973,113.344,6.728,6.409,78.668,-3.587,-19.188,42.707,-22.716,11.471,1.311,-24.696,-10.775,0.150,-10.334,16.145,31.395,-2.078,-6.885,22.207,0,0,0,0,0.0,0.0,0.0,0.0,0.000,0
5,cylinder_stiff,998,114.048,12.216,1.313,75.824,-5.743,-8.800,61.035,-23.696,13.235,12.687,-24.892,-8.227,2.362,-7.002,19.085,34.555,3.410,-23.545,37.691,0,0,0,0,0.0,0.0,0.0,0.0,0.000,0
5,cylinder_stiff,1023,114.312,11.628,2.881,76.772,-13.191,-8.408,45.551,-16.248,0.103,14.583,-30.380,-7.247,5.206,-13.666,7.913,30.131,-3.646,-19.037,26.631,0,0,0,0,0.0,0.0,0.0,0.0,0.000,0
5,cylinder_stiff,1048,114.576,14.568,9.937,79.616,-5.939,-15.856,44.287,-18.012,13.627,10.791,-21.364,-9.599,7.734,-14.842,12.813,38.663,-1.294,-13.157,22.839,0,0,0,0,0.0,0.0,0.0,0.0,0.000,0
5,cylinder_stiff,1073,114.664,10.452,0.137,84.672,-9.859,-5.076,50.607,-18.404,7.943,6.367,-23.912,-10.775,-7.118,-16.998,15.949,38.031,-5.802,-14.137,27.895,0,0,0,0,0.0,0.0,0.0,0.0,0.000,0
5,cylinder_stiff,1098,114.664,11.432,10.133,81.512,-8.487,-9.780,43.023,-17.424,11.863,13.003,-20.188,-2.543,8.682,-16.998,16.733,12.119,2.234,-16.489,37.375,0,0,0,0,0.0,0.0,0.0,0.0,0.000,0
5,cylinder_stiff,1123,114.664,12.608,11.505,78.984,3.665,-16.836,54.715,-20.952,18.527,13.951,-18.620,-12.147,15.002,-17.194,14.773,32.027,-2.078,-21.781,35.163,0,0,0,0,0.0,0.0,0.0,0.0,0.000,0
5,cylinder_stiff,1149,114.752,7.708,5.625,84.040,-9.859,-5.860,38.915,-23.892,17.939,17.743,-30.380,-6.659,9.946,-7.590,7.521,22.547,-1.294,-26.093,30.739,0,0,0,0,0.0,0.0,0.0,0.0,0.000,0
5,cylinder_stiff,1174,114.752,14.372,6.409,65.712,-2.999,-18.796,57.559,-22.912,16.371,9.211,-24.892,-12.147,6.154,-14.450,14.773,34.871,-1.098,-27.073,43.063,0,0,0,0,0.0,0.0,0.0,0.0,0.000,0
5,cylinder_stiff,1199,114.664,17.508,20.129,75.192,-3.391,-15.268,62.931,-15.856,16.959,11.423,-15.288,-16.067,14.686,-20.134,15.165,38.979,1.842,-24.525,19.363,0,0,0,0,0.0,0.0,0.0,0.0,0.000,0
5,cylinder_stiff,1224,114.752,10.648,15.817,77.404,-8.487,-18.600,56.927,-19.580,12.255,0.679,-18.032,-3.915,21.322,-6.806,20.261,38.979,-5.410,-11.393,34.215,0,0,0,0,0.0,0.0,0.0,0.0,0.000,0
5,cylinder_stiff,1249,114.752,6.532,9.349,72.664,-0.059,-21.736,57.875,-29.576,17.743,9.211,-27.244,-12.147,19.742,-8.962,13.401,27.919,8.702,-14.921,25.367,0,0,0,0,0.0,0.0,0.0,0.0,0.000,0
5,cylinder_stiff,1274,114.752,10.648,-1.235,75.508,-5.547,-17.032,61.035,-24.284,11.863,7.631,-25.872,-16.263,15.634,-20.722,23.005,39.611,4.782,-16.881,23.471,0,0,0,0,0.0,0.0,0.0,0.0,0.000,0
5,cylinder_stiff,1299,114.752,23.192,10.329,72.032,-5.547,-13.112,62.931,-21.540,13.039,19.323,-24.500,-5.287,2.362,-22.682,14.773,31.395,-0.314,-23.937,22.839,0,0,0,0,0.0,0.0,0.0,0.0,0.000,0
5,cylinder_stiff,1324,114.664,23.388,4.449,76.772,-10.643,-18.012,46.499,-26.440,18.527,7.947,-19.012,-10.383,10.262,-5.434,22.809,32.343,-0.510,-21.389,23.471,0,0,0,0,0.0,0.0,0.0,0.0,0.000,0
5,cylinder_stiff,1350,114.752,21.428,3.469,76.456,2.489,-30.948,52.187,-14.092,9.315,15.531,-24.500,0.985,-5.538,-12.098,27.121,23.495,8.898,-16.881,32.951,0,0,0,0,0.0,0.0,0.0,0.0,0.000,0
5,cylinder_stiff,1374,114.752,8.492,9.937,76.140,1.117,-14.876,49.027,-20.756,19.703,10.475,-25.088,-0.975,1.730,-17.586,11.441,28.235,-7.762,-23.545,12.095,0,0,0,0,0.0,0.0,0.0,0.0,0.000,0
5,cylinder_stiff,1399,114.664,6.728,6.017,85.620,-13.583,-15.660,54.399,-13.112,10.295,7.315,-23.324,-11.167,5.206,-11.902,18.301,34.871,-0.706,-14.137,32.003,0,0,0,0,0.0,0.0,0.0,0.0,0.000,0
5,cylinder_stiff,1424,114.664,8.492,14.249,73.612,-10.251,-17.620,56.927,-15.856,16.959,19.323,-22.540,-2.347,13.738,-13.862,7.129,30.131,-1.882,-22.761,25.683,0,0,0,0,0.0,0.0,0.0,0.0,0.000,0
5,cylinder_stiff,1450,114.664,5.944,6.409,82.144,3.665,-13.700,58.191,-19.580,14.215,14.899,-23.128,-3.915,6.154,-11.706,24.769,36.451,2.626,-20.409,21.575,0,0,0,0,0.0,0.0,0.0,0.0,0.000,0
5,cylinder_stiff,1475,114.664,3.004,7.389,77.720,-11.623,-9.584,49.027,-21.540,18.919,-0.585,-21.168,1.377,8.682,-9.354,13.989,38.347,2.430,-25.897,34.847,0,0,0,0,0.0,0.0,0.0,0.0,0.000,0
5,cylinder_stiff,1500,114.664,5.944,9.545,83.092,-10.055,-24.872,55.031,-18.796,11.079,15.847,-26.656,-2.739,-2.378,-13.078,23.005,35.819,4.194,-16.293,22.523,0,0,0,0,0.0,0.0,0.0,0.0,0.000,0
5,cylinder_stiff,1525,114.752,13.196,2.097,80.564,-2.999,-25.852,54.715,-18.404,11.863,5.103,-26.852,-8.619,-1.114,-3.670,13.989,30.763,0.470,-23.153,21.891,0,0,0,0,0.0,0.0,0.0,0.0,0.000,0
5,cylinder_stiff,1551,114.752,6.924,6.605,78.352,-7.703,-16.248,37.019,-12.524,18.527,11.739,-14.896,-6.463,6.154,-10.334,17.125,32.027,1.450,-12.961,27.895,0,0,0,0,0.0,0.0,0.0,0.0,0.000,0
5,cylinder_stiff,1576,114.752,15.352,7.193,79.932,2.881,-4.096,55.031,-15.660,16.959,12.371,-19.796,-6.071,2.046,-15.234,17.713,24.443,-3.450,-13.157,31.055,0,0,0,0,0.0,0.0,0.0,0.0,0.000,0
5,cylinder_stiff,1601,114.752,16.920,14.249,76.140,-4.567,-13.308,41.443,-14.876,13.235,16.479,-31.164,-18.811,12.790,-8.374,12.225,38.979,-6.194,-15.509,26.315,0,0,0,0,0.0,0.0,0.0,0.0,0.000,0
5,cylinder_stiff,1627,114.752,6.336,4.057,77.404,-1.039,-12.720,62.615,-22.716,10.687,11.423,-23.128,-11.951,11.210,-11.706,15.949,34.871,-2.274,-18.449,26.947,0,0,0,0,0.0,0.0,0.0,0.0,0.000,0
5,cylinder_stiff,1653,114.752,14.176,-0.059,77.404,5.625,-5.664,57.243,-23.304,18.331,29.435,-26.264,-19.007,5.522,-15.626,23.789,34.239,-0.118,-16.489,11.779,0,0,0,0,0.0,0.0,0.0,0.0,0.000,0
5,cylinder_stiff,1679,114.752,13.588,8.565,87.832,-12.015,-12.328,51.239,-25.264,10.883,10.791,-22.540,-13.519,3.310,-15.038,12.617,38.347,-0.314,-24.525,19.363,0,0,0,0,0.0,0.0,0.0,0.0,0.000,0
5,cylinder_stiff,1705,114.752,15.548,15.621,82.776,5.821,-8.408,51.239,-20.364,18.331,22.799,-20.972,-14.107,16.266,-18.762,18.301,18.123,0.862,-14.725,34.847,0,0,0,0,0.0,0.0,0.0,0.0,0.000,0
5,cylinder_stiff,1730,114.664,17.116,12.289,81.512,-7.115,-12.132,51.871,-20.168,18.527,10.159,-24.500,-5.091,8.998,-22.682,16.341,38.347,-4.822,-8.649,17.783,0,0,0,0,0.0,0.0,0.0,0.0,0.000,0
5,cylinder_stiff,1755,114.752,11.236,9.153,92.572,-12.799,-13.504,41.759,-21.540,10.099,10.475,-18.424,-7.247,-1.430,-14.058,13.401,34.871,-10.310,-24.917,32.003,0,0,0,0,0.0,0.0,0.0,0.0,0.000,0
5,cylinder_stiff,1781,114.752,7.120,4.057,69.188,-9.467,-16.444,53.135,-14.288,17.351,15.847,-22.736,-4.895,7.102,-13.274,11.245,38.663,2.234,-21.585,34.531,0,0,0,0,0.0,0.0,0.0,0.0,0.000,0
5,cylinder_stiff,1806,114.664,13.392,7.781,75.192,-10.643,-11.348,56.927,-18.796,7.551,14.583,-15.288,-9.011,21.954,-11.902,15.753,28.867,-0.902,-8.845,22.839,0,0,0,0,0.0,0.0,0.0,0.0,0.000,0
5,cylinder_stiff,1831,114.752,14.764,16.797,72.032,-1.823,-18.600,39.547,-21.148,14.019,5.735,-21.168,-16.851,15.950,-16.998,17.517,36.451,-5.998,-19.429,25.999,0,0,0,0,0.0,0.0,0.0,0.0,0.000,0
5,cylinder_stiff,1856,114.664,5.944,17.189,64.448,-6.919,-19.384,50.923,-21.148,20.095,11.739,-19.404,-8.031,9.946,-18.566,17.321,30.447,-5.606,-12.373,46.223,0,0,0,0,0.0,0.0,0.0,0.0,0.000,0
5,cylinder_stiff,1882,114.752,9.080,6.605,82.460,-0.451,-13.308,51.239,-18.796,11.667,16.163,-17.052,0.201,-7.118,-13.274,15.949,33.291,-1.686,-25.897,26.947,0,0,0,0,0.0,0.0,0.0,0.0,0.000,0
5,cylinder_stiff,1907,114.752,8.296,7.585,81.196,-7.507,-14.680,50.607,-18.208,17.155,5.103,-24.500,-4.895,2.994,-12.882,25.749,34.555,-6.586,-16.881,18.731,0,0,0,0,0.0,0.0,0.0,0.0,0.000,0
5,cylinder_stiff,1933,114.752,10.844,16.405,80.564,-3.391,-4.684,57.875,-16.052,23.427,19.639,-24.892,-6.463,2.678,-10.530,20.065,35.503,-4.038,-17.273,25.683,0,0,0,0,0.0,0.0,0.0,0.0,0.000,0
5,cylinder_stiff,1958,114.752,0.064,9.545,87.516,-9.271,-21.932,46.183,-25.068,13.627,7.947,-23.324,-7.835,3.626,-13.862,13.009,37.715,-2.274,-24.917,26.631,0,0,0,0,0.0,0.0,0.0,0.0,0.000,0
5,cylinder_stiff,1984,114.752,17.312,4.841,75.508,-9.859,-14.484,50.923,-16.836,8.531,16.479,-27.244,-15.871,2.362,-11.706,14.185,32.343,-0.314,-11.981,34.531,0,0,0,0,0.0,0.0,0.0,0.0,0.000,0
5,cylinder_stiff,2009,114.752,9.864,12.289,64.448,-6.527,-15.072,65.459,-20.168,9.707,-4.377,-18.424,-7.835,9.314,-9.746,14.577,22.863,-8.742,-16.293,20.311,0,0,0,0,0.0,0.0,0.0,0.0,0.000,0
5,cylinder_stiff,2034,114.664,12.608,7.389,82.776,-9.271,-19.384,51.555,-21.540,13.431,17.427,-25.480,-2.543,2.046,-15.234,13.597,23.495,2.038,-21.389,27.895,0,0,0,0,0.0,0.0,0.0,0.0,0.000,0
5,cylinder_stiff,2059,114.752,12.804,-0.647,72.348,-4.763,-14.680,45.867,-20.364,14.215,12.687,-22.540,-14.891,-1.114,-12.294,19.085,50.039,-4.038,-13.353,23.787,0,0,0,0,0.0,0.0,0.0,0.0,0.000,0
5,cylinder_stiff,2084,114.752,13.980,8.957,70.768,5.037,-9.584,52.819,-15.464,13.235,12.371,-15.680,-8.619,-2.694,-21.310,22.025,30.447,-6.586,-17.273,21.575,0,0,0,0,0.0,0.0,0.0,0.0,0.000,0
5,cylinder_stiff,2109,114.752,9.472,14.249,65.080,-3.195,-11.152,45.551,-17.032,19.311,29.751,-21.168,-5.875,15.950,-15.038,16.145,32.343,-5.606,-19.037,33.267,0,0,0,0,0.0,0.0,0.0,0.0,0.000,0
5,cylinder_stiff,2134,114.664,9.080,11.505,76.772,-1.235,-14.288,52.819,-16.052,24.015,22.799,-24.500,-8.619,13.422,-18.370,13.205,26.023,1.058,-27.269,15.887,0,0,0,0,0.0,0.0,0.0,0.0,0.000,0
5,cylinder_stiff,2159,114.752,9.864,6.409,83.408,-4.959,-17.424,55.979,-16.640,14.215,11.107,-25.088,-8.227,11.526,-10.726,12.225,50.671,4.586,-26.289,27.895,0,0,0,0,0.0,0.0,0.0,0.0,0.000,0
5,cylinder_stiff,2184,114.752,8.296,3.273,73.928,-11.231,-19.776,52.187,-21.540,7.747,9.527,-18.032,-12.147,2.046,-11.314,11.245,31.395,3.018,-27.073,31.055,0,0,0,0,0.0,0.0,0.0,0.0,0.000,0
5,cylinder_stiff,2209,114.752,9.668,7.781,68.556,-6.919,-10.368,43.339,-19.580,16.763,19.323,-25.088,-13.519,5.206,-14.058,15.949,43.719,-8.350,-11.785,35.795,0,0,0,0,0.0,0.0,0.0,0.0,0.000,0
5,cylinder_stiff,2234,114.752,7.904,4.841,79.616,0.725,-14.876,60.719,-26.440,12.451,20.271,-28.616,-2.935,15.002,-10.726,13.009,34.239,-4.234,-19.821,16.519,0,0,0,0,0.0,0.0,0.0,0.0,0.000,0
5,cylinder_stiff,2259,114.752,11.432,8.761,78.984,-2.411,-8.212,51.239,-21.344,17.351,10.791,-23.716,-5.287,9.946,-16.214,14.773,35.819,-1.490,-15.901,20.627,0,0,0,0,0.0,0.0,0.0,0.0,0.000,0
5,cylinder_stiff,2284,114.752,7.316,9.545,76.772,-5.155,-4.880,37.651,-15.072,18.527,18.375,-24.892,-5.875,7.102,-13.862,12.421,27.603,2.430,-27.465,18.099,0,0,0,0,0.0,0.0,0.0,0.0,0.000,0
5,cylinder_stiff,2311,114.664,14.372,10.133,60.972,-7.703,-14.288,54.399,-17.424,13.627,12.371,-28.420,0.201,5.206,-14.254,15.753,31.079,-0.902,-20.017,20.627,0,0,0,0,0.0,0.0,0.0,0.0,0.000,0
5,cylinder_stiff,2336,114.664,8.884,11.897,86.252,-4.763,-7.036,59.455,-14.680,13.431,20.903,-21.168,-4.503,5.206,-11.118,22.809,38.031,-2.666,-17.861,18.099,0,0,0,0,0.0,0.0,0.0,0.0,0.000,0
5,cylinder_stiff,2361,114.752,11.432,2.489,69.188,-6.527,-10.956,49.027,-15.072,18.723,6.683,-26.460,-15.675,7.102,-5.826,21.829,21.599,-2.862,-21.781,31.371,0,0,0,0,0.0,0.0,0.0,0.0,0.000,0
5,cylinder_stiff,2386,114.752,12.804,2.881,75.824,-1.431,-18.992,53.135,-18.012,12.647,4.787,-18.816,-7.835,12.790,-12.098,19.085,37.399,-9.134,-30.209,36.111,0,0,0,0,0.0,0.0,0.0,0.0,0.000,0
5,cylinder_stiff,2411,114.752,14.176,11.897,85.620,-1.823,-11.544,49.027,-19.580,18.723,7.315,-20.188,-8.619,7.734,-10.138,12.029,16.227,-0.706,-19.233,32.319,0,0,0,0,0.0,0.0,0.0,0.0,0.000,0
5,cylinder_stiff,2436,114.664,10.060,7.193,71.400,-8.095,-25.068,58.191,-18.208,5.787,16.479,-24.500,-10.775,0.150,-17.586,21.045,26.655,-5.606,-27.269,22.207,0,0,0,0,0.0,0.0,0.0,0.0,0.000,0
5,cylinder_stiff,2463,114.752,7.512,11.897,74.244,1.705,-17.032,52.187,-18.796,7.159,8.895,-19.404,-6.267,9.314,-7.394,18.693,37.083,-1.098,-21.977,25.367,0,0,0,0,0.0,0.0,0.0,0.0,0.000,0
5,cylinder_stiff,2488,114.664,12.804,6.801,82.776,-11.819,-16.836,55.663,-27.028,13.627,15.531,-21.560,-11.167,2.994,-16.214,20.457,32.343,1.254,-14.333,40.851,0,0,0,0,0.0,0.0,0.0,0.0,0.000,0
5,cylinder_stiff,2513,114.752,8.688,7.389,79.616,-2.999,-12.720,42.075,-16.052,11.471,16.795,-18.816,-2.935,2.362,-6.218,20.457,37.083,-7.174,-19.821,28.211,0,0,0,0,0.0,0.0,0.0,0.0,0.000,0
5,cylinder_stiff,2539,114.752,6.532,12.093,82.460,-10.643,-18.404,59.139,-13.308,12.451,15.215,-18.032,-18.027,4.574,-14.058,19.281,38.031,1.254,-18.057,28.211,0,0,0,0,0.0,0.0,0.0,0.0,0.000,0
5,cylinder_stiff,2564,114.752,13.784,10.329,84.672,-5.547,-23.108,50.607,-14.680,15.587,21.219,-20.188,-2.347,3.310,-9.942,15.557,32.975,3.018,-27.465,27.263,0,0,0,0,0.0,0.0,0.0,0.0,0.000,0
5,cylinder_stiff,2589,114.664,14.176,12.485,80.880,-4.567,-15.464,55.663,-22.520,11.275,5.735,-25.088,-10.971,3.626,-21.898,12.813,44.667,-8.350,-23.153,21.259,0,0,0,0,0.0,0.0,0.0,0.0,0.000,0
5,cylinder_stiff,2614,114.752,4.376,14.837,76.140,-2.215,-14.484,61.035,-18.796,11.863,22.167,-28.420,-11.755,6.154,-15.430,17.517,27.603,-0.706,-22.957,25.999,0,0,0,0,0.0,0.0,0.0,0.0,0.000,0
5,cylinder_stiff,2640,114.752,10.844,7.977,85.620,-5.743,-11.740,47.131,-13.308,3.827,10.159,-24.304,-11.363,5.522,-9.942,8.697,41.191,-0.706,-27.269,30.107,0,0,0,0,0.0,0.0,0.0,0.0,0.000,0
5,cylinder_stiff,2665,114.752,9.864,15.817,92.888,-11.819,-9.388,53.451,-20.168,16.567,5.103,-19.404,-7.835,9.314,-13.666,14.382,37.399,-2.862,-18.645,22.207,0,0,0,0,0.0,0.0,0.0,0.0,0.000,0
5,cylinder_stiff,2690,114.752,9.864,4.057,68.556,-5.351,-19.776,45.235,-18.208,15.195,15.847,-17.836,-16.067,17.214,-9.354,24.181,23.811,-4.822,-16.881,14.939,0,0,0,0,0.0,0.0,0.0,0.0,0.000,0
5,cylinder_stiff,2715,114.752,7.512,15.229,78.984,-1.235,-2.528,55.031,-19.384,19.507,21.219,-21.756,-4.503,4.890,-9.942,11.441,34.555,1.646,-29.229,38.955,0,0,0,0,0.0,0.0,0.0,0.0,0.000,0
5,cylinder_stiff,2740,114.752,28.092,6.997,73.928,-2.411,-17.032,56.927,-22.128,13.039,25.011,-29.204,-16.067,8.366,-10.726,16.929,34.239,0.862,-20.997,21.891,0,0,0,0,0.0,0.0,0.0,0.0,0.000,0
5,cylinder_stiff,2766,114.664,6.140,10.133,69.188,3.665,-15.072,52.503,-13.504,12.451,13.951,-25.872,-15.283,0.150,-15.822,12.421,17.491,1.450,-19.429,26.631,0,0,0,0,0.0,0.0,0.0,0.0,0.000,0
5,cylinder_stiff,2791,114.752,10.060,5.821,83.724,-2.215,-27.028,56.611,-22.716,20.879,2.259,-32.732,-10.187,-1.114,-17.978,15.753,28.551,1.254,-18.057,20.943,0,0,0,0,0.0,0.0,0.0,0.0,0.000,0
5,cylinder_stiff,2816,114.664,11.040,12.485,78.352,2.293,-10.172,47.763,-21.736,17.939,15.215,-25.088,-7.247,3.942,-13.078,13.401,33.923,-0.902,-22.565,34.215,0,0,0,0,0.0,0.0,0.0,0.0,0.000,0
5,cylinder_stiff,2842,114.752,9.864,10.917,70.452,-4.175,-22.716,57.559,-20.952,10.687,3.523,-27.244,-1.367,-6.486,-16.410,22.613,26.339,5.762,-12.569,28.211,0,0,0,0,0.0,0.0,0.0,0.0,0.000,0
5,cylinder_stiff,2867,114.664,6.728,7.585,67.292,-2.607,-15.660,48.079,-8.800,10.687,29.751,-30.576,-4.895,5.838,-12.686,12.225,26.339,-1.686,-19.233,27.895,0,0,0,0,0.0,0.0,0.0,0.0,0.000,0
5,cylinder_stiff,2892,114.752,8.884,0.725,70.136,0.333,-20.756,57.559,-12.524,10.883,3.207,-29.204,-9.011,4.890,-14.842,15.557,23.495,-1.686,-23.153,32.635,0,0,0,0,0.0,0.0,0.0,0.0,0.000,0
5,cylinder_stiff,2917,114.752,20.252,6.213,77.088,2.097,-17.620,54.399,-14.680,16.959,18.375,-28.420,-8.031,0.466,-11.902,17.321,36.767,-5.998,-19.037,41.799,0,0,0,0,0.0,0.0,0.0,0.0,0.000,0
5,cylinder_stiff,2942,114.752,16.332,11.701,78.352,-5.939,-11.544,52.187,-22.716,15.587,10.475,-21.952,-6.463,12.158,-18.174,13.205,28.867,-4.822,-14.333,27.579,0,0,0,0,0.0,0.0,0.0,0.0,0.000,0
5,cylinder_stiff,2967,114.752,10.648,2.685,88.148,-4.175,-13.308,53.135,-22.128,18.919,24.379,-29.988,-8.423,19.426,-16.214,17.713,33.923,0.078,-30.797,23.471,0,0,0,0,0.0,0.0,0.0,0.0,0.000,0
5,cylinder_stiff,2992,114.752,9.276,8.369,81.828,-7.311,-16.444,50.291,-10.172,11.863,11.739,-22.736,-8.815,-1.746,-19.350,16.341,22.231,-2.078,-22.761,28.211,0,0,0,0,0.0,0.0,0.0,0.0,0.000,0
5,cylinder_stiff,3017,114.752,25.348,-0.255,76.456,-1.235,-14.876,54.083,-14.680,18.527,7.315,-21.756,-4.699,13.422,-18.762,18.693,32.343,1.058,-19.625,25.999,0,0,0,0,0.0,0.0,0.0,0.0,0.000,0
5,cylinder_stiff,3042,114.664,4.376,16.797,79.616,-5.743,-13.308,58.823,-20.756,16.371,11.107,-20.188,-15.479,20.058,-12.098,18.301,21.283,-7.762,-28.837,32.951,0,0,0,0,0.0,0.0,0.0,0.0,0.000,0
5,cylinder_stiff,3067,114.752,10.060,10.525,73.612,-7.311,-5.860,51.555,-5.664,16.175,24.379,-26.068,-7.051,14.686,-6.414,21.829,28.867,1.450,-5.709,12.727,0,0,0,0,0.0,0.0,0.0,0.0,0.000,0
5,cylinder_stiff,3093,114.752,11.628,3.665,73.928,-7.507,-6.840,47.763,-20.364,10.491,16.795,-16.072,-1.171,15.002,-16.410,16.537,29.815,-7.958,-26.485,36.427,0,0,0,0,0.0,0.0,0.0,0.0,0.000,0
5,cylinder_stiff,3118,114.664,12.804,2.489,90.044,-5.939,-11.544,41.443,-24.676,7.943,11.739,-29.792,-9.403,7.734,-16.606,20.849,30.447,4.390,-13.353,33.583,0,0,0,0,0.0,0.0,0.0,0.0,0.000,0
5,cylinder_stiff,3143,114.752,18.096,6.997,77.404,-0.059,-12.720,46.183,-18.208,19.115,11.739,-30.576,-0.975,14.054,-17.586,21.241,14.647,-5.606,-17.861,31.371,0,0,0,0,0.0,0.0,0.0,0.0,0.000,0
5,cylinder_stiff,3168,114.752,13.588,10.721,88.148,-4.175,-9.584,61.351,-13.700,14.019,13.319,-15.484,-7.639,18.794,-11.510,16.537,33.923,-8.154,-22.761,29.791,0,0,0,0,0.0,0.0,0.0,0.0,0.000,0
5,cylinder_stiff,3194,114.752,17.312,5.625,91.308,-13.191,-23.696,62.931,-14.680,19.115,11.107,-25.284,-5.091,14.054,-14.842,11.245,28.235,2.822,-18.057,26.631,0,0,0,0,0.0,0.0,0.0,0.0,0.000,0
5,cylinder_stiff,3219,114.664,9.276,14.053,84.988,-9.271,-7.624,59.139,-24.676,17.351,14.267,-19.600,-11.363,7.418,-11.314,15.949,38.031,3.214,-15.901,22.207,0,0,0,0,0.0,0.0,0.0,0.0,0.000,0
5,cylinder_stiff,3244,114.752,9.276,10.525,78.352,-1.235,-15.856,48.395,-18.600,21.467,14.899,-29.204,4.317,23.850,-8.962,9.873,37.399,2.626,-21.389,18.731,0,0,0,0,0.0,0.0,0.0,0.0,0.000,0
5,cylinder_stiff,3270,114.752,11.040,13.073,79.300,5.821,-13.896,53.451,-24.284,16.567,27.223,-21.364,-13.323,15.318,-19.350,13.401,31.711,-4.822,-17.273,29.475,0,0,0,0,0.0,0.0,0.0,0.0,0.000,0
5,cylinder_stiff,3296,114.752,11.236,2.097,71.716,-5.743,-17.032,55.663,-19.188,18.331,13.319,-14.504,-14.499,-0.166,-15.234,20.457,21.915,-5.802,-15.509,36.111,0,0,0,0,0.0,0.0,0.0,0.0,0.000,0
5,cylinder_stiff,3322,114.752,17.900,6.017,73.296,-0.255,-16.640,48.711,-21.148,22.839,7.315,-17.640,-0.583,12.158,-8.962,27.513,39.295,4.978,-17.861,47.487,0,0,0,0,0.0,0.0,0.0,0.0,0.000,0
5,cylinder_stiff,3347,114.752,9.276,8.369,72.032,-4.763,-27.812,49.343,-20.560,13.823,16.163,-23.716,-2.543,3.626,-8.374,30.453,23.179,2.822,-17.469,31.055,0,0,0,0,0.0,0.0,0.0,0.0,0.000,0
5,cylinder_stiff,3372,114.752,17.900,15.425,74.560,3.665,-11.936,49.975,-11.152,13.235,17.743,-25.480,-7.051,26.062,-18.958,25.161,37.399,-6.782,-23.153,26.315,0,0,0,0,0.0,0.0,0.0,0.0,0.000,0
5,cylinder_stiff,3397,114.752,14.960,10.329,81.196,0.137,-13.700,47.447,-21.148,14.999,10.475,-25.284,-14.303,-1.430,-5.238,24.573,24.443,7.722,-18.253,24.103,0,0,0,0,0.0,0.0,0.0,0.0,0.000,0
5,cylinder_stiff,3422,114.752,6.728,8.957,76.772,-6.919,-10.956,59.139,-18.404,13.431,5.103,-21.560,-11.951,21.638,-13.470,17.125,25.391,-0.902,-21.585,34.215,0,0,0,0,0.0,0.0,0.0,0.0,0.000,0
5,cylinder_stiff,3448,114.752,14.176,7.977,89.096,-2.411,-12.328,49.343,-20.952,16.567,6.051,-23.128,-7.051,10.262,0.446,28.101,28.867,2.430,-20.801,33.583,0,0,0,0,0.0,0.0,0.0,0.0,0.000,0
5,cylinder_stiff,3472,114.752,10.452,18.365,66.344,0.921,-20.364,48.711,-25.852,8.531,10.791,-23.716,-15.871,17.846,-11.118,16.537,40.875,6.938,-17.665,10.831,0,0,0,0,0.0,0.0,0.0,0.0,0.000,0
5,cylinder_stiff,3497,114.664,13.784,9.349,77.088,-3.979,-14.484,53.451,-10.368,19.899,3.839,-23.520,-11.363,7.734,-10.530,16.929,37.399,1.058,-12.765,17.783,0,0,0,0,0.0,0.0,0.0,0.0,0.000,0
5,cylinder_stiff,3523,114.752,7.512,5.625,70.136,10.721,-17.032,48.711,-11.544,13.235,11.423,-21.168,-14.891,3.310,-16.802,16.537,44.667,-7.174,-24.721,30.107,0,0,0,0,0.0,0.0,0.0,0.0,0.000,0
5,cylinder_stiff,3552,114.752,1.044,5.625,73.296,-2.999,-19.972,57.559,-28.400,18.135,5.103,-19.796,-8.815,18.794,-5.826,13.401,30.763,-1.882,-21.193,27.579,0,0,0,0,0.0,0.0,0.0,0.0,0.000,0
5,cylinder_stiff,3578,114.752,7.904,5.037,67.292,-5.743,-13.896,43.339,-18.796,14.803,19.639,-21.560,-10.971,7.734,-10.922,16.341,12.751,-3.254,-14.725,27.895,0,0,0,0,0.0,0.0,0.0,0.0,0.000,0
5,cylinder_stiff,3604,114.752,11.236,6.409,76.456,-6.135,-17.816,52.819,-24.872,11.863,11.423,-20.776,-8.031,-0.482,-10.530,18.497,32.027,-3.450,-16.881,26.315,0,0,0,0,0.0,0.0,0.0,0.0,0.000,0
5,cylinder_stiff,3629,114.752,4.376,19.541,70.452,-4.567,-15.072,50.291,-15.464,14.019,4.787,-11.760,-13.323,5.838,-9.550,27.513,35.819,-0.118,-19.429,23.155,0,0,0,0,0.0,0.0,0.0,0.0,0.000,0
5,cylinder_stiff,3654,114.752,12.608,19.933,78.984,1.509,-15.660,53.767,-25.852,17.743,17.427,-30.576,-3.523,3.626,-9.158,12.029,32.975,-0.118,-16.097,32.635,0,0,0,0,0.0,0.0,0.0,0.0,0.000,0
5,cylinder_stiff,3681,114.752,4.768,10.329,74.244,-6.919,-15.660,49.659,-16.052,18.135,13.635,-16.660,-5.287,7.102,-1.906,20.065,19.703,-3.058,-18.253,42.115,0,0,0,0,0.0,0.0,0.0,0.0,0.000,0
5,cylinder_stiff,3707,114.752,18.096,12.681,78.352,2.489,-23.108,48.395,-21.736,15.391,13.003,-26.656,-13.323,4.890,-5.238,23.005,27.603,-0.314,-28.053,35.479,0,0,0,0,0.0,0.0,0.0,0.0,0.000,0
5,cylinder_stiff,3733,114.752,3.592,9.937,71.716,-12.211,-13.112,47.447,-23.108,5.787,14.267,-14.504,-8.815,-1.430,-20.918,10.265,32.975,-5.410,-22.957,37.059,0,0,0,0,0.0,0.0,0.0,0.0,0.000,0
5,cylinder_stiff,3758,114.752,9.668,8.957,72.980,1.509,-10.956,54.715,-16.640,17.351,18.691,-19.992,-11.167,-2.694,-10.138,12.421,28.867,-6.390,-23.741,26.631,0,0,0,0,0.0,0.0,0.0,0.0,0.000,0
5,cylinder_stiff,3784,114.752,-2.680,4.057,76.140,-7.899,-16.052,57.559,-10.956,15.783,9.211,-24.500,-5.875,5.206,-8.962,18.693,34.555,-1.294,-24.721,26.631,0,0,0,0,0.0,0.0,0.0,0.0,0.000,0
5,cylinder_stiff,3809,114.752,7.708,9.545,82.144,-13.583,-16.444,44.287,-24.872,14.411,4.787,-29.596,-13.519,8.682,-14.058,24.377,29.815,11.838,-21.389,32.003,0,0,0,0,0.0,0.0,0.0,0.0,0.000,0
5,cylinder_stiff,3835,114.664,16.528,8.761,74.876,-2.411,-23.304,61.351,-13.700,8.923,-3.745,-18.228,-16.851,14.686,-17.978,15.753,27.919,13.210,-12.961,21.575,0,0,0,0,0.0,0.0,0.0,0.0,0.000,0
5,cylinder_stiff,3860,114.664,13.784,6.213,76.772,1.509,-20.364,48.711,-17.032,14.999,19.007,-20.580,-8.423,9.630,-9.550,16.733,43.403,2.822,-11.393,35.795,0,0,0,0,0.0,0.0,0.0,0.0,0.000,0
5,cylinder_stiff,3886,114.752,0.456,4.645,83.092,2.293,-9.388,62.615,-18.796,20.095,19.007,-28.420,-9.991,10.578,-10.138,21.241,31.079,-2.666,-20.213,20.311,0,0,0,0,0.0,0.0,0.0,0.0,0.000,0
5,cylinder_stiff,3912,114.752,5.356,5.625,79.932,-4.567,-10.760,47.763,-20.168,5.591,5.735,-22.932,-11.559,6.154,-8.178,17.517,16.227,-2.078,-25.309,18.099,0,0,0,0,0.0,0.0,0.0,0.0,0.000,0
5,cylinder_stiff,3938,114.752,11.824,8.957,86.568,0.137,-12.720,45.867,-23.500,8.139,19.323,-26.852,-6.855,11.210,-13.666,17.125,45.299,0.470,-20.997,23.787,0,0,0,0,0.0,0.0,0.0,0.0,0.000,0
5,cylinder_stiff,3963,114.752,6.728,9.545,75.824,-4.175,-12.916,60.719,-25.068,22.643,13.003,-31.752,-8.815,2.994,-12.098,18.301,31.711,0.666,-24.917,31.687,0,0,0,0,0.0,0.0,0.0,0.0,0.000,0
5,cylinder_stiff,3988,114.664,8.296,9.153,74.876,-5.155,-12.524,49.975,-21.736,14.803,7.947,-23.128,-8.423,3.310,-22.682,11.833,30.131,-0.118,-15.117,34.847,0,0,0,0,0.0,0.0,0.0,0.0,0.000,0
5,cylinder_stiff,4013,114.752,10.256,7.389,91.940,5.037,-10.956,45.551,-16.444,20.291,3.207,-25.676,0.789,21.638,-9.746,15.165,36.451,-8.938,-19.429,19.047,0,0,0,0,0.0,0.0,0.0,0.0,0.000,0
5,cylinder_stiff,4038,114.752,10.844,6.801,81.828,-7.703,-10.172,52.503,-23.500,15.391,6.683,-19.208,3.729,-7.118,-14.254,24.377,37.715,-0.510,-18.841,19.995,0,0,0,0,0.0,0.0,0.0,0.0,0.000,0
5,cylinder_stiff,4063,114.752,12.412,13.269,86.252,-9.663,-10.956,66.723,-16.836,10.295,5.103,-14.700,-1.759,8.682,-11.510,15.753,27.287,-1.686,-31.189,27.895,0,0,0,0,0.0,0.0,0.0,0.0,0.000,0
5,cylinder_stiff,4088,114.752,8.296,5.233,79.300,-11.623,-16.248,56.927,-20.168,11.079,6.999,-23.716,-7.247,19.742,-9.550,13.989,42.139,-1.490,-18.645,33.583,0,0,0,0,0.0,0.0,0.0,0.0,0.000,0
5,cylinder_stiff,4113,114.664,5.748,11.701,73.612,-3.391,-9.584,36.387,-29.380,3.043,19.007,-27.832,-6.267,0.150,-16.018,16.733,24.759,1.058,-16.097,31.687,0,0,0,0,0.0,0.0,0.0,0.0,0.000,0
5,cylinder_stiff,4138,114.752,14.176,14.249,75.192,-2.019,-15.464,41.127,-16.248,12.059,14.899,-26.852,-7.247,3.310,-7.002,24.965,37.083,-7.566,-15.509,39.271,0,0,0,0,0.0,0.0,0.0,0.0,0.000,0
5,cylinder_stiff,4163,114.752,19.076,8.173,67.292,-7.899,-9.388,37.967,-28.400,10.687,25.327,-27.244,-6.463,15.634,-19.154,23.005,34.239,-0.118,-17.273,23.471,0,0,0,0,0.0,0.0,0.0,0.0,0.000,0
5,cylinder_stiff,4188,114.752,11.040,11.701,67.924,-9.663,-19.776,55.979,-11.936,7.551,8.895,-20.972,-8.619,12.158,-9.942,11.833,40.875,-3.254,-21.781,30.739,0,0,0,0,0.0,0.0,0.0,0.0,0.000,0
5,cylinder_stiff,4213,114.752,16.136,16.993,70.768,-3.195,-17.228,53.451,-21.736,14.019,2.891,-24.892,-8.227,-4.590,-8.766,21.241,31.711,3.998,-27.465,19.047,0,0,0,0,0.0,0.0,0.0,0.0,0.000,0
5,cylinder_stiff,4238,114.752,14.372,14.053,78.984,-9.859,-20.364,56.295,-29.968,17.743,14.267,-27.440,0.789,9.946,-15.234,21.633,37.083,0.078,-19.429,26.631,0,0,0,0,0.0,0.0,0.0,0.0,0.000,0
5,cylinder_stiff,4263,114.752,10.060,3.273,60.972,3.077,-3.508,53.451,-27.028,15.783,13.951,-14.112,-10.971,2.362,-15.430,12.617,34.871,-3.842,-13.549,33.267,0,0,0,0,0.0,0.0,0.0,0.0,0.000,0
5,cylinder_stiff,4288,114.752,6.532,7.389,72.032,-4.175,-10.172,34.175,-12.720,7.943,9.843,-21.560,-11.559,7.418,-13.666,10.069,27.287,2.038,-14.529,30.739,0,0,0,0,0.0,0.0,0.0,0.0,0.000,0
5,cylinder_stiff,4313,114.752,17.704,-0.451,78.036,-0.059,-16.248,59.455,-19.384,14.803,15.847,-20.776,-7.639,13.106,-14.254,13.401,31.711,-0.314,-20.213,16.519,0,0,0,0,0.0,0.0,0.0,0.0,0.000,0
5,cylinder_stiff,4339,114.752,12.412,9.741,75.508,-3.391,-8.408,49.975,-19.384,18.331,13.003,-19.796,-7.051,5.522,-10.726,14.577,37.083,2.038,-13.353,11.463,0,0,0,0,0.0,0.0,0.0,0.0,0.000,0
5,cylinder_stiff,4364,114.752,12.216,12.289,75.192,-11.819,-14.680,60.403,-21.736,11.275,7.947,-24.304,-2.935,16.898,-9.942,16.145,28.235,-2.666,-8.061,35.795,0,0,0,0,0.0,0.0,0.0,0.0,0.000,0
5,cylinder_stiff,4389,114.752,22.800,10.133,78.984,-7.899,-16.052,44.287,-22.912,13.431,9.527,-26.068,-20.183,8.998,-20.722,11.833,32.659,-1.490,-22.565,17.783,0,0,0,0,0.0,0.0,0.0,0.0,0.000,0
5,cylinder_stiff,4414,114.752,5.356,10.133,78.352,-8.487,-12.132,46.499,-22.324,18.331,8.263,-13.132,-10.775,3.942,-4.258,8.893,30.447,-3.842,-25.701,25.051,0,0,0,0,0.0,0.0,0.0,0.0,0.000,0
5,cylinder_stiff,4439,114.752,6.924,8.369,86.568,-2.803,-17.620,41.443,-14.680,10.295,20.903,-18.816,-20.967,15.634,-15.234,20.065,32.975,-4.038,-23.349,21.891,0,0,0,0,0.0,0.0,0.0,0.0,0.000,0
5,cylinder_stiff,4464,114.752,15.744,17.385,77.404,-5.743,-13.700,59.139,-24.284,8.139,8.263,-18.816,-7.639,21.638,-14.058,16.341,19.703,-8.938,-17.861,19.363,0,0,0,0,0.0,0.0,0.0,0.0,0.000,0
5,cylinder_stiff,4489,114.752,-1.504,5.233,73.928,-8.683,-15.464,52.503,-20.168,17.155,16.795,-22.540,-5.875,16.582,-15.430,20.261,30.447,-6.390,-27.661,31.371,0,0,0,0,0.0,0.0,0.0,0.0,0.000,0
5,cylinder_stiff,4514,114.752,3.984,17.777,77.720,0.137,-20.952,51.871,-11.740,14.411,1.627,-26.656,-13.911,3.626,-10.530,17.910,44.351,-2.862,-16.881,27.579,0,0,0,0,0.0,0.0,0.0,0.0,0.000,0
5,cylinder_stiff,4539,114.752,10.060,-3.783,69.820,-4.959,-11.544,58.191,-23.304,5.395,21.535,-28.028,-15.283,7.418,-11.510,10.461,20.335,-1.490,-13.941,28.527,0,0,0,0,0.0,0.0,0.0,0.0,0.000,0
5,cylinder_stiff,4570,114.752,9.276,11.505,72.348,2.489,-19.384,52.187,-22.716,26.171,0.679,-23.520,-11.363,3.626,-12.686,20.065,36.767,2.038,-17.861,34.531,0,0,0,0,0.0,0.0,0.0,0.0,0.000,0
5,cylinder_stiff,4595,114.752,13.784,5.625,69.188,-5.351,-15.660,51.555,-20.560,13.823,0.363,-25.088,-7.051,2.678,-12.098,17.910,18.123,1.646,-9.629,29.791,0,0,0,0,0.0,0.0,0.0,0.0,0.000,0
5,cylinder_stiff,4621,114.752,20.056,-2.999,78.352,-7.507,-16.248,47.763,-16.640,8.335,6.051,-22.344,-12.735,9.314,-15.430,15.753,34.871,1.646,-16.685,24.419,0,0,0,0,0.0,0.0,0.0,0.0,0.000,0
5,cylinder_stiff,4646,114.752,12.412,2.685,78.984,-0.843,-14.288,58.507,-17.032,12.255,13.319,-25.676,-6.463,9.946,-8.570,15.165,32.027,11.838,-25.701,20.627,0,0,0,0,0.0,0.0,0.0,0.0,0.000,0
5,cylinder_stiff,4671,114.752,18.292,3.273,67.608,-4.175,-21.540,50.923,-21.344,6.375,23.431,-25.284,-16.459,15.002,-11.902,12.617,41.823,-1.098,-20.213,27.579,0,0,0,0,0.0,0.0,0.0,0.0,0.000,0
5,cylinder_stiff,4696,114.752,8.688,12.093,75.824,-7.115,-19.188,53.135,-14.680,8.335,16.163,-25.088,-2.151,6.786,-9.158,15.753,33.923,-5.410,-16.685,24.103,0,0,0,0,0.0,0.0,0.0,0.0,0.000,0
5,cylinder_stiff,4722,114.752,9.080,18.365,86.884,-11.035,-12.132,46.499,-15.856,19.703,18.375,-30.772,-10.775,8.050,-2.690,18.497,41.191,-4.234,-19.429,21.259,0,0,0,0,0.0,0.0,0.0,0.0,0.000,0
5,cylinder_stiff,4747,114.752,4.768,6.017,71.084,-2.411,-6.252,48.079,-18.208,21.075,16.795,-22.736,-7.051,9.314,-14.058,15.949,37.399,5.762,-16.097,30.739,0,0,0,0,0.0,0.0,0.0,0.0,0.000,0
5,cylinder_stiff,4772,114.752,12.020,-0.451,74.560,-12.211,-8.604,66.723,-19.384,18.723,17.111,-24.108,-11.363,6.786,-14.842,22.417,30.131,0.470,-19.625,19.679,0,0,0,0,0.0,0.0,0.0,0.0,0.000,0
5,cylinder_stiff,4798,114.752,16.920,18.365,87.200,-1.431,-12.916,53.767,-24.676,14.999,9.527,-18.816,-12.931,19.110,-14.842,20.065,27.287,2.430,-15.117,39.271,0,0,0,0,0.0,0.0,0.0,0.0,0.000,0
5,cylinder_stiff,4824,114.664,12.608,7.585,72.032,-2.607,-10.172,55.031,-18.796,6.375,6.367,-25.480,-11.951,3.626,-18.174,11.049,26.023,-4.626,-14.137,27.263,0,0,0,0,0.0,0.0,0.0,0.0,0.000,0
5,cylinder_stiff,4849,114.752,10.060,7.389,75.824,-1.235,-20.560,40.495,-16.640,22.643,12.371,-31.556,-16.067,14.054,-16.018,15.753,25.391,1.254,-20.213,42.115,0,0,0,0,0.0,0.0,0.0,0.0,0.000,0
5,cylinder_stiff,4874,114.752,11.824,7.585,77.404,-2.215,-10.172,44.287,-18.208,22.447,3.523,-11.368,-3.523,14.054,-15.038,21.829,31.395,-4.626,-24.329,38.955,0,0,0,0,0.0,0.0,0.0,0.0,0.000,0
5,cylinder_stiff,4899,114.752,5.356,7.781,70.136,-4.959,-8.016,53.767,-22.912,16.175,17.743,-27.244,-11.167,21.322,-17.978,20.065,27.287,1.254,-17.469,22.207,0,0,0,0,0.0,0.0,0.0,0.0,0.000,0
5,cylinder_stiff,4924,114.752,7.120,5.037,68.556,-2.215,-8.604,43.023,-21.148,25.583,2.259,-38.808,-12.147,-4.274,-14.254,26.337,35.819,-4.822,-13.157,23.787,0,0,0,0,0.0,0.0,0.0,0.0,0.000,0
5,cylinder_stiff,4949,114.752,20.448,10.917,78.036,-2.803,-15.268,57.559,-15.464,5.787,19.955,-18.816,-12.539,9.946,-18.174,13.793,29.499,0.078,-14.529,38.007,0,0,0,0,0.0,0.0,0.0,0.0,0.000,0
5,cylinder_stiff,4974,114.752,10.452,16.013,80.880,-9.467,-16.052,36.071,-19.580,10.687,3.523,-25.284,-10.775,8.998,-10.726,19.869,44.035,2.822,-26.093,46.223,0,0,0,0,0.0,0.0,0.0,0.0,0.000,0
5,cylinder_stiff,4999,114.752,12.608,7.389,79.616,-5.547,-13.308,30.699,-15.660,13.039,13.319,-23.912,-2.347,15.002,-9.746,10.854,36.135,-3.646,-20.017,25.683,0,0,0,0,0.0,0.0,0.0,0.0,0.000,0
